Workbook

Sheet All
A2: L.P. | C2: IMIĘ NAZWISKO | D2: V/M | E2: V/M | Q2: TS | R2: TS | AD2: Ind | AE2: Ind
B3: kat | E3: MP | G3: PP1 | I3: PP2 | K3: PP3 | M3: PP4 | O3: PP5 | R3: MP | T3: PP1 | V3: PP2 | X3: PP3 | Z3: PP4 | AB3: PP5 | AE3: MP | AG3: PP1 | AI3: PP2 | AK3: PP3 | AM3: PP4 | AO3: PP5
E4: 1 | F4: 2 | G4: 1 | H4: 2 | I4: 1 | J4: 2 | K4: 1 | L4: 2 | M4: 1 | N4: 2 | O4: 1 | P4: 2 | R4: 1 | S4: 2 | T4: 1 | U4: 2 | V4: 1 | W4: 2 | X4: 1 | Y4: 2 | Z4: 1 | AA4: 2 | AB4: 1 | AC4: 2 | AE4: 1 | AF4: 2 | AG4: 1 | AH4: 2 | AI4: 1 | AJ4: 2 | AK4: 1 | AL4: 2 | AM4: 1 | AN4: 2 | AO4: 1 | AP4: 2
A5: =ROW()-4 -> 1 | B5: 1 | C5: SĘKOWSKI Maciej | D5: =SUM(E5:P5) -> 11.52 | E5: =_xlfn.XLOOKUP($C5,'MP (1)'!$B$6:$B$100,'MP (1)'!$E$6:$E$100,"") -> 1 | F5: =_xlfn.XLOOKUP($C5,'MP (2)'!$B$6:$B$100,'MP (2)'!$E$6:$E$100,"") -> 1 | G5: =_xlfn.XLOOKUP($C5,'PP1 (1)'!$B$6:$B$99,'PP1 (1)'!$E$6:$E$99,"") -> 1 | H5: =_xlfn.XLOOKUP($C5,'PP1 (2)'!$B$6:$B$98,'PP1 (2)'!$E$6:$E$98,"") -> 0.86 | I5: =_xlfn.XLOOKUP($C5,'PP2 (1)'!$B$6:$B$106,'PP2 (1)'!$E$6:$E$106,"") -> 0.83 | J5: =_xlfn.XLOOKUP($C5,'PP2 (2)'!$B$6:$B$100,'PP2 (2)'!$E$6:$E$100,"") -> 1 | K5: =_xlfn.XLOOKUP($C5,'PP3 (1)'!$B$5:$B$106,'PP3 (1)'!$E$5:$E$106,"") -> 0.83 | L5: =_xlfn.XLOOKUP($C5,'PP3 (2)'!$B$5:$B$108,'PP3 (2)'!$E$5:$E$108,"") -> 1 | M5: =_xlfn.XLOOKUP($C5,'PP4 (1)'!$B$6:$B$100,'PP4 (1)'!$E$6:$E$100,"") -> 1 | N5: =_xlfn.XLOOKUP($C5,'PP4 (2)'!$B$6:$B$100,'PP4 (2)'!$E$6:$E$100,"") -> 1 | O5: =_xlfn.XLOOKUP($C5,'PP5 (1)'!$B$6:$B$100,'PP5 (1)'!$E$6:$E$100,"") -> 1 | P5: =_xlfn.XLOOKUP($C5,'PP5 (2)'!$B$6:$B$100,'PP5 (2)'!$E$6:$E$100,"") -> 1 | Q5: =SUM(R5:AC5) -> 364 | R5: =_xlfn.XLOOKUP($C5,'MP (1)'!$B$6:$B$100,'MP (1)'!$F$6:$F$100,"") -> 35 | S5: =_xlfn.XLOOKUP($C5,'MP (2)'!$B$6:$B$100,'MP (2)'!$F$6:$F$100,"") -> 35 | T5: =_xlfn.XLOOKUP($C5,'PP1 (1)'!$B$6:$B$99,'PP1 (1)'!$F$6:$F$99,"") -> 35 | U5: =_xlfn.XLOOKUP($C5,'PP1 (2)'!$B$6:$B$98,'PP1 (2)'!$F$6:$F$98,"") -> 33 | V5: =_xlfn.XLOOKUP($C5,'PP2 (1)'!$B$6:$B$106,'PP2 (1)'!$F$6:$F$106,"") -> 29 | W5: =_xlfn.XLOOKUP($C5,'PP2 (2)'!$B$6:$B$100,'PP2 (2)'!$F$6:$F$100,"") -> 29 | X5: =_xlfn.XLOOKUP($C5,'PP3 (1)'!$B$5:$B$106,'PP3 (1)'!$F$5:$F$106,"") -> 28 | Y5: =_xlfn.XLOOKUP($C5,'PP3 (2)'!$B$5:$B$108,'PP3 (2)'!$F$5:$F$108,"") -> 25 | Z5: =_xlfn.XLOOKUP($C5,'PP4 (1)'!$B$6:$B$100,'PP4 (1)'!$F$6:$F$100,"") -> 30 | AA5: =_xlfn.XLOOKUP($C5,'PP4 (2)'!$B$6:$B$100,'PP4 (2)'!$F$6:$F$100,"") -> 30 | AB5: =_xlfn.XLOOKUP($C5,'PP5 (1)'!$B$6:$B$100,'PP5 (1)'!$F$6:$F$100,"") -> 25 | AC5: =_xlfn.XLOOKUP($C5,'PP5 (2)'!$B$6:$B$100,'PP5 (2)'!$F$6:$F$100,"") -> 30 | AD5: =SUM(AE5:AP5) -> 255 | AE5: =_xlfn.XLOOKUP($C5,'MP (1)'!$B$6:$B$100,'MP (1)'!$H$6:$H$100,"") -> 30 | AF5: =_xlfn.XLOOKUP($C5,'MP (2)'!$B$6:$B$100,'MP (2)'!$H$6:$H$100,"") -> 23 | AG5: =_xlfn.XLOOKUP($C5,'PP1 (1)'!$B$6:$B$99,'PP1 (1)'!$H$6:$H$99,"") -> 17 | AH5: =_xlfn.XLOOKUP($C5,'PP1 (2)'!$B$6:$B$98,'PP1 (2)'!$H$6:$H$98,"") -> 17 | AI5: =_xlfn.XLOOKUP($C5,'PP2 (1)'!$B$6:$B$106,'PP2 (1)'!$H$6:$H$106,"") -> 16 | AJ5: =_xlfn.XLOOKUP($C5,'PP2 (2)'!$B$6:$B$100,'PP2 (2)'!$H$6:$H$100,"") -> 23 | AK5: =_xlfn.XLOOKUP($C5,'PP3 (1)'!$B$5:$B$106,'PP3 (1)'!$H$5:$H$106,"") -> 14 | AL5: =_xlfn.XLOOKUP($C5,'PP3 (2)'!$B$5:$B$108,'PP3 (2)'!$H$5:$H$108,"") -> 21 | AM5: =_xlfn.XLOOKUP($C5,'PP4 (1)'!$B$6:$B$100,'PP4 (1)'!$H$6:$H$100,"") -> 22 | AN5: =_xlfn.XLOOKUP($C5,'PP4 (2)'!$B$6:$B$100,'PP4 (2)'!$H$6:$H$100,"") -> 27 | AO5: =_xlfn.XLOOKUP($C5,'PP5 (1)'!$B$6:$B$100,'PP5 (1)'!$H$6:$H$100,"") -> 23 | AP5: =_xlfn.XLOOKUP($C5,'PP5 (2)'!$B$6:$B$100,'PP5 (2)'!$H$6:$H$100,"") -> 22
A6: =ROW()-4 -> 2 | B6: 1 | C6: GROMADA Roland | D6: =SUM(E6:P6) -> 10.45 | E6: =_xlfn.XLOOKUP($C6,'MP (1)'!$B$6:$B$100,'MP (1)'!$E$6:$E$100,"") -> 1 | F6: =_xlfn.XLOOKUP($C6,'MP (2)'!$B$6:$B$100,'MP (2)'!$E$6:$E$100,"") -> 0.86 | G6: =_xlfn.XLOOKUP($C6,'PP1 (1)'!$B$6:$B$99,'PP1 (1)'!$E$6:$E$99,"") -> 0.86 | H6: =_xlfn.XLOOKUP($C6,'PP1 (2)'!$B$6:$B$98,'PP1 (2)'!$E$6:$E$98,"") -> 0.67 | I6: =_xlfn.XLOOKUP($C6,'PP2 (1)'!$B$6:$B$106,'PP2 (1)'!$E$6:$E$106,"") -> 0.83 | J6: =_xlfn.XLOOKUP($C6,'PP2 (2)'!$B$6:$B$100,'PP2 (2)'!$E$6:$E$100,"") -> 0.83 | K6: =_xlfn.XLOOKUP($C6,'PP3 (1)'!$B$5:$B$106,'PP3 (1)'!$E$5:$E$106,"") -> 0.8 | L6: =_xlfn.XLOOKUP($C6,'PP3 (2)'!$B$5:$B$108,'PP3 (2)'!$E$5:$E$108,"") -> 1 | M6: =_xlfn.XLOOKUP($C6,'PP4 (1)'!$B$6:$B$100,'PP4 (1)'!$E$6:$E$100,"") -> 1 | N6: =_xlfn.XLOOKUP($C6,'PP4 (2)'!$B$6:$B$100,'PP4 (2)'!$E$6:$E$100,"") -> 1 | O6: =_xlfn.XLOOKUP($C6,'PP5 (1)'!$B$6:$B$100,'PP5 (1)'!$E$6:$E$100,"") -> 0.6 | P6: =_xlfn.XLOOKUP($C6,'PP5 (2)'!$B$6:$B$100,'PP5 (2)'!$E$6:$E$100,"") -> 1 | Q6: =SUM(R6:AC6) -> 323 | R6: =_xlfn.XLOOKUP($C6,'MP (1)'!$B$6:$B$100,'MP (1)'!$F$6:$F$100,"") -> 30 | S6: =_xlfn.XLOOKUP($C6,'MP (2)'!$B$6:$B$100,'MP (2)'!$F$6:$F$100,"") -> 30 | T6: =_xlfn.XLOOKUP($C6,'PP1 (1)'!$B$6:$B$99,'PP1 (1)'!$F$6:$F$99,"") -> 31 | U6: =_xlfn.XLOOKUP($C6,'PP1 (2)'!$B$6:$B$98,'PP1 (2)'!$F$6:$F$98,"") -> 26 | V6: =_xlfn.XLOOKUP($C6,'PP2 (1)'!$B$6:$B$106,'PP2 (1)'!$F$6:$F$106,"") -> 26 | W6: =_xlfn.XLOOKUP($C6,'PP2 (2)'!$B$6:$B$100,'PP2 (2)'!$F$6:$F$100,"") -> 25 | X6: =_xlfn.XLOOKUP($C6,'PP3 (1)'!$B$5:$B$106,'PP3 (1)'!$F$5:$F$106,"") -> 22 | Y6: =_xlfn.XLOOKUP($C6,'PP3 (2)'!$B$5:$B$108,'PP3 (2)'!$F$5:$F$108,"") -> 27 | Z6: =_xlfn.XLOOKUP($C6,'PP4 (1)'!$B$6:$B$100,'PP4 (1)'!$F$6:$F$100,"") -> 30 | AA6: =_xlfn.XLOOKUP($C6,'PP4 (2)'!$B$6:$B$100,'PP4 (2)'!$F$6:$F$100,"") -> 30 | AB6: =_xlfn.XLOOKUP($C6,'PP5 (1)'!$B$6:$B$100,'PP5 (1)'!$F$6:$F$100,"") -> 21 | AC6: =_xlfn.XLOOKUP($C6,'PP5 (2)'!$B$6:$B$100,'PP5 (2)'!$F$6:$F$100,"") -> 25 | AD6: =SUM(AE6:AP6) -> 172 | AE6: =_xlfn.XLOOKUP($C6,'MP (1)'!$B$6:$B$100,'MP (1)'!$H$6:$H$100,"") -> 22 | AF6: =_xlfn.XLOOKUP($C6,'MP (2)'!$B$6:$B$100,'MP (2)'!$H$6:$H$100,"") -> 18 | AG6: =_xlfn.XLOOKUP($C6,'PP1 (1)'!$B$6:$B$99,'PP1 (1)'!$H$6:$H$99,"") -> 16 | AH6: =_xlfn.XLOOKUP($C6,'PP1 (2)'!$B$6:$B$98,'PP1 (2)'!$H$6:$H$98,"") -> 7 | AI6: =_xlfn.XLOOKUP($C6,'PP2 (1)'!$B$6:$B$106,'PP2 (1)'!$H$6:$H$106,"") -> 13 | AJ6: =_xlfn.XLOOKUP($C6,'PP2 (2)'!$B$6:$B$100,'PP2 (2)'!$H$6:$H$100,"") -> 11 | AK6: =_xlfn.XLOOKUP($C6,'PP3 (1)'!$B$5:$B$106,'PP3 (1)'!$H$5:$H$106,"") -> 8 | AL6: =_xlfn.XLOOKUP($C6,'PP3 (2)'!$B$5:$B$108,'PP3 (2)'!$H$5:$H$108,"") -> 19 | AM6: =_xlfn.XLOOKUP($C6,'PP4 (1)'!$B$6:$B$100,'PP4 (1)'!$H$6:$H$100,"") -> 20 | AN6: =_xlfn.XLOOKUP($C6,'PP4 (2)'!$B$6:$B$100,'PP4 (2)'!$H$6:$H$100,"") -> 25 | AO6: =_xlfn.XLOOKUP($C6,'PP5 (1)'!$B$6:$B$100,'PP5 (1)'!$H$6:$H$100,"") -> 6 | AP6: =_xlfn.XLOOKUP($C6,'PP5 (2)'!$B$6:$B$100,'PP5 (2)'!$H$6:$H$100,"") -> 7
A7: =ROW()-4 -> 3 | B7: 2 | C7: ZIELIŃSKI Dariusz | D7: =SUM(E7:P7) -> 9.15 | E7: =_xlfn.XLOOKUP($C7,'MP (1)'!$B$6:$B$100,'MP (1)'!$E$6:$E$100,"") -> 1 | F7: =_xlfn.XLOOKUP($C7,'MP (2)'!$B$6:$B$100,'MP (2)'!$E$6:$E$100,"") -> 0.83 | G7: =_xlfn.XLOOKUP($C7,'PP1 (1)'!$B$6:$B$99,'PP1 (1)'!$E$6:$E$99,"") -> 1 | H7: =_xlfn.XLOOKUP($C7,'PP1 (2)'!$B$6:$B$98,'PP1 (2)'!$E$6:$E$98,"") -> 0.83 | I7: =_xlfn.XLOOKUP($C7,'PP2 (1)'!$B$6:$B$106,'PP2 (1)'!$E$6:$E$106,"") -> 0.83 | J7: =_xlfn.XLOOKUP($C7,'PP2 (2)'!$B$6:$B$100,'PP2 (2)'!$E$6:$E$100,"") -> 1 | K7: =_xlfn.XLOOKUP($C7,'PP3 (1)'!$B$5:$B$106,'PP3 (1)'!$E$5:$E$106,"") -> 0.83 | L7: =_xlfn.XLOOKUP($C7,'PP3 (2)'!$B$5:$B$108,'PP3 (2)'!$E$5:$E$108,"") -> 1 | M7: =_xlfn.XLOOKUP($C7,'PP4 (1)'!$B$6:$B$100,'PP4 (1)'!$E$6:$E$100,"") -> 0.83 | N7: =_xlfn.XLOOKUP($C7,'PP4 (2)'!$B$6:$B$100,'PP4 (2)'!$E$6:$E$100,"") -> 1 | O7: =_xlfn.XLOOKUP($C7,'PP5 (1)'!$B$6:$B$100,'PP5 (1)'!$E$6:$E$100,"") | P7: =_xlfn.XLOOKUP($C7,'PP5 (2)'!$B$6:$B$100,'PP5 (2)'!$E$6:$E$100,"") | Q7: =SUM(R7:AC7) -> 287 | R7: =_xlfn.XLOOKUP($C7,'MP (1)'!$B$6:$B$100,'MP (1)'!$F$6:$F$100,"") -> 33 | S7: =_xlfn.XLOOKUP($C7,'MP (2)'!$B$6:$B$100,'MP (2)'!$F$6:$F$100,"") -> 28 | T7: =_xlfn.XLOOKUP($C7,'PP1 (1)'!$B$6:$B$99,'PP1 (1)'!$F$6:$F$99,"") -> 30 | U7: =_xlfn.XLOOKUP($C7,'PP1 (2)'!$B$6:$B$98,'PP1 (2)'!$F$6:$F$98,"") -> 26 | V7: =_xlfn.XLOOKUP($C7,'PP2 (1)'!$B$6:$B$106,'PP2 (1)'!$F$6:$F$106,"") -> 29 | W7: =_xlfn.XLOOKUP($C7,'PP2 (2)'!$B$6:$B$100,'PP2 (2)'!$F$6:$F$100,"") -> 30 | X7: =_xlfn.XLOOKUP($C7,'PP3 (1)'!$B$5:$B$106,'PP3 (1)'!$F$5:$F$106,"") -> 29 | Y7: =_xlfn.XLOOKUP($C7,'PP3 (2)'!$B$5:$B$108,'PP3 (2)'!$F$5:$F$108,"") -> 30 | Z7: =_xlfn.XLOOKUP($C7,'PP4 (1)'!$B$6:$B$100,'PP4 (1)'!$F$6:$F$100,"") -> 27 | AA7: =_xlfn.XLOOKUP($C7,'PP4 (2)'!$B$6:$B$100,'PP4 (2)'!$F$6:$F$100,"") -> 25 | AB7: =_xlfn.XLOOKUP($C7,'PP5 (1)'!$B$6:$B$100,'PP5 (1)'!$F$6:$F$100,"") | AC7: =_xlfn.XLOOKUP($C7,'PP5 (2)'!$B$6:$B$100,'PP5 (2)'!$F$6:$F$100,"") | AD7: =SUM(AE7:AP7) -> 171 | AE7: =_xlfn.XLOOKUP($C7,'MP (1)'!$B$6:$B$100,'MP (1)'!$H$6:$H$100,"") -> 19 | AF7: =_xlfn.XLOOKUP($C7,'MP (2)'!$B$6:$B$100,'MP (2)'!$H$6:$H$100,"") -> 14 | AG7: =_xlfn.XLOOKUP($C7,'PP1 (1)'!$B$6:$B$99,'PP1 (1)'!$H$6:$H$99,"") -> 16 | AH7: =_xlfn.XLOOKUP($C7,'PP1 (2)'!$B$6:$B$98,'PP1 (2)'!$H$6:$H$98,"") -> 15 | AI7: =_xlfn.XLOOKUP($C7,'PP2 (1)'!$B$6:$B$106,'PP2 (1)'!$H$6:$H$106,"") -> 16 | AJ7: =_xlfn.XLOOKUP($C7,'PP2 (2)'!$B$6:$B$100,'PP2 (2)'!$H$6:$H$100,"") -> 18 | AK7: =_xlfn.XLOOKUP($C7,'PP3 (1)'!$B$5:$B$106,'PP3 (1)'!$H$5:$H$106,"") -> 18 | AL7: =_xlfn.XLOOKUP($C7,'PP3 (2)'!$B$5:$B$108,'PP3 (2)'!$H$5:$H$108,"") -> 21 | AM7: =_xlfn.XLOOKUP($C7,'PP4 (1)'!$B$6:$B$100,'PP4 (1)'!$H$6:$H$100,"") -> 16 | AN7: =_xlfn.XLOOKUP($C7,'PP4 (2)'!$B$6:$B$100,'PP4 (2)'!$H$6:$H$100,"") -> 18 | AO7: =_xlfn.XLOOKUP($C7,'PP5 (1)'!$B$6:$B$100,'PP5 (1)'!$H$6:$H$100,"") | AP7: =_xlfn.XLOOKUP($C7,'PP5 (2)'!$B$6:$B$100,'PP5 (2)'!$H$6:$H$100,"")
A8: =ROW()-4 -> 4 | B8: 1 | C8: KORONA Przemysław | D8: =SUM(E8:P8) -> 8.86 | E8: =_xlfn.XLOOKUP($C8,'MP (1)'!$B$6:$B$100,'MP (1)'!$E$6:$E$100,"") -> 0.86 | F8: =_xlfn.XLOOKUP($C8,'MP (2)'!$B$6:$B$100,'MP (2)'!$E$6:$E$100,"") -> 0.83 | G8: =_xlfn.XLOOKUP($C8,'PP1 (1)'!$B$6:$B$99,'PP1 (1)'!$E$6:$E$99,"") -> 1 | H8: =_xlfn.XLOOKUP($C8,'PP1 (2)'!$B$6:$B$98,'PP1 (2)'!$E$6:$E$98,"") -> 1 | I8: =_xlfn.XLOOKUP($C8,'PP2 (1)'!$B$6:$B$106,'PP2 (1)'!$E$6:$E$106,"") -> 1 | J8: =_xlfn.XLOOKUP($C8,'PP2 (2)'!$B$6:$B$100,'PP2 (2)'!$E$6:$E$100,"") -> 1 | K8: =_xlfn.XLOOKUP($C8,'PP3 (1)'!$B$5:$B$106,'PP3 (1)'!$E$5:$E$106,"") -> 0.83 | L8: =_xlfn.XLOOKUP($C8,'PP3 (2)'!$B$5:$B$108,'PP3 (2)'!$E$5:$E$108,"") -> 1 | M8: =_xlfn.XLOOKUP($C8,'PP4 (1)'!$B$6:$B$100,'PP4 (1)'!$E$6:$E$100,"") -> 0.67 | N8: =_xlfn.XLOOKUP($C8,'PP4 (2)'!$B$6:$B$100,'PP4 (2)'!$E$6:$E$100,"") -> 0.67 | O8: =_xlfn.XLOOKUP($C8,'PP5 (1)'!$B$6:$B$100,'PP5 (1)'!$E$6:$E$100,"") | P8: =_xlfn.XLOOKUP($C8,'PP5 (2)'!$B$6:$B$100,'PP5 (2)'!$E$6:$E$100,"") | Q8: =SUM(R8:AC8) -> 294 | R8: =_xlfn.XLOOKUP($C8,'MP (1)'!$B$6:$B$100,'MP (1)'!$F$6:$F$100,"") -> 31 | S8: =_xlfn.XLOOKUP($C8,'MP (2)'!$B$6:$B$100,'MP (2)'!$F$6:$F$100,"") -> 26 | T8: =_xlfn.XLOOKUP($C8,'PP1 (1)'!$B$6:$B$99,'PP1 (1)'!$F$6:$F$99,"") -> 35 | U8: =_xlfn.XLOOKUP($C8,'PP1 (2)'!$B$6:$B$98,'PP1 (2)'!$F$6:$F$98,"") -> 33 | V8: =_xlfn.XLOOKUP($C8,'PP2 (1)'!$B$6:$B$106,'PP2 (1)'!$F$6:$F$106,"") -> 30 | W8: =_xlfn.XLOOKUP($C8,'PP2 (2)'!$B$6:$B$100,'PP2 (2)'!$F$6:$F$100,"") -> 30 | X8: =_xlfn.XLOOKUP($C8,'PP3 (1)'!$B$5:$B$106,'PP3 (1)'!$F$5:$F$106,"") -> 28 | Y8: =_xlfn.XLOOKUP($C8,'PP3 (2)'!$B$5:$B$108,'PP3 (2)'!$F$5:$F$108,"") -> 30 | Z8: =_xlfn.XLOOKUP($C8,'PP4 (1)'!$B$6:$B$100,'PP4 (1)'!$F$6:$F$100,"") -> 25 | AA8: =_xlfn.XLOOKUP($C8,'PP4 (2)'!$B$6:$B$100,'PP4 (2)'!$F$6:$F$100,"") -> 26 | AB8: =_xlfn.XLOOKUP($C8,'PP5 (1)'!$B$6:$B$100,'PP5 (1)'!$F$6:$F$100,"") | AC8: =_xlfn.XLOOKUP($C8,'PP5 (2)'!$B$6:$B$100,'PP5 (2)'!$F$6:$F$100,"") | AD8: =SUM(AE8:AP8) -> 170 | AE8: =_xlfn.XLOOKUP($C8,'MP (1)'!$B$6:$B$100,'MP (1)'!$H$6:$H$100,"") -> 17 | AF8: =_xlfn.XLOOKUP($C8,'MP (2)'!$B$6:$B$100,'MP (2)'!$H$6:$H$100,"") -> 13 | AG8: =_xlfn.XLOOKUP($C8,'PP1 (1)'!$B$6:$B$99,'PP1 (1)'!$H$6:$H$99,"") -> 19 | AH8: =_xlfn.XLOOKUP($C8,'PP1 (2)'!$B$6:$B$98,'PP1 (2)'!$H$6:$H$98,"") -> 19 | AI8: =_xlfn.XLOOKUP($C8,'PP2 (1)'!$B$6:$B$106,'PP2 (1)'!$H$6:$H$106,"") -> 18 | AJ8: =_xlfn.XLOOKUP($C8,'PP2 (2)'!$B$6:$B$100,'PP2 (2)'!$H$6:$H$100,"") -> 20 | AK8: =_xlfn.XLOOKUP($C8,'PP3 (1)'!$B$5:$B$106,'PP3 (1)'!$H$5:$H$106,"") -> 18 | AL8: =_xlfn.XLOOKUP($C8,'PP3 (2)'!$B$5:$B$108,'PP3 (2)'!$H$5:$H$108,"") -> 23 | AM8: =_xlfn.XLOOKUP($C8,'PP4 (1)'!$B$6:$B$100,'PP4 (1)'!$H$6:$H$100,"") -> 10 | AN8: =_xlfn.XLOOKUP($C8,'PP4 (2)'!$B$6:$B$100,'PP4 (2)'!$H$6:$H$100,"") -> 13 | AO8: =_xlfn.XLOOKUP($C8,'PP5 (1)'!$B$6:$B$100,'PP5 (1)'!$H$6:$H$100,"") | AP8: =_xlfn.XLOOKUP($C8,'PP5 (2)'!$B$6:$B$100,'PP5 (2)'!$H$6:$H$100,"")
A9: =ROW()-4 -> 5 | B9: 3 | C9: DRAPELLA Maciej | D9: =SUM(E9:P9) -> 8.45 | E9: =_xlfn.XLOOKUP($C9,'MP (1)'!$B$6:$B$100,'MP (1)'!$E$6:$E$100,"") -> 0.83 | F9: =_xlfn.XLOOKUP($C9,'MP (2)'!$B$6:$B$100,'MP (2)'!$E$6:$E$100,"") -> 0.83 | G9: =_xlfn.XLOOKUP($C9,'PP1 (1)'!$B$6:$B$99,'PP1 (1)'!$E$6:$E$99,"") -> 1 | H9: =_xlfn.XLOOKUP($C9,'PP1 (2)'!$B$6:$B$98,'PP1 (2)'!$E$6:$E$98,"") -> 0.86 | I9: =_xlfn.XLOOKUP($C9,'PP2 (1)'!$B$6:$B$106,'PP2 (1)'!$E$6:$E$106,"") -> 0.83 | J9: =_xlfn.XLOOKUP($C9,'PP2 (2)'!$B$6:$B$100,'PP2 (2)'!$E$6:$E$100,"") -> 1 | K9: =_xlfn.XLOOKUP($C9,'PP3 (1)'!$B$5:$B$106,'PP3 (1)'!$E$5:$E$106,"") -> 0.83 | L9: =_xlfn.XLOOKUP($C9,'PP3 (2)'!$B$5:$B$108,'PP3 (2)'!$E$5:$E$108,"") -> 0.8 | M9: =_xlfn.XLOOKUP($C9,'PP4 (1)'!$B$6:$B$100,'PP4 (1)'!$E$6:$E$100,"") -> 0.8 | N9: =_xlfn.XLOOKUP($C9,'PP4 (2)'!$B$6:$B$100,'PP4 (2)'!$E$6:$E$100,"") -> 0.67 | O9: =_xlfn.XLOOKUP($C9,'PP5 (1)'!$B$6:$B$100,'PP5 (1)'!$E$6:$E$100,"") | P9: =_xlfn.XLOOKUP($C9,'PP5 (2)'!$B$6:$B$100,'PP5 (2)'!$E$6:$E$100,"") | Q9: =SUM(R9:AC9) -> 267 | R9: =_xlfn.XLOOKUP($C9,'MP (1)'!$B$6:$B$100,'MP (1)'!$F$6:$F$100,"") -> 27 | S9: =_xlfn.XLOOKUP($C9,'MP (2)'!$B$6:$B$100,'MP (2)'!$F$6:$F$100,"") -> 25 | T9: =_xlfn.XLOOKUP($C9,'PP1 (1)'!$B$6:$B$99,'PP1 (1)'!$F$6:$F$99,"") -> 30 | U9: =_xlfn.XLOOKUP($C9,'PP1 (2)'!$B$6:$B$98,'PP1 (2)'!$F$6:$F$98,"") -> 34 | V9: =_xlfn.XLOOKUP($C9,'PP2 (1)'!$B$6:$B$106,'PP2 (1)'!$F$6:$F$106,"") -> 24 | W9: =_xlfn.XLOOKUP($C9,'PP2 (2)'!$B$6:$B$100,'PP2 (2)'!$F$6:$F$100,"") -> 30 | X9: =_xlfn.XLOOKUP($C9,'PP3 (1)'!$B$5:$B$106,'PP3 (1)'!$F$5:$F$106,"") -> 26 | Y9: =_xlfn.XLOOKUP($C9,'PP3 (2)'!$B$5:$B$108,'PP3 (2)'!$F$5:$F$108,"") -> 22 | Z9: =_xlfn.XLOOKUP($C9,'PP4 (1)'!$B$6:$B$100,'PP4 (1)'!$F$6:$F$100,"") -> 21 | AA9: =_xlfn.XLOOKUP($C9,'PP4 (2)'!$B$6:$B$100,'PP4 (2)'!$F$6:$F$100,"") -> 28 | AB9: =_xlfn.XLOOKUP($C9,'PP5 (1)'!$B$6:$B$100,'PP5 (1)'!$F$6:$F$100,"") | AC9: =_xlfn.XLOOKUP($C9,'PP5 (2)'!$B$6:$B$100,'PP5 (2)'!$F$6:$F$100,"") | AD9: =SUM(AE9:AP9) -> 133 | AE9: =_xlfn.XLOOKUP($C9,'MP (1)'!$B$6:$B$100,'MP (1)'!$H$6:$H$100,"") -> 11 | AF9: =_xlfn.XLOOKUP($C9,'MP (2)'!$B$6:$B$100,'MP (2)'!$H$6:$H$100,"") -> 11 | AG9: =_xlfn.XLOOKUP($C9,'PP1 (1)'!$B$6:$B$99,'PP1 (1)'!$H$6:$H$99,"") -> 17 | AH9: =_xlfn.XLOOKUP($C9,'PP1 (2)'!$B$6:$B$98,'PP1 (2)'!$H$6:$H$98,"") -> 21 | AI9: =_xlfn.XLOOKUP($C9,'PP2 (1)'!$B$6:$B$106,'PP2 (1)'!$H$6:$H$106,"") -> 13 | AJ9: =_xlfn.XLOOKUP($C9,'PP2 (2)'!$B$6:$B$100,'PP2 (2)'!$H$6:$H$100,"") -> 17 | AK9: =_xlfn.XLOOKUP($C9,'PP3 (1)'!$B$5:$B$106,'PP3 (1)'!$H$5:$H$106,"") -> 8 | AL9: =_xlfn.XLOOKUP($C9,'PP3 (2)'!$B$5:$B$108,'PP3 (2)'!$H$5:$H$108,"") -> 10 | AM9: =_xlfn.XLOOKUP($C9,'PP4 (1)'!$B$6:$B$100,'PP4 (1)'!$H$6:$H$100,"") -> 9 | AN9: =_xlfn.XLOOKUP($C9,'PP4 (2)'!$B$6:$B$100,'PP4 (2)'!$H$6:$H$100,"") -> 16 | AO9: =_xlfn.XLOOKUP($C9,'PP5 (1)'!$B$6:$B$100,'PP5 (1)'!$H$6:$H$100,"") | AP9: =_xlfn.XLOOKUP($C9,'PP5 (2)'!$B$6:$B$100,'PP5 (2)'!$H$6:$H$100,"")
A10: =ROW()-4 -> 6 | B10: 3 | C10: KRZEMIŃSKI Mariusz | D10: =SUM(E10:P10) -> 8.25 | E10: =_xlfn.XLOOKUP($C10,'MP (1)'!$B$6:$B$100,'MP (1)'!$E$6:$E$100,"") -> 0.83 | F10: =_xlfn.XLOOKUP($C10,'MP (2)'!$B$6:$B$100,'MP (2)'!$E$6:$E$100,"") -> 1 | G10: =_xlfn.XLOOKUP($C10,'PP1 (1)'!$B$6:$B$99,'PP1 (1)'!$E$6:$E$99,"") -> 0.71 | H10: =_xlfn.XLOOKUP($C10,'PP1 (2)'!$B$6:$B$98,'PP1 (2)'!$E$6:$E$98,"") -> 0.71 | I10: =_xlfn.XLOOKUP($C10,'PP2 (1)'!$B$6:$B$106,'PP2 (1)'!$E$6:$E$106,"") -> 0.67 | J10: =_xlfn.XLOOKUP($C10,'PP2 (2)'!$B$6:$B$100,'PP2 (2)'!$E$6:$E$100,"") -> 0.83 | K10: =_xlfn.XLOOKUP($C10,'PP3 (1)'!$B$5:$B$106,'PP3 (1)'!$E$5:$E$106,"") -> 1 | L10: =_xlfn.XLOOKUP($C10,'PP3 (2)'!$B$5:$B$108,'PP3 (2)'!$E$5:$E$108,"") -> 0.83 | M10: =_xlfn.XLOOKUP($C10,'PP4 (1)'!$B$6:$B$100,'PP4 (1)'!$E$6:$E$100,"") -> 0.67 | N10: =_xlfn.XLOOKUP($C10,'PP4 (2)'!$B$6:$B$100,'PP4 (2)'!$E$6:$E$100,"") -> 1 | O10: =_xlfn.XLOOKUP($C10,'PP5 (1)'!$B$6:$B$100,'PP5 (1)'!$E$6:$E$100,"") | P10: =_xlfn.XLOOKUP($C10,'PP5 (2)'!$B$6:$B$100,'PP5 (2)'!$E$6:$E$100,"") | Q10: =SUM(R10:AC10) -> 273 | R10: =_xlfn.XLOOKUP($C10,'MP (1)'!$B$6:$B$100,'MP (1)'!$F$6:$F$100,"") -> 23 | S10: =_xlfn.XLOOKUP($C10,'MP (2)'!$B$6:$B$100,'MP (2)'!$F$6:$F$100,"") -> 29 | T10: =_xlfn.XLOOKUP($C10,'PP1 (1)'!$B$6:$B$99,'PP1 (1)'!$F$6:$F$99,"") -> 31 | U10: =_xlfn.XLOOKUP($C10,'PP1 (2)'!$B$6:$B$98,'PP1 (2)'!$F$6:$F$98,"") -> 30 | V10: =_xlfn.XLOOKUP($C10,'PP2 (1)'!$B$6:$B$106,'PP2 (1)'!$F$6:$F$106,"") -> 23 | W10: =_xlfn.XLOOKUP($C10,'PP2 (2)'!$B$6:$B$100,'PP2 (2)'!$F$6:$F$100,"") -> 27 | X10: =_xlfn.XLOOKUP($C10,'PP3 (1)'!$B$5:$B$106,'PP3 (1)'!$F$5:$F$106,"") -> 30 | Y10: =_xlfn.XLOOKUP($C10,'PP3 (2)'!$B$5:$B$108,'PP3 (2)'!$F$5:$F$108,"") -> 25 | Z10: =_xlfn.XLOOKUP($C10,'PP4 (1)'!$B$6:$B$100,'PP4 (1)'!$F$6:$F$100,"") -> 25 | AA10: =_xlfn.XLOOKUP($C10,'PP4 (2)'!$B$6:$B$100,'PP4 (2)'!$F$6:$F$100,"") -> 30 | AB10: =_xlfn.XLOOKUP($C10,'PP5 (1)'!$B$6:$B$100,'PP5 (1)'!$F$6:$F$100,"") | AC10: =_xlfn.XLOOKUP($C10,'PP5 (2)'!$B$6:$B$100,'PP5 (2)'!$F$6:$F$100,"") | AD10: =SUM(AE10:AP10) -> 129 | AE10: =_xlfn.XLOOKUP($C10,'MP (1)'!$B$6:$B$100,'MP (1)'!$H$6:$H$100,"") -> 9 | AF10: =_xlfn.XLOOKUP($C10,'MP (2)'!$B$6:$B$100,'MP (2)'!$H$6:$H$100,"") -> 19 | AG10: =_xlfn.XLOOKUP($C10,'PP1 (1)'!$B$6:$B$99,'PP1 (1)'!$H$6:$H$99,"") -> 11 | AH10: =_xlfn.XLOOKUP($C10,'PP1 (2)'!$B$6:$B$98,'PP1 (2)'!$H$6:$H$98,"") -> 12 | AI10: =_xlfn.XLOOKUP($C10,'PP2 (1)'!$B$6:$B$106,'PP2 (1)'!$H$6:$H$106,"") -> 6 | AJ10: =_xlfn.XLOOKUP($C10,'PP2 (2)'!$B$6:$B$100,'PP2 (2)'!$H$6:$H$100,"") -> 15 | AK10: =_xlfn.XLOOKUP($C10,'PP3 (1)'!$B$5:$B$106,'PP3 (1)'!$H$5:$H$106,"") -> 17 | AL10: =_xlfn.XLOOKUP($C10,'PP3 (2)'!$B$5:$B$108,'PP3 (2)'!$H$5:$H$108,"") -> 12 | AM10: =_xlfn.XLOOKUP($C10,'PP4 (1)'!$B$6:$B$100,'PP4 (1)'!$H$6:$H$100,"") -> 9 | AN10: =_xlfn.XLOOKUP($C10,'PP4 (2)'!$B$6:$B$100,'PP4 (2)'!$H$6:$H$100,"") -> 19 | AO10: =_xlfn.XLOOKUP($C10,'PP5 (1)'!$B$6:$B$100,'PP5 (1)'!$H$6:$H$100,"") | AP10: =_xlfn.XLOOKUP($C10,'PP5 (2)'!$B$6:$B$100,'PP5 (2)'!$H$6:$H$100,"")
A11: =ROW()-4 -> 7 | B11: 1 | C11: BOBUSIA Jarosław | D11: =SUM(E11:P11) -> 8.24 | E11: =_xlfn.XLOOKUP($C11,'MP (1)'!$B$6:$B$100,'MP (1)'!$E$6:$E$100,"") -> 1 | F11: =_xlfn.XLOOKUP($C11,'MP (2)'!$B$6:$B$100,'MP (2)'!$E$6:$E$100,"") -> 0.83 | G11: =_xlfn.XLOOKUP($C11,'PP1 (1)'!$B$6:$B$99,'PP1 (1)'!$E$6:$E$99,"") -> 0.71 | H11: =_xlfn.XLOOKUP($C11,'PP1 (2)'!$B$6:$B$98,'PP1 (2)'!$E$6:$E$98,"") -> 0.57 | I11: =_xlfn.XLOOKUP($C11,'PP2 (1)'!$B$6:$B$106,'PP2 (1)'!$E$6:$E$106,"") -> 1 | J11: =_xlfn.XLOOKUP($C11,'PP2 (2)'!$B$6:$B$100,'PP2 (2)'!$E$6:$E$100,"") -> 1 | K11: =_xlfn.XLOOKUP($C11,'PP3 (1)'!$B$5:$B$106,'PP3 (1)'!$E$5:$E$106,"") -> 0.5 | L11: =_xlfn.XLOOKUP($C11,'PP3 (2)'!$B$5:$B$108,'PP3 (2)'!$E$5:$E$108,"") -> 0.8 | M11: =_xlfn.XLOOKUP($C11,'PP4 (1)'!$B$6:$B$100,'PP4 (1)'!$E$6:$E$100,"") -> 1 | N11: =_xlfn.XLOOKUP($C11,'PP4 (2)'!$B$6:$B$100,'PP4 (2)'!$E$6:$E$100,"") -> 0.83 | O11: =_xlfn.XLOOKUP($C11,'PP5 (1)'!$B$6:$B$100,'PP5 (1)'!$E$6:$E$100,"") | P11: =_xlfn.XLOOKUP($C11,'PP5 (2)'!$B$6:$B$100,'PP5 (2)'!$E$6:$E$100,"") | Q11: =SUM(R11:AC11) -> 275 | R11: =_xlfn.XLOOKUP($C11,'MP (1)'!$B$6:$B$100,'MP (1)'!$F$6:$F$100,"") -> 29 | S11: =_xlfn.XLOOKUP($C11,'MP (2)'!$B$6:$B$100,'MP (2)'!$F$6:$F$100,"") -> 27 | T11: =_xlfn.XLOOKUP($C11,'PP1 (1)'!$B$6:$B$99,'PP1 (1)'!$F$6:$F$99,"") -> 31 | U11: =_xlfn.XLOOKUP($C11,'PP1 (2)'!$B$6:$B$98,'PP1 (2)'!$F$6:$F$98,"") -> 27 | V11: =_xlfn.XLOOKUP($C11,'PP2 (1)'!$B$6:$B$106,'PP2 (1)'!$F$6:$F$106,"") -> 30 | W11: =_xlfn.XLOOKUP($C11,'PP2 (2)'!$B$6:$B$100,'PP2 (2)'!$F$6:$F$100,"") -> 30 | X11: =_xlfn.XLOOKUP($C11,'PP3 (1)'!$B$5:$B$106,'PP3 (1)'!$F$5:$F$106,"") -> 21 | Y11: =_xlfn.XLOOKUP($C11,'PP3 (2)'!$B$5:$B$108,'PP3 (2)'!$F$5:$F$108,"") -> 22 | Z11: =_xlfn.XLOOKUP($C11,'PP4 (1)'!$B$6:$B$100,'PP4 (1)'!$F$6:$F$100,"") -> 30 | AA11: =_xlfn.XLOOKUP($C11,'PP4 (2)'!$B$6:$B$100,'PP4 (2)'!$F$6:$F$100,"") -> 28 | AB11: =_xlfn.XLOOKUP($C11,'PP5 (1)'!$B$6:$B$100,'PP5 (1)'!$F$6:$F$100,"") | AC11: =_xlfn.XLOOKUP($C11,'PP5 (2)'!$B$6:$B$100,'PP5 (2)'!$F$6:$F$100,"") | AD11: =SUM(AE11:AP11) -> 120 | AE11: =_xlfn.XLOOKUP($C11,'MP (1)'!$B$6:$B$100,'MP (1)'!$H$6:$H$100,"") -> 13 | AF11: =_xlfn.XLOOKUP($C11,'MP (2)'!$B$6:$B$100,'MP (2)'!$H$6:$H$100,"") -> 10 | AG11: =_xlfn.XLOOKUP($C11,'PP1 (1)'!$B$6:$B$99,'PP1 (1)'!$H$6:$H$99,"") -> 11 | AH11: =_xlfn.XLOOKUP($C11,'PP1 (2)'!$B$6:$B$98,'PP1 (2)'!$H$6:$H$98,"") -> 0 | AI11: =_xlfn.XLOOKUP($C11,'PP2 (1)'!$B$6:$B$106,'PP2 (1)'!$H$6:$H$106,"") -> 20 | AJ11: =_xlfn.XLOOKUP($C11,'PP2 (2)'!$B$6:$B$100,'PP2 (2)'!$H$6:$H$100,"") -> 18 | AK11: =_xlfn.XLOOKUP($C11,'PP3 (1)'!$B$5:$B$106,'PP3 (1)'!$H$5:$H$106,"") -> 1 | AL11: =_xlfn.XLOOKUP($C11,'PP3 (2)'!$B$5:$B$108,'PP3 (2)'!$H$5:$H$108,"") -> 11 | AM11: =_xlfn.XLOOKUP($C11,'PP4 (1)'!$B$6:$B$100,'PP4 (1)'!$H$6:$H$100,"") -> 24 | AN11: =_xlfn.XLOOKUP($C11,'PP4 (2)'!$B$6:$B$100,'PP4 (2)'!$H$6:$H$100,"") -> 12 | AO11: =_xlfn.XLOOKUP($C11,'PP5 (1)'!$B$6:$B$100,'PP5 (1)'!$H$6:$H$100,"") | AP11: =_xlfn.XLOOKUP($C11,'PP5 (2)'!$B$6:$B$100,'PP5 (2)'!$H$6:$H$100,"")
A12: =ROW()-4 -> 8 | B12: 3 | C12: KOSTRZEWA Ireneusz | D12: =SUM(E12:P12) -> 8.18 | E12: =_xlfn.XLOOKUP($C12,'MP (1)'!$B$6:$B$100,'MP (1)'!$E$6:$E$100,"") -> 0.67 | F12: =_xlfn.XLOOKUP($C12,'MP (2)'!$B$6:$B$100,'MP (2)'!$E$6:$E$100,"") -> 0.86 | G12: =_xlfn.XLOOKUP($C12,'PP1 (1)'!$B$6:$B$99,'PP1 (1)'!$E$6:$E$99,"") -> 0.86 | H12: =_xlfn.XLOOKUP($C12,'PP1 (2)'!$B$6:$B$98,'PP1 (2)'!$E$6:$E$98,"") -> 0.83 | I12: =_xlfn.XLOOKUP($C12,'PP2 (1)'!$B$6:$B$106,'PP2 (1)'!$E$6:$E$106,"") -> 1 | J12: =_xlfn.XLOOKUP($C12,'PP2 (2)'!$B$6:$B$100,'PP2 (2)'!$E$6:$E$100,"") -> 0.83 | K12: =_xlfn.XLOOKUP($C12,'PP3 (1)'!$B$5:$B$106,'PP3 (1)'!$E$5:$E$106,"") -> 0.83 | L12: =_xlfn.XLOOKUP($C12,'PP3 (2)'!$B$5:$B$108,'PP3 (2)'!$E$5:$E$108,"") -> 0.8 | M12: =_xlfn.XLOOKUP($C12,'PP4 (1)'!$B$6:$B$100,'PP4 (1)'!$E$6:$E$100,"") | N12: =_xlfn.XLOOKUP($C12,'PP4 (2)'!$B$6:$B$100,'PP4 (2)'!$E$6:$E$100,"") | O12: =_xlfn.XLOOKUP($C12,'PP5 (1)'!$B$6:$B$100,'PP5 (1)'!$E$6:$E$100,"") -> 0.67 | P12: =_xlfn.XLOOKUP($C12,'PP5 (2)'!$B$6:$B$100,'PP5 (2)'!$E$6:$E$100,"") -> 0.83 | Q12: =SUM(R12:AC12) -> 279 | R12: =_xlfn.XLOOKUP($C12,'MP (1)'!$B$6:$B$100,'MP (1)'!$F$6:$F$100,"") -> 20 | S12: =_xlfn.XLOOKUP($C12,'MP (2)'!$B$6:$B$100,'MP (2)'!$F$6:$F$100,"") -> 34 | T12: =_xlfn.XLOOKUP($C12,'PP1 (1)'!$B$6:$B$99,'PP1 (1)'!$F$6:$F$99,"") -> 32 | U12: =_xlfn.XLOOKUP($C12,'PP1 (2)'!$B$6:$B$98,'PP1 (2)'!$F$6:$F$98,"") -> 28 | V12: =_xlfn.XLOOKUP($C12,'PP2 (1)'!$B$6:$B$106,'PP2 (1)'!$F$6:$F$106,"") -> 30 | W12: =_xlfn.XLOOKUP($C12,'PP2 (2)'!$B$6:$B$100,'PP2 (2)'!$F$6:$F$100,"") -> 29 | X12: =_xlfn.XLOOKUP($C12,'PP3 (1)'!$B$5:$B$106,'PP3 (1)'!$F$5:$F$106,"") -> 29 | Y12: =_xlfn.XLOOKUP($C12,'PP3 (2)'!$B$5:$B$108,'PP3 (2)'!$F$5:$F$108,"") -> 24 | Z12: =_xlfn.XLOOKUP($C12,'PP4 (1)'!$B$6:$B$100,'PP4 (1)'!$F$6:$F$100,"") | AA12: =_xlfn.XLOOKUP($C12,'PP4 (2)'!$B$6:$B$100,'PP4 (2)'!$F$6:$F$100,"") | AB12: =_xlfn.XLOOKUP($C12,'PP5 (1)'!$B$6:$B$100,'PP5 (1)'!$F$6:$F$100,"") -> 26 | AC12: =_xlfn.XLOOKUP($C12,'PP5 (2)'!$B$6:$B$100,'PP5 (2)'!$F$6:$F$100,"") -> 27 | AD12: =SUM(AE12:AP12) -> 151 | AE12: =_xlfn.XLOOKUP($C12,'MP (1)'!$B$6:$B$100,'MP (1)'!$H$6:$H$100,"") -> 10 | AF12: =_xlfn.XLOOKUP($C12,'MP (2)'!$B$6:$B$100,'MP (2)'!$H$6:$H$100,"") -> 18 | AG12: =_xlfn.XLOOKUP($C12,'PP1 (1)'!$B$6:$B$99,'PP1 (1)'!$H$6:$H$99,"") -> 17 | AH12: =_xlfn.XLOOKUP($C12,'PP1 (2)'!$B$6:$B$98,'PP1 (2)'!$H$6:$H$98,"") -> 18 | AI12: =_xlfn.XLOOKUP($C12,'PP2 (1)'!$B$6:$B$106,'PP2 (1)'!$H$6:$H$106,"") -> 15 | AJ12: =_xlfn.XLOOKUP($C12,'PP2 (2)'!$B$6:$B$100,'PP2 (2)'!$H$6:$H$100,"") -> 23 | AK12: =_xlfn.XLOOKUP($C12,'PP3 (1)'!$B$5:$B$106,'PP3 (1)'!$H$5:$H$106,"") -> 15 | AL12: =_xlfn.XLOOKUP($C12,'PP3 (2)'!$B$5:$B$108,'PP3 (2)'!$H$5:$H$108,"") -> 14 | AM12: =_xlfn.XLOOKUP($C12,'PP4 (1)'!$B$6:$B$100,'PP4 (1)'!$H$6:$H$100,"") | AN12: =_xlfn.XLOOKUP($C12,'PP4 (2)'!$B$6:$B$100,'PP4 (2)'!$H$6:$H$100,"") | AO12: =_xlfn.XLOOKUP($C12,'PP5 (1)'!$B$6:$B$100,'PP5 (1)'!$H$6:$H$100,"") -> 7 | AP12: =_xlfn.XLOOKUP($C12,'PP5 (2)'!$B$6:$B$100,'PP5 (2)'!$H$6:$H$100,"") -> 14
A13: =ROW()-4 -> 9 | B13: 3 | C13: AUGUSTOWSKI Waldemar | D13: =SUM(E13:P13) -> 8.04 | E13: =_xlfn.XLOOKUP($C13,'MP (1)'!$B$6:$B$100,'MP (1)'!$E$6:$E$100,"") -> 0.5 | F13: =_xlfn.XLOOKUP($C13,'MP (2)'!$B$6:$B$100,'MP (2)'!$E$6:$E$100,"") -> 0.67 | G13: =_xlfn.XLOOKUP($C13,'PP1 (1)'!$B$6:$B$99,'PP1 (1)'!$E$6:$E$99,"") -> 0.83 | H13: =_xlfn.XLOOKUP($C13,'PP1 (2)'!$B$6:$B$98,'PP1 (2)'!$E$6:$E$98,"") -> 0.57 | I13: =_xlfn.XLOOKUP($C13,'PP2 (1)'!$B$6:$B$106,'PP2 (1)'!$E$6:$E$106,"") -> 0.67 | J13: =_xlfn.XLOOKUP($C13,'PP2 (2)'!$B$6:$B$100,'PP2 (2)'!$E$6:$E$100,"") -> 0.67 | K13: =_xlfn.XLOOKUP($C13,'PP3 (1)'!$B$5:$B$106,'PP3 (1)'!$E$5:$E$106,"") -> 0.4 | L13: =_xlfn.XLOOKUP($C13,'PP3 (2)'!$B$5:$B$108,'PP3 (2)'!$E$5:$E$108,"") -> 0.5 | M13: =_xlfn.XLOOKUP($C13,'PP4 (1)'!$B$6:$B$100,'PP4 (1)'!$E$6:$E$100,"") -> 1 | N13: =_xlfn.XLOOKUP($C13,'PP4 (2)'!$B$6:$B$100,'PP4 (2)'!$E$6:$E$100,"") -> 0.6 | O13: =_xlfn.XLOOKUP($C13,'PP5 (1)'!$B$6:$B$100,'PP5 (1)'!$E$6:$E$100,"") -> 0.83 | P13: =_xlfn.XLOOKUP($C13,'PP5 (2)'!$B$6:$B$100,'PP5 (2)'!$E$6:$E$100,"") -> 0.8 | Q13: =SUM(R13:AC13) -> 287 | R13: =_xlfn.XLOOKUP($C13,'MP (1)'!$B$6:$B$100,'MP (1)'!$F$6:$F$100,"") -> 22 | S13: =_xlfn.XLOOKUP($C13,'MP (2)'!$B$6:$B$100,'MP (2)'!$F$6:$F$100,"") -> 25 | T13: =_xlfn.XLOOKUP($C13,'PP1 (1)'!$B$6:$B$99,'PP1 (1)'!$F$6:$F$99,"") -> 27 | U13: =_xlfn.XLOOKUP($C13,'PP1 (2)'!$B$6:$B$98,'PP1 (2)'!$F$6:$F$98,"") -> 30 | V13: =_xlfn.XLOOKUP($C13,'PP2 (1)'!$B$6:$B$106,'PP2 (1)'!$F$6:$F$106,"") -> 24 | W13: =_xlfn.XLOOKUP($C13,'PP2 (2)'!$B$6:$B$100,'PP2 (2)'!$F$6:$F$100,"") -> 23 | X13: =_xlfn.XLOOKUP($C13,'PP3 (1)'!$B$5:$B$106,'PP3 (1)'!$F$5:$F$106,"") -> 19 | Y13: =_xlfn.XLOOKUP($C13,'PP3 (2)'!$B$5:$B$108,'PP3 (2)'!$F$5:$F$108,"") -> 25 | Z13: =_xlfn.XLOOKUP($C13,'PP4 (1)'!$B$6:$B$100,'PP4 (1)'!$F$6:$F$100,"") -> 23 | AA13: =_xlfn.XLOOKUP($C13,'PP4 (2)'!$B$6:$B$100,'PP4 (2)'!$F$6:$F$100,"") -> 19 | AB13: =_xlfn.XLOOKUP($C13,'PP5 (1)'!$B$6:$B$100,'PP5 (1)'!$F$6:$F$100,"") -> 27 | AC13: =_xlfn.XLOOKUP($C13,'PP5 (2)'!$B$6:$B$100,'PP5 (2)'!$F$6:$F$100,"") -> 23 | AD13: =SUM(AE13:AP13) -> 89 | AE13: =_xlfn.XLOOKUP($C13,'MP (1)'!$B$6:$B$100,'MP (1)'!$H$6:$H$100,"") -> 5 | AF13: =_xlfn.XLOOKUP($C13,'MP (2)'!$B$6:$B$100,'MP (2)'!$H$6:$H$100,"") -> 7 | AG13: =_xlfn.XLOOKUP($C13,'PP1 (1)'!$B$6:$B$99,'PP1 (1)'!$H$6:$H$99,"") -> 7 | AH13: =_xlfn.XLOOKUP($C13,'PP1 (2)'!$B$6:$B$98,'PP1 (2)'!$H$6:$H$98,"") -> 5 | AI13: =_xlfn.XLOOKUP($C13,'PP2 (1)'!$B$6:$B$106,'PP2 (1)'!$H$6:$H$106,"") -> 8 | AJ13: =_xlfn.XLOOKUP($C13,'PP2 (2)'!$B$6:$B$100,'PP2 (2)'!$H$6:$H$100,"") -> 6 | AK13: =_xlfn.XLOOKUP($C13,'PP3 (1)'!$B$5:$B$106,'PP3 (1)'!$H$5:$H$106,"") -> 2 | AL13: =_xlfn.XLOOKUP($C13,'PP3 (2)'!$B$5:$B$108,'PP3 (2)'!$H$5:$H$108,"") -> 4 | AM13: =_xlfn.XLOOKUP($C13,'PP4 (1)'!$B$6:$B$100,'PP4 (1)'!$H$6:$H$100,"") -> 15 | AN13: =_xlfn.XLOOKUP($C13,'PP4 (2)'!$B$6:$B$100,'PP4 (2)'!$H$6:$H$100,"") -> 4 | AO13: =_xlfn.XLOOKUP($C13,'PP5 (1)'!$B$6:$B$100,'PP5 (1)'!$H$6:$H$100,"") -> 14 | AP13: =_xlfn.XLOOKUP($C13,'PP5 (2)'!$B$6:$B$100,'PP5 (2)'!$H$6:$H$100,"") -> 12
A14: =ROW()-4 -> 10 | B14: 2 | C14: ATANASSOW Aleksander | D14: =SUM(E14:P14) -> 7.16 | E14: =_xlfn.XLOOKUP($C14,'MP (1)'!$B$6:$B$100,'MP (1)'!$E$6:$E$100,"") | F14: =_xlfn.XLOOKUP($C14,'MP (2)'!$B$6:$B$100,'MP (2)'!$E$6:$E$100,"") | G14: =_xlfn.XLOOKUP($C14,'PP1 (1)'!$B$6:$B$99,'PP1 (1)'!$E$6:$E$99,"") -> 0.83 | H14: =_xlfn.XLOOKUP($C14,'PP1 (2)'!$B$6:$B$98,'PP1 (2)'!$E$6:$E$98,"") -> 1 | I14: =_xlfn.XLOOKUP($C14,'PP2 (1)'!$B$6:$B$106,'PP2 (1)'!$E$6:$E$106,"") -> 0.83 | J14: =_xlfn.XLOOKUP($C14,'PP2 (2)'!$B$6:$B$100,'PP2 (2)'!$E$6:$E$100,"") -> 1 | K14: =_xlfn.XLOOKUP($C14,'PP3 (1)'!$B$5:$B$106,'PP3 (1)'!$E$5:$E$106,"") -> 0.83 | L14: =_xlfn.XLOOKUP($C14,'PP3 (2)'!$B$5:$B$108,'PP3 (2)'!$E$5:$E$108,"") -> 0.67 | M14: =_xlfn.XLOOKUP($C14,'PP4 (1)'!$B$6:$B$100,'PP4 (1)'!$E$6:$E$100,"") -> 1 | N14: =_xlfn.XLOOKUP($C14,'PP4 (2)'!$B$6:$B$100,'PP4 (2)'!$E$6:$E$100,"") -> 1 | O14: =_xlfn.XLOOKUP($C14,'PP5 (1)'!$B$6:$B$100,'PP5 (1)'!$E$6:$E$100,"") | P14: =_xlfn.XLOOKUP($C14,'PP5 (2)'!$B$6:$B$100,'PP5 (2)'!$E$6:$E$100,"") | Q14: =SUM(R14:AC14) -> 218 | R14: =_xlfn.XLOOKUP($C14,'MP (1)'!$B$6:$B$100,'MP (1)'!$F$6:$F$100,"") | S14: =_xlfn.XLOOKUP($C14,'MP (2)'!$B$6:$B$100,'MP (2)'!$F$6:$F$100,"") | T14: =_xlfn.XLOOKUP($C14,'PP1 (1)'!$B$6:$B$99,'PP1 (1)'!$F$6:$F$99,"") -> 27 | U14: =_xlfn.XLOOKUP($C14,'PP1 (2)'!$B$6:$B$98,'PP1 (2)'!$F$6:$F$98,"") -> 27 | V14: =_xlfn.XLOOKUP($C14,'PP2 (1)'!$B$6:$B$106,'PP2 (1)'!$F$6:$F$106,"") -> 26 | W14: =_xlfn.XLOOKUP($C14,'PP2 (2)'!$B$6:$B$100,'PP2 (2)'!$F$6:$F$100,"") -> 30 | X14: =_xlfn.XLOOKUP($C14,'PP3 (1)'!$B$5:$B$106,'PP3 (1)'!$F$5:$F$106,"") -> 29 | Y14: =_xlfn.XLOOKUP($C14,'PP3 (2)'!$B$5:$B$108,'PP3 (2)'!$F$5:$F$108,"") -> 24 | Z14: =_xlfn.XLOOKUP($C14,'PP4 (1)'!$B$6:$B$100,'PP4 (1)'!$F$6:$F$100,"") -> 30 | AA14: =_xlfn.XLOOKUP($C14,'PP4 (2)'!$B$6:$B$100,'PP4 (2)'!$F$6:$F$100,"") -> 25 | AB14: =_xlfn.XLOOKUP($C14,'PP5 (1)'!$B$6:$B$100,'PP5 (1)'!$F$6:$F$100,"") | AC14: =_xlfn.XLOOKUP($C14,'PP5 (2)'!$B$6:$B$100,'PP5 (2)'!$F$6:$F$100,"") | AD14: =SUM(AE14:AP14) -> 126 | AE14: =_xlfn.XLOOKUP($C14,'MP (1)'!$B$6:$B$100,'MP (1)'!$H$6:$H$100,"") | AF14: =_xlfn.XLOOKUP($C14,'MP (2)'!$B$6:$B$100,'MP (2)'!$H$6:$H$100,"") | AG14: =_xlfn.XLOOKUP($C14,'PP1 (1)'!$B$6:$B$99,'PP1 (1)'!$H$6:$H$99,"") -> 14 | AH14: =_xlfn.XLOOKUP($C14,'PP1 (2)'!$B$6:$B$98,'PP1 (2)'!$H$6:$H$98,"") -> 15 | AI14: =_xlfn.XLOOKUP($C14,'PP2 (1)'!$B$6:$B$106,'PP2 (1)'!$H$6:$H$106,"") -> 16 | AJ14: =_xlfn.XLOOKUP($C14,'PP2 (2)'!$B$6:$B$100,'PP2 (2)'!$H$6:$H$100,"") -> 20 | AK14: =_xlfn.XLOOKUP($C14,'PP3 (1)'!$B$5:$B$106,'PP3 (1)'!$H$5:$H$106,"") -> 16 | AL14: =_xlfn.XLOOKUP($C14,'PP3 (2)'!$B$5:$B$108,'PP3 (2)'!$H$5:$H$108,"") -> 14 | AM14: =_xlfn.XLOOKUP($C14,'PP4 (1)'!$B$6:$B$100,'PP4 (1)'!$H$6:$H$100,"") -> 15 | AN14: =_xlfn.XLOOKUP($C14,'PP4 (2)'!$B$6:$B$100,'PP4 (2)'!$H$6:$H$100,"") -> 16 | AO14: =_xlfn.XLOOKUP($C14,'PP5 (1)'!$B$6:$B$100,'PP5 (1)'!$H$6:$H$100,"") | AP14: =_xlfn.XLOOKUP($C14,'PP5 (2)'!$B$6:$B$100,'PP5 (2)'!$H$6:$H$100,"")
A15: =ROW()-4 -> 11 | B15: 0 | C15: WALCZEWSKI Konrad | D15: =SUM(E15:P15) -> 6.93 | E15: =_xlfn.XLOOKUP($C15,'MP (1)'!$B$6:$B$100,'MP (1)'!$E$6:$E$100,"") -> 0.57 | F15: =_xlfn.XLOOKUP($C15,'MP (2)'!$B$6:$B$100,'MP (2)'!$E$6:$E$100,"") -> 0.5 | G15: =_xlfn.XLOOKUP($C15,'PP1 (1)'!$B$6:$B$99,'PP1 (1)'!$E$6:$E$99,"") -> 0.33 | H15: =_xlfn.XLOOKUP($C15,'PP1 (2)'!$B$6:$B$98,'PP1 (2)'!$E$6:$E$98,"") -> 0.5 | I15: =_xlfn.XLOOKUP($C15,'PP2 (1)'!$B$6:$B$106,'PP2 (1)'!$E$6:$E$106,"") -> 0.83 | J15: =_xlfn.XLOOKUP($C15,'PP2 (2)'!$B$6:$B$100,'PP2 (2)'!$E$6:$E$100,"") -> 0.67 | K15: =_xlfn.XLOOKUP($C15,'PP3 (1)'!$B$5:$B$106,'PP3 (1)'!$E$5:$E$106,"") -> 0.83 | L15: =_xlfn.XLOOKUP($C15,'PP3 (2)'!$B$5:$B$108,'PP3 (2)'!$E$5:$E$108,"") -> 0.6 | M15: =_xlfn.XLOOKUP($C15,'PP4 (1)'!$B$6:$B$100,'PP4 (1)'!$E$6:$E$100,"") -> 0.5 | N15: =_xlfn.XLOOKUP($C15,'PP4 (2)'!$B$6:$B$100,'PP4 (2)'!$E$6:$E$100,"") -> 0.4 | O15: =_xlfn.XLOOKUP($C15,'PP5 (1)'!$B$6:$B$100,'PP5 (1)'!$E$6:$E$100,"") -> 0.8 | P15: =_xlfn.XLOOKUP($C15,'PP5 (2)'!$B$6:$B$100,'PP5 (2)'!$E$6:$E$100,"") -> 0.4 | Q15: =SUM(R15:AC15) -> 277 | R15: =_xlfn.XLOOKUP($C15,'MP (1)'!$B$6:$B$100,'MP (1)'!$F$6:$F$100,"") -> 26 | S15: =_xlfn.XLOOKUP($C15,'MP (2)'!$B$6:$B$100,'MP (2)'!$F$6:$F$100,"") -> 19 | T15: =_xlfn.XLOOKUP($C15,'PP1 (1)'!$B$6:$B$99,'PP1 (1)'!$F$6:$F$99,"") -> 24 | U15: =_xlfn.XLOOKUP($C15,'PP1 (2)'!$B$6:$B$98,'PP1 (2)'!$F$6:$F$98,"") -> 23 | V15: =_xlfn.XLOOKUP($C15,'PP2 (1)'!$B$6:$B$106,'PP2 (1)'!$F$6:$F$106,"") -> 28 | W15: =_xlfn.XLOOKUP($C15,'PP2 (2)'!$B$6:$B$100,'PP2 (2)'!$F$6:$F$100,"") -> 24 | X15: =_xlfn.XLOOKUP($C15,'PP3 (1)'!$B$5:$B$106,'PP3 (1)'!$F$5:$F$106,"") -> 29 | Y15: =_xlfn.XLOOKUP($C15,'PP3 (2)'!$B$5:$B$108,'PP3 (2)'!$F$5:$F$108,"") -> 19 | Z15: =_xlfn.XLOOKUP($C15,'PP4 (1)'!$B$6:$B$100,'PP4 (1)'!$F$6:$F$100,"") -> 23 | AA15: =_xlfn.XLOOKUP($C15,'PP4 (2)'!$B$6:$B$100,'PP4 (2)'!$F$6:$F$100,"") -> 22 | AB15: =_xlfn.XLOOKUP($C15,'PP5 (1)'!$B$6:$B$100,'PP5 (1)'!$F$6:$F$100,"") -> 21 | AC15: =_xlfn.XLOOKUP($C15,'PP5 (2)'!$B$6:$B$100,'PP5 (2)'!$F$6:$F$100,"") -> 19 | AD15: =SUM(AE15:AP15) -> 34 | AE15: =_xlfn.XLOOKUP($C15,'MP (1)'!$B$6:$B$100,'MP (1)'!$H$6:$H$100,"") -> -2 | AF15: =_xlfn.XLOOKUP($C15,'MP (2)'!$B$6:$B$100,'MP (2)'!$H$6:$H$100,"") -> -3 | AG15: =_xlfn.XLOOKUP($C15,'PP1 (1)'!$B$6:$B$99,'PP1 (1)'!$H$6:$H$99,"") -> -1 | AH15: =_xlfn.XLOOKUP($C15,'PP1 (2)'!$B$6:$B$98,'PP1 (2)'!$H$6:$H$98,"") -> 1 | AI15: =_xlfn.XLOOKUP($C15,'PP2 (1)'!$B$6:$B$106,'PP2 (1)'!$H$6:$H$106,"") -> 11 | AJ15: =_xlfn.XLOOKUP($C15,'PP2 (2)'!$B$6:$B$100,'PP2 (2)'!$H$6:$H$100,"") -> 4 | AK15: =_xlfn.XLOOKUP($C15,'PP3 (1)'!$B$5:$B$106,'PP3 (1)'!$H$5:$H$106,"") -> 12 | AL15: =_xlfn.XLOOKUP($C15,'PP3 (2)'!$B$5:$B$108,'PP3 (2)'!$H$5:$H$108,"") -> -1 | AM15: =_xlfn.XLOOKUP($C15,'PP4 (1)'!$B$6:$B$100,'PP4 (1)'!$H$6:$H$100,"") -> 2 | AN15: =_xlfn.XLOOKUP($C15,'PP4 (2)'!$B$6:$B$100,'PP4 (2)'!$H$6:$H$100,"") -> 3 | AO15: =_xlfn.XLOOKUP($C15,'PP5 (1)'!$B$6:$B$100,'PP5 (1)'!$H$6:$H$100,"") -> 10 | AP15: =_xlfn.XLOOKUP($C15,'PP5 (2)'!$B$6:$B$100,'PP5 (2)'!$H$6:$H$100,"") -> -2
A16: =ROW()-4 -> 12 | B16: 0 | C16: DZIUBIŃSKI Mateusz | D16: =SUM(E16:P16) -> 6.91 | E16: =_xlfn.XLOOKUP($C16,'MP (1)'!$B$6:$B$100,'MP (1)'!$E$6:$E$100,"") -> 0.5 | F16: =_xlfn.XLOOKUP($C16,'MP (2)'!$B$6:$B$100,'MP (2)'!$E$6:$E$100,"") -> 0.43 | G16: =_xlfn.XLOOKUP($C16,'PP1 (1)'!$B$6:$B$99,'PP1 (1)'!$E$6:$E$99,"") -> 0.67 | H16: =_xlfn.XLOOKUP($C16,'PP1 (2)'!$B$6:$B$98,'PP1 (2)'!$E$6:$E$98,"") -> 0.71 | I16: =_xlfn.XLOOKUP($C16,'PP2 (1)'!$B$6:$B$106,'PP2 (1)'!$E$6:$E$106,"") -> 0.33 | J16: =_xlfn.XLOOKUP($C16,'PP2 (2)'!$B$6:$B$100,'PP2 (2)'!$E$6:$E$100,"") -> 0.67 | K16: =_xlfn.XLOOKUP($C16,'PP3 (1)'!$B$5:$B$106,'PP3 (1)'!$E$5:$E$106,"") -> 0.4 | L16: =_xlfn.XLOOKUP($C16,'PP3 (2)'!$B$5:$B$108,'PP3 (2)'!$E$5:$E$108,"") -> 0.67 | M16: =_xlfn.XLOOKUP($C16,'PP4 (1)'!$B$6:$B$100,'PP4 (1)'!$E$6:$E$100,"") -> 0.8 | N16: =_xlfn.XLOOKUP($C16,'PP4 (2)'!$B$6:$B$100,'PP4 (2)'!$E$6:$E$100,"") -> 0.33 | O16: =_xlfn.XLOOKUP($C16,'PP5 (1)'!$B$6:$B$100,'PP5 (1)'!$E$6:$E$100,"") -> 0.8 | P16: =_xlfn.XLOOKUP($C16,'PP5 (2)'!$B$6:$B$100,'PP5 (2)'!$E$6:$E$100,"") -> 0.6 | Q16: =SUM(R16:AC16) -> 273 | R16: =_xlfn.XLOOKUP($C16,'MP (1)'!$B$6:$B$100,'MP (1)'!$F$6:$F$100,"") -> 25 | S16: =_xlfn.XLOOKUP($C16,'MP (2)'!$B$6:$B$100,'MP (2)'!$F$6:$F$100,"") -> 23 | T16: =_xlfn.XLOOKUP($C16,'PP1 (1)'!$B$6:$B$99,'PP1 (1)'!$F$6:$F$99,"") -> 26 | U16: =_xlfn.XLOOKUP($C16,'PP1 (2)'!$B$6:$B$98,'PP1 (2)'!$F$6:$F$98,"") -> 32 | V16: =_xlfn.XLOOKUP($C16,'PP2 (1)'!$B$6:$B$106,'PP2 (1)'!$F$6:$F$106,"") -> 19 | W16: =_xlfn.XLOOKUP($C16,'PP2 (2)'!$B$6:$B$100,'PP2 (2)'!$F$6:$F$100,"") -> 22 | X16: =_xlfn.XLOOKUP($C16,'PP3 (1)'!$B$5:$B$106,'PP3 (1)'!$F$5:$F$106,"") -> 15 | Y16: =_xlfn.XLOOKUP($C16,'PP3 (2)'!$B$5:$B$108,'PP3 (2)'!$F$5:$F$108,"") -> 26 | Z16: =_xlfn.XLOOKUP($C16,'PP4 (1)'!$B$6:$B$100,'PP4 (1)'!$F$6:$F$100,"") -> 21 | AA16: =_xlfn.XLOOKUP($C16,'PP4 (2)'!$B$6:$B$100,'PP4 (2)'!$F$6:$F$100,"") -> 23 | AB16: =_xlfn.XLOOKUP($C16,'PP5 (1)'!$B$6:$B$100,'PP5 (1)'!$F$6:$F$100,"") -> 21 | AC16: =_xlfn.XLOOKUP($C16,'PP5 (2)'!$B$6:$B$100,'PP5 (2)'!$F$6:$F$100,"") -> 20 | AD16: =SUM(AE16:AP16) -> 34 | AE16: =_xlfn.XLOOKUP($C16,'MP (1)'!$B$6:$B$100,'MP (1)'!$H$6:$H$100,"") -> 1 | AF16: =_xlfn.XLOOKUP($C16,'MP (2)'!$B$6:$B$100,'MP (2)'!$H$6:$H$100,"") -> -4 | AG16: =_xlfn.XLOOKUP($C16,'PP1 (1)'!$B$6:$B$99,'PP1 (1)'!$H$6:$H$99,"") -> 4 | AH16: =_xlfn.XLOOKUP($C16,'PP1 (2)'!$B$6:$B$98,'PP1 (2)'!$H$6:$H$98,"") -> 8 | AI16: =_xlfn.XLOOKUP($C16,'PP2 (1)'!$B$6:$B$106,'PP2 (1)'!$H$6:$H$106,"") -> -8 | AJ16: =_xlfn.XLOOKUP($C16,'PP2 (2)'!$B$6:$B$100,'PP2 (2)'!$H$6:$H$100,"") -> 1 | AK16: =_xlfn.XLOOKUP($C16,'PP3 (1)'!$B$5:$B$106,'PP3 (1)'!$H$5:$H$106,"") -> 0 | AL16: =_xlfn.XLOOKUP($C16,'PP3 (2)'!$B$5:$B$108,'PP3 (2)'!$H$5:$H$108,"") -> 12 | AM16: =_xlfn.XLOOKUP($C16,'PP4 (1)'!$B$6:$B$100,'PP4 (1)'!$H$6:$H$100,"") -> 10 | AN16: =_xlfn.XLOOKUP($C16,'PP4 (2)'!$B$6:$B$100,'PP4 (2)'!$H$6:$H$100,"") -> -1 | AO16: =_xlfn.XLOOKUP($C16,'PP5 (1)'!$B$6:$B$100,'PP5 (1)'!$H$6:$H$100,"") -> 9 | AP16: =_xlfn.XLOOKUP($C16,'PP5 (2)'!$B$6:$B$100,'PP5 (2)'!$H$6:$H$100,"") -> 2
... A20: =ROW()-4 -> 16 | B20: 2 | C20: ŻUKOWSKI Wojciech | D20: =SUM(E20:P20) -> 5.67 | E20: =_xlfn.XLOOKUP($C20,'MP (1)'!$B$6:$B$100,'MP (1)'!$E$6:$E$100,"") -> 0.67 | F20: =_xlfn.XLOOKUP($C20,'MP (2)'!$B$6:$B$100,'MP (2)'!$E$6:$E$100,"") -> 0.57 | G20: =_xlfn.XLOOKUP($C20,'PP1 (1)'!$B$6:$B$99,'PP1 (1)'!$E$6:$E$99,"") -> 0.5 | H20: =_xlfn.XLOOKUP($C20,'PP1 (2)'!$B$6:$B$98,'PP1 (2)'!$E$6:$E$98,"") -> 0.33 | I20: =_xlfn.XLOOKUP($C20,'PP2 (1)'!$B$6:$B$106,'PP2 (1)'!$E$6:$E$106,"") -> 0.33 | J20: =_xlfn.XLOOKUP($C20,'PP2 (2)'!$B$6:$B$100,'PP2 (2)'!$E$6:$E$100,"") -> 0.67 | K20: =_xlfn.XLOOKUP($C20,'PP3 (1)'!$B$5:$B$106,'PP3 (1)'!$E$5:$E$106,"") -> 0.6 | L20: =_xlfn.XLOOKUP($C20,'PP3 (2)'!$B$5:$B$108,'PP3 (2)'!$E$5:$E$108,"") -> 0.8 | M20: =_xlfn.XLOOKUP($C20,'PP4 (1)'!$B$6:$B$100,'PP4 (1)'!$E$6:$E$100,"") | N20: =_xlfn.XLOOKUP($C20,'PP4 (2)'!$B$6:$B$100,'PP4 (2)'!$E$6:$E$100,"") | O20: =_xlfn.XLOOKUP($C20,'PP5 (1)'!$B$6:$B$100,'PP5 (1)'!$E$6:$E$100,"") -> 0.6 | P20: =_xlfn.XLOOKUP($C20,'PP5 (2)'!$B$6:$B$100,'PP5 (2)'!$E$6:$E$100,"") -> 0.6 | Q20: =SUM(R20:AC20) -> 224 | R20: =_xlfn.XLOOKUP($C20,'MP (1)'!$B$6:$B$100,'MP (1)'!$F$6:$F$100,"") -> 26 | S20: =_xlfn.XLOOKUP($C20,'MP (2)'!$B$6:$B$100,'MP (2)'!$F$6:$F$100,"") -> 28 | T20: =_xlfn.XLOOKUP($C20,'PP1 (1)'!$B$6:$B$99,'PP1 (1)'!$F$6:$F$99,"") -> 26 | U20: =_xlfn.XLOOKUP($C20,'PP1 (2)'!$B$6:$B$98,'PP1 (2)'!$F$6:$F$98,"") -> 22 | V20: =_xlfn.XLOOKUP($C20,'PP2 (1)'!$B$6:$B$106,'PP2 (1)'!$F$6:$F$106,"") -> 19 | W20: =_xlfn.XLOOKUP($C20,'PP2 (2)'!$B$6:$B$100,'PP2 (2)'!$F$6:$F$100,"") -> 22 | X20: =_xlfn.XLOOKUP($C20,'PP3 (1)'!$B$5:$B$106,'PP3 (1)'!$F$5:$F$106,"") -> 20 | Y20: =_xlfn.XLOOKUP($C20,'PP3 (2)'!$B$5:$B$108,'PP3 (2)'!$F$5:$F$108,"") -> 21 | Z20: =_xlfn.XLOOKUP($C20,'PP4 (1)'!$B$6:$B$100,'PP4 (1)'!$F$6:$F$100,"") | AA20: =_xlfn.XLOOKUP($C20,'PP4 (2)'!$B$6:$B$100,'PP4 (2)'!$F$6:$F$100,"") | AB20: =_xlfn.XLOOKUP($C20,'PP5 (1)'!$B$6:$B$100,'PP5 (1)'!$F$6:$F$100,"") -> 18 | AC20: =_xlfn.XLOOKUP($C20,'PP5 (2)'!$B$6:$B$100,'PP5 (2)'!$F$6:$F$100,"") -> 22 | AD20: =SUM(AE20:AP20) -> 29 | AE20: =_xlfn.XLOOKUP($C20,'MP (1)'!$B$6:$B$100,'MP (1)'!$H$6:$H$100,"") -> 8 | AF20: =_xlfn.XLOOKUP($C20,'MP (2)'!$B$6:$B$100,'MP (2)'!$H$6:$H$100,"") -> 6 | AG20: =_xlfn.XLOOKUP($C20,'PP1 (1)'!$B$6:$B$99,'PP1 (1)'!$H$6:$H$99,"") -> 4 | AH20: =_xlfn.XLOOKUP($C20,'PP1 (2)'!$B$6:$B$98,'PP1 (2)'!$H$6:$H$98,"") -> -6 | AI20: =_xlfn.XLOOKUP($C20,'PP2 (1)'!$B$6:$B$106,'PP2 (1)'!$H$6:$H$106,"") -> -4 | AJ20: =_xlfn.XLOOKUP($C20,'PP2 (2)'!$B$6:$B$100,'PP2 (2)'!$H$6:$H$100,"") -> 2 | AK20: =_xlfn.XLOOKUP($C20,'PP3 (1)'!$B$5:$B$106,'PP3 (1)'!$H$5:$H$106,"") -> 4 | AL20: =_xlfn.XLOOKUP($C20,'PP3 (2)'!$B$5:$B$108,'PP3 (2)'!$H$5:$H$108,"") -> 5 | AM20: =_xlfn.XLOOKUP($C20,'PP4 (1)'!$B$6:$B$100,'PP4 (1)'!$H$6:$H$100,"") | AN20: =_xlfn.XLOOKUP($C20,'PP4 (2)'!$B$6:$B$100,'PP4 (2)'!$H$6:$H$100,"") | AO20: =_xlfn.XLOOKUP($C20,'PP5 (1)'!$B$6:$B$100,'PP5 (1)'!$H$6:$H$100,"") -> 3 | AP20: =_xlfn.XLOOKUP($C20,'PP5 (2)'!$B$6:$B$100,'PP5 (2)'!$H$6:$H$100,"") -> 7
A21: =ROW()-4 -> 17 | B21: 1k | C21: KAMIŃSKA Gabriela | D21: =SUM(E21:P21) -> 5.61 | E21: =_xlfn.XLOOKUP($C21,'MP (1)'!$B$6:$B$100,'MP (1)'!$E$6:$E$100,"") -> 0.57 | F21: =_xlfn.XLOOKUP($C21,'MP (2)'!$B$6:$B$100,'MP (2)'!$E$6:$E$100,"") -> 0.67 | G21: =_xlfn.XLOOKUP($C21,'PP1 (1)'!$B$6:$B$99,'PP1 (1)'!$E$6:$E$99,"") -> 0.67 | H21: =_xlfn.XLOOKUP($C21,'PP1 (2)'!$B$6:$B$98,'PP1 (2)'!$E$6:$E$98,"") -> 0.43 | I21: =_xlfn.XLOOKUP($C21,'PP2 (1)'!$B$6:$B$106,'PP2 (1)'!$E$6:$E$106,"") -> 0.83 | J21: =_xlfn.XLOOKUP($C21,'PP2 (2)'!$B$6:$B$100,'PP2 (2)'!$E$6:$E$100,"") -> 0.67 | K21: =_xlfn.XLOOKUP($C21,'PP3 (1)'!$B$5:$B$106,'PP3 (1)'!$E$5:$E$106,"") -> 0.67 | L21: =_xlfn.XLOOKUP($C21,'PP3 (2)'!$B$5:$B$108,'PP3 (2)'!$E$5:$E$108,"") -> 0 | M21: =_xlfn.XLOOKUP($C21,'PP4 (1)'!$B$6:$B$100,'PP4 (1)'!$E$6:$E$100,"") -> 0.5 | N21: =_xlfn.XLOOKUP($C21,'PP4 (2)'!$B$6:$B$100,'PP4 (2)'!$E$6:$E$100,"") -> 0.6 | O21: =_xlfn.XLOOKUP($C21,'PP5 (1)'!$B$6:$B$100,'PP5 (1)'!$E$6:$E$100,"") | P21: =_xlfn.XLOOKUP($C21,'PP5 (2)'!$B$6:$B$100,'PP5 (2)'!$E$6:$E$100,"") | Q21: =SUM(R21:AC21) -> 250 | R21: =_xlfn.XLOOKUP($C21,'MP (1)'!$B$6:$B$100,'MP (1)'!$F$6:$F$100,"") -> 28 | S21: =_xlfn.XLOOKUP($C21,'MP (2)'!$B$6:$B$100,'MP (2)'!$F$6:$F$100,"") -> 26 | T21: =_xlfn.XLOOKUP($C21,'PP1 (1)'!$B$6:$B$99,'PP1 (1)'!$F$6:$F$99,"") -> 25 | U21: =_xlfn.XLOOKUP($C21,'PP1 (2)'!$B$6:$B$98,'PP1 (2)'!$F$6:$F$98,"") -> 30 | V21: =_xlfn.XLOOKUP($C21,'PP2 (1)'!$B$6:$B$106,'PP2 (1)'!$F$6:$F$106,"") -> 28 | W21: =_xlfn.XLOOKUP($C21,'PP2 (2)'!$B$6:$B$100,'PP2 (2)'!$F$6:$F$100,"") -> 27 | X21: =_xlfn.XLOOKUP($C21,'PP3 (1)'!$B$5:$B$106,'PP3 (1)'!$F$5:$F$106,"") -> 23 | Y21: =_xlfn.XLOOKUP($C21,'PP3 (2)'!$B$5:$B$108,'PP3 (2)'!$F$5:$F$108,"") -> 21 | Z21: =_xlfn.XLOOKUP($C21,'PP4 (1)'!$B$6:$B$100,'PP4 (1)'!$F$6:$F$100,"") -> 19 | AA21: =_xlfn.XLOOKUP($C21,'PP4 (2)'!$B$6:$B$100,'PP4 (2)'!$F$6:$F$100,"") -> 23 | AB21: =_xlfn.XLOOKUP($C21,'PP5 (1)'!$B$6:$B$100,'PP5 (1)'!$F$6:$F$100,"") | AC21: =_xlfn.XLOOKUP($C21,'PP5 (2)'!$B$6:$B$100,'PP5 (2)'!$F$6:$F$100,"") | AD21: =SUM(AE21:AP21) -> 37 | AE21: =_xlfn.XLOOKUP($C21,'MP (1)'!$B$6:$B$100,'MP (1)'!$H$6:$H$100,"") -> 3 | AF21: =_xlfn.XLOOKUP($C21,'MP (2)'!$B$6:$B$100,'MP (2)'!$H$6:$H$100,"") -> 9 | AG21: =_xlfn.XLOOKUP($C21,'PP1 (1)'!$B$6:$B$99,'PP1 (1)'!$H$6:$H$99,"") -> 5 | AH21: =_xlfn.XLOOKUP($C21,'PP1 (2)'!$B$6:$B$98,'PP1 (2)'!$H$6:$H$98,"") -> 4 | AI21: =_xlfn.XLOOKUP($C21,'PP2 (1)'!$B$6:$B$106,'PP2 (1)'!$H$6:$H$106,"") -> 8 | AJ21: =_xlfn.XLOOKUP($C21,'PP2 (2)'!$B$6:$B$100,'PP2 (2)'!$H$6:$H$100,"") -> 8 | AK21: =_xlfn.XLOOKUP($C21,'PP3 (1)'!$B$5:$B$106,'PP3 (1)'!$H$5:$H$106,"") -> 6 | AL21: =_xlfn.XLOOKUP($C21,'PP3 (2)'!$B$5:$B$108,'PP3 (2)'!$H$5:$H$108,"") -> -9 | AM21: =_xlfn.XLOOKUP($C21,'PP4 (1)'!$B$6:$B$100,'PP4 (1)'!$H$6:$H$100,"") -> 0 | AN21: =_xlfn.XLOOKUP($C21,'PP4 (2)'!$B$6:$B$100,'PP4 (2)'!$H$6:$H$100,"") -> 3 | AO21: =_xlfn.XLOOKUP($C21,'PP5 (1)'!$B$6:$B$100,'PP5 (1)'!$H$6:$H$100,"") | AP21: =_xlfn.XLOOKUP($C21,'PP5 (2)'!$B$6:$B$100,'PP5 (2)'!$H$6:$H$100,"")
A22: =ROW()-4 -> 18 | B22: 1 | C22: MALINOWSKI Piotr | D22: =SUM(E22:P22) -> 5.61 | E22: =_xlfn.XLOOKUP($C22,'MP (1)'!$B$6:$B$100,'MP (1)'!$E$6:$E$100,"") -> 0.57 | F22: =_xlfn.XLOOKUP($C22,'MP (2)'!$B$6:$B$100,'MP (2)'!$E$6:$E$100,"") -> 0.33 | G22: =_xlfn.XLOOKUP($C22,'PP1 (1)'!$B$6:$B$99,'PP1 (1)'!$E$6:$E$99,"") -> 0.43 | H22: =_xlfn.XLOOKUP($C22,'PP1 (2)'!$B$6:$B$98,'PP1 (2)'!$E$6:$E$98,"") -> 0.71 | I22: =_xlfn.XLOOKUP($C22,'PP2 (1)'!$B$6:$B$106,'PP2 (1)'!$E$6:$E$106,"") | J22: =_xlfn.XLOOKUP($C22,'PP2 (2)'!$B$6:$B$100,'PP2 (2)'!$E$6:$E$100,"") | K22: =_xlfn.XLOOKUP($C22,'PP3 (1)'!$B$5:$B$106,'PP3 (1)'!$E$5:$E$106,"") -> 0.67 | L22: =_xlfn.XLOOKUP($C22,'PP3 (2)'!$B$5:$B$108,'PP3 (2)'!$E$5:$E$108,"") -> 0.5 | M22: =_xlfn.XLOOKUP($C22,'PP4 (1)'!$B$6:$B$100,'PP4 (1)'!$E$6:$E$100,"") -> 0.83 | N22: =_xlfn.XLOOKUP($C22,'PP4 (2)'!$B$6:$B$100,'PP4 (2)'!$E$6:$E$100,"") -> 0.4 | O22: =_xlfn.XLOOKUP($C22,'PP5 (1)'!$B$6:$B$100,'PP5 (1)'!$E$6:$E$100,"") -> 0.67 | P22: =_xlfn.XLOOKUP($C22,'PP5 (2)'!$B$6:$B$100,'PP5 (2)'!$E$6:$E$100,"") -> 0.5 | Q22: =SUM(R22:AC22) -> 239 | R22: =_xlfn.XLOOKUP($C22,'MP (1)'!$B$6:$B$100,'MP (1)'!$F$6:$F$100,"") -> 26 | S22: =_xlfn.XLOOKUP($C22,'MP (2)'!$B$6:$B$100,'MP (2)'!$F$6:$F$100,"") -> 20 | T22: =_xlfn.XLOOKUP($C22,'PP1 (1)'!$B$6:$B$99,'PP1 (1)'!$F$6:$F$99,"") -> 25 | U22: =_xlfn.XLOOKUP($C22,'PP1 (2)'!$B$6:$B$98,'PP1 (2)'!$F$6:$F$98,"") -> 32 | V22: =_xlfn.XLOOKUP($C22,'PP2 (1)'!$B$6:$B$106,'PP2 (1)'!$F$6:$F$106,"") | W22: =_xlfn.XLOOKUP($C22,'PP2 (2)'!$B$6:$B$100,'PP2 (2)'!$F$6:$F$100,"") | X22: =_xlfn.XLOOKUP($C22,'PP3 (1)'!$B$5:$B$106,'PP3 (1)'!$F$5:$F$106,"") -> 25 | Y22: =_xlfn.XLOOKUP($C22,'PP3 (2)'!$B$5:$B$108,'PP3 (2)'!$F$5:$F$108,"") -> 19 | Z22: =_xlfn.XLOOKUP($C22,'PP4 (1)'!$B$6:$B$100,'PP4 (1)'!$F$6:$F$100,"") -> 26 | AA22: =_xlfn.XLOOKUP($C22,'PP4 (2)'!$B$6:$B$100,'PP4 (2)'!$F$6:$F$100,"") -> 19 | AB22: =_xlfn.XLOOKUP($C22,'PP5 (1)'!$B$6:$B$100,'PP5 (1)'!$F$6:$F$100,"") -> 24 | AC22: =_xlfn.XLOOKUP($C22,'PP5 (2)'!$B$6:$B$100,'PP5 (2)'!$F$6:$F$100,"") -> 23 | AD22: =SUM(AE22:AP22) -> 13 | AE22: =_xlfn.XLOOKUP($C22,'MP (1)'!$B$6:$B$100,'MP (1)'!$H$6:$H$100,"") -> 4 | AF22: =_xlfn.XLOOKUP($C22,'MP (2)'!$B$6:$B$100,'MP (2)'!$H$6:$H$100,"") -> -2 | AG22: =_xlfn.XLOOKUP($C22,'PP1 (1)'!$B$6:$B$99,'PP1 (1)'!$H$6:$H$99,"") -> -6 | AH22: =_xlfn.XLOOKUP($C22,'PP1 (2)'!$B$6:$B$98,'PP1 (2)'!$H$6:$H$98,"") -> 10 | AI22: =_xlfn.XLOOKUP($C22,'PP2 (1)'!$B$6:$B$106,'PP2 (1)'!$H$6:$H$106,"") | AJ22: =_xlfn.XLOOKUP($C22,'PP2 (2)'!$B$6:$B$100,'PP2 (2)'!$H$6:$H$100,"") | AK22: =_xlfn.XLOOKUP($C22,'PP3 (1)'!$B$5:$B$106,'PP3 (1)'!$H$5:$H$106,"") -> 4 | AL22: =_xlfn.XLOOKUP($C22,'PP3 (2)'!$B$5:$B$108,'PP3 (2)'!$H$5:$H$108,"") -> -8 | AM22: =_xlfn.XLOOKUP($C22,'PP4 (1)'!$B$6:$B$100,'PP4 (1)'!$H$6:$H$100,"") -> 9 | AN22: =_xlfn.XLOOKUP($C22,'PP4 (2)'!$B$6:$B$100,'PP4 (2)'!$H$6:$H$100,"") -> -4 | AO22: =_xlfn.XLOOKUP($C22,'PP5 (1)'!$B$6:$B$100,'PP5 (1)'!$H$6:$H$100,"") -> 6 | AP22: =_xlfn.XLOOKUP($C22,'PP5 (2)'!$B$6:$B$100,'PP5 (2)'!$H$6:$H$100,"") -> 0
A23: =ROW()-4 -> 19 | B23: 2 | C23: JASZCZAK Piotr | D23: =SUM(E23:P23) -> 5.37 | E23: =_xlfn.XLOOKUP($C23,'MP (1)'!$B$6:$B$100,'MP (1)'!$E$6:$E$100,"") | F23: =_xlfn.XLOOKUP($C23,'MP (2)'!$B$6:$B$100,'MP (2)'!$E$6:$E$100,"") | G23: =_xlfn.XLOOKUP($C23,'PP1 (1)'!$B$6:$B$99,'PP1 (1)'!$E$6:$E$99,"") -> 0.57 | H23: =_xlfn.XLOOKUP($C23,'PP1 (2)'!$B$6:$B$98,'PP1 (2)'!$E$6:$E$98,"") -> 0.83 | I23: =_xlfn.XLOOKUP($C23,'PP2 (1)'!$B$6:$B$106,'PP2 (1)'!$E$6:$E$106,"") -> 0.67 | J23: =_xlfn.XLOOKUP($C23,'PP2 (2)'!$B$6:$B$100,'PP2 (2)'!$E$6:$E$100,"") -> 0.5 | K23: =_xlfn.XLOOKUP($C23,'PP3 (1)'!$B$5:$B$106,'PP3 (1)'!$E$5:$E$106,"") -> 0.6 | L23: =_xlfn.XLOOKUP($C23,'PP3 (2)'!$B$5:$B$108,'PP3 (2)'!$E$5:$E$108,"") -> 0.4 | M23: =_xlfn.XLOOKUP($C23,'PP4 (1)'!$B$6:$B$100,'PP4 (1)'!$E$6:$E$100,"") -> 1 | N23: =_xlfn.XLOOKUP($C23,'PP4 (2)'!$B$6:$B$100,'PP4 (2)'!$E$6:$E$100,"") -> 0.8 | O23: =_xlfn.XLOOKUP($C23,'PP5 (1)'!$B$6:$B$100,'PP5 (1)'!$E$6:$E$100,"") | P23: =_xlfn.XLOOKUP($C23,'PP5 (2)'!$B$6:$B$100,'PP5 (2)'!$E$6:$E$100,"") | Q23: =SUM(R23:AC23) -> 185 | R23: =_xlfn.XLOOKUP($C23,'MP (1)'!$B$6:$B$100,'MP (1)'!$F$6:$F$100,"") | S23: =_xlfn.XLOOKUP($C23,'MP (2)'!$B$6:$B$100,'MP (2)'!$F$6:$F$100,"") | T23: =_xlfn.XLOOKUP($C23,'PP1 (1)'!$B$6:$B$99,'PP1 (1)'!$F$6:$F$99,"") -> 28 | U23: =_xlfn.XLOOKUP($C23,'PP1 (2)'!$B$6:$B$98,'PP1 (2)'!$F$6:$F$98,"") -> 27 | V23: =_xlfn.XLOOKUP($C23,'PP2 (1)'!$B$6:$B$106,'PP2 (1)'!$F$6:$F$106,"") -> 22 | W23: =_xlfn.XLOOKUP($C23,'PP2 (2)'!$B$6:$B$100,'PP2 (2)'!$F$6:$F$100,"") -> 27 | X23: =_xlfn.XLOOKUP($C23,'PP3 (1)'!$B$5:$B$106,'PP3 (1)'!$F$5:$F$106,"") -> 19 | Y23: =_xlfn.XLOOKUP($C23,'PP3 (2)'!$B$5:$B$108,'PP3 (2)'!$F$5:$F$108,"") -> 19 | Z23: =_xlfn.XLOOKUP($C23,'PP4 (1)'!$B$6:$B$100,'PP4 (1)'!$F$6:$F$100,"") -> 23 | AA23: =_xlfn.XLOOKUP($C23,'PP4 (2)'!$B$6:$B$100,'PP4 (2)'!$F$6:$F$100,"") -> 20 | AB23: =_xlfn.XLOOKUP($C23,'PP5 (1)'!$B$6:$B$100,'PP5 (1)'!$F$6:$F$100,"") | AC23: =_xlfn.XLOOKUP($C23,'PP5 (2)'!$B$6:$B$100,'PP5 (2)'!$F$6:$F$100,"") | AD23: =SUM(AE23:AP23) -> 54 | AE23: =_xlfn.XLOOKUP($C23,'MP (1)'!$B$6:$B$100,'MP (1)'!$H$6:$H$100,"") | AF23: =_xlfn.XLOOKUP($C23,'MP (2)'!$B$6:$B$100,'MP (2)'!$H$6:$H$100,"") | AG23: =_xlfn.XLOOKUP($C23,'PP1 (1)'!$B$6:$B$99,'PP1 (1)'!$H$6:$H$99,"") -> 3 | AH23: =_xlfn.XLOOKUP($C23,'PP1 (2)'!$B$6:$B$98,'PP1 (2)'!$H$6:$H$98,"") -> 18 | AI23: =_xlfn.XLOOKUP($C23,'PP2 (1)'!$B$6:$B$106,'PP2 (1)'!$H$6:$H$106,"") -> 5 | AJ23: =_xlfn.XLOOKUP($C23,'PP2 (2)'!$B$6:$B$100,'PP2 (2)'!$H$6:$H$100,"") -> 5 | AK23: =_xlfn.XLOOKUP($C23,'PP3 (1)'!$B$5:$B$106,'PP3 (1)'!$H$5:$H$106,"") -> 2 | AL23: =_xlfn.XLOOKUP($C23,'PP3 (2)'!$B$5:$B$108,'PP3 (2)'!$H$5:$H$108,"") -> 0 | AM23: =_xlfn.XLOOKUP($C23,'PP4 (1)'!$B$6:$B$100,'PP4 (1)'!$H$6:$H$100,"") -> 14 | AN23: =_xlfn.XLOOKUP($C23,'PP4 (2)'!$B$6:$B$100,'PP4 (2)'!$H$6:$H$100,"") -> 7 | AO23: =_xlfn.XLOOKUP($C23,'PP5 (1)'!$B$6:$B$100,'PP5 (1)'!$H$6:$H$100,"") | AP23: =_xlfn.XLOOKUP($C23,'PP5 (2)'!$B$6:$B$100,'PP5 (2)'!$H$6:$H$100,"")
A24: =ROW()-4 -> 20 | B24: 2k | C24: WASILCZUK Beata | D24: =SUM(E24:P24) -> 5.09 | E24: =_xlfn.XLOOKUP($C24,'MP (1)'!$B$6:$B$100,'MP (1)'!$E$6:$E$100,"") -> 0.43 | F24: =_xlfn.XLOOKUP($C24,'MP (2)'!$B$6:$B$100,'MP (2)'!$E$6:$E$100,"") -> 0.57 | G24: =_xlfn.XLOOKUP($C24,'PP1 (1)'!$B$6:$B$99,'PP1 (1)'!$E$6:$E$99,"") -> 0.29 | H24: =_xlfn.XLOOKUP($C24,'PP1 (2)'!$B$6:$B$98,'PP1 (2)'!$E$6:$E$98,"") -> 0.17 | I24: =_xlfn.XLOOKUP($C24,'PP2 (1)'!$B$6:$B$106,'PP2 (1)'!$E$6:$E$106,"") -> 0.5 | J24: =_xlfn.XLOOKUP($C24,'PP2 (2)'!$B$6:$B$100,'PP2 (2)'!$E$6:$E$100,"") -> 0.5 | K24: =_xlfn.XLOOKUP($C24,'PP3 (1)'!$B$5:$B$106,'PP3 (1)'!$E$5:$E$106,"") -> 0.8 | L24: =_xlfn.XLOOKUP($C24,'PP3 (2)'!$B$5:$B$108,'PP3 (2)'!$E$5:$E$108,"") -> 0.5 | M24: =_xlfn.XLOOKUP($C24,'PP4 (1)'!$B$6:$B$100,'PP4 (1)'!$E$6:$E$100,"") -> 0.5 | N24: =_xlfn.XLOOKUP($C24,'PP4 (2)'!$B$6:$B$100,'PP4 (2)'!$E$6:$E$100,"") -> 0.83 | O24: =_xlfn.XLOOKUP($C24,'PP5 (1)'!$B$6:$B$100,'PP5 (1)'!$E$6:$E$100,"") | P24: =_xlfn.XLOOKUP($C24,'PP5 (2)'!$B$6:$B$100,'PP5 (2)'!$E$6:$E$100,"") | Q24: =SUM(R24:AC24) -> 231 | R24: =_xlfn.XLOOKUP($C24,'MP (1)'!$B$6:$B$100,'MP (1)'!$F$6:$F$100,"") -> 29 | S24: =_xlfn.XLOOKUP($C24,'MP (2)'!$B$6:$B$100,'MP (2)'!$F$6:$F$100,"") -> 28 | T24: =_xlfn.XLOOKUP($C24,'PP1 (1)'!$B$6:$B$99,'PP1 (1)'!$F$6:$F$99,"") -> 26 | U24: =_xlfn.XLOOKUP($C24,'PP1 (2)'!$B$6:$B$98,'PP1 (2)'!$F$6:$F$98,"") -> 15 | V24: =_xlfn.XLOOKUP($C24,'PP2 (1)'!$B$6:$B$106,'PP2 (1)'!$F$6:$F$106,"") -> 17 | W24: =_xlfn.XLOOKUP($C24,'PP2 (2)'!$B$6:$B$100,'PP2 (2)'!$F$6:$F$100,"") -> 22 | X24: =_xlfn.XLOOKUP($C24,'PP3 (1)'!$B$5:$B$106,'PP3 (1)'!$F$5:$F$106,"") -> 19 | Y24: =_xlfn.XLOOKUP($C24,'PP3 (2)'!$B$5:$B$108,'PP3 (2)'!$F$5:$F$108,"") -> 24 | Z24: =_xlfn.XLOOKUP($C24,'PP4 (1)'!$B$6:$B$100,'PP4 (1)'!$F$6:$F$100,"") -> 24 | AA24: =_xlfn.XLOOKUP($C24,'PP4 (2)'!$B$6:$B$100,'PP4 (2)'!$F$6:$F$100,"") -> 27 | AB24: =_xlfn.XLOOKUP($C24,'PP5 (1)'!$B$6:$B$100,'PP5 (1)'!$F$6:$F$100,"") | AC24: =_xlfn.XLOOKUP($C24,'PP5 (2)'!$B$6:$B$100,'PP5 (2)'!$F$6:$F$100,"") | AD24: =SUM(AE24:AP24) -> 2 | AE24: =_xlfn.XLOOKUP($C24,'MP (1)'!$B$6:$B$100,'MP (1)'!$H$6:$H$100,"") -> 3 | AF24: =_xlfn.XLOOKUP($C24,'MP (2)'!$B$6:$B$100,'MP (2)'!$H$6:$H$100,"") -> 1 | AG24: =_xlfn.XLOOKUP($C24,'PP1 (1)'!$B$6:$B$99,'PP1 (1)'!$H$6:$H$99,"") -> -2 | AH24: =_xlfn.XLOOKUP($C24,'PP1 (2)'!$B$6:$B$98,'PP1 (2)'!$H$6:$H$98,"") -> -11 | AI24: =_xlfn.XLOOKUP($C24,'PP2 (1)'!$B$6:$B$106,'PP2 (1)'!$H$6:$H$106,"") -> -4 | AJ24: =_xlfn.XLOOKUP($C24,'PP2 (2)'!$B$6:$B$100,'PP2 (2)'!$H$6:$H$100,"") -> -3 | AK24: =_xlfn.XLOOKUP($C24,'PP3 (1)'!$B$5:$B$106,'PP3 (1)'!$H$5:$H$106,"") -> 7 | AL24: =_xlfn.XLOOKUP($C24,'PP3 (2)'!$B$5:$B$108,'PP3 (2)'!$H$5:$H$108,"") -> 2 | AM24: =_xlfn.XLOOKUP($C24,'PP4 (1)'!$B$6:$B$100,'PP4 (1)'!$H$6:$H$100,"") -> 4 | AN24: =_xlfn.XLOOKUP($C24,'PP4 (2)'!$B$6:$B$100,'PP4 (2)'!$H$6:$H$100,"") -> 5 | AO24: =_xlfn.XLOOKUP($C24,'PP5 (1)'!$B$6:$B$100,'PP5 (1)'!$H$6:$H$100,"") | AP24: =_xlfn.XLOOKUP($C24,'PP5 (2)'!$B$6:$B$100,'PP5 (2)'!$H$6:$H$100,"")
A25: =ROW()-4 -> 21 | B25: 1 | C25: STOCKI Piotr | D25: =SUM(E25:P25) -> 4.81 | E25: =_xlfn.XLOOKUP($C25,'MP (1)'!$B$6:$B$100,'MP (1)'!$E$6:$E$100,"") | F25: =_xlfn.XLOOKUP($C25,'MP (2)'!$B$6:$B$100,'MP (2)'!$E$6:$E$100,"") | G25: =_xlfn.XLOOKUP($C25,'PP1 (1)'!$B$6:$B$99,'PP1 (1)'!$E$6:$E$99,"") -> 0.43 | H25: =_xlfn.XLOOKUP($C25,'PP1 (2)'!$B$6:$B$98,'PP1 (2)'!$E$6:$E$98,"") -> 0.71 | I25: =_xlfn.XLOOKUP($C25,'PP2 (1)'!$B$6:$B$106,'PP2 (1)'!$E$6:$E$106,"") -> 1 | J25: =_xlfn.XLOOKUP($C25,'PP2 (2)'!$B$6:$B$100,'PP2 (2)'!$E$6:$E$100,"") -> 1 | K25: =_xlfn.XLOOKUP($C25,'PP3 (1)'!$B$5:$B$106,'PP3 (1)'!$E$5:$E$106,"") -> 0.67 | L25: =_xlfn.XLOOKUP($C25,'PP3 (2)'!$B$5:$B$108,'PP3 (2)'!$E$5:$E$108,"") -> 1 | M25: =_xlfn.XLOOKUP($C25,'PP4 (1)'!$B$6:$B$100,'PP4 (1)'!$E$6:$E$100,"") | N25: =_xlfn.XLOOKUP($C25,'PP4 (2)'!$B$6:$B$100,'PP4 (2)'!$E$6:$E$100,"") | O25: =_xlfn.XLOOKUP($C25,'PP5 (1)'!$B$6:$B$100,'PP5 (1)'!$E$6:$E$100,"") | P25: =_xlfn.XLOOKUP($C25,'PP5 (2)'!$B$6:$B$100,'PP5 (2)'!$E$6:$E$100,"") | Q25: =SUM(R25:AC25) -> 170 | R25: =_xlfn.XLOOKUP($C25,'MP (1)'!$B$6:$B$100,'MP (1)'!$F$6:$F$100,"") | S25: =_xlfn.XLOOKUP($C25,'MP (2)'!$B$6:$B$100,'MP (2)'!$F$6:$F$100,"") | T25: =_xlfn.XLOOKUP($C25,'PP1 (1)'!$B$6:$B$99,'PP1 (1)'!$F$6:$F$99,"") -> 24 | U25: =_xlfn.XLOOKUP($C25,'PP1 (2)'!$B$6:$B$98,'PP1 (2)'!$F$6:$F$98,"") -> 31 | V25: =_xlfn.XLOOKUP($C25,'PP2 (1)'!$B$6:$B$106,'PP2 (1)'!$F$6:$F$106,"") -> 30 | W25: =_xlfn.XLOOKUP($C25,'PP2 (2)'!$B$6:$B$100,'PP2 (2)'!$F$6:$F$100,"") -> 30 | X25: =_xlfn.XLOOKUP($C25,'PP3 (1)'!$B$5:$B$106,'PP3 (1)'!$F$5:$F$106,"") -> 25 | Y25: =_xlfn.XLOOKUP($C25,'PP3 (2)'!$B$5:$B$108,'PP3 (2)'!$F$5:$F$108,"") -> 30 | Z25: =_xlfn.XLOOKUP($C25,'PP4 (1)'!$B$6:$B$100,'PP4 (1)'!$F$6:$F$100,"") | AA25: =_xlfn.XLOOKUP($C25,'PP4 (2)'!$B$6:$B$100,'PP4 (2)'!$F$6:$F$100,"") | AB25: =_xlfn.XLOOKUP($C25,'PP5 (1)'!$B$6:$B$100,'PP5 (1)'!$F$6:$F$100,"") | AC25: =_xlfn.XLOOKUP($C25,'PP5 (2)'!$B$6:$B$100,'PP5 (2)'!$F$6:$F$100,"") | AD25: =SUM(AE25:AP25) -> 72 | AE25: =_xlfn.XLOOKUP($C25,'MP (1)'!$B$6:$B$100,'MP (1)'!$H$6:$H$100,"") | AF25: =_xlfn.XLOOKUP($C25,'MP (2)'!$B$6:$B$100,'MP (2)'!$H$6:$H$100,"") | AG25: =_xlfn.XLOOKUP($C25,'PP1 (1)'!$B$6:$B$99,'PP1 (1)'!$H$6:$H$99,"") -> -1 | AH25: =_xlfn.XLOOKUP($C25,'PP1 (2)'!$B$6:$B$98,'PP1 (2)'!$H$6:$H$98,"") -> 14 | AI25: =_xlfn.XLOOKUP($C25,'PP2 (1)'!$B$6:$B$106,'PP2 (1)'!$H$6:$H$106,"") -> 15 | AJ25: =_xlfn.XLOOKUP($C25,'PP2 (2)'!$B$6:$B$100,'PP2 (2)'!$H$6:$H$100,"") -> 20 | AK25: =_xlfn.XLOOKUP($C25,'PP3 (1)'!$B$5:$B$106,'PP3 (1)'!$H$5:$H$106,"") -> 4 | AL25: =_xlfn.XLOOKUP($C25,'PP3 (2)'!$B$5:$B$108,'PP3 (2)'!$H$5:$H$108,"") -> 20 | AM25: =_xlfn.XLOOKUP($C25,'PP4 (1)'!$B$6:$B$100,'PP4 (1)'!$H$6:$H$100,"") | AN25: =_xlfn.XLOOKUP($C25,'PP4 (2)'!$B$6:$B$100,'PP4 (2)'!$H$6:$H$100,"") | AO25: =_xlfn.XLOOKUP($C25,'PP5 (1)'!$B$6:$B$100,'PP5 (1)'!$H$6:$H$100,"") | AP25: =_xlfn.XLOOKUP($C25,'PP5 (2)'!$B$6:$B$100,'PP5 (2)'!$H$6:$H$100,"")
A26: =ROW()-4 -> 22 | B26: 0 | C26: JASIELCZUK Igor | D26: =SUM(E26:P26) -> 4.63 | E26: =_xlfn.XLOOKUP($C26,'MP (1)'!$B$6:$B$100,'MP (1)'!$E$6:$E$100,"") -> 0.86 | F26: =_xlfn.XLOOKUP($C26,'MP (2)'!$B$6:$B$100,'MP (2)'!$E$6:$E$100,"") -> 1 | G26: =_xlfn.XLOOKUP($C26,'PP1 (1)'!$B$6:$B$99,'PP1 (1)'!$E$6:$E$99,"") | H26: =_xlfn.XLOOKUP($C26,'PP1 (2)'!$B$6:$B$98,'PP1 (2)'!$E$6:$E$98,"") | I26: =_xlfn.XLOOKUP($C26,'PP2 (1)'!$B$6:$B$106,'PP2 (1)'!$E$6:$E$106,"") -> 0.83 | J26: =_xlfn.XLOOKUP($C26,'PP2 (2)'!$B$6:$B$100,'PP2 (2)'!$E$6:$E$100,"") -> 0.67 | K26: =_xlfn.XLOOKUP($C26,'PP3 (1)'!$B$5:$B$106,'PP3 (1)'!$E$5:$E$106,"") -> 0.67 | L26: =_xlfn.XLOOKUP($C26,'PP3 (2)'!$B$5:$B$108,'PP3 (2)'!$E$5:$E$108,"") -> 0.6 | M26: =_xlfn.XLOOKUP($C26,'PP4 (1)'!$B$6:$B$100,'PP4 (1)'!$E$6:$E$100,"") | N26: =_xlfn.XLOOKUP($C26,'PP4 (2)'!$B$6:$B$100,'PP4 (2)'!$E$6:$E$100,"") | O26: =_xlfn.XLOOKUP($C26,'PP5 (1)'!$B$6:$B$100,'PP5 (1)'!$E$6:$E$100,"") | P26: =_xlfn.XLOOKUP($C26,'PP5 (2)'!$B$6:$B$100,'PP5 (2)'!$E$6:$E$100,"") | Q26: =SUM(R26:AC26) -> 155 | R26: =_xlfn.XLOOKUP($C26,'MP (1)'!$B$6:$B$100,'MP (1)'!$F$6:$F$100,"") -> 31 | S26: =_xlfn.XLOOKUP($C26,'MP (2)'!$B$6:$B$100,'MP (2)'!$F$6:$F$100,"") -> 28 | T26: =_xlfn.XLOOKUP($C26,'PP1 (1)'!$B$6:$B$99,'PP1 (1)'!$F$6:$F$99,"") | U26: =_xlfn.XLOOKUP($C26,'PP1 (2)'!$B$6:$B$98,'PP1 (2)'!$F$6:$F$98,"") | V26: =_xlfn.XLOOKUP($C26,'PP2 (1)'!$B$6:$B$106,'PP2 (1)'!$F$6:$F$106,"") -> 27 | W26: =_xlfn.XLOOKUP($C26,'PP2 (2)'!$B$6:$B$100,'PP2 (2)'!$F$6:$F$100,"") -> 23 | X26: =_xlfn.XLOOKUP($C26,'PP3 (1)'!$B$5:$B$106,'PP3 (1)'!$F$5:$F$106,"") -> 27 | Y26: =_xlfn.XLOOKUP($C26,'PP3 (2)'!$B$5:$B$108,'PP3 (2)'!$F$5:$F$108,"") -> 19 | Z26: =_xlfn.XLOOKUP($C26,'PP4 (1)'!$B$6:$B$100,'PP4 (1)'!$F$6:$F$100,"") | AA26: =_xlfn.XLOOKUP($C26,'PP4 (2)'!$B$6:$B$100,'PP4 (2)'!$F$6:$F$100,"") | AB26: =_xlfn.XLOOKUP($C26,'PP5 (1)'!$B$6:$B$100,'PP5 (1)'!$F$6:$F$100,"") | AC26: =_xlfn.XLOOKUP($C26,'PP5 (2)'!$B$6:$B$100,'PP5 (2)'!$F$6:$F$100,"") | AD26: =SUM(AE26:AP26) -> 65 | AE26: =_xlfn.XLOOKUP($C26,'MP (1)'!$B$6:$B$100,'MP (1)'!$H$6:$H$100,"") -> 15 | AF26: =_xlfn.XLOOKUP($C26,'MP (2)'!$B$6:$B$100,'MP (2)'!$H$6:$H$100,"") -> 17 | AG26: =_xlfn.XLOOKUP($C26,'PP1 (1)'!$B$6:$B$99,'PP1 (1)'!$H$6:$H$99,"") | AH26: =_xlfn.XLOOKUP($C26,'PP1 (2)'!$B$6:$B$98,'PP1 (2)'!$H$6:$H$98,"") | AI26: =_xlfn.XLOOKUP($C26,'PP2 (1)'!$B$6:$B$106,'PP2 (1)'!$H$6:$H$106,"") -> 11 | AJ26: =_xlfn.XLOOKUP($C26,'PP2 (2)'!$B$6:$B$100,'PP2 (2)'!$H$6:$H$100,"") -> 6 | AK26: =_xlfn.XLOOKUP($C26,'PP3 (1)'!$B$5:$B$106,'PP3 (1)'!$H$5:$H$106,"") -> 12 | AL26: =_xlfn.XLOOKUP($C26,'PP3 (2)'!$B$5:$B$108,'PP3 (2)'!$H$5:$H$108,"") -> 4 | AM26: =_xlfn.XLOOKUP($C26,'PP4 (1)'!$B$6:$B$100,'PP4 (1)'!$H$6:$H$100,"") | AN26: =_xlfn.XLOOKUP($C26,'PP4 (2)'!$B$6:$B$100,'PP4 (2)'!$H$6:$H$100,"") | AO26: =_xlfn.XLOOKUP($C26,'PP5 (1)'!$B$6:$B$100,'PP5 (1)'!$H$6:$H$100,"") | AP26: =_xlfn.XLOOKUP($C26,'PP5 (2)'!$B$6:$B$100,'PP5 (2)'!$H$6:$H$100,"")
A27: =ROW()-4 -> 23 | B27: 3 | C27: POKRZYWA Mariusz | D27: =SUM(E27:P27) -> 4.54 | E27: =_xlfn.XLOOKUP($C27,'MP (1)'!$B$6:$B$100,'MP (1)'!$E$6:$E$100,"") -> 0.67 | F27: =_xlfn.XLOOKUP($C27,'MP (2)'!$B$6:$B$100,'MP (2)'!$E$6:$E$100,"") -> 0.5 | G27: =_xlfn.XLOOKUP($C27,'PP1 (1)'!$B$6:$B$99,'PP1 (1)'!$E$6:$E$99,"") -> 0.57 | H27: =_xlfn.XLOOKUP($C27,'PP1 (2)'!$B$6:$B$98,'PP1 (2)'!$E$6:$E$98,"") -> 0.67 | I27: =_xlfn.XLOOKUP($C27,'PP2 (1)'!$B$6:$B$106,'PP2 (1)'!$E$6:$E$106,"") -> 0.5 | J27: =_xlfn.XLOOKUP($C27,'PP2 (2)'!$B$6:$B$100,'PP2 (2)'!$E$6:$E$100,"") -> 0.33 | K27: =_xlfn.XLOOKUP($C27,'PP3 (1)'!$B$5:$B$106,'PP3 (1)'!$E$5:$E$106,"") -> 0.8 | L27: =_xlfn.XLOOKUP($C27,'PP3 (2)'!$B$5:$B$108,'PP3 (2)'!$E$5:$E$108,"") -> 0.5 | M27: =_xlfn.XLOOKUP($C27,'PP4 (1)'!$B$6:$B$100,'PP4 (1)'!$E$6:$E$100,"") | N27: =_xlfn.XLOOKUP($C27,'PP4 (2)'!$B$6:$B$100,'PP4 (2)'!$E$6:$E$100,"") | O27: =_xlfn.XLOOKUP($C27,'PP5 (1)'!$B$6:$B$100,'PP5 (1)'!$E$6:$E$100,"") | P27: =_xlfn.XLOOKUP($C27,'PP5 (2)'!$B$6:$B$100,'PP5 (2)'!$E$6:$E$100,"") | Q27: =SUM(R27:AC27) -> 169 | R27: =_xlfn.XLOOKUP($C27,'MP (1)'!$B$6:$B$100,'MP (1)'!$F$6:$F$100,"") -> 24 | S27: =_xlfn.XLOOKUP($C27,'MP (2)'!$B$6:$B$100,'MP (2)'!$F$6:$F$100,"") -> 21 | T27: =_xlfn.XLOOKUP($C27,'PP1 (1)'!$B$6:$B$99,'PP1 (1)'!$F$6:$F$99,"") -> 23 | U27: =_xlfn.XLOOKUP($C27,'PP1 (2)'!$B$6:$B$98,'PP1 (2)'!$F$6:$F$98,"") -> 19 | V27: =_xlfn.XLOOKUP($C27,'PP2 (1)'!$B$6:$B$106,'PP2 (1)'!$F$6:$F$106,"") -> 19 | W27: =_xlfn.XLOOKUP($C27,'PP2 (2)'!$B$6:$B$100,'PP2 (2)'!$F$6:$F$100,"") -> 18 | X27: =_xlfn.XLOOKUP($C27,'PP3 (1)'!$B$5:$B$106,'PP3 (1)'!$F$5:$F$106,"") -> 21 | Y27: =_xlfn.XLOOKUP($C27,'PP3 (2)'!$B$5:$B$108,'PP3 (2)'!$F$5:$F$108,"") -> 24 | Z27: =_xlfn.XLOOKUP($C27,'PP4 (1)'!$B$6:$B$100,'PP4 (1)'!$F$6:$F$100,"") | AA27: =_xlfn.XLOOKUP($C27,'PP4 (2)'!$B$6:$B$100,'PP4 (2)'!$F$6:$F$100,"") | AB27: =_xlfn.XLOOKUP($C27,'PP5 (1)'!$B$6:$B$100,'PP5 (1)'!$F$6:$F$100,"") | AC27: =_xlfn.XLOOKUP($C27,'PP5 (2)'!$B$6:$B$100,'PP5 (2)'!$F$6:$F$100,"") | AD27: =SUM(AE27:AP27) -> 3 | AE27: =_xlfn.XLOOKUP($C27,'MP (1)'!$B$6:$B$100,'MP (1)'!$H$6:$H$100,"") -> 6 | AF27: =_xlfn.XLOOKUP($C27,'MP (2)'!$B$6:$B$100,'MP (2)'!$H$6:$H$100,"") -> -2 | AG27: =_xlfn.XLOOKUP($C27,'PP1 (1)'!$B$6:$B$99,'PP1 (1)'!$H$6:$H$99,"") -> -2 | AH27: =_xlfn.XLOOKUP($C27,'PP1 (2)'!$B$6:$B$98,'PP1 (2)'!$H$6:$H$98,"") -> -3 | AI27: =_xlfn.XLOOKUP($C27,'PP2 (1)'!$B$6:$B$106,'PP2 (1)'!$H$6:$H$106,"") -> -4 | AJ27: =_xlfn.XLOOKUP($C27,'PP2 (2)'!$B$6:$B$100,'PP2 (2)'!$H$6:$H$100,"") -> -2 | AK27: =_xlfn.XLOOKUP($C27,'PP3 (1)'!$B$5:$B$106,'PP3 (1)'!$H$5:$H$106,"") -> 7 | AL27: =_xlfn.XLOOKUP($C27,'PP3 (2)'!$B$5:$B$108,'PP3 (2)'!$H$5:$H$108,"") -> 3 | AM27: =_xlfn.XLOOKUP($C27,'PP4 (1)'!$B$6:$B$100,'PP4 (1)'!$H$6:$H$100,"") | AN27: =_xlfn.XLOOKUP($C27,'PP4 (2)'!$B$6:$B$100,'PP4 (2)'!$H$6:$H$100,"") | AO27: =_xlfn.XLOOKUP($C27,'PP5 (1)'!$B$6:$B$100,'PP5 (1)'!$H$6:$H$100,"") | AP27: =_xlfn.XLOOKUP($C27,'PP5 (2)'!$B$6:$B$100,'PP5 (2)'!$H$6:$H$100,"")
A28: =ROW()-4 -> 24 | B28: 0 | C28: KRAMARZ Konrad | D28: =SUM(E28:P28) -> 4.5 | E28: =_xlfn.XLOOKUP($C28,'MP (1)'!$B$6:$B$100,'MP (1)'!$E$6:$E$100,"") | F28: =_xlfn.XLOOKUP($C28,'MP (2)'!$B$6:$B$100,'MP (2)'!$E$6:$E$100,"") | G28: =_xlfn.XLOOKUP($C28,'PP1 (1)'!$B$6:$B$99,'PP1 (1)'!$E$6:$E$99,"") | H28: =_xlfn.XLOOKUP($C28,'PP1 (2)'!$B$6:$B$98,'PP1 (2)'!$E$6:$E$98,"") | I28: =_xlfn.XLOOKUP($C28,'PP2 (1)'!$B$6:$B$106,'PP2 (1)'!$E$6:$E$106,"") -> 0.5 | J28: =_xlfn.XLOOKUP($C28,'PP2 (2)'!$B$6:$B$100,'PP2 (2)'!$E$6:$E$100,"") -> 0.67 | K28: =_xlfn.XLOOKUP($C28,'PP3 (1)'!$B$5:$B$106,'PP3 (1)'!$E$5:$E$106,"") -> 0.67 | L28: =_xlfn.XLOOKUP($C28,'PP3 (2)'!$B$5:$B$108,'PP3 (2)'!$E$5:$E$108,"") -> 0.83 | M28: =_xlfn.XLOOKUP($C28,'PP4 (1)'!$B$6:$B$100,'PP4 (1)'!$E$6:$E$100,"") -> 0.83 | N28: =_xlfn.XLOOKUP($C28,'PP4 (2)'!$B$6:$B$100,'PP4 (2)'!$E$6:$E$100,"") -> 1 | O28: =_xlfn.XLOOKUP($C28,'PP5 (1)'!$B$6:$B$100,'PP5 (1)'!$E$6:$E$100,"") | P28: =_xlfn.XLOOKUP($C28,'PP5 (2)'!$B$6:$B$100,'PP5 (2)'!$E$6:$E$100,"") | Q28: =SUM(R28:AC28) -> 155 | R28: =_xlfn.XLOOKUP($C28,'MP (1)'!$B$6:$B$100,'MP (1)'!$F$6:$F$100,"") | S28: =_xlfn.XLOOKUP($C28,'MP (2)'!$B$6:$B$100,'MP (2)'!$F$6:$F$100,"") | T28: =_xlfn.XLOOKUP($C28,'PP1 (1)'!$B$6:$B$99,'PP1 (1)'!$F$6:$F$99,"") | U28: =_xlfn.XLOOKUP($C28,'PP1 (2)'!$B$6:$B$98,'PP1 (2)'!$F$6:$F$98,"") | V28: =_xlfn.XLOOKUP($C28,'PP2 (1)'!$B$6:$B$106,'PP2 (1)'!$F$6:$F$106,"") -> 23 | W28: =_xlfn.XLOOKUP($C28,'PP2 (2)'!$B$6:$B$100,'PP2 (2)'!$F$6:$F$100,"") -> 23 | X28: =_xlfn.XLOOKUP($C28,'PP3 (1)'!$B$5:$B$106,'PP3 (1)'!$F$5:$F$106,"") -> 28 | Y28: =_xlfn.XLOOKUP($C28,'PP3 (2)'!$B$5:$B$108,'PP3 (2)'!$F$5:$F$108,"") -> 27 | Z28: =_xlfn.XLOOKUP($C28,'PP4 (1)'!$B$6:$B$100,'PP4 (1)'!$F$6:$F$100,"") -> 29 | AA28: =_xlfn.XLOOKUP($C28,'PP4 (2)'!$B$6:$B$100,'PP4 (2)'!$F$6:$F$100,"") -> 25 | AB28: =_xlfn.XLOOKUP($C28,'PP5 (1)'!$B$6:$B$100,'PP5 (1)'!$F$6:$F$100,"") | AC28: =_xlfn.XLOOKUP($C28,'PP5 (2)'!$B$6:$B$100,'PP5 (2)'!$F$6:$F$100,"") | AD28: =SUM(AE28:AP28) -> 39 | AE28: =_xlfn.XLOOKUP($C28,'MP (1)'!$B$6:$B$100,'MP (1)'!$H$6:$H$100,"") | AF28: =_xlfn.XLOOKUP($C28,'MP (2)'!$B$6:$B$100,'MP (2)'!$H$6:$H$100,"") | AG28: =_xlfn.XLOOKUP($C28,'PP1 (1)'!$B$6:$B$99,'PP1 (1)'!$H$6:$H$99,"") | AH28: =_xlfn.XLOOKUP($C28,'PP1 (2)'!$B$6:$B$98,'PP1 (2)'!$H$6:$H$98,"") | AI28: =_xlfn.XLOOKUP($C28,'PP2 (1)'!$B$6:$B$106,'PP2 (1)'!$H$6:$H$106,"") -> 2 | AJ28: =_xlfn.XLOOKUP($C28,'PP2 (2)'!$B$6:$B$100,'PP2 (2)'!$H$6:$H$100,"") -> 3 | AK28: =_xlfn.XLOOKUP($C28,'PP3 (1)'!$B$5:$B$106,'PP3 (1)'!$H$5:$H$106,"") -> 10 | AL28: =_xlfn.XLOOKUP($C28,'PP3 (2)'!$B$5:$B$108,'PP3 (2)'!$H$5:$H$108,"") -> 5 | AM28: =_xlfn.XLOOKUP($C28,'PP4 (1)'!$B$6:$B$100,'PP4 (1)'!$H$6:$H$100,"") -> 9 | AN28: =_xlfn.XLOOKUP($C28,'PP4 (2)'!$B$6:$B$100,'PP4 (2)'!$H$6:$H$100,"") -> 10 | AO28: =_xlfn.XLOOKUP($C28,'PP5 (1)'!$B$6:$B$100,'PP5 (1)'!$H$6:$H$100,"") | AP28: =_xlfn.XLOOKUP($C28,'PP5 (2)'!$B$6:$B$100,'PP5 (2)'!$H$6:$H$100,"")
A29: =ROW()-4 -> 25 | B29: 4 | C29: ADAMCZEWSKI Wojciech | D29: =SUM(E29:P29) -> 4.32 | E29: =_xlfn.XLOOKUP($C29,'MP (1)'!$B$6:$B$100,'MP (1)'!$E$6:$E$100,"") -> 0.29 | F29: =_xlfn.XLOOKUP($C29,'MP (2)'!$B$6:$B$100,'MP (2)'!$E$6:$E$100,"") -> 0.33 | G29: =_xlfn.XLOOKUP($C29,'PP1 (1)'!$B$6:$B$99,'PP1 (1)'!$E$6:$E$99,"") -> 0.33 | H29: =_xlfn.XLOOKUP($C29,'PP1 (2)'!$B$6:$B$98,'PP1 (2)'!$E$6:$E$98,"") -> 0.5 | I29: =_xlfn.XLOOKUP($C29,'PP2 (1)'!$B$6:$B$106,'PP2 (1)'!$E$6:$E$106,"") -> 0.67 | J29: =_xlfn.XLOOKUP($C29,'PP2 (2)'!$B$6:$B$100,'PP2 (2)'!$E$6:$E$100,"") -> 0.5 | K29: =_xlfn.XLOOKUP($C29,'PP3 (1)'!$B$5:$B$106,'PP3 (1)'!$E$5:$E$106,"") -> 0.5 | L29: =_xlfn.XLOOKUP($C29,'PP3 (2)'!$B$5:$B$108,'PP3 (2)'!$E$5:$E$108,"") -> 0.5 | M29: =_xlfn.XLOOKUP($C29,'PP4 (1)'!$B$6:$B$100,'PP4 (1)'!$E$6:$E$100,"") -> 0.5 | N29: =_xlfn.XLOOKUP($C29,'PP4 (2)'!$B$6:$B$100,'PP4 (2)'!$E$6:$E$100,"") -> 0.2 | O29: =_xlfn.XLOOKUP($C29,'PP5 (1)'!$B$6:$B$100,'PP5 (1)'!$E$6:$E$100,"") | P29: =_xlfn.XLOOKUP($C29,'PP5 (2)'!$B$6:$B$100,'PP5 (2)'!$E$6:$E$100,"") | Q29: =SUM(R29:AC29) -> 220 | R29: =_xlfn.XLOOKUP($C29,'MP (1)'!$B$6:$B$100,'MP (1)'!$F$6:$F$100,"") -> 24 | S29: =_xlfn.XLOOKUP($C29,'MP (2)'!$B$6:$B$100,'MP (2)'!$F$6:$F$100,"") -> 19 | T29: =_xlfn.XLOOKUP($C29,'PP1 (1)'!$B$6:$B$99,'PP1 (1)'!$F$6:$F$99,"") -> 23 | U29: =_xlfn.XLOOKUP($C29,'PP1 (2)'!$B$6:$B$98,'PP1 (2)'!$F$6:$F$98,"") -> 24 | V29: =_xlfn.XLOOKUP($C29,'PP2 (1)'!$B$6:$B$106,'PP2 (1)'!$F$6:$F$106,"") -> 25 | W29: =_xlfn.XLOOKUP($C29,'PP2 (2)'!$B$6:$B$100,'PP2 (2)'!$F$6:$F$100,"") -> 20 | X29: =_xlfn.XLOOKUP($C29,'PP3 (1)'!$B$5:$B$106,'PP3 (1)'!$F$5:$F$106,"") -> 22 | Y29: =_xlfn.XLOOKUP($C29,'PP3 (2)'!$B$5:$B$108,'PP3 (2)'!$F$5:$F$108,"") -> 22 | Z29: =_xlfn.XLOOKUP($C29,'PP4 (1)'!$B$6:$B$100,'PP4 (1)'!$F$6:$F$100,"") -> 23 | AA29: =_xlfn.XLOOKUP($C29,'PP4 (2)'!$B$6:$B$100,'PP4 (2)'!$F$6:$F$100,"") -> 18 | AB29: =_xlfn.XLOOKUP($C29,'PP5 (1)'!$B$6:$B$100,'PP5 (1)'!$F$6:$F$100,"") | AC29: =_xlfn.XLOOKUP($C29,'PP5 (2)'!$B$6:$B$100,'PP5 (2)'!$F$6:$F$100,"") | AD29: =SUM(AE29:AP29) -> -11 | AE29: =_xlfn.XLOOKUP($C29,'MP (1)'!$B$6:$B$100,'MP (1)'!$H$6:$H$100,"") -> -2 | AF29: =_xlfn.XLOOKUP($C29,'MP (2)'!$B$6:$B$100,'MP (2)'!$H$6:$H$100,"") -> -8 | AG29: =_xlfn.XLOOKUP($C29,'PP1 (1)'!$B$6:$B$99,'PP1 (1)'!$H$6:$H$99,"") -> -3 | AH29: =_xlfn.XLOOKUP($C29,'PP1 (2)'!$B$6:$B$98,'PP1 (2)'!$H$6:$H$98,"") -> 4 | AI29: =_xlfn.XLOOKUP($C29,'PP2 (1)'!$B$6:$B$106,'PP2 (1)'!$H$6:$H$106,"") -> 3 | AJ29: =_xlfn.XLOOKUP($C29,'PP2 (2)'!$B$6:$B$100,'PP2 (2)'!$H$6:$H$100,"") -> -1 | AK29: =_xlfn.XLOOKUP($C29,'PP3 (1)'!$B$5:$B$106,'PP3 (1)'!$H$5:$H$106,"") -> -1 | AL29: =_xlfn.XLOOKUP($C29,'PP3 (2)'!$B$5:$B$108,'PP3 (2)'!$H$5:$H$108,"") -> -1 | AM29: =_xlfn.XLOOKUP($C29,'PP4 (1)'!$B$6:$B$100,'PP4 (1)'!$H$6:$H$100,"") -> 0 | AN29: =_xlfn.XLOOKUP($C29,'PP4 (2)'!$B$6:$B$100,'PP4 (2)'!$H$6:$H$100,"") -> -2 | AO29: =_xlfn.XLOOKUP($C29,'PP5 (1)'!$B$6:$B$100,'PP5 (1)'!$H$6:$H$100,"") | AP29: =_xlfn.XLOOKUP($C29,'PP5 (2)'!$B$6:$B$100,'PP5 (2)'!$H$6:$H$100,"")
A30: =ROW()-4 -> 26 | B30: 0 | C30: ŁĘCKI Krzysztof | D30: =SUM(E30:P30) -> 4.15 | E30: =_xlfn.XLOOKUP($C30,'MP (1)'!$B$6:$B$100,'MP (1)'!$E$6:$E$100,"") -> 0.33 | F30: =_xlfn.XLOOKUP($C30,'MP (2)'!$B$6:$B$100,'MP (2)'!$E$6:$E$100,"") -> 0.33 | G30: =_xlfn.XLOOKUP($C30,'PP1 (1)'!$B$6:$B$99,'PP1 (1)'!$E$6:$E$99,"") -> 0.33 | H30: =_xlfn.XLOOKUP($C30,'PP1 (2)'!$B$6:$B$98,'PP1 (2)'!$E$6:$E$98,"") -> 0.33 | I30: =_xlfn.XLOOKUP($C30,'PP2 (1)'!$B$6:$B$106,'PP2 (1)'!$E$6:$E$106,"") -> 0.33 | J30: =_xlfn.XLOOKUP($C30,'PP2 (2)'!$B$6:$B$100,'PP2 (2)'!$E$6:$E$100,"") -> 0.5 | K30: =_xlfn.XLOOKUP($C30,'PP3 (1)'!$B$5:$B$106,'PP3 (1)'!$E$5:$E$106,"") -> 0.33 | L30: =_xlfn.XLOOKUP($C30,'PP3 (2)'!$B$5:$B$108,'PP3 (2)'!$E$5:$E$108,"") -> 0.17 | M30: =_xlfn.XLOOKUP($C30,'PP4 (1)'!$B$6:$B$100,'PP4 (1)'!$E$6:$E$100,"") -> 0.5 | N30: =_xlfn.XLOOKUP($C30,'PP4 (2)'!$B$6:$B$100,'PP4 (2)'!$E$6:$E$100,"") -> 0.4 | O30: =_xlfn.XLOOKUP($C30,'PP5 (1)'!$B$6:$B$100,'PP5 (1)'!$E$6:$E$100,"") -> 0.2 | P30: =_xlfn.XLOOKUP($C30,'PP5 (2)'!$B$6:$B$100,'PP5 (2)'!$E$6:$E$100,"") -> 0.4 | Q30: =SUM(R30:AC30) -> 221 | R30: =_xlfn.XLOOKUP($C30,'MP (1)'!$B$6:$B$100,'MP (1)'!$F$6:$F$100,"") -> 17 | S30: =_xlfn.XLOOKUP($C30,'MP (2)'!$B$6:$B$100,'MP (2)'!$F$6:$F$100,"") -> 17 | T30: =_xlfn.XLOOKUP($C30,'PP1 (1)'!$B$6:$B$99,'PP1 (1)'!$F$6:$F$99,"") -> 18 | U30: =_xlfn.XLOOKUP($C30,'PP1 (2)'!$B$6:$B$98,'PP1 (2)'!$F$6:$F$98,"") -> 21 | V30: =_xlfn.XLOOKUP($C30,'PP2 (1)'!$B$6:$B$106,'PP2 (1)'!$F$6:$F$106,"") -> 18 | W30: =_xlfn.XLOOKUP($C30,'PP2 (2)'!$B$6:$B$100,'PP2 (2)'!$F$6:$F$100,"") -> 22 | X30: =_xlfn.XLOOKUP($C30,'PP3 (1)'!$B$5:$B$106,'PP3 (1)'!$F$5:$F$106,"") -> 21 | Y30: =_xlfn.XLOOKUP($C30,'PP3 (2)'!$B$5:$B$108,'PP3 (2)'!$F$5:$F$108,"") -> 18 | Z30: =_xlfn.XLOOKUP($C30,'PP4 (1)'!$B$6:$B$100,'PP4 (1)'!$F$6:$F$100,"") -> 22 | AA30: =_xlfn.XLOOKUP($C30,'PP4 (2)'!$B$6:$B$100,'PP4 (2)'!$F$6:$F$100,"") -> 17 | AB30: =_xlfn.XLOOKUP($C30,'PP5 (1)'!$B$6:$B$100,'PP5 (1)'!$F$6:$F$100,"") -> 12 | AC30: =_xlfn.XLOOKUP($C30,'PP5 (2)'!$B$6:$B$100,'PP5 (2)'!$F$6:$F$100,"") -> 18 | AD30: =SUM(AE30:AP30) -> -76 | AE30: =_xlfn.XLOOKUP($C30,'MP (1)'!$B$6:$B$100,'MP (1)'!$H$6:$H$100,"") -> -8 | AF30: =_xlfn.XLOOKUP($C30,'MP (2)'!$B$6:$B$100,'MP (2)'!$H$6:$H$100,"") -> -11 | AG30: =_xlfn.XLOOKUP($C30,'PP1 (1)'!$B$6:$B$99,'PP1 (1)'!$H$6:$H$99,"") -> -10 | AH30: =_xlfn.XLOOKUP($C30,'PP1 (2)'!$B$6:$B$98,'PP1 (2)'!$H$6:$H$98,"") -> -6 | AI30: =_xlfn.XLOOKUP($C30,'PP2 (1)'!$B$6:$B$106,'PP2 (1)'!$H$6:$H$106,"") -> -9 | AJ30: =_xlfn.XLOOKUP($C30,'PP2 (2)'!$B$6:$B$100,'PP2 (2)'!$H$6:$H$100,"") -> -3 | AK30: =_xlfn.XLOOKUP($C30,'PP3 (1)'!$B$5:$B$106,'PP3 (1)'!$H$5:$H$106,"") -> -5 | AL30: =_xlfn.XLOOKUP($C30,'PP3 (2)'!$B$5:$B$108,'PP3 (2)'!$H$5:$H$108,"") -> -9 | AM30: =_xlfn.XLOOKUP($C30,'PP4 (1)'!$B$6:$B$100,'PP4 (1)'!$H$6:$H$100,"") -> -2 | AN30: =_xlfn.XLOOKUP($C30,'PP4 (2)'!$B$6:$B$100,'PP4 (2)'!$H$6:$H$100,"") -> -5 | AO30: =_xlfn.XLOOKUP($C30,'PP5 (1)'!$B$6:$B$100,'PP5 (1)'!$H$6:$H$100,"") -> -8 | AP30: =_xlfn.XLOOKUP($C30,'PP5 (2)'!$B$6:$B$100,'PP5 (2)'!$H$6:$H$100,"") -> 0
A31: =ROW()-4 -> 27 | B31: 2k | C31: GANSZCZYK Anna | D31: =SUM(E31:P31) -> 4.11 | E31: =_xlfn.XLOOKUP($C31,'MP (1)'!$B$6:$B$100,'MP (1)'!$E$6:$E$100,"") -> 0.17 | F31: =_xlfn.XLOOKUP($C31,'MP (2)'!$B$6:$B$100,'MP (2)'!$E$6:$E$100,"") -> 0.43 | G31: =_xlfn.XLOOKUP($C31,'PP1 (1)'!$B$6:$B$99,'PP1 (1)'!$E$6:$E$99,"") -> 0.17 | H31: =_xlfn.XLOOKUP($C31,'PP1 (2)'!$B$6:$B$98,'PP1 (2)'!$E$6:$E$98,"") -> 0.14 | I31: =_xlfn.XLOOKUP($C31,'PP2 (1)'!$B$6:$B$106,'PP2 (1)'!$E$6:$E$106,"") -> 0.5 | J31: =_xlfn.XLOOKUP($C31,'PP2 (2)'!$B$6:$B$100,'PP2 (2)'!$E$6:$E$100,"") -> 0.33 | K31: =_xlfn.XLOOKUP($C31,'PP3 (1)'!$B$5:$B$106,'PP3 (1)'!$E$5:$E$106,"") -> 0.5 | L31: =_xlfn.XLOOKUP($C31,'PP3 (2)'!$B$5:$B$108,'PP3 (2)'!$E$5:$E$108,"") -> 0.6 | M31: =_xlfn.XLOOKUP($C31,'PP4 (1)'!$B$6:$B$100,'PP4 (1)'!$E$6:$E$100,"") -> 0.4 | N31: =_xlfn.XLOOKUP($C31,'PP4 (2)'!$B$6:$B$100,'PP4 (2)'!$E$6:$E$100,"") -> 0.5 | O31: =_xlfn.XLOOKUP($C31,'PP5 (1)'!$B$6:$B$100,'PP5 (1)'!$E$6:$E$100,"") -> 0.17 | P31: =_xlfn.XLOOKUP($C31,'PP5 (2)'!$B$6:$B$100,'PP5 (2)'!$E$6:$E$100,"") -> 0.2 | Q31: =SUM(R31:AC31) -> 208 | R31: =_xlfn.XLOOKUP($C31,'MP (1)'!$B$6:$B$100,'MP (1)'!$F$6:$F$100,"") -> 14 | S31: =_xlfn.XLOOKUP($C31,'MP (2)'!$B$6:$B$100,'MP (2)'!$F$6:$F$100,"") -> 24 | T31: =_xlfn.XLOOKUP($C31,'PP1 (1)'!$B$6:$B$99,'PP1 (1)'!$F$6:$F$99,"") -> 10 | U31: =_xlfn.XLOOKUP($C31,'PP1 (2)'!$B$6:$B$98,'PP1 (2)'!$F$6:$F$98,"") -> 22 | V31: =_xlfn.XLOOKUP($C31,'PP2 (1)'!$B$6:$B$106,'PP2 (1)'!$F$6:$F$106,"") -> 21 | W31: =_xlfn.XLOOKUP($C31,'PP2 (2)'!$B$6:$B$100,'PP2 (2)'!$F$6:$F$100,"") -> 18 | X31: =_xlfn.XLOOKUP($C31,'PP3 (1)'!$B$5:$B$106,'PP3 (1)'!$F$5:$F$106,"") -> 16 | Y31: =_xlfn.XLOOKUP($C31,'PP3 (2)'!$B$5:$B$108,'PP3 (2)'!$F$5:$F$108,"") -> 19 | Z31: =_xlfn.XLOOKUP($C31,'PP4 (1)'!$B$6:$B$100,'PP4 (1)'!$F$6:$F$100,"") -> 13 | AA31: =_xlfn.XLOOKUP($C31,'PP4 (2)'!$B$6:$B$100,'PP4 (2)'!$F$6:$F$100,"") -> 22 | AB31: =_xlfn.XLOOKUP($C31,'PP5 (1)'!$B$6:$B$100,'PP5 (1)'!$F$6:$F$100,"") -> 15 | AC31: =_xlfn.XLOOKUP($C31,'PP5 (2)'!$B$6:$B$100,'PP5 (2)'!$F$6:$F$100,"") -> 14 | AD31: =SUM(AE31:AP31) -> -94 | AE31: =_xlfn.XLOOKUP($C31,'MP (1)'!$B$6:$B$100,'MP (1)'!$H$6:$H$100,"") -> -15 | AF31: =_xlfn.XLOOKUP($C31,'MP (2)'!$B$6:$B$100,'MP (2)'!$H$6:$H$100,"") -> -6 | AG31: =_xlfn.XLOOKUP($C31,'PP1 (1)'!$B$6:$B$99,'PP1 (1)'!$H$6:$H$99,"") -> -17 | AH31: =_xlfn.XLOOKUP($C31,'PP1 (2)'!$B$6:$B$98,'PP1 (2)'!$H$6:$H$98,"") -> -10 | AI31: =_xlfn.XLOOKUP($C31,'PP2 (1)'!$B$6:$B$106,'PP2 (1)'!$H$6:$H$106,"") -> 0 | AJ31: =_xlfn.XLOOKUP($C31,'PP2 (2)'!$B$6:$B$100,'PP2 (2)'!$H$6:$H$100,"") -> -8 | AK31: =_xlfn.XLOOKUP($C31,'PP3 (1)'!$B$5:$B$106,'PP3 (1)'!$H$5:$H$106,"") -> -4 | AL31: =_xlfn.XLOOKUP($C31,'PP3 (2)'!$B$5:$B$108,'PP3 (2)'!$H$5:$H$108,"") -> 0 | AM31: =_xlfn.XLOOKUP($C31,'PP4 (1)'!$B$6:$B$100,'PP4 (1)'!$H$6:$H$100,"") -> -6 | AN31: =_xlfn.XLOOKUP($C31,'PP4 (2)'!$B$6:$B$100,'PP4 (2)'!$H$6:$H$100,"") -> -5 | AO31: =_xlfn.XLOOKUP($C31,'PP5 (1)'!$B$6:$B$100,'PP5 (1)'!$H$6:$H$100,"") -> -14 | AP31: =_xlfn.XLOOKUP($C31,'PP5 (2)'!$B$6:$B$100,'PP5 (2)'!$H$6:$H$100,"") -> -9
A32: =ROW()-4 -> 28 | B32: 2 | C32: PARDUS Borys | D32: =SUM(E32:P32) -> 4.05 | E32: =_xlfn.XLOOKUP($C32,'MP (1)'!$B$6:$B$100,'MP (1)'!$E$6:$E$100,"") -> 0.33 | F32: =_xlfn.XLOOKUP($C32,'MP (2)'!$B$6:$B$100,'MP (2)'!$E$6:$E$100,"") -> 0.5 | G32: =_xlfn.XLOOKUP($C32,'PP1 (1)'!$B$6:$B$99,'PP1 (1)'!$E$6:$E$99,"") -> 0.5 | H32: =_xlfn.XLOOKUP($C32,'PP1 (2)'!$B$6:$B$98,'PP1 (2)'!$E$6:$E$98,"") -> 0.29 | I32: =_xlfn.XLOOKUP($C32,'PP2 (1)'!$B$6:$B$106,'PP2 (1)'!$E$6:$E$106,"") -> 0.33 | J32: =_xlfn.XLOOKUP($C32,'PP2 (2)'!$B$6:$B$100,'PP2 (2)'!$E$6:$E$100,"") -> 0.67 | K32: =_xlfn.XLOOKUP($C32,'PP3 (1)'!$B$5:$B$106,'PP3 (1)'!$E$5:$E$106,"") -> 0.33 | L32: =_xlfn.XLOOKUP($C32,'PP3 (2)'!$B$5:$B$108,'PP3 (2)'!$E$5:$E$108,"") -> 0.5 | M32: =_xlfn.XLOOKUP($C32,'PP4 (1)'!$B$6:$B$100,'PP4 (1)'!$E$6:$E$100,"") -> 0.2 | N32: =_xlfn.XLOOKUP($C32,'PP4 (2)'!$B$6:$B$100,'PP4 (2)'!$E$6:$E$100,"") -> 0.4 | O32: =_xlfn.XLOOKUP($C32,'PP5 (1)'!$B$6:$B$100,'PP5 (1)'!$E$6:$E$100,"") | P32: =_xlfn.XLOOKUP($C32,'PP5 (2)'!$B$6:$B$100,'PP5 (2)'!$E$6:$E$100,"") | Q32: =SUM(R32:AC32) -> 206 | R32: =_xlfn.XLOOKUP($C32,'MP (1)'!$B$6:$B$100,'MP (1)'!$F$6:$F$100,"") -> 19 | S32: =_xlfn.XLOOKUP($C32,'MP (2)'!$B$6:$B$100,'MP (2)'!$F$6:$F$100,"") -> 18 | T32: =_xlfn.XLOOKUP($C32,'PP1 (1)'!$B$6:$B$99,'PP1 (1)'!$F$6:$F$99,"") -> 21 | U32: =_xlfn.XLOOKUP($C32,'PP1 (2)'!$B$6:$B$98,'PP1 (2)'!$F$6:$F$98,"") -> 26 | V32: =_xlfn.XLOOKUP($C32,'PP2 (1)'!$B$6:$B$106,'PP2 (1)'!$F$6:$F$106,"") -> 19 | W32: =_xlfn.XLOOKUP($C32,'PP2 (2)'!$B$6:$B$100,'PP2 (2)'!$F$6:$F$100,"") -> 27 | X32: =_xlfn.XLOOKUP($C32,'PP3 (1)'!$B$5:$B$106,'PP3 (1)'!$F$5:$F$106,"") -> 21 | Y32: =_xlfn.XLOOKUP($C32,'PP3 (2)'!$B$5:$B$108,'PP3 (2)'!$F$5:$F$108,"") -> 22 | Z32: =_xlfn.XLOOKUP($C32,'PP4 (1)'!$B$6:$B$100,'PP4 (1)'!$F$6:$F$100,"") -> 15 | AA32: =_xlfn.XLOOKUP($C32,'PP4 (2)'!$B$6:$B$100,'PP4 (2)'!$F$6:$F$100,"") -> 18 | AB32: =_xlfn.XLOOKUP($C32,'PP5 (1)'!$B$6:$B$100,'PP5 (1)'!$F$6:$F$100,"") | AC32: =_xlfn.XLOOKUP($C32,'PP5 (2)'!$B$6:$B$100,'PP5 (2)'!$F$6:$F$100,"") | AD32: =SUM(AE32:AP32) -> -34 | AE32: =_xlfn.XLOOKUP($C32,'MP (1)'!$B$6:$B$100,'MP (1)'!$H$6:$H$100,"") -> -9 | AF32: =_xlfn.XLOOKUP($C32,'MP (2)'!$B$6:$B$100,'MP (2)'!$H$6:$H$100,"") -> -2 | AG32: =_xlfn.XLOOKUP($C32,'PP1 (1)'!$B$6:$B$99,'PP1 (1)'!$H$6:$H$99,"") -> -4 | AH32: =_xlfn.XLOOKUP($C32,'PP1 (2)'!$B$6:$B$98,'PP1 (2)'!$H$6:$H$98,"") -> -7 | AI32: =_xlfn.XLOOKUP($C32,'PP2 (1)'!$B$6:$B$106,'PP2 (1)'!$H$6:$H$106,"") -> -4 | AJ32: =_xlfn.XLOOKUP($C32,'PP2 (2)'!$B$6:$B$100,'PP2 (2)'!$H$6:$H$100,"") -> 5 | AK32: =_xlfn.XLOOKUP($C32,'PP3 (1)'!$B$5:$B$106,'PP3 (1)'!$H$5:$H$106,"") -> -5 | AL32: =_xlfn.XLOOKUP($C32,'PP3 (2)'!$B$5:$B$108,'PP3 (2)'!$H$5:$H$108,"") -> -1 | AM32: =_xlfn.XLOOKUP($C32,'PP4 (1)'!$B$6:$B$100,'PP4 (1)'!$H$6:$H$100,"") -> -5 | AN32: =_xlfn.XLOOKUP($C32,'PP4 (2)'!$B$6:$B$100,'PP4 (2)'!$H$6:$H$100,"") -> -2 | AO32: =_xlfn.XLOOKUP($C32,'PP5 (1)'!$B$6:$B$100,'PP5 (1)'!$H$6:$H$100,"") | AP32: =_xlfn.XLOOKUP($C32,'PP5 (2)'!$B$6:$B$100,'PP5 (2)'!$H$6:$H$100,"")
A33: =ROW()-4 -> 29 | B33: 2 | C33: HAŚKO Sergiusz | D33: =SUM(E33:P33) -> 3.98 | E33: =_xlfn.XLOOKUP($C33,'MP (1)'!$B$6:$B$100,'MP (1)'!$E$6:$E$100,"") | F33: =_xlfn.XLOOKUP($C33,'MP (2)'!$B$6:$B$100,'MP (2)'!$E$6:$E$100,"") | G33: =_xlfn.XLOOKUP($C33,'PP1 (1)'!$B$6:$B$99,'PP1 (1)'!$E$6:$E$99,"") -> 0.71 | H33: =_xlfn.XLOOKUP($C33,'PP1 (2)'!$B$6:$B$98,'PP1 (2)'!$E$6:$E$98,"") -> 0.86 | I33: =_xlfn.XLOOKUP($C33,'PP2 (1)'!$B$6:$B$106,'PP2 (1)'!$E$6:$E$106,"") -> 0.67 | J33: =_xlfn.XLOOKUP($C33,'PP2 (2)'!$B$6:$B$100,'PP2 (2)'!$E$6:$E$100,"") -> 0.67 | K33: =_xlfn.XLOOKUP($C33,'PP3 (1)'!$B$5:$B$106,'PP3 (1)'!$E$5:$E$106,"") -> 0.4 | L33: =_xlfn.XLOOKUP($C33,'PP3 (2)'!$B$5:$B$108,'PP3 (2)'!$E$5:$E$108,"") -> 0.67 | M33: =_xlfn.XLOOKUP($C33,'PP4 (1)'!$B$6:$B$100,'PP4 (1)'!$E$6:$E$100,"") | N33: =_xlfn.XLOOKUP($C33,'PP4 (2)'!$B$6:$B$100,'PP4 (2)'!$E$6:$E$100,"") | O33: =_xlfn.XLOOKUP($C33,'PP5 (1)'!$B$6:$B$100,'PP5 (1)'!$E$6:$E$100,"") | P33: =_xlfn.XLOOKUP($C33,'PP5 (2)'!$B$6:$B$100,'PP5 (2)'!$E$6:$E$100,"") | Q33: =SUM(R33:AC33) -> 147 | R33: =_xlfn.XLOOKUP($C33,'MP (1)'!$B$6:$B$100,'MP (1)'!$F$6:$F$100,"") | S33: =_xlfn.XLOOKUP($C33,'MP (2)'!$B$6:$B$100,'MP (2)'!$F$6:$F$100,"") | T33: =_xlfn.XLOOKUP($C33,'PP1 (1)'!$B$6:$B$99,'PP1 (1)'!$F$6:$F$99,"") -> 31 | U33: =_xlfn.XLOOKUP($C33,'PP1 (2)'!$B$6:$B$98,'PP1 (2)'!$F$6:$F$98,"") -> 32 | V33: =_xlfn.XLOOKUP($C33,'PP2 (1)'!$B$6:$B$106,'PP2 (1)'!$F$6:$F$106,"") -> 22 | W33: =_xlfn.XLOOKUP($C33,'PP2 (2)'!$B$6:$B$100,'PP2 (2)'!$F$6:$F$100,"") -> 22 | X33: =_xlfn.XLOOKUP($C33,'PP3 (1)'!$B$5:$B$106,'PP3 (1)'!$F$5:$F$106,"") -> 17 | Y33: =_xlfn.XLOOKUP($C33,'PP3 (2)'!$B$5:$B$108,'PP3 (2)'!$F$5:$F$108,"") -> 23 | Z33: =_xlfn.XLOOKUP($C33,'PP4 (1)'!$B$6:$B$100,'PP4 (1)'!$F$6:$F$100,"") | AA33: =_xlfn.XLOOKUP($C33,'PP4 (2)'!$B$6:$B$100,'PP4 (2)'!$F$6:$F$100,"") | AB33: =_xlfn.XLOOKUP($C33,'PP5 (1)'!$B$6:$B$100,'PP5 (1)'!$F$6:$F$100,"") | AC33: =_xlfn.XLOOKUP($C33,'PP5 (2)'!$B$6:$B$100,'PP5 (2)'!$F$6:$F$100,"") | AD33: =SUM(AE33:AP33) -> 38 | AE33: =_xlfn.XLOOKUP($C33,'MP (1)'!$B$6:$B$100,'MP (1)'!$H$6:$H$100,"") | AF33: =_xlfn.XLOOKUP($C33,'MP (2)'!$B$6:$B$100,'MP (2)'!$H$6:$H$100,"") | AG33: =_xlfn.XLOOKUP($C33,'PP1 (1)'!$B$6:$B$99,'PP1 (1)'!$H$6:$H$99,"") -> 12 | AH33: =_xlfn.XLOOKUP($C33,'PP1 (2)'!$B$6:$B$98,'PP1 (2)'!$H$6:$H$98,"") -> 11 | AI33: =_xlfn.XLOOKUP($C33,'PP2 (1)'!$B$6:$B$106,'PP2 (1)'!$H$6:$H$106,"") -> 3 | AJ33: =_xlfn.XLOOKUP($C33,'PP2 (2)'!$B$6:$B$100,'PP2 (2)'!$H$6:$H$100,"") -> 4 | AK33: =_xlfn.XLOOKUP($C33,'PP3 (1)'!$B$5:$B$106,'PP3 (1)'!$H$5:$H$106,"") -> 0 | AL33: =_xlfn.XLOOKUP($C33,'PP3 (2)'!$B$5:$B$108,'PP3 (2)'!$H$5:$H$108,"") -> 8 | AM33: =_xlfn.XLOOKUP($C33,'PP4 (1)'!$B$6:$B$100,'PP4 (1)'!$H$6:$H$100,"") | AN33: =_xlfn.XLOOKUP($C33,'PP4 (2)'!$B$6:$B$100,'PP4 (2)'!$H$6:$H$100,"") | AO33: =_xlfn.XLOOKUP($C33,'PP5 (1)'!$B$6:$B$100,'PP5 (1)'!$H$6:$H$100,"") | AP33: =_xlfn.XLOOKUP($C33,'PP5 (2)'!$B$6:$B$100,'PP5 (2)'!$H$6:$H$100,"")
A34: =ROW()-4 -> 30 | B34: 3 | C34: POPRAWA Mariusz | D34: =SUM(E34:P34) -> 3.82 | E34: =_xlfn.XLOOKUP($C34,'MP (1)'!$B$6:$B$100,'MP (1)'!$E$6:$E$100,"") -> 0.33 | F34: =_xlfn.XLOOKUP($C34,'MP (2)'!$B$6:$B$100,'MP (2)'!$E$6:$E$100,"") -> 0.5 | G34: =_xlfn.XLOOKUP($C34,'PP1 (1)'!$B$6:$B$99,'PP1 (1)'!$E$6:$E$99,"") | H34: =_xlfn.XLOOKUP($C34,'PP1 (2)'!$B$6:$B$98,'PP1 (2)'!$E$6:$E$98,"") | I34: =_xlfn.XLOOKUP($C34,'PP2 (1)'!$B$6:$B$106,'PP2 (1)'!$E$6:$E$106,"") -> 0.33 | J34: =_xlfn.XLOOKUP($C34,'PP2 (2)'!$B$6:$B$100,'PP2 (2)'!$E$6:$E$100,"") -> 0.33 | K34: =_xlfn.XLOOKUP($C34,'PP3 (1)'!$B$5:$B$106,'PP3 (1)'!$E$5:$E$106,"") -> 0.83 | L34: =_xlfn.XLOOKUP($C34,'PP3 (2)'!$B$5:$B$108,'PP3 (2)'!$E$5:$E$108,"") -> 0.6 | M34: =_xlfn.XLOOKUP($C34,'PP4 (1)'!$B$6:$B$100,'PP4 (1)'!$E$6:$E$100,"") -> 0.4 | N34: =_xlfn.XLOOKUP($C34,'PP4 (2)'!$B$6:$B$100,'PP4 (2)'!$E$6:$E$100,"") -> 0.5 | O34: =_xlfn.XLOOKUP($C34,'PP5 (1)'!$B$6:$B$100,'PP5 (1)'!$E$6:$E$100,"") | P34: =_xlfn.XLOOKUP($C34,'PP5 (2)'!$B$6:$B$100,'PP5 (2)'!$E$6:$E$100,"") | Q34: =SUM(R34:AC34) -> 177 | R34: =_xlfn.XLOOKUP($C34,'MP (1)'!$B$6:$B$100,'MP (1)'!$F$6:$F$100,"") -> 19 | S34: =_xlfn.XLOOKUP($C34,'MP (2)'!$B$6:$B$100,'MP (2)'!$F$6:$F$100,"") -> 24 | T34: =_xlfn.XLOOKUP($C34,'PP1 (1)'!$B$6:$B$99,'PP1 (1)'!$F$6:$F$99,"") | U34: =_xlfn.XLOOKUP($C34,'PP1 (2)'!$B$6:$B$98,'PP1 (2)'!$F$6:$F$98,"") | V34: =_xlfn.XLOOKUP($C34,'PP2 (1)'!$B$6:$B$106,'PP2 (1)'!$F$6:$F$106,"") -> 23 | W34: =_xlfn.XLOOKUP($C34,'PP2 (2)'!$B$6:$B$100,'PP2 (2)'!$F$6:$F$100,"") -> 22 | X34: =_xlfn.XLOOKUP($C34,'PP3 (1)'!$B$5:$B$106,'PP3 (1)'!$F$5:$F$106,"") -> 27 | Y34: =_xlfn.XLOOKUP($C34,'PP3 (2)'!$B$5:$B$108,'PP3 (2)'!$F$5:$F$108,"") -> 22 | Z34: =_xlfn.XLOOKUP($C34,'PP4 (1)'!$B$6:$B$100,'PP4 (1)'!$F$6:$F$100,"") -> 19 | AA34: =_xlfn.XLOOKUP($C34,'PP4 (2)'!$B$6:$B$100,'PP4 (2)'!$F$6:$F$100,"") -> 21 | AB34: =_xlfn.XLOOKUP($C34,'PP5 (1)'!$B$6:$B$100,'PP5 (1)'!$F$6:$F$100,"") | AC34: =_xlfn.XLOOKUP($C34,'PP5 (2)'!$B$6:$B$100,'PP5 (2)'!$F$6:$F$100,"") | AD34: =SUM(AE34:AP34) -> 2 | AE34: =_xlfn.XLOOKUP($C34,'MP (1)'!$B$6:$B$100,'MP (1)'!$H$6:$H$100,"") -> 1 | AF34: =_xlfn.XLOOKUP($C34,'MP (2)'!$B$6:$B$100,'MP (2)'!$H$6:$H$100,"") -> 2 | AG34: =_xlfn.XLOOKUP($C34,'PP1 (1)'!$B$6:$B$99,'PP1 (1)'!$H$6:$H$99,"") | AH34: =_xlfn.XLOOKUP($C34,'PP1 (2)'!$B$6:$B$98,'PP1 (2)'!$H$6:$H$98,"") | AI34: =_xlfn.XLOOKUP($C34,'PP2 (1)'!$B$6:$B$106,'PP2 (1)'!$H$6:$H$106,"") -> -1 | AJ34: =_xlfn.XLOOKUP($C34,'PP2 (2)'!$B$6:$B$100,'PP2 (2)'!$H$6:$H$100,"") -> -4 | AK34: =_xlfn.XLOOKUP($C34,'PP3 (1)'!$B$5:$B$106,'PP3 (1)'!$H$5:$H$106,"") -> 8 | AL34: =_xlfn.XLOOKUP($C34,'PP3 (2)'!$B$5:$B$108,'PP3 (2)'!$H$5:$H$108,"") -> 1 | AM34: =_xlfn.XLOOKUP($C34,'PP4 (1)'!$B$6:$B$100,'PP4 (1)'!$H$6:$H$100,"") -> -4 | AN34: =_xlfn.XLOOKUP($C34,'PP4 (2)'!$B$6:$B$100,'PP4 (2)'!$H$6:$H$100,"") -> -1 | AO34: =_xlfn.XLOOKUP($C34,'PP5 (1)'!$B$6:$B$100,'PP5 (1)'!$H$6:$H$100,"") | AP34: =_xlfn.XLOOKUP($C34,'PP5 (2)'!$B$6:$B$100,'PP5 (2)'!$H$6:$H$100,"")
A35: =ROW()-4 -> 31 | B35: 2 | C35: JENDRYŚ Marek | D35: =SUM(E35:P35) -> 3.72 | E35: =_xlfn.XLOOKUP($C35,'MP (1)'!$B$6:$B$100,'MP (1)'!$E$6:$E$100,"") -> 1 | F35: =_xlfn.XLOOKUP($C35,'MP (2)'!$B$6:$B$100,'MP (2)'!$E$6:$E$100,"") -> 0.86 | G35: =_xlfn.XLOOKUP($C35,'PP1 (1)'!$B$6:$B$99,'PP1 (1)'!$E$6:$E$99,"") -> 1 | H35: =_xlfn.XLOOKUP($C35,'PP1 (2)'!$B$6:$B$98,'PP1 (2)'!$E$6:$E$98,"") -> 0.86 | I35: =_xlfn.XLOOKUP($C35,'PP2 (1)'!$B$6:$B$106,'PP2 (1)'!$E$6:$E$106,"") | J35: =_xlfn.XLOOKUP($C35,'PP2 (2)'!$B$6:$B$100,'PP2 (2)'!$E$6:$E$100,"") | K35: =_xlfn.XLOOKUP($C35,'PP3 (1)'!$B$5:$B$106,'PP3 (1)'!$E$5:$E$106,"") | L35: =_xlfn.XLOOKUP($C35,'PP3 (2)'!$B$5:$B$108,'PP3 (2)'!$E$5:$E$108,"") | M35: =_xlfn.XLOOKUP($C35,'PP4 (1)'!$B$6:$B$100,'PP4 (1)'!$E$6:$E$100,"") | N35: =_xlfn.XLOOKUP($C35,'PP4 (2)'!$B$6:$B$100,'PP4 (2)'!$E$6:$E$100,"") | O35: =_xlfn.XLOOKUP($C35,'PP5 (1)'!$B$6:$B$100,'PP5 (1)'!$E$6:$E$100,"") | P35: =_xlfn.XLOOKUP($C35,'PP5 (2)'!$B$6:$B$100,'PP5 (2)'!$E$6:$E$100,"") | Q35: =SUM(R35:AC35) -> 133 | R35: =_xlfn.XLOOKUP($C35,'MP (1)'!$B$6:$B$100,'MP (1)'!$F$6:$F$100,"") -> 35 | S35: =_xlfn.XLOOKUP($C35,'MP (2)'!$B$6:$B$100,'MP (2)'!$F$6:$F$100,"") -> 34 | T35: =_xlfn.XLOOKUP($C35,'PP1 (1)'!$B$6:$B$99,'PP1 (1)'!$F$6:$F$99,"") -> 30 | U35: =_xlfn.XLOOKUP($C35,'PP1 (2)'!$B$6:$B$98,'PP1 (2)'!$F$6:$F$98,"") -> 34 | V35: =_xlfn.XLOOKUP($C35,'PP2 (1)'!$B$6:$B$106,'PP2 (1)'!$F$6:$F$106,"") | W35: =_xlfn.XLOOKUP($C35,'PP2 (2)'!$B$6:$B$100,'PP2 (2)'!$F$6:$F$100,"") | X35: =_xlfn.XLOOKUP($C35,'PP3 (1)'!$B$5:$B$106,'PP3 (1)'!$F$5:$F$106,"") | Y35: =_xlfn.XLOOKUP($C35,'PP3 (2)'!$B$5:$B$108,'PP3 (2)'!$F$5:$F$108,"") | Z35: =_xlfn.XLOOKUP($C35,'PP4 (1)'!$B$6:$B$100,'PP4 (1)'!$F$6:$F$100,"") | AA35: =_xlfn.XLOOKUP($C35,'PP4 (2)'!$B$6:$B$100,'PP4 (2)'!$F$6:$F$100,"") | AB35: =_xlfn.XLOOKUP($C35,'PP5 (1)'!$B$6:$B$100,'PP5 (1)'!$F$6:$F$100,"") | AC35: =_xlfn.XLOOKUP($C35,'PP5 (2)'!$B$6:$B$100,'PP5 (2)'!$F$6:$F$100,"") | AD35: =SUM(AE35:AP35) -> 66 | AE35: =_xlfn.XLOOKUP($C35,'MP (1)'!$B$6:$B$100,'MP (1)'!$H$6:$H$100,"") -> 19 | AF35: =_xlfn.XLOOKUP($C35,'MP (2)'!$B$6:$B$100,'MP (2)'!$H$6:$H$100,"") -> 16 | AG35: =_xlfn.XLOOKUP($C35,'PP1 (1)'!$B$6:$B$99,'PP1 (1)'!$H$6:$H$99,"") -> 16 | AH35: =_xlfn.XLOOKUP($C35,'PP1 (2)'!$B$6:$B$98,'PP1 (2)'!$H$6:$H$98,"") -> 15 | AI35: =_xlfn.XLOOKUP($C35,'PP2 (1)'!$B$6:$B$106,'PP2 (1)'!$H$6:$H$106,"") | AJ35: =_xlfn.XLOOKUP($C35,'PP2 (2)'!$B$6:$B$100,'PP2 (2)'!$H$6:$H$100,"") | AK35: =_xlfn.XLOOKUP($C35,'PP3 (1)'!$B$5:$B$106,'PP3 (1)'!$H$5:$H$106,"") | AL35: =_xlfn.XLOOKUP($C35,'PP3 (2)'!$B$5:$B$108,'PP3 (2)'!$H$5:$H$108,"") | AM35: =_xlfn.XLOOKUP($C35,'PP4 (1)'!$B$6:$B$100,'PP4 (1)'!$H$6:$H$100,"") | AN35: =_xlfn.XLOOKUP($C35,'PP4 (2)'!$B$6:$B$100,'PP4 (2)'!$H$6:$H$100,"") | AO35: =_xlfn.XLOOKUP($C35,'PP5 (1)'!$B$6:$B$100,'PP5 (1)'!$H$6:$H$100,"") | AP35: =_xlfn.XLOOKUP($C35,'PP5 (2)'!$B$6:$B$100,'PP5 (2)'!$H$6:$H$100,"")
A36: =ROW()-4 -> 32 | B36: 1 | C36: CZAJKOWSKI Marcin | D36: =SUM(E36:P36) -> 3.64 | E36: =_xlfn.XLOOKUP($C36,'MP (1)'!$B$6:$B$100,'MP (1)'!$E$6:$E$100,"") | F36: =_xlfn.XLOOKUP($C36,'MP (2)'!$B$6:$B$100,'MP (2)'!$E$6:$E$100,"") | G36: =_xlfn.XLOOKUP($C36,'PP1 (1)'!$B$6:$B$99,'PP1 (1)'!$E$6:$E$99,"") -> 0.43 | H36: =_xlfn.XLOOKUP($C36,'PP1 (2)'!$B$6:$B$98,'PP1 (2)'!$E$6:$E$98,"") -> 0.71 | I36: =_xlfn.XLOOKUP($C36,'PP2 (1)'!$B$6:$B$106,'PP2 (1)'!$E$6:$E$106,"") -> 1 | J36: =_xlfn.XLOOKUP($C36,'PP2 (2)'!$B$6:$B$100,'PP2 (2)'!$E$6:$E$100,"") -> 0.83 | K36: =_xlfn.XLOOKUP($C36,'PP3 (1)'!$B$5:$B$106,'PP3 (1)'!$E$5:$E$106,"") -> 0.67 | L36: =_xlfn.XLOOKUP($C36,'PP3 (2)'!$B$5:$B$108,'PP3 (2)'!$E$5:$E$108,"") | M36: =_xlfn.XLOOKUP($C36,'PP4 (1)'!$B$6:$B$100,'PP4 (1)'!$E$6:$E$100,"") | N36: =_xlfn.XLOOKUP($C36,'PP4 (2)'!$B$6:$B$100,'PP4 (2)'!$E$6:$E$100,"") | O36: =_xlfn.XLOOKUP($C36,'PP5 (1)'!$B$6:$B$100,'PP5 (1)'!$E$6:$E$100,"") | P36: =_xlfn.XLOOKUP($C36,'PP5 (2)'!$B$6:$B$100,'PP5 (2)'!$E$6:$E$100,"") | Q36: =SUM(R36:AC36) -> 138 | R36: =_xlfn.XLOOKUP($C36,'MP (1)'!$B$6:$B$100,'MP (1)'!$F$6:$F$100,"") | S36: =_xlfn.XLOOKUP($C36,'MP (2)'!$B$6:$B$100,'MP (2)'!$F$6:$F$100,"") | T36: =_xlfn.XLOOKUP($C36,'PP1 (1)'!$B$6:$B$99,'PP1 (1)'!$F$6:$F$99,"") -> 28 | U36: =_xlfn.XLOOKUP($C36,'PP1 (2)'!$B$6:$B$98,'PP1 (2)'!$F$6:$F$98,"") -> 30 | V36: =_xlfn.XLOOKUP($C36,'PP2 (1)'!$B$6:$B$106,'PP2 (1)'!$F$6:$F$106,"") -> 30 | W36: =_xlfn.XLOOKUP($C36,'PP2 (2)'!$B$6:$B$100,'PP2 (2)'!$F$6:$F$100,"") -> 23 | X36: =_xlfn.XLOOKUP($C36,'PP3 (1)'!$B$5:$B$106,'PP3 (1)'!$F$5:$F$106,"") -> 27 | Y36: =_xlfn.XLOOKUP($C36,'PP3 (2)'!$B$5:$B$108,'PP3 (2)'!$F$5:$F$108,"") | Z36: =_xlfn.XLOOKUP($C36,'PP4 (1)'!$B$6:$B$100,'PP4 (1)'!$F$6:$F$100,"") | AA36: =_xlfn.XLOOKUP($C36,'PP4 (2)'!$B$6:$B$100,'PP4 (2)'!$F$6:$F$100,"") | AB36: =_xlfn.XLOOKUP($C36,'PP5 (1)'!$B$6:$B$100,'PP5 (1)'!$F$6:$F$100,"") | AC36: =_xlfn.XLOOKUP($C36,'PP5 (2)'!$B$6:$B$100,'PP5 (2)'!$F$6:$F$100,"") | AD36: =SUM(AE36:AP36) -> 38 | AE36: =_xlfn.XLOOKUP($C36,'MP (1)'!$B$6:$B$100,'MP (1)'!$H$6:$H$100,"") | AF36: =_xlfn.XLOOKUP($C36,'MP (2)'!$B$6:$B$100,'MP (2)'!$H$6:$H$100,"") | AG36: =_xlfn.XLOOKUP($C36,'PP1 (1)'!$B$6:$B$99,'PP1 (1)'!$H$6:$H$99,"") -> 0 | AH36: =_xlfn.XLOOKUP($C36,'PP1 (2)'!$B$6:$B$98,'PP1 (2)'!$H$6:$H$98,"") -> 10 | AI36: =_xlfn.XLOOKUP($C36,'PP2 (1)'!$B$6:$B$106,'PP2 (1)'!$H$6:$H$106,"") -> 14 | AJ36: =_xlfn.XLOOKUP($C36,'PP2 (2)'!$B$6:$B$100,'PP2 (2)'!$H$6:$H$100,"") -> 9 | AK36: =_xlfn.XLOOKUP($C36,'PP3 (1)'!$B$5:$B$106,'PP3 (1)'!$H$5:$H$106,"") -> 5 | AL36: =_xlfn.XLOOKUP($C36,'PP3 (2)'!$B$5:$B$108,'PP3 (2)'!$H$5:$H$108,"") | AM36: =_xlfn.XLOOKUP($C36,'PP4 (1)'!$B$6:$B$100,'PP4 (1)'!$H$6:$H$100,"") | AN36: =_xlfn.XLOOKUP($C36,'PP4 (2)'!$B$6:$B$100,'PP4 (2)'!$H$6:$H$100,"") | AO36: =_xlfn.XLOOKUP($C36,'PP5 (1)'!$B$6:$B$100,'PP5 (1)'!$H$6:$H$100,"") | AP36: =_xlfn.XLOOKUP($C36,'PP5 (2)'!$B$6:$B$100,'PP5 (2)'!$H$6:$H$100,"")
A37: =ROW()-4 -> 33 | B37: 1k | C37: KLIMECKA Dorota | D37: =SUM(E37:P37) -> 3.62 | E37: =_xlfn.XLOOKUP($C37,'MP (1)'!$B$6:$B$100,'MP (1)'!$E$6:$E$100,"") -> 0.43 | F37: =_xlfn.XLOOKUP($C37,'MP (2)'!$B$6:$B$100,'MP (2)'!$E$6:$E$100,"") -> 0.29 | G37: =_xlfn.XLOOKUP($C37,'PP1 (1)'!$B$6:$B$99,'PP1 (1)'!$E$6:$E$99,"") -> 0 | H37: =_xlfn.XLOOKUP($C37,'PP1 (2)'!$B$6:$B$98,'PP1 (2)'!$E$6:$E$98,"") -> 0.29 | I37: =_xlfn.XLOOKUP($C37,'PP2 (1)'!$B$6:$B$106,'PP2 (1)'!$E$6:$E$106,"") -> 0.33 | J37: =_xlfn.XLOOKUP($C37,'PP2 (2)'!$B$6:$B$100,'PP2 (2)'!$E$6:$E$100,"") -> 0.17 | K37: =_xlfn.XLOOKUP($C37,'PP3 (1)'!$B$5:$B$106,'PP3 (1)'!$E$5:$E$106,"") -> 0.2 | L37: =_xlfn.XLOOKUP($C37,'PP3 (2)'!$B$5:$B$108,'PP3 (2)'!$E$5:$E$108,"") -> 0.67 | M37: =_xlfn.XLOOKUP($C37,'PP4 (1)'!$B$6:$B$100,'PP4 (1)'!$E$6:$E$100,"") -> 0.17 | N37: =_xlfn.XLOOKUP($C37,'PP4 (2)'!$B$6:$B$100,'PP4 (2)'!$E$6:$E$100,"") -> 0.17 | O37: =_xlfn.XLOOKUP($C37,'PP5 (1)'!$B$6:$B$100,'PP5 (1)'!$E$6:$E$100,"") -> 0.4 | P37: =_xlfn.XLOOKUP($C37,'PP5 (2)'!$B$6:$B$100,'PP5 (2)'!$E$6:$E$100,"") -> 0.5 | Q37: =SUM(R37:AC37) -> 220 | R37: =_xlfn.XLOOKUP($C37,'MP (1)'!$B$6:$B$100,'MP (1)'!$F$6:$F$100,"") -> 26 | S37: =_xlfn.XLOOKUP($C37,'MP (2)'!$B$6:$B$100,'MP (2)'!$F$6:$F$100,"") -> 24 | T37: =_xlfn.XLOOKUP($C37,'PP1 (1)'!$B$6:$B$99,'PP1 (1)'!$F$6:$F$99,"") -> 13 | U37: =_xlfn.XLOOKUP($C37,'PP1 (2)'!$B$6:$B$98,'PP1 (2)'!$F$6:$F$98,"") -> 21 | V37: =_xlfn.XLOOKUP($C37,'PP2 (1)'!$B$6:$B$106,'PP2 (1)'!$F$6:$F$106,"") -> 16 | W37: =_xlfn.XLOOKUP($C37,'PP2 (2)'!$B$6:$B$100,'PP2 (2)'!$F$6:$F$100,"") -> 17 | X37: =_xlfn.XLOOKUP($C37,'PP3 (1)'!$B$5:$B$106,'PP3 (1)'!$F$5:$F$106,"") -> 13 | Y37: =_xlfn.XLOOKUP($C37,'PP3 (2)'!$B$5:$B$108,'PP3 (2)'!$F$5:$F$108,"") -> 22 | Z37: =_xlfn.XLOOKUP($C37,'PP4 (1)'!$B$6:$B$100,'PP4 (1)'!$F$6:$F$100,"") -> 15 | AA37: =_xlfn.XLOOKUP($C37,'PP4 (2)'!$B$6:$B$100,'PP4 (2)'!$F$6:$F$100,"") -> 17 | AB37: =_xlfn.XLOOKUP($C37,'PP5 (1)'!$B$6:$B$100,'PP5 (1)'!$F$6:$F$100,"") -> 15 | AC37: =_xlfn.XLOOKUP($C37,'PP5 (2)'!$B$6:$B$100,'PP5 (2)'!$F$6:$F$100,"") -> 21 | AD37: =SUM(AE37:AP37) -> -88 | AE37: =_xlfn.XLOOKUP($C37,'MP (1)'!$B$6:$B$100,'MP (1)'!$H$6:$H$100,"") -> -3 | AF37: =_xlfn.XLOOKUP($C37,'MP (2)'!$B$6:$B$100,'MP (2)'!$H$6:$H$100,"") -> -4 | AG37: =_xlfn.XLOOKUP($C37,'PP1 (1)'!$B$6:$B$99,'PP1 (1)'!$H$6:$H$99,"") -> -17 | AH37: =_xlfn.XLOOKUP($C37,'PP1 (2)'!$B$6:$B$98,'PP1 (2)'!$H$6:$H$98,"") -> -10 | AI37: =_xlfn.XLOOKUP($C37,'PP2 (1)'!$B$6:$B$106,'PP2 (1)'!$H$6:$H$106,"") -> -8 | AJ37: =_xlfn.XLOOKUP($C37,'PP2 (2)'!$B$6:$B$100,'PP2 (2)'!$H$6:$H$100,"") -> -11 | AK37: =_xlfn.XLOOKUP($C37,'PP3 (1)'!$B$5:$B$106,'PP3 (1)'!$H$5:$H$106,"") -> -10 | AL37: =_xlfn.XLOOKUP($C37,'PP3 (2)'!$B$5:$B$108,'PP3 (2)'!$H$5:$H$108,"") -> 1 | AM37: =_xlfn.XLOOKUP($C37,'PP4 (1)'!$B$6:$B$100,'PP4 (1)'!$H$6:$H$100,"") -> -13 | AN37: =_xlfn.XLOOKUP($C37,'PP4 (2)'!$B$6:$B$100,'PP4 (2)'!$H$6:$H$100,"") -> -9 | AO37: =_xlfn.XLOOKUP($C37,'PP5 (1)'!$B$6:$B$100,'PP5 (1)'!$H$6:$H$100,"") -> -2 | AP37: =_xlfn.XLOOKUP($C37,'PP5 (2)'!$B$6:$B$100,'PP5 (2)'!$H$6:$H$100,"") -> -2
A38: =ROW()-4 -> 34 | B38: 3 | C38: MAŁASIŃSKI Adam | D38: =SUM(E38:P38) -> 3.53 | E38: =_xlfn.XLOOKUP($C38,'MP (1)'!$B$6:$B$100,'MP (1)'!$E$6:$E$100,"") -> 0.83 | F38: =_xlfn.XLOOKUP($C38,'MP (2)'!$B$6:$B$100,'MP (2)'!$E$6:$E$100,"") -> 0.86 | G38: =_xlfn.XLOOKUP($C38,'PP1 (1)'!$B$6:$B$99,'PP1 (1)'!$E$6:$E$99,"") | H38: =_xlfn.XLOOKUP($C38,'PP1 (2)'!$B$6:$B$98,'PP1 (2)'!$E$6:$E$98,"") | I38: =_xlfn.XLOOKUP($C38,'PP2 (1)'!$B$6:$B$106,'PP2 (1)'!$E$6:$E$106,"") | J38: =_xlfn.XLOOKUP($C38,'PP2 (2)'!$B$6:$B$100,'PP2 (2)'!$E$6:$E$100,"") | K38: =_xlfn.XLOOKUP($C38,'PP3 (1)'!$B$5:$B$106,'PP3 (1)'!$E$5:$E$106,"") -> 0.17 | L38: =_xlfn.XLOOKUP($C38,'PP3 (2)'!$B$5:$B$108,'PP3 (2)'!$E$5:$E$108,"") -> 0.5 | M38: =_xlfn.XLOOKUP($C38,'PP4 (1)'!$B$6:$B$100,'PP4 (1)'!$E$6:$E$100,"") -> 0.5 | N38: =_xlfn.XLOOKUP($C38,'PP4 (2)'!$B$6:$B$100,'PP4 (2)'!$E$6:$E$100,"") -> 0.67 | O38: =_xlfn.XLOOKUP($C38,'PP5 (1)'!$B$6:$B$100,'PP5 (1)'!$E$6:$E$100,"") | P38: =_xlfn.XLOOKUP($C38,'PP5 (2)'!$B$6:$B$100,'PP5 (2)'!$E$6:$E$100,"") | Q38: =SUM(R38:AC38) -> 148 | R38: =_xlfn.XLOOKUP($C38,'MP (1)'!$B$6:$B$100,'MP (1)'!$F$6:$F$100,"") -> 29 | S38: =_xlfn.XLOOKUP($C38,'MP (2)'!$B$6:$B$100,'MP (2)'!$F$6:$F$100,"") -> 34 | T38: =_xlfn.XLOOKUP($C38,'PP1 (1)'!$B$6:$B$99,'PP1 (1)'!$F$6:$F$99,"") | U38: =_xlfn.XLOOKUP($C38,'PP1 (2)'!$B$6:$B$98,'PP1 (2)'!$F$6:$F$98,"") | V38: =_xlfn.XLOOKUP($C38,'PP2 (1)'!$B$6:$B$106,'PP2 (1)'!$F$6:$F$106,"") | W38: =_xlfn.XLOOKUP($C38,'PP2 (2)'!$B$6:$B$100,'PP2 (2)'!$F$6:$F$100,"") | X38: =_xlfn.XLOOKUP($C38,'PP3 (1)'!$B$5:$B$106,'PP3 (1)'!$F$5:$F$106,"") -> 20 | Y38: =_xlfn.XLOOKUP($C38,'PP3 (2)'!$B$5:$B$108,'PP3 (2)'!$F$5:$F$108,"") -> 20 | Z38: =_xlfn.XLOOKUP($C38,'PP4 (1)'!$B$6:$B$100,'PP4 (1)'!$F$6:$F$100,"") -> 21 | AA38: =_xlfn.XLOOKUP($C38,'PP4 (2)'!$B$6:$B$100,'PP4 (2)'!$F$6:$F$100,"") -> 24 | AB38: =_xlfn.XLOOKUP($C38,'PP5 (1)'!$B$6:$B$100,'PP5 (1)'!$F$6:$F$100,"") | AC38: =_xlfn.XLOOKUP($C38,'PP5 (2)'!$B$6:$B$100,'PP5 (2)'!$F$6:$F$100,"") | AD38: =SUM(AE38:AP38) -> 17 | AE38: =_xlfn.XLOOKUP($C38,'MP (1)'!$B$6:$B$100,'MP (1)'!$H$6:$H$100,"") -> 10 | AF38: =_xlfn.XLOOKUP($C38,'MP (2)'!$B$6:$B$100,'MP (2)'!$H$6:$H$100,"") -> 11 | AG38: =_xlfn.XLOOKUP($C38,'PP1 (1)'!$B$6:$B$99,'PP1 (1)'!$H$6:$H$99,"") | AH38: =_xlfn.XLOOKUP($C38,'PP1 (2)'!$B$6:$B$98,'PP1 (2)'!$H$6:$H$98,"") | AI38: =_xlfn.XLOOKUP($C38,'PP2 (1)'!$B$6:$B$106,'PP2 (1)'!$H$6:$H$106,"") | AJ38: =_xlfn.XLOOKUP($C38,'PP2 (2)'!$B$6:$B$100,'PP2 (2)'!$H$6:$H$100,"") | AK38: =_xlfn.XLOOKUP($C38,'PP3 (1)'!$B$5:$B$106,'PP3 (1)'!$H$5:$H$106,"") -> -6 | AL38: =_xlfn.XLOOKUP($C38,'PP3 (2)'!$B$5:$B$108,'PP3 (2)'!$H$5:$H$108,"") -> 0 | AM38: =_xlfn.XLOOKUP($C38,'PP4 (1)'!$B$6:$B$100,'PP4 (1)'!$H$6:$H$100,"") -> -2 | AN38: =_xlfn.XLOOKUP($C38,'PP4 (2)'!$B$6:$B$100,'PP4 (2)'!$H$6:$H$100,"") -> 4 | AO38: =_xlfn.XLOOKUP($C38,'PP5 (1)'!$B$6:$B$100,'PP5 (1)'!$H$6:$H$100,"") | AP38: =_xlfn.XLOOKUP($C38,'PP5 (2)'!$B$6:$B$100,'PP5 (2)'!$H$6:$H$100,"")
A39: =ROW()-4 -> 35 | B39: 1 | C39: WASIOŁKA Sebastian | D39: =SUM(E39:P39) -> 3.5 | E39: =_xlfn.XLOOKUP($C39,'MP (1)'!$B$6:$B$100,'MP (1)'!$E$6:$E$100,"") -> 1 | F39: =_xlfn.XLOOKUP($C39,'MP (2)'!$B$6:$B$100,'MP (2)'!$E$6:$E$100,"") -> 0.83 | G39: =_xlfn.XLOOKUP($C39,'PP1 (1)'!$B$6:$B$99,'PP1 (1)'!$E$6:$E$99,"") | H39: =_xlfn.XLOOKUP($C39,'PP1 (2)'!$B$6:$B$98,'PP1 (2)'!$E$6:$E$98,"") | I39: =_xlfn.XLOOKUP($C39,'PP2 (1)'!$B$6:$B$106,'PP2 (1)'!$E$6:$E$106,"") | J39: =_xlfn.XLOOKUP($C39,'PP2 (2)'!$B$6:$B$100,'PP2 (2)'!$E$6:$E$100,"") | K39: =_xlfn.XLOOKUP($C39,'PP3 (1)'!$B$5:$B$106,'PP3 (1)'!$E$5:$E$106,"") | L39: =_xlfn.XLOOKUP($C39,'PP3 (2)'!$B$5:$B$108,'PP3 (2)'!$E$5:$E$108,"") | M39: =_xlfn.XLOOKUP($C39,'PP4 (1)'!$B$6:$B$100,'PP4 (1)'!$E$6:$E$100,"") | N39: =_xlfn.XLOOKUP($C39,'PP4 (2)'!$B$6:$B$100,'PP4 (2)'!$E$6:$E$100,"") | O39: =_xlfn.XLOOKUP($C39,'PP5 (1)'!$B$6:$B$100,'PP5 (1)'!$E$6:$E$100,"") -> 0.67 | P39: =_xlfn.XLOOKUP($C39,'PP5 (2)'!$B$6:$B$100,'PP5 (2)'!$E$6:$E$100,"") -> 1 | Q39: =SUM(R39:AC39) -> 112 | R39: =_xlfn.XLOOKUP($C39,'MP (1)'!$B$6:$B$100,'MP (1)'!$F$6:$F$100,"") -> 26 | S39: =_xlfn.XLOOKUP($C39,'MP (2)'!$B$6:$B$100,'MP (2)'!$F$6:$F$100,"") -> 28 | T39: =_xlfn.XLOOKUP($C39,'PP1 (1)'!$B$6:$B$99,'PP1 (1)'!$F$6:$F$99,"") | U39: =_xlfn.XLOOKUP($C39,'PP1 (2)'!$B$6:$B$98,'PP1 (2)'!$F$6:$F$98,"") | V39: =_xlfn.XLOOKUP($C39,'PP2 (1)'!$B$6:$B$106,'PP2 (1)'!$F$6:$F$106,"") | W39: =_xlfn.XLOOKUP($C39,'PP2 (2)'!$B$6:$B$100,'PP2 (2)'!$F$6:$F$100,"") | X39: =_xlfn.XLOOKUP($C39,'PP3 (1)'!$B$5:$B$106,'PP3 (1)'!$F$5:$F$106,"") | Y39: =_xlfn.XLOOKUP($C39,'PP3 (2)'!$B$5:$B$108,'PP3 (2)'!$F$5:$F$108,"") | Z39: =_xlfn.XLOOKUP($C39,'PP4 (1)'!$B$6:$B$100,'PP4 (1)'!$F$6:$F$100,"") | AA39: =_xlfn.XLOOKUP($C39,'PP4 (2)'!$B$6:$B$100,'PP4 (2)'!$F$6:$F$100,"") | AB39: =_xlfn.XLOOKUP($C39,'PP5 (1)'!$B$6:$B$100,'PP5 (1)'!$F$6:$F$100,"") -> 28 | AC39: =_xlfn.XLOOKUP($C39,'PP5 (2)'!$B$6:$B$100,'PP5 (2)'!$F$6:$F$100,"") -> 30 | AD39: =SUM(AE39:AP39) -> 65 | AE39: =_xlfn.XLOOKUP($C39,'MP (1)'!$B$6:$B$100,'MP (1)'!$H$6:$H$100,"") -> 10 | AF39: =_xlfn.XLOOKUP($C39,'MP (2)'!$B$6:$B$100,'MP (2)'!$H$6:$H$100,"") -> 19 | AG39: =_xlfn.XLOOKUP($C39,'PP1 (1)'!$B$6:$B$99,'PP1 (1)'!$H$6:$H$99,"") | AH39: =_xlfn.XLOOKUP($C39,'PP1 (2)'!$B$6:$B$98,'PP1 (2)'!$H$6:$H$98,"") | AI39: =_xlfn.XLOOKUP($C39,'PP2 (1)'!$B$6:$B$106,'PP2 (1)'!$H$6:$H$106,"") | AJ39: =_xlfn.XLOOKUP($C39,'PP2 (2)'!$B$6:$B$100,'PP2 (2)'!$H$6:$H$100,"") | AK39: =_xlfn.XLOOKUP($C39,'PP3 (1)'!$B$5:$B$106,'PP3 (1)'!$H$5:$H$106,"") | AL39: =_xlfn.XLOOKUP($C39,'PP3 (2)'!$B$5:$B$108,'PP3 (2)'!$H$5:$H$108,"") | AM39: =_xlfn.XLOOKUP($C39,'PP4 (1)'!$B$6:$B$100,'PP4 (1)'!$H$6:$H$100,"") | AN39: =_xlfn.XLOOKUP($C39,'PP4 (2)'!$B$6:$B$100,'PP4 (2)'!$H$6:$H$100,"") | AO39: =_xlfn.XLOOKUP($C39,'PP5 (1)'!$B$6:$B$100,'PP5 (1)'!$H$6:$H$100,"") -> 14 | AP39: =_xlfn.XLOOKUP($C39,'PP5 (2)'!$B$6:$B$100,'PP5 (2)'!$H$6:$H$100,"") -> 22
A40: =ROW()-4 -> 36 | B40: 4 | C40: JUSZKIEWICZ Piotr | D40: =SUM(E40:P40) -> 3.43 | E40: =_xlfn.XLOOKUP($C40,'MP (1)'!$B$6:$B$100,'MP (1)'!$E$6:$E$100,"") -> 0.57 | F40: =_xlfn.XLOOKUP($C40,'MP (2)'!$B$6:$B$100,'MP (2)'!$E$6:$E$100,"") -> 0.33 | G40: =_xlfn.XLOOKUP($C40,'PP1 (1)'!$B$6:$B$99,'PP1 (1)'!$E$6:$E$99,"") -> 0.71 | H40: =_xlfn.XLOOKUP($C40,'PP1 (2)'!$B$6:$B$98,'PP1 (2)'!$E$6:$E$98,"") -> 0.29 | I40: =_xlfn.XLOOKUP($C40,'PP2 (1)'!$B$6:$B$106,'PP2 (1)'!$E$6:$E$106,"") | J40: =_xlfn.XLOOKUP($C40,'PP2 (2)'!$B$6:$B$100,'PP2 (2)'!$E$6:$E$100,"") | K40: =_xlfn.XLOOKUP($C40,'PP3 (1)'!$B$5:$B$106,'PP3 (1)'!$E$5:$E$106,"") -> 0.5 | L40: =_xlfn.XLOOKUP($C40,'PP3 (2)'!$B$5:$B$108,'PP3 (2)'!$E$5:$E$108,"") -> 0.2 | M40: =_xlfn.XLOOKUP($C40,'PP4 (1)'!$B$6:$B$100,'PP4 (1)'!$E$6:$E$100,"") -> 0.33 | N40: =_xlfn.XLOOKUP($C40,'PP4 (2)'!$B$6:$B$100,'PP4 (2)'!$E$6:$E$100,"") -> 0.17 | O40: =_xlfn.XLOOKUP($C40,'PP5 (1)'!$B$6:$B$100,'PP5 (1)'!$E$6:$E$100,"") -> 0 | P40: =_xlfn.XLOOKUP($C40,'PP5 (2)'!$B$6:$B$100,'PP5 (2)'!$E$6:$E$100,"") -> 0.33 | Q40: =SUM(R40:AC40) -> 195 | R40: =_xlfn.XLOOKUP($C40,'MP (1)'!$B$6:$B$100,'MP (1)'!$F$6:$F$100,"") -> 23 | S40: =_xlfn.XLOOKUP($C40,'MP (2)'!$B$6:$B$100,'MP (2)'!$F$6:$F$100,"") -> 19 | T40: =_xlfn.XLOOKUP($C40,'PP1 (1)'!$B$6:$B$99,'PP1 (1)'!$F$6:$F$99,"") -> 29 | U40: =_xlfn.XLOOKUP($C40,'PP1 (2)'!$B$6:$B$98,'PP1 (2)'!$F$6:$F$98,"") -> 23 | V40: =_xlfn.XLOOKUP($C40,'PP2 (1)'!$B$6:$B$106,'PP2 (1)'!$F$6:$F$106,"") | W40: =_xlfn.XLOOKUP($C40,'PP2 (2)'!$B$6:$B$100,'PP2 (2)'!$F$6:$F$100,"") | X40: =_xlfn.XLOOKUP($C40,'PP3 (1)'!$B$5:$B$106,'PP3 (1)'!$F$5:$F$106,"") -> 20 | Y40: =_xlfn.XLOOKUP($C40,'PP3 (2)'!$B$5:$B$108,'PP3 (2)'!$F$5:$F$108,"") -> 17 | Z40: =_xlfn.XLOOKUP($C40,'PP4 (1)'!$B$6:$B$100,'PP4 (1)'!$F$6:$F$100,"") -> 17 | AA40: =_xlfn.XLOOKUP($C40,'PP4 (2)'!$B$6:$B$100,'PP4 (2)'!$F$6:$F$100,"") -> 20 | AB40: =_xlfn.XLOOKUP($C40,'PP5 (1)'!$B$6:$B$100,'PP5 (1)'!$F$6:$F$100,"") -> 9 | AC40: =_xlfn.XLOOKUP($C40,'PP5 (2)'!$B$6:$B$100,'PP5 (2)'!$F$6:$F$100,"") -> 18 | AD40: =SUM(AE40:AP40) -> -52 | AE40: =_xlfn.XLOOKUP($C40,'MP (1)'!$B$6:$B$100,'MP (1)'!$H$6:$H$100,"") -> -4 | AF40: =_xlfn.XLOOKUP($C40,'MP (2)'!$B$6:$B$100,'MP (2)'!$H$6:$H$100,"") -> -3 | AG40: =_xlfn.XLOOKUP($C40,'PP1 (1)'!$B$6:$B$99,'PP1 (1)'!$H$6:$H$99,"") -> 6 | AH40: =_xlfn.XLOOKUP($C40,'PP1 (2)'!$B$6:$B$98,'PP1 (2)'!$H$6:$H$98,"") -> -6 | AI40: =_xlfn.XLOOKUP($C40,'PP2 (1)'!$B$6:$B$106,'PP2 (1)'!$H$6:$H$106,"") | AJ40: =_xlfn.XLOOKUP($C40,'PP2 (2)'!$B$6:$B$100,'PP2 (2)'!$H$6:$H$100,"") | AK40: =_xlfn.XLOOKUP($C40,'PP3 (1)'!$B$5:$B$106,'PP3 (1)'!$H$5:$H$106,"") -> 0 | AL40: =_xlfn.XLOOKUP($C40,'PP3 (2)'!$B$5:$B$108,'PP3 (2)'!$H$5:$H$108,"") -> -6 | AM40: =_xlfn.XLOOKUP($C40,'PP4 (1)'!$B$6:$B$100,'PP4 (1)'!$H$6:$H$100,"") -> -9 | AN40: =_xlfn.XLOOKUP($C40,'PP4 (2)'!$B$6:$B$100,'PP4 (2)'!$H$6:$H$100,"") -> -8 | AO40: =_xlfn.XLOOKUP($C40,'PP5 (1)'!$B$6:$B$100,'PP5 (1)'!$H$6:$H$100,"") -> -14 | AP40: =_xlfn.XLOOKUP($C40,'PP5 (2)'!$B$6:$B$100,'PP5 (2)'!$H$6:$H$100,"") -> -8
A41: =ROW()-4 -> 37 | B41: 2 | C41: TRACZ Jerzy | D41: =SUM(E41:P41) -> 3.33 | E41: =_xlfn.XLOOKUP($C41,'MP (1)'!$B$6:$B$100,'MP (1)'!$E$6:$E$100,"") -> 0.33 | F41: =_xlfn.XLOOKUP($C41,'MP (2)'!$B$6:$B$100,'MP (2)'!$E$6:$E$100,"") -> 0.33 | G41: =_xlfn.XLOOKUP($C41,'PP1 (1)'!$B$6:$B$99,'PP1 (1)'!$E$6:$E$99,"") -> 0.67 | H41: =_xlfn.XLOOKUP($C41,'PP1 (2)'!$B$6:$B$98,'PP1 (2)'!$E$6:$E$98,"") -> 0.5 | I41: =_xlfn.XLOOKUP($C41,'PP2 (1)'!$B$6:$B$106,'PP2 (1)'!$E$6:$E$106,"") | J41: =_xlfn.XLOOKUP($C41,'PP2 (2)'!$B$6:$B$100,'PP2 (2)'!$E$6:$E$100,"") | K41: =_xlfn.XLOOKUP($C41,'PP3 (1)'!$B$5:$B$106,'PP3 (1)'!$E$5:$E$106,"") -> 0.33 | L41: =_xlfn.XLOOKUP($C41,'PP3 (2)'!$B$5:$B$108,'PP3 (2)'!$E$5:$E$108,"") -> 0.4 | M41: =_xlfn.XLOOKUP($C41,'PP4 (1)'!$B$6:$B$100,'PP4 (1)'!$E$6:$E$100,"") -> 0.6 | N41: =_xlfn.XLOOKUP($C41,'PP4 (2)'!$B$6:$B$100,'PP4 (2)'!$E$6:$E$100,"") -> 0.17 | O41: =_xlfn.XLOOKUP($C41,'PP5 (1)'!$B$6:$B$100,'PP5 (1)'!$E$6:$E$100,"") | P41: =_xlfn.XLOOKUP($C41,'PP5 (2)'!$B$6:$B$100,'PP5 (2)'!$E$6:$E$100,"") | Q41: =SUM(R41:AC41) -> 158 | R41: =_xlfn.XLOOKUP($C41,'MP (1)'!$B$6:$B$100,'MP (1)'!$F$6:$F$100,"") -> 21 | S41: =_xlfn.XLOOKUP($C41,'MP (2)'!$B$6:$B$100,'MP (2)'!$F$6:$F$100,"") -> 17 | T41: =_xlfn.XLOOKUP($C41,'PP1 (1)'!$B$6:$B$99,'PP1 (1)'!$F$6:$F$99,"") -> 23 | U41: =_xlfn.XLOOKUP($C41,'PP1 (2)'!$B$6:$B$98,'PP1 (2)'!$F$6:$F$98,"") -> 21 | V41: =_xlfn.XLOOKUP($C41,'PP2 (1)'!$B$6:$B$106,'PP2 (1)'!$F$6:$F$106,"") | W41: =_xlfn.XLOOKUP($C41,'PP2 (2)'!$B$6:$B$100,'PP2 (2)'!$F$6:$F$100,"") | X41: =_xlfn.XLOOKUP($C41,'PP3 (1)'!$B$5:$B$106,'PP3 (1)'!$F$5:$F$106,"") -> 20 | Y41: =_xlfn.XLOOKUP($C41,'PP3 (2)'!$B$5:$B$108,'PP3 (2)'!$F$5:$F$108,"") -> 22 | Z41: =_xlfn.XLOOKUP($C41,'PP4 (1)'!$B$6:$B$100,'PP4 (1)'!$F$6:$F$100,"") -> 21 | AA41: =_xlfn.XLOOKUP($C41,'PP4 (2)'!$B$6:$B$100,'PP4 (2)'!$F$6:$F$100,"") -> 13 | AB41: =_xlfn.XLOOKUP($C41,'PP5 (1)'!$B$6:$B$100,'PP5 (1)'!$F$6:$F$100,"") | AC41: =_xlfn.XLOOKUP($C41,'PP5 (2)'!$B$6:$B$100,'PP5 (2)'!$F$6:$F$100,"") | AD41: =SUM(AE41:AP41) -> -21 | AE41: =_xlfn.XLOOKUP($C41,'MP (1)'!$B$6:$B$100,'MP (1)'!$H$6:$H$100,"") -> -3 | AF41: =_xlfn.XLOOKUP($C41,'MP (2)'!$B$6:$B$100,'MP (2)'!$H$6:$H$100,"") -> -8 | AG41: =_xlfn.XLOOKUP($C41,'PP1 (1)'!$B$6:$B$99,'PP1 (1)'!$H$6:$H$99,"") -> 3 | AH41: =_xlfn.XLOOKUP($C41,'PP1 (2)'!$B$6:$B$98,'PP1 (2)'!$H$6:$H$98,"") -> -4 | AI41: =_xlfn.XLOOKUP($C41,'PP2 (1)'!$B$6:$B$106,'PP2 (1)'!$H$6:$H$106,"") | AJ41: =_xlfn.XLOOKUP($C41,'PP2 (2)'!$B$6:$B$100,'PP2 (2)'!$H$6:$H$100,"") | AK41: =_xlfn.XLOOKUP($C41,'PP3 (1)'!$B$5:$B$106,'PP3 (1)'!$H$5:$H$106,"") -> -4 | AL41: =_xlfn.XLOOKUP($C41,'PP3 (2)'!$B$5:$B$108,'PP3 (2)'!$H$5:$H$108,"") -> -1 | AM41: =_xlfn.XLOOKUP($C41,'PP4 (1)'!$B$6:$B$100,'PP4 (1)'!$H$6:$H$100,"") -> 9 | AN41: =_xlfn.XLOOKUP($C41,'PP4 (2)'!$B$6:$B$100,'PP4 (2)'!$H$6:$H$100,"") -> -13 | AO41: =_xlfn.XLOOKUP($C41,'PP5 (1)'!$B$6:$B$100,'PP5 (1)'!$H$6:$H$100,"") | AP41: =_xlfn.XLOOKUP($C41,'PP5 (2)'!$B$6:$B$100,'PP5 (2)'!$H$6:$H$100,"")
A42: =ROW()-4 -> 38 | B42: 4 | C42: KIERSZNICKI Ryszard | D42: =SUM(E42:P42) -> 3.29 | E42: =_xlfn.XLOOKUP($C42,'MP (1)'!$B$6:$B$100,'MP (1)'!$E$6:$E$100,"") -> 0.17 | F42: =_xlfn.XLOOKUP($C42,'MP (2)'!$B$6:$B$100,'MP (2)'!$E$6:$E$100,"") -> 0.29 | G42: =_xlfn.XLOOKUP($C42,'PP1 (1)'!$B$6:$B$99,'PP1 (1)'!$E$6:$E$99,"") -> 0.43 | H42: =_xlfn.XLOOKUP($C42,'PP1 (2)'!$B$6:$B$98,'PP1 (2)'!$E$6:$E$98,"") -> 0.57 | I42: =_xlfn.XLOOKUP($C42,'PP2 (1)'!$B$6:$B$106,'PP2 (1)'!$E$6:$E$106,"") -> 0.33 | J42: =_xlfn.XLOOKUP($C42,'PP2 (2)'!$B$6:$B$100,'PP2 (2)'!$E$6:$E$100,"") -> 0.33 | K42: =_xlfn.XLOOKUP($C42,'PP3 (1)'!$B$5:$B$106,'PP3 (1)'!$E$5:$E$106,"") | L42: =_xlfn.XLOOKUP($C42,'PP3 (2)'!$B$5:$B$108,'PP3 (2)'!$E$5:$E$108,"") | M42: =_xlfn.XLOOKUP($C42,'PP4 (1)'!$B$6:$B$100,'PP4 (1)'!$E$6:$E$100,"") -> 0.17 | N42: =_xlfn.XLOOKUP($C42,'PP4 (2)'!$B$6:$B$100,'PP4 (2)'!$E$6:$E$100,"") -> 0.5 | O42: =_xlfn.XLOOKUP($C42,'PP5 (1)'!$B$6:$B$100,'PP5 (1)'!$E$6:$E$100,"") -> 0.17 | P42: =_xlfn.XLOOKUP($C42,'PP5 (2)'!$B$6:$B$100,'PP5 (2)'!$E$6:$E$100,"") -> 0.33 | Q42: =SUM(R42:AC42) -> 197 | R42: =_xlfn.XLOOKUP($C42,'MP (1)'!$B$6:$B$100,'MP (1)'!$F$6:$F$100,"") -> 13 | S42: =_xlfn.XLOOKUP($C42,'MP (2)'!$B$6:$B$100,'MP (2)'!$F$6:$F$100,"") -> 22 | T42: =_xlfn.XLOOKUP($C42,'PP1 (1)'!$B$6:$B$99,'PP1 (1)'!$F$6:$F$99,"") -> 24 | U42: =_xlfn.XLOOKUP($C42,'PP1 (2)'!$B$6:$B$98,'PP1 (2)'!$F$6:$F$98,"") -> 28 | V42: =_xlfn.XLOOKUP($C42,'PP2 (1)'!$B$6:$B$106,'PP2 (1)'!$F$6:$F$106,"") -> 23 | W42: =_xlfn.XLOOKUP($C42,'PP2 (2)'!$B$6:$B$100,'PP2 (2)'!$F$6:$F$100,"") -> 18 | X42: =_xlfn.XLOOKUP($C42,'PP3 (1)'!$B$5:$B$106,'PP3 (1)'!$F$5:$F$106,"") | Y42: =_xlfn.XLOOKUP($C42,'PP3 (2)'!$B$5:$B$108,'PP3 (2)'!$F$5:$F$108,"") | Z42: =_xlfn.XLOOKUP($C42,'PP4 (1)'!$B$6:$B$100,'PP4 (1)'!$F$6:$F$100,"") -> 14 | AA42: =_xlfn.XLOOKUP($C42,'PP4 (2)'!$B$6:$B$100,'PP4 (2)'!$F$6:$F$100,"") -> 21 | AB42: =_xlfn.XLOOKUP($C42,'PP5 (1)'!$B$6:$B$100,'PP5 (1)'!$F$6:$F$100,"") -> 14 | AC42: =_xlfn.XLOOKUP($C42,'PP5 (2)'!$B$6:$B$100,'PP5 (2)'!$F$6:$F$100,"") -> 20 | AD42: =SUM(AE42:AP42) -> -76 | AE42: =_xlfn.XLOOKUP($C42,'MP (1)'!$B$6:$B$100,'MP (1)'!$H$6:$H$100,"") -> -15 | AF42: =_xlfn.XLOOKUP($C42,'MP (2)'!$B$6:$B$100,'MP (2)'!$H$6:$H$100,"") -> -10 | AG42: =_xlfn.XLOOKUP($C42,'PP1 (1)'!$B$6:$B$99,'PP1 (1)'!$H$6:$H$99,"") -> -7 | AH42: =_xlfn.XLOOKUP($C42,'PP1 (2)'!$B$6:$B$98,'PP1 (2)'!$H$6:$H$98,"") -> 2 | AI42: =_xlfn.XLOOKUP($C42,'PP2 (1)'!$B$6:$B$106,'PP2 (1)'!$H$6:$H$106,"") -> -5 | AJ42: =_xlfn.XLOOKUP($C42,'PP2 (2)'!$B$6:$B$100,'PP2 (2)'!$H$6:$H$100,"") -> -7 | AK42: =_xlfn.XLOOKUP($C42,'PP3 (1)'!$B$5:$B$106,'PP3 (1)'!$H$5:$H$106,"") | AL42: =_xlfn.XLOOKUP($C42,'PP3 (2)'!$B$5:$B$108,'PP3 (2)'!$H$5:$H$108,"") | AM42: =_xlfn.XLOOKUP($C42,'PP4 (1)'!$B$6:$B$100,'PP4 (1)'!$H$6:$H$100,"") -> -13 | AN42: =_xlfn.XLOOKUP($C42,'PP4 (2)'!$B$6:$B$100,'PP4 (2)'!$H$6:$H$100,"") -> 0 | AO42: =_xlfn.XLOOKUP($C42,'PP5 (1)'!$B$6:$B$100,'PP5 (1)'!$H$6:$H$100,"") -> -15 | AP42: =_xlfn.XLOOKUP($C42,'PP5 (2)'!$B$6:$B$100,'PP5 (2)'!$H$6:$H$100,"") -> -6
A43: =ROW()-4 -> 39 | B43: 2 | C43: WIERZBICKI Jacek | D43: =SUM(E43:P43) -> 3.23 | E43: =_xlfn.XLOOKUP($C43,'MP (1)'!$B$6:$B$100,'MP (1)'!$E$6:$E$100,"") | F43: =_xlfn.XLOOKUP($C43,'MP (2)'!$B$6:$B$100,'MP (2)'!$E$6:$E$100,"") | G43: =_xlfn.XLOOKUP($C43,'PP1 (1)'!$B$6:$B$99,'PP1 (1)'!$E$6:$E$99,"") -> 0.33 | H43: =_xlfn.XLOOKUP($C43,'PP1 (2)'!$B$6:$B$98,'PP1 (2)'!$E$6:$E$98,"") -> 0.33 | I43: =_xlfn.XLOOKUP($C43,'PP2 (1)'!$B$6:$B$106,'PP2 (1)'!$E$6:$E$106,"") -> 0.17 | J43: =_xlfn.XLOOKUP($C43,'PP2 (2)'!$B$6:$B$100,'PP2 (2)'!$E$6:$E$100,"") -> 0.5 | K43: =_xlfn.XLOOKUP($C43,'PP3 (1)'!$B$5:$B$106,'PP3 (1)'!$E$5:$E$106,"") -> 0.2 | L43: =_xlfn.XLOOKUP($C43,'PP3 (2)'!$B$5:$B$108,'PP3 (2)'!$E$5:$E$108,"") -> 0.2 | M43: =_xlfn.XLOOKUP($C43,'PP4 (1)'!$B$6:$B$100,'PP4 (1)'!$E$6:$E$100,"") -> 0.2 | N43: =_xlfn.XLOOKUP($C43,'PP4 (2)'!$B$6:$B$100,'PP4 (2)'!$E$6:$E$100,"") -> 0.4 | O43: =_xlfn.XLOOKUP($C43,'PP5 (1)'!$B$6:$B$100,'PP5 (1)'!$E$6:$E$100,"") -> 0.4 | P43: =_xlfn.XLOOKUP($C43,'PP5 (2)'!$B$6:$B$100,'PP5 (2)'!$E$6:$E$100,"") -> 0.5 | Q43: =SUM(R43:AC43) -> 158 | R43: =_xlfn.XLOOKUP($C43,'MP (1)'!$B$6:$B$100,'MP (1)'!$F$6:$F$100,"") | S43: =_xlfn.XLOOKUP($C43,'MP (2)'!$B$6:$B$100,'MP (2)'!$F$6:$F$100,"") | T43: =_xlfn.XLOOKUP($C43,'PP1 (1)'!$B$6:$B$99,'PP1 (1)'!$F$6:$F$99,"") -> 16 | U43: =_xlfn.XLOOKUP($C43,'PP1 (2)'!$B$6:$B$98,'PP1 (2)'!$F$6:$F$98,"") -> 16 | V43: =_xlfn.XLOOKUP($C43,'PP2 (1)'!$B$6:$B$106,'PP2 (1)'!$F$6:$F$106,"") -> 17 | W43: =_xlfn.XLOOKUP($C43,'PP2 (2)'!$B$6:$B$100,'PP2 (2)'!$F$6:$F$100,"") -> 24 | X43: =_xlfn.XLOOKUP($C43,'PP3 (1)'!$B$5:$B$106,'PP3 (1)'!$F$5:$F$106,"") -> 12 | Y43: =_xlfn.XLOOKUP($C43,'PP3 (2)'!$B$5:$B$108,'PP3 (2)'!$F$5:$F$108,"") -> 13 | Z43: =_xlfn.XLOOKUP($C43,'PP4 (1)'!$B$6:$B$100,'PP4 (1)'!$F$6:$F$100,"") -> 12 | AA43: =_xlfn.XLOOKUP($C43,'PP4 (2)'!$B$6:$B$100,'PP4 (2)'!$F$6:$F$100,"") -> 18 | AB43: =_xlfn.XLOOKUP($C43,'PP5 (1)'!$B$6:$B$100,'PP5 (1)'!$F$6:$F$100,"") -> 11 | AC43: =_xlfn.XLOOKUP($C43,'PP5 (2)'!$B$6:$B$100,'PP5 (2)'!$F$6:$F$100,"") -> 19 | AD43: =SUM(AE43:AP43) -> -69 | AE43: =_xlfn.XLOOKUP($C43,'MP (1)'!$B$6:$B$100,'MP (1)'!$H$6:$H$100,"") | AF43: =_xlfn.XLOOKUP($C43,'MP (2)'!$B$6:$B$100,'MP (2)'!$H$6:$H$100,"") | AG43: =_xlfn.XLOOKUP($C43,'PP1 (1)'!$B$6:$B$99,'PP1 (1)'!$H$6:$H$99,"") -> -8 | AH43: =_xlfn.XLOOKUP($C43,'PP1 (2)'!$B$6:$B$98,'PP1 (2)'!$H$6:$H$98,"") -> -8 | AI43: =_xlfn.XLOOKUP($C43,'PP2 (1)'!$B$6:$B$106,'PP2 (1)'!$H$6:$H$106,"") -> -11 | AJ43: =_xlfn.XLOOKUP($C43,'PP2 (2)'!$B$6:$B$100,'PP2 (2)'!$H$6:$H$100,"") -> -2 | AK43: =_xlfn.XLOOKUP($C43,'PP3 (1)'!$B$5:$B$106,'PP3 (1)'!$H$5:$H$106,"") -> -7 | AL43: =_xlfn.XLOOKUP($C43,'PP3 (2)'!$B$5:$B$108,'PP3 (2)'!$H$5:$H$108,"") -> -11 | AM43: =_xlfn.XLOOKUP($C43,'PP4 (1)'!$B$6:$B$100,'PP4 (1)'!$H$6:$H$100,"") -> -9 | AN43: =_xlfn.XLOOKUP($C43,'PP4 (2)'!$B$6:$B$100,'PP4 (2)'!$H$6:$H$100,"") -> 0 | AO43: =_xlfn.XLOOKUP($C43,'PP5 (1)'!$B$6:$B$100,'PP5 (1)'!$H$6:$H$100,"") -> -10 | AP43: =_xlfn.XLOOKUP($C43,'PP5 (2)'!$B$6:$B$100,'PP5 (2)'!$H$6:$H$100,"") -> -3
A44: =ROW()-4 -> 40 | B44: 3 | C44: WHITLEY Gary | D44: =SUM(E44:P44) -> 3.21 | E44: =_xlfn.XLOOKUP($C44,'MP (1)'!$B$6:$B$100,'MP (1)'!$E$6:$E$100,"") | F44: =_xlfn.XLOOKUP($C44,'MP (2)'!$B$6:$B$100,'MP (2)'!$E$6:$E$100,"") | G44: =_xlfn.XLOOKUP($C44,'PP1 (1)'!$B$6:$B$99,'PP1 (1)'!$E$6:$E$99,"") -> 0.29 | H44: =_xlfn.XLOOKUP($C44,'PP1 (2)'!$B$6:$B$98,'PP1 (2)'!$E$6:$E$98,"") -> 0.43 | I44: =_xlfn.XLOOKUP($C44,'PP2 (1)'!$B$6:$B$106,'PP2 (1)'!$E$6:$E$106,"") -> 0.33 | J44: =_xlfn.XLOOKUP($C44,'PP2 (2)'!$B$6:$B$100,'PP2 (2)'!$E$6:$E$100,"") -> 0.33 | K44: =_xlfn.XLOOKUP($C44,'PP3 (1)'!$B$5:$B$106,'PP3 (1)'!$E$5:$E$106,"") | L44: =_xlfn.XLOOKUP($C44,'PP3 (2)'!$B$5:$B$108,'PP3 (2)'!$E$5:$E$108,"") | M44: =_xlfn.XLOOKUP($C44,'PP4 (1)'!$B$6:$B$100,'PP4 (1)'!$E$6:$E$100,"") -> 0.33 | N44: =_xlfn.XLOOKUP($C44,'PP4 (2)'!$B$6:$B$100,'PP4 (2)'!$E$6:$E$100,"") -> 0.33 | O44: =_xlfn.XLOOKUP($C44,'PP5 (1)'!$B$6:$B$100,'PP5 (1)'!$E$6:$E$100,"") -> 0.67 | P44: =_xlfn.XLOOKUP($C44,'PP5 (2)'!$B$6:$B$100,'PP5 (2)'!$E$6:$E$100,"") -> 0.5 | Q44: =SUM(R44:AC44) -> 161 | R44: =_xlfn.XLOOKUP($C44,'MP (1)'!$B$6:$B$100,'MP (1)'!$F$6:$F$100,"") | S44: =_xlfn.XLOOKUP($C44,'MP (2)'!$B$6:$B$100,'MP (2)'!$F$6:$F$100,"") | T44: =_xlfn.XLOOKUP($C44,'PP1 (1)'!$B$6:$B$99,'PP1 (1)'!$F$6:$F$99,"") -> 25 | U44: =_xlfn.XLOOKUP($C44,'PP1 (2)'!$B$6:$B$98,'PP1 (2)'!$F$6:$F$98,"") -> 19 | V44: =_xlfn.XLOOKUP($C44,'PP2 (1)'!$B$6:$B$106,'PP2 (1)'!$F$6:$F$106,"") -> 17 | W44: =_xlfn.XLOOKUP($C44,'PP2 (2)'!$B$6:$B$100,'PP2 (2)'!$F$6:$F$100,"") -> 22 | X44: =_xlfn.XLOOKUP($C44,'PP3 (1)'!$B$5:$B$106,'PP3 (1)'!$F$5:$F$106,"") | Y44: =_xlfn.XLOOKUP($C44,'PP3 (2)'!$B$5:$B$108,'PP3 (2)'!$F$5:$F$108,"") | Z44: =_xlfn.XLOOKUP($C44,'PP4 (1)'!$B$6:$B$100,'PP4 (1)'!$F$6:$F$100,"") -> 15 | AA44: =_xlfn.XLOOKUP($C44,'PP4 (2)'!$B$6:$B$100,'PP4 (2)'!$F$6:$F$100,"") -> 19 | AB44: =_xlfn.XLOOKUP($C44,'PP5 (1)'!$B$6:$B$100,'PP5 (1)'!$F$6:$F$100,"") -> 24 | AC44: =_xlfn.XLOOKUP($C44,'PP5 (2)'!$B$6:$B$100,'PP5 (2)'!$F$6:$F$100,"") -> 20 | AD44: =SUM(AE44:AP44) -> -48 | AE44: =_xlfn.XLOOKUP($C44,'MP (1)'!$B$6:$B$100,'MP (1)'!$H$6:$H$100,"") | AF44: =_xlfn.XLOOKUP($C44,'MP (2)'!$B$6:$B$100,'MP (2)'!$H$6:$H$100,"") | AG44: =_xlfn.XLOOKUP($C44,'PP1 (1)'!$B$6:$B$99,'PP1 (1)'!$H$6:$H$99,"") -> -6 | AH44: =_xlfn.XLOOKUP($C44,'PP1 (2)'!$B$6:$B$98,'PP1 (2)'!$H$6:$H$98,"") -> -6 | AI44: =_xlfn.XLOOKUP($C44,'PP2 (1)'!$B$6:$B$106,'PP2 (1)'!$H$6:$H$106,"") -> -11 | AJ44: =_xlfn.XLOOKUP($C44,'PP2 (2)'!$B$6:$B$100,'PP2 (2)'!$H$6:$H$100,"") -> -4 | AK44: =_xlfn.XLOOKUP($C44,'PP3 (1)'!$B$5:$B$106,'PP3 (1)'!$H$5:$H$106,"") | AL44: =_xlfn.XLOOKUP($C44,'PP3 (2)'!$B$5:$B$108,'PP3 (2)'!$H$5:$H$108,"") | AM44: =_xlfn.XLOOKUP($C44,'PP4 (1)'!$B$6:$B$100,'PP4 (1)'!$H$6:$H$100,"") -> -11 | AN44: =_xlfn.XLOOKUP($C44,'PP4 (2)'!$B$6:$B$100,'PP4 (2)'!$H$6:$H$100,"") -> -6 | AO44: =_xlfn.XLOOKUP($C44,'PP5 (1)'!$B$6:$B$100,'PP5 (1)'!$H$6:$H$100,"") -> 2 | AP44: =_xlfn.XLOOKUP($C44,'PP5 (2)'!$B$6:$B$100,'PP5 (2)'!$H$6:$H$100,"") -> -6
A45: =ROW()-4 -> 41 | B45: 0 | C45: FRAŚ Felix | D45: =SUM(E45:P45) -> 3.21 | E45: =_xlfn.XLOOKUP($C45,'MP (1)'!$B$6:$B$100,'MP (1)'!$E$6:$E$100,"") | F45: =_xlfn.XLOOKUP($C45,'MP (2)'!$B$6:$B$100,'MP (2)'!$E$6:$E$100,"") | G45: =_xlfn.XLOOKUP($C45,'PP1 (1)'!$B$6:$B$99,'PP1 (1)'!$E$6:$E$99,"") -> 0.71 | H45: =_xlfn.XLOOKUP($C45,'PP1 (2)'!$B$6:$B$98,'PP1 (2)'!$E$6:$E$98,"") -> 1 | I45: =_xlfn.XLOOKUP($C45,'PP2 (1)'!$B$6:$B$106,'PP2 (1)'!$E$6:$E$106,"") -> 0.67 | J45: =_xlfn.XLOOKUP($C45,'PP2 (2)'!$B$6:$B$100,'PP2 (2)'!$E$6:$E$100,"") -> 0.83 | K45: =_xlfn.XLOOKUP($C45,'PP3 (1)'!$B$5:$B$106,'PP3 (1)'!$E$5:$E$106,"") | L45: =_xlfn.XLOOKUP($C45,'PP3 (2)'!$B$5:$B$108,'PP3 (2)'!$E$5:$E$108,"") | M45: =_xlfn.XLOOKUP($C45,'PP4 (1)'!$B$6:$B$100,'PP4 (1)'!$E$6:$E$100,"") | N45: =_xlfn.XLOOKUP($C45,'PP4 (2)'!$B$6:$B$100,'PP4 (2)'!$E$6:$E$100,"") | O45: =_xlfn.XLOOKUP($C45,'PP5 (1)'!$B$6:$B$100,'PP5 (1)'!$E$6:$E$100,"") | P45: =_xlfn.XLOOKUP($C45,'PP5 (2)'!$B$6:$B$100,'PP5 (2)'!$E$6:$E$100,"") | Q45: =SUM(R45:AC45) -> 122 | R45: =_xlfn.XLOOKUP($C45,'MP (1)'!$B$6:$B$100,'MP (1)'!$F$6:$F$100,"") | S45: =_xlfn.XLOOKUP($C45,'MP (2)'!$B$6:$B$100,'MP (2)'!$F$6:$F$100,"") | T45: =_xlfn.XLOOKUP($C45,'PP1 (1)'!$B$6:$B$99,'PP1 (1)'!$F$6:$F$99,"") -> 33 | U45: =_xlfn.XLOOKUP($C45,'PP1 (2)'!$B$6:$B$98,'PP1 (2)'!$F$6:$F$98,"") -> 35 | V45: =_xlfn.XLOOKUP($C45,'PP2 (1)'!$B$6:$B$106,'PP2 (1)'!$F$6:$F$106,"") -> 25 | W45: =_xlfn.XLOOKUP($C45,'PP2 (2)'!$B$6:$B$100,'PP2 (2)'!$F$6:$F$100,"") -> 29 | X45: =_xlfn.XLOOKUP($C45,'PP3 (1)'!$B$5:$B$106,'PP3 (1)'!$F$5:$F$106,"") | Y45: =_xlfn.XLOOKUP($C45,'PP3 (2)'!$B$5:$B$108,'PP3 (2)'!$F$5:$F$108,"") | Z45: =_xlfn.XLOOKUP($C45,'PP4 (1)'!$B$6:$B$100,'PP4 (1)'!$F$6:$F$100,"") | AA45: =_xlfn.XLOOKUP($C45,'PP4 (2)'!$B$6:$B$100,'PP4 (2)'!$F$6:$F$100,"") | AB45: =_xlfn.XLOOKUP($C45,'PP5 (1)'!$B$6:$B$100,'PP5 (1)'!$F$6:$F$100,"") | AC45: =_xlfn.XLOOKUP($C45,'PP5 (2)'!$B$6:$B$100,'PP5 (2)'!$F$6:$F$100,"") | AD45: =SUM(AE45:AP45) -> 46 | AE45: =_xlfn.XLOOKUP($C45,'MP (1)'!$B$6:$B$100,'MP (1)'!$H$6:$H$100,"") | AF45: =_xlfn.XLOOKUP($C45,'MP (2)'!$B$6:$B$100,'MP (2)'!$H$6:$H$100,"") | AG45: =_xlfn.XLOOKUP($C45,'PP1 (1)'!$B$6:$B$99,'PP1 (1)'!$H$6:$H$99,"") -> 12 | AH45: =_xlfn.XLOOKUP($C45,'PP1 (2)'!$B$6:$B$98,'PP1 (2)'!$H$6:$H$98,"") -> 21 | AI45: =_xlfn.XLOOKUP($C45,'PP2 (1)'!$B$6:$B$106,'PP2 (1)'!$H$6:$H$106,"") -> 5 | AJ45: =_xlfn.XLOOKUP($C45,'PP2 (2)'!$B$6:$B$100,'PP2 (2)'!$H$6:$H$100,"") -> 8 | AK45: =_xlfn.XLOOKUP($C45,'PP3 (1)'!$B$5:$B$106,'PP3 (1)'!$H$5:$H$106,"") | AL45: =_xlfn.XLOOKUP($C45,'PP3 (2)'!$B$5:$B$108,'PP3 (2)'!$H$5:$H$108,"") | AM45: =_xlfn.XLOOKUP($C45,'PP4 (1)'!$B$6:$B$100,'PP4 (1)'!$H$6:$H$100,"") | AN45: =_xlfn.XLOOKUP($C45,'PP4 (2)'!$B$6:$B$100,'PP4 (2)'!$H$6:$H$100,"") | AO45: =_xlfn.XLOOKUP($C45,'PP5 (1)'!$B$6:$B$100,'PP5 (1)'!$H$6:$H$100,"") | AP45: =_xlfn.XLOOKUP($C45,'PP5 (2)'!$B$6:$B$100,'PP5 (2)'!$H$6:$H$100,"")
A46: =ROW()-4 -> 42 | B46: 1 | C46: ĆWIORO Tomasz | D46: =SUM(E46:P46) -> 3.15 | E46: =_xlfn.XLOOKUP($C46,'MP (1)'!$B$6:$B$100,'MP (1)'!$E$6:$E$100,"") -> 0.43 | F46: =_xlfn.XLOOKUP($C46,'MP (2)'!$B$6:$B$100,'MP (2)'!$E$6:$E$100,"") -> 0.29 | G46: =_xlfn.XLOOKUP($C46,'PP1 (1)'!$B$6:$B$99,'PP1 (1)'!$E$6:$E$99,"") -> 0.33 | H46: =_xlfn.XLOOKUP($C46,'PP1 (2)'!$B$6:$B$98,'PP1 (2)'!$E$6:$E$98,"") -> 0.33 | I46: =_xlfn.XLOOKUP($C46,'PP2 (1)'!$B$6:$B$106,'PP2 (1)'!$E$6:$E$106,"") -> 0.5 | J46: =_xlfn.XLOOKUP($C46,'PP2 (2)'!$B$6:$B$100,'PP2 (2)'!$E$6:$E$100,"") -> 0.17 | K46: =_xlfn.XLOOKUP($C46,'PP3 (1)'!$B$5:$B$106,'PP3 (1)'!$E$5:$E$106,"") -> 0.5 | L46: =_xlfn.XLOOKUP($C46,'PP3 (2)'!$B$5:$B$108,'PP3 (2)'!$E$5:$E$108,"") -> 0.6 | M46: =_xlfn.XLOOKUP($C46,'PP4 (1)'!$B$6:$B$100,'PP4 (1)'!$E$6:$E$100,"") | N46: =_xlfn.XLOOKUP($C46,'PP4 (2)'!$B$6:$B$100,'PP4 (2)'!$E$6:$E$100,"") | O46: =_xlfn.XLOOKUP($C46,'PP5 (1)'!$B$6:$B$100,'PP5 (1)'!$E$6:$E$100,"") | P46: =_xlfn.XLOOKUP($C46,'PP5 (2)'!$B$6:$B$100,'PP5 (2)'!$E$6:$E$100,"") | Q46: =SUM(R46:AC46) -> 173 | R46: =_xlfn.XLOOKUP($C46,'MP (1)'!$B$6:$B$100,'MP (1)'!$F$6:$F$100,"") -> 26 | S46: =_xlfn.XLOOKUP($C46,'MP (2)'!$B$6:$B$100,'MP (2)'!$F$6:$F$100,"") -> 22 | T46: =_xlfn.XLOOKUP($C46,'PP1 (1)'!$B$6:$B$99,'PP1 (1)'!$F$6:$F$99,"") -> 21 | U46: =_xlfn.XLOOKUP($C46,'PP1 (2)'!$B$6:$B$98,'PP1 (2)'!$F$6:$F$98,"") -> 17 | V46: =_xlfn.XLOOKUP($C46,'PP2 (1)'!$B$6:$B$106,'PP2 (1)'!$F$6:$F$106,"") -> 24 | W46: =_xlfn.XLOOKUP($C46,'PP2 (2)'!$B$6:$B$100,'PP2 (2)'!$F$6:$F$100,"") -> 20 | X46: =_xlfn.XLOOKUP($C46,'PP3 (1)'!$B$5:$B$106,'PP3 (1)'!$F$5:$F$106,"") -> 24 | Y46: =_xlfn.XLOOKUP($C46,'PP3 (2)'!$B$5:$B$108,'PP3 (2)'!$F$5:$F$108,"") -> 19 | Z46: =_xlfn.XLOOKUP($C46,'PP4 (1)'!$B$6:$B$100,'PP4 (1)'!$F$6:$F$100,"") | AA46: =_xlfn.XLOOKUP($C46,'PP4 (2)'!$B$6:$B$100,'PP4 (2)'!$F$6:$F$100,"") | AB46: =_xlfn.XLOOKUP($C46,'PP5 (1)'!$B$6:$B$100,'PP5 (1)'!$F$6:$F$100,"") | AC46: =_xlfn.XLOOKUP($C46,'PP5 (2)'!$B$6:$B$100,'PP5 (2)'!$F$6:$F$100,"") | AD46: =SUM(AE46:AP46) -> -19 | AE46: =_xlfn.XLOOKUP($C46,'MP (1)'!$B$6:$B$100,'MP (1)'!$H$6:$H$100,"") -> 1 | AF46: =_xlfn.XLOOKUP($C46,'MP (2)'!$B$6:$B$100,'MP (2)'!$H$6:$H$100,"") -> -8 | AG46: =_xlfn.XLOOKUP($C46,'PP1 (1)'!$B$6:$B$99,'PP1 (1)'!$H$6:$H$99,"") -> -3 | AH46: =_xlfn.XLOOKUP($C46,'PP1 (2)'!$B$6:$B$98,'PP1 (2)'!$H$6:$H$98,"") -> -8 | AI46: =_xlfn.XLOOKUP($C46,'PP2 (1)'!$B$6:$B$106,'PP2 (1)'!$H$6:$H$106,"") -> 4 | AJ46: =_xlfn.XLOOKUP($C46,'PP2 (2)'!$B$6:$B$100,'PP2 (2)'!$H$6:$H$100,"") -> -6 | AK46: =_xlfn.XLOOKUP($C46,'PP3 (1)'!$B$5:$B$106,'PP3 (1)'!$H$5:$H$106,"") -> 1 | AL46: =_xlfn.XLOOKUP($C46,'PP3 (2)'!$B$5:$B$108,'PP3 (2)'!$H$5:$H$108,"") -> 0 | AM46: =_xlfn.XLOOKUP($C46,'PP4 (1)'!$B$6:$B$100,'PP4 (1)'!$H$6:$H$100,"") | AN46: =_xlfn.XLOOKUP($C46,'PP4 (2)'!$B$6:$B$100,'PP4 (2)'!$H$6:$H$100,"") | AO46: =_xlfn.XLOOKUP($C46,'PP5 (1)'!$B$6:$B$100,'PP5 (1)'!$H$6:$H$100,"") | AP46: =_xlfn.XLOOKUP($C46,'PP5 (2)'!$B$6:$B$100,'PP5 (2)'!$H$6:$H$100,"")
A47: =ROW()-4 -> 43 | B47: 1 | C47: GRIPAS Artiom | D47: =SUM(E47:P47) -> 3.13 | E47: =_xlfn.XLOOKUP($C47,'MP (1)'!$B$6:$B$100,'MP (1)'!$E$6:$E$100,"") | F47: =_xlfn.XLOOKUP($C47,'MP (2)'!$B$6:$B$100,'MP (2)'!$E$6:$E$100,"") | G47: =_xlfn.XLOOKUP($C47,'PP1 (1)'!$B$6:$B$99,'PP1 (1)'!$E$6:$E$99,"") | H47: =_xlfn.XLOOKUP($C47,'PP1 (2)'!$B$6:$B$98,'PP1 (2)'!$E$6:$E$98,"") | I47: =_xlfn.XLOOKUP($C47,'PP2 (1)'!$B$6:$B$106,'PP2 (1)'!$E$6:$E$106,"") -> 0.83 | J47: =_xlfn.XLOOKUP($C47,'PP2 (2)'!$B$6:$B$100,'PP2 (2)'!$E$6:$E$100,"") -> 0.67 | K47: =_xlfn.XLOOKUP($C47,'PP3 (1)'!$B$5:$B$106,'PP3 (1)'!$E$5:$E$106,"") -> 0.8 | L47: =_xlfn.XLOOKUP($C47,'PP3 (2)'!$B$5:$B$108,'PP3 (2)'!$E$5:$E$108,"") -> 0.83 | M47: =_xlfn.XLOOKUP($C47,'PP4 (1)'!$B$6:$B$100,'PP4 (1)'!$E$6:$E$100,"") | N47: =_xlfn.XLOOKUP($C47,'PP4 (2)'!$B$6:$B$100,'PP4 (2)'!$E$6:$E$100,"") | O47: =_xlfn.XLOOKUP($C47,'PP5 (1)'!$B$6:$B$100,'PP5 (1)'!$E$6:$E$100,"") | P47: =_xlfn.XLOOKUP($C47,'PP5 (2)'!$B$6:$B$100,'PP5 (2)'!$E$6:$E$100,"") | Q47: =SUM(R47:AC47) -> 107 | R47: =_xlfn.XLOOKUP($C47,'MP (1)'!$B$6:$B$100,'MP (1)'!$F$6:$F$100,"") | S47: =_xlfn.XLOOKUP($C47,'MP (2)'!$B$6:$B$100,'MP (2)'!$F$6:$F$100,"") | T47: =_xlfn.XLOOKUP($C47,'PP1 (1)'!$B$6:$B$99,'PP1 (1)'!$F$6:$F$99,"") | U47: =_xlfn.XLOOKUP($C47,'PP1 (2)'!$B$6:$B$98,'PP1 (2)'!$F$6:$F$98,"") | V47: =_xlfn.XLOOKUP($C47,'PP2 (1)'!$B$6:$B$106,'PP2 (1)'!$F$6:$F$106,"") -> 29 | W47: =_xlfn.XLOOKUP($C47,'PP2 (2)'!$B$6:$B$100,'PP2 (2)'!$F$6:$F$100,"") -> 27 | X47: =_xlfn.XLOOKUP($C47,'PP3 (1)'!$B$5:$B$106,'PP3 (1)'!$F$5:$F$106,"") -> 23 | Y47: =_xlfn.XLOOKUP($C47,'PP3 (2)'!$B$5:$B$108,'PP3 (2)'!$F$5:$F$108,"") -> 28 | Z47: =_xlfn.XLOOKUP($C47,'PP4 (1)'!$B$6:$B$100,'PP4 (1)'!$F$6:$F$100,"") | AA47: =_xlfn.XLOOKUP($C47,'PP4 (2)'!$B$6:$B$100,'PP4 (2)'!$F$6:$F$100,"") | AB47: =_xlfn.XLOOKUP($C47,'PP5 (1)'!$B$6:$B$100,'PP5 (1)'!$F$6:$F$100,"") | AC47: =_xlfn.XLOOKUP($C47,'PP5 (2)'!$B$6:$B$100,'PP5 (2)'!$F$6:$F$100,"") | AD47: =SUM(AE47:AP47) -> 50 | AE47: =_xlfn.XLOOKUP($C47,'MP (1)'!$B$6:$B$100,'MP (1)'!$H$6:$H$100,"") | AF47: =_xlfn.XLOOKUP($C47,'MP (2)'!$B$6:$B$100,'MP (2)'!$H$6:$H$100,"") | AG47: =_xlfn.XLOOKUP($C47,'PP1 (1)'!$B$6:$B$99,'PP1 (1)'!$H$6:$H$99,"") | AH47: =_xlfn.XLOOKUP($C47,'PP1 (2)'!$B$6:$B$98,'PP1 (2)'!$H$6:$H$98,"") | AI47: =_xlfn.XLOOKUP($C47,'PP2 (1)'!$B$6:$B$106,'PP2 (1)'!$H$6:$H$106,"") -> 15 | AJ47: =_xlfn.XLOOKUP($C47,'PP2 (2)'!$B$6:$B$100,'PP2 (2)'!$H$6:$H$100,"") -> 14 | AK47: =_xlfn.XLOOKUP($C47,'PP3 (1)'!$B$5:$B$106,'PP3 (1)'!$H$5:$H$106,"") -> 7 | AL47: =_xlfn.XLOOKUP($C47,'PP3 (2)'!$B$5:$B$108,'PP3 (2)'!$H$5:$H$108,"") -> 14 | AM47: =_xlfn.XLOOKUP($C47,'PP4 (1)'!$B$6:$B$100,'PP4 (1)'!$H$6:$H$100,"") | AN47: =_xlfn.XLOOKUP($C47,'PP4 (2)'!$B$6:$B$100,'PP4 (2)'!$H$6:$H$100,"") | AO47: =_xlfn.XLOOKUP($C47,'PP5 (1)'!$B$6:$B$100,'PP5 (1)'!$H$6:$H$100,"") | AP47: =_xlfn.XLOOKUP($C47,'PP5 (2)'!$B$6:$B$100,'PP5 (2)'!$H$6:$H$100,"")
A48: =ROW()-4 -> 44 | B48: 2 | C48: GĄSIOROWSKI Maciej | D48: =SUM(E48:P48) -> 2.9 | E48: =_xlfn.XLOOKUP($C48,'MP (1)'!$B$6:$B$100,'MP (1)'!$E$6:$E$100,"") | F48: =_xlfn.XLOOKUP($C48,'MP (2)'!$B$6:$B$100,'MP (2)'!$E$6:$E$100,"") | G48: =_xlfn.XLOOKUP($C48,'PP1 (1)'!$B$6:$B$99,'PP1 (1)'!$E$6:$E$99,"") -> 0.57 | H48: =_xlfn.XLOOKUP($C48,'PP1 (2)'!$B$6:$B$98,'PP1 (2)'!$E$6:$E$98,"") -> 0.5 | I48: =_xlfn.XLOOKUP($C48,'PP2 (1)'!$B$6:$B$106,'PP2 (1)'!$E$6:$E$106,"") | J48: =_xlfn.XLOOKUP($C48,'PP2 (2)'!$B$6:$B$100,'PP2 (2)'!$E$6:$E$100,"") | K48: =_xlfn.XLOOKUP($C48,'PP3 (1)'!$B$5:$B$106,'PP3 (1)'!$E$5:$E$106,"") -> 1 | L48: =_xlfn.XLOOKUP($C48,'PP3 (2)'!$B$5:$B$108,'PP3 (2)'!$E$5:$E$108,"") -> 0.83 | M48: =_xlfn.XLOOKUP($C48,'PP4 (1)'!$B$6:$B$100,'PP4 (1)'!$E$6:$E$100,"") | N48: =_xlfn.XLOOKUP($C48,'PP4 (2)'!$B$6:$B$100,'PP4 (2)'!$E$6:$E$100,"") | O48: =_xlfn.XLOOKUP($C48,'PP5 (1)'!$B$6:$B$100,'PP5 (1)'!$E$6:$E$100,"") | P48: =_xlfn.XLOOKUP($C48,'PP5 (2)'!$B$6:$B$100,'PP5 (2)'!$E$6:$E$100,"") | Q48: =SUM(R48:AC48) -> 99 | R48: =_xlfn.XLOOKUP($C48,'MP (1)'!$B$6:$B$100,'MP (1)'!$F$6:$F$100,"") | S48: =_xlfn.XLOOKUP($C48,'MP (2)'!$B$6:$B$100,'MP (2)'!$F$6:$F$100,"") | T48: =_xlfn.XLOOKUP($C48,'PP1 (1)'!$B$6:$B$99,'PP1 (1)'!$F$6:$F$99,"") -> 29 | U48: =_xlfn.XLOOKUP($C48,'PP1 (2)'!$B$6:$B$98,'PP1 (2)'!$F$6:$F$98,"") -> 21 | V48: =_xlfn.XLOOKUP($C48,'PP2 (1)'!$B$6:$B$106,'PP2 (1)'!$F$6:$F$106,"") | W48: =_xlfn.XLOOKUP($C48,'PP2 (2)'!$B$6:$B$100,'PP2 (2)'!$F$6:$F$100,"") | X48: =_xlfn.XLOOKUP($C48,'PP3 (1)'!$B$5:$B$106,'PP3 (1)'!$F$5:$F$106,"") -> 24 | Y48: =_xlfn.XLOOKUP($C48,'PP3 (2)'!$B$5:$B$108,'PP3 (2)'!$F$5:$F$108,"") -> 25 | Z48: =_xlfn.XLOOKUP($C48,'PP4 (1)'!$B$6:$B$100,'PP4 (1)'!$F$6:$F$100,"") | AA48: =_xlfn.XLOOKUP($C48,'PP4 (2)'!$B$6:$B$100,'PP4 (2)'!$F$6:$F$100,"") | AB48: =_xlfn.XLOOKUP($C48,'PP5 (1)'!$B$6:$B$100,'PP5 (1)'!$F$6:$F$100,"") | AC48: =_xlfn.XLOOKUP($C48,'PP5 (2)'!$B$6:$B$100,'PP5 (2)'!$F$6:$F$100,"") | AD48: =SUM(AE48:AP48) -> 30 | AE48: =_xlfn.XLOOKUP($C48,'MP (1)'!$B$6:$B$100,'MP (1)'!$H$6:$H$100,"") | AF48: =_xlfn.XLOOKUP($C48,'MP (2)'!$B$6:$B$100,'MP (2)'!$H$6:$H$100,"") | AG48: =_xlfn.XLOOKUP($C48,'PP1 (1)'!$B$6:$B$99,'PP1 (1)'!$H$6:$H$99,"") -> 5 | AH48: =_xlfn.XLOOKUP($C48,'PP1 (2)'!$B$6:$B$98,'PP1 (2)'!$H$6:$H$98,"") -> 1 | AI48: =_xlfn.XLOOKUP($C48,'PP2 (1)'!$B$6:$B$106,'PP2 (1)'!$H$6:$H$106,"") | AJ48: =_xlfn.XLOOKUP($C48,'PP2 (2)'!$B$6:$B$100,'PP2 (2)'!$H$6:$H$100,"") | AK48: =_xlfn.XLOOKUP($C48,'PP3 (1)'!$B$5:$B$106,'PP3 (1)'!$H$5:$H$106,"") -> 12 | AL48: =_xlfn.XLOOKUP($C48,'PP3 (2)'!$B$5:$B$108,'PP3 (2)'!$H$5:$H$108,"") -> 12 | AM48: =_xlfn.XLOOKUP($C48,'PP4 (1)'!$B$6:$B$100,'PP4 (1)'!$H$6:$H$100,"") | AN48: =_xlfn.XLOOKUP($C48,'PP4 (2)'!$B$6:$B$100,'PP4 (2)'!$H$6:$H$100,"") | AO48: =_xlfn.XLOOKUP($C48,'PP5 (1)'!$B$6:$B$100,'PP5 (1)'!$H$6:$H$100,"") | AP48: =_xlfn.XLOOKUP($C48,'PP5 (2)'!$B$6:$B$100,'PP5 (2)'!$H$6:$H$100,"")
A49: =ROW()-4 -> 45 | B49: 0 | C49: SPŁAWA-NEYMAN MACIEJ | D49: =SUM(E49:P49) -> 2.9 | E49: =_xlfn.XLOOKUP($C49,'MP (1)'!$B$6:$B$100,'MP (1)'!$E$6:$E$100,"") | F49: =_xlfn.XLOOKUP($C49,'MP (2)'!$B$6:$B$100,'MP (2)'!$E$6:$E$100,"") | G49: =_xlfn.XLOOKUP($C49,'PP1 (1)'!$B$6:$B$99,'PP1 (1)'!$E$6:$E$99,"") | H49: =_xlfn.XLOOKUP($C49,'PP1 (2)'!$B$6:$B$98,'PP1 (2)'!$E$6:$E$98,"") | I49: =_xlfn.XLOOKUP($C49,'PP2 (1)'!$B$6:$B$106,'PP2 (1)'!$E$6:$E$106,"") | J49: =_xlfn.XLOOKUP($C49,'PP2 (2)'!$B$6:$B$100,'PP2 (2)'!$E$6:$E$100,"") | K49: =_xlfn.XLOOKUP($C49,'PP3 (1)'!$B$5:$B$106,'PP3 (1)'!$E$5:$E$106,"") -> 1 | L49: =_xlfn.XLOOKUP($C49,'PP3 (2)'!$B$5:$B$108,'PP3 (2)'!$E$5:$E$108,"") -> 1 | M49: =_xlfn.XLOOKUP($C49,'PP4 (1)'!$B$6:$B$100,'PP4 (1)'!$E$6:$E$100,"") -> 0.5 | N49: =_xlfn.XLOOKUP($C49,'PP4 (2)'!$B$6:$B$100,'PP4 (2)'!$E$6:$E$100,"") -> 0.4 | O49: =_xlfn.XLOOKUP($C49,'PP5 (1)'!$B$6:$B$100,'PP5 (1)'!$E$6:$E$100,"") | P49: =_xlfn.XLOOKUP($C49,'PP5 (2)'!$B$6:$B$100,'PP5 (2)'!$E$6:$E$100,"") | Q49: =SUM(R49:AC49) -> 95 | R49: =_xlfn.XLOOKUP($C49,'MP (1)'!$B$6:$B$100,'MP (1)'!$F$6:$F$100,"") | S49: =_xlfn.XLOOKUP($C49,'MP (2)'!$B$6:$B$100,'MP (2)'!$F$6:$F$100,"") | T49: =_xlfn.XLOOKUP($C49,'PP1 (1)'!$B$6:$B$99,'PP1 (1)'!$F$6:$F$99,"") | U49: =_xlfn.XLOOKUP($C49,'PP1 (2)'!$B$6:$B$98,'PP1 (2)'!$F$6:$F$98,"") | V49: =_xlfn.XLOOKUP($C49,'PP2 (1)'!$B$6:$B$106,'PP2 (1)'!$F$6:$F$106,"") | W49: =_xlfn.XLOOKUP($C49,'PP2 (2)'!$B$6:$B$100,'PP2 (2)'!$F$6:$F$100,"") | X49: =_xlfn.XLOOKUP($C49,'PP3 (1)'!$B$5:$B$106,'PP3 (1)'!$F$5:$F$106,"") -> 25 | Y49: =_xlfn.XLOOKUP($C49,'PP3 (2)'!$B$5:$B$108,'PP3 (2)'!$F$5:$F$108,"") -> 25 | Z49: =_xlfn.XLOOKUP($C49,'PP4 (1)'!$B$6:$B$100,'PP4 (1)'!$F$6:$F$100,"") -> 24 | AA49: =_xlfn.XLOOKUP($C49,'PP4 (2)'!$B$6:$B$100,'PP4 (2)'!$F$6:$F$100,"") -> 21 | AB49: =_xlfn.XLOOKUP($C49,'PP5 (1)'!$B$6:$B$100,'PP5 (1)'!$F$6:$F$100,"") | AC49: =_xlfn.XLOOKUP($C49,'PP5 (2)'!$B$6:$B$100,'PP5 (2)'!$F$6:$F$100,"") | AD49: =SUM(AE49:AP49) -> 27 | AE49: =_xlfn.XLOOKUP($C49,'MP (1)'!$B$6:$B$100,'MP (1)'!$H$6:$H$100,"") | AF49: =_xlfn.XLOOKUP($C49,'MP (2)'!$B$6:$B$100,'MP (2)'!$H$6:$H$100,"") | AG49: =_xlfn.XLOOKUP($C49,'PP1 (1)'!$B$6:$B$99,'PP1 (1)'!$H$6:$H$99,"") | AH49: =_xlfn.XLOOKUP($C49,'PP1 (2)'!$B$6:$B$98,'PP1 (2)'!$H$6:$H$98,"") | AI49: =_xlfn.XLOOKUP($C49,'PP2 (1)'!$B$6:$B$106,'PP2 (1)'!$H$6:$H$106,"") | AJ49: =_xlfn.XLOOKUP($C49,'PP2 (2)'!$B$6:$B$100,'PP2 (2)'!$H$6:$H$100,"") | AK49: =_xlfn.XLOOKUP($C49,'PP3 (1)'!$B$5:$B$106,'PP3 (1)'!$H$5:$H$106,"") -> 13 | AL49: =_xlfn.XLOOKUP($C49,'PP3 (2)'!$B$5:$B$108,'PP3 (2)'!$H$5:$H$108,"") -> 14 | AM49: =_xlfn.XLOOKUP($C49,'PP4 (1)'!$B$6:$B$100,'PP4 (1)'!$H$6:$H$100,"") -> 2 | AN49: =_xlfn.XLOOKUP($C49,'PP4 (2)'!$B$6:$B$100,'PP4 (2)'!$H$6:$H$100,"") -> -2 | AO49: =_xlfn.XLOOKUP($C49,'PP5 (1)'!$B$6:$B$100,'PP5 (1)'!$H$6:$H$100,"") | AP49: =_xlfn.XLOOKUP($C49,'PP5 (2)'!$B$6:$B$100,'PP5 (2)'!$H$6:$H$100,"")
... A61: =ROW()-4 -> 57 | B61: 4 | C61: FURMANIAK Andrzej | D61: =SUM(E61:P61) -> 1.94 | E61: =_xlfn.XLOOKUP($C61,'MP (1)'!$B$6:$B$100,'MP (1)'!$E$6:$E$100,"") -> 0.14 | F61: =_xlfn.XLOOKUP($C61,'MP (2)'!$B$6:$B$100,'MP (2)'!$E$6:$E$100,"") -> 0.14 | G61: =_xlfn.XLOOKUP($C61,'PP1 (1)'!$B$6:$B$99,'PP1 (1)'!$E$6:$E$99,"") -> 0 | H61: =_xlfn.XLOOKUP($C61,'PP1 (2)'!$B$6:$B$98,'PP1 (2)'!$E$6:$E$98,"") -> 0.17 | I61: =_xlfn.XLOOKUP($C61,'PP2 (1)'!$B$6:$B$106,'PP2 (1)'!$E$6:$E$106,"") -> 0.33 | J61: =_xlfn.XLOOKUP($C61,'PP2 (2)'!$B$6:$B$100,'PP2 (2)'!$E$6:$E$100,"") -> 0.33 | K61: =_xlfn.XLOOKUP($C61,'PP3 (1)'!$B$5:$B$106,'PP3 (1)'!$E$5:$E$106,"") -> 0.17 | L61: =_xlfn.XLOOKUP($C61,'PP3 (2)'!$B$5:$B$108,'PP3 (2)'!$E$5:$E$108,"") -> 0.33 | M61: =_xlfn.XLOOKUP($C61,'PP4 (1)'!$B$6:$B$100,'PP4 (1)'!$E$6:$E$100,"") | N61: =_xlfn.XLOOKUP($C61,'PP4 (2)'!$B$6:$B$100,'PP4 (2)'!$E$6:$E$100,"") | O61: =_xlfn.XLOOKUP($C61,'PP5 (1)'!$B$6:$B$100,'PP5 (1)'!$E$6:$E$100,"") -> 0.33 | P61: =_xlfn.XLOOKUP($C61,'PP5 (2)'!$B$6:$B$100,'PP5 (2)'!$E$6:$E$100,"") -> 0 | Q61: =SUM(R61:AC61) -> 167 | R61: =_xlfn.XLOOKUP($C61,'MP (1)'!$B$6:$B$100,'MP (1)'!$F$6:$F$100,"") -> 20 | S61: =_xlfn.XLOOKUP($C61,'MP (2)'!$B$6:$B$100,'MP (2)'!$F$6:$F$100,"") -> 15 | T61: =_xlfn.XLOOKUP($C61,'PP1 (1)'!$B$6:$B$99,'PP1 (1)'!$F$6:$F$99,"") -> 16 | U61: =_xlfn.XLOOKUP($C61,'PP1 (2)'!$B$6:$B$98,'PP1 (2)'!$F$6:$F$98,"") -> 20 | V61: =_xlfn.XLOOKUP($C61,'PP2 (1)'!$B$6:$B$106,'PP2 (1)'!$F$6:$F$106,"") -> 19 | W61: =_xlfn.XLOOKUP($C61,'PP2 (2)'!$B$6:$B$100,'PP2 (2)'!$F$6:$F$100,"") -> 20 | X61: =_xlfn.XLOOKUP($C61,'PP3 (1)'!$B$5:$B$106,'PP3 (1)'!$F$5:$F$106,"") -> 15 | Y61: =_xlfn.XLOOKUP($C61,'PP3 (2)'!$B$5:$B$108,'PP3 (2)'!$F$5:$F$108,"") -> 15 | Z61: =_xlfn.XLOOKUP($C61,'PP4 (1)'!$B$6:$B$100,'PP4 (1)'!$F$6:$F$100,"") | AA61: =_xlfn.XLOOKUP($C61,'PP4 (2)'!$B$6:$B$100,'PP4 (2)'!$F$6:$F$100,"") | AB61: =_xlfn.XLOOKUP($C61,'PP5 (1)'!$B$6:$B$100,'PP5 (1)'!$F$6:$F$100,"") -> 16 | AC61: =_xlfn.XLOOKUP($C61,'PP5 (2)'!$B$6:$B$100,'PP5 (2)'!$F$6:$F$100,"") -> 11 | AD61: =SUM(AE61:AP61) -> -121 | AE61: =_xlfn.XLOOKUP($C61,'MP (1)'!$B$6:$B$100,'MP (1)'!$H$6:$H$100,"") -> -13 | AF61: =_xlfn.XLOOKUP($C61,'MP (2)'!$B$6:$B$100,'MP (2)'!$H$6:$H$100,"") -> -18 | AG61: =_xlfn.XLOOKUP($C61,'PP1 (1)'!$B$6:$B$99,'PP1 (1)'!$H$6:$H$99,"") -> -14 | AH61: =_xlfn.XLOOKUP($C61,'PP1 (2)'!$B$6:$B$98,'PP1 (2)'!$H$6:$H$98,"") -> -9 | AI61: =_xlfn.XLOOKUP($C61,'PP2 (1)'!$B$6:$B$106,'PP2 (1)'!$H$6:$H$106,"") -> -8 | AJ61: =_xlfn.XLOOKUP($C61,'PP2 (2)'!$B$6:$B$100,'PP2 (2)'!$H$6:$H$100,"") -> -5 | AK61: =_xlfn.XLOOKUP($C61,'PP3 (1)'!$B$5:$B$106,'PP3 (1)'!$H$5:$H$106,"") -> -14 | AL61: =_xlfn.XLOOKUP($C61,'PP3 (2)'!$B$5:$B$108,'PP3 (2)'!$H$5:$H$108,"") -> -11 | AM61: =_xlfn.XLOOKUP($C61,'PP4 (1)'!$B$6:$B$100,'PP4 (1)'!$H$6:$H$100,"") | AN61: =_xlfn.XLOOKUP($C61,'PP4 (2)'!$B$6:$B$100,'PP4 (2)'!$H$6:$H$100,"") | AO61: =_xlfn.XLOOKUP($C61,'PP5 (1)'!$B$6:$B$100,'PP5 (1)'!$H$6:$H$100,"") -> -10 | AP61: =_xlfn.XLOOKUP($C61,'PP5 (2)'!$B$6:$B$100,'PP5 (2)'!$H$6:$H$100,"") -> -19
A62: =ROW()-4 -> 58 | B62: 2k | C62: STAŃCZYK Agnieszka | D62: =SUM(E62:P62) -> 1.83 | E62: =_xlfn.XLOOKUP($C62,'MP (1)'!$B$6:$B$100,'MP (1)'!$E$6:$E$100,"") | F62: =_xlfn.XLOOKUP($C62,'MP (2)'!$B$6:$B$100,'MP (2)'!$E$6:$E$100,"") | G62: =_xlfn.XLOOKUP($C62,'PP1 (1)'!$B$6:$B$99,'PP1 (1)'!$E$6:$E$99,"") | H62: =_xlfn.XLOOKUP($C62,'PP1 (2)'!$B$6:$B$98,'PP1 (2)'!$E$6:$E$98,"") | I62: =_xlfn.XLOOKUP($C62,'PP2 (1)'!$B$6:$B$106,'PP2 (1)'!$E$6:$E$106,"") -> 0.33 | J62: =_xlfn.XLOOKUP($C62,'PP2 (2)'!$B$6:$B$100,'PP2 (2)'!$E$6:$E$100,"") -> 0.5 | K62: =_xlfn.XLOOKUP($C62,'PP3 (1)'!$B$5:$B$106,'PP3 (1)'!$E$5:$E$106,"") -> 0.5 | L62: =_xlfn.XLOOKUP($C62,'PP3 (2)'!$B$5:$B$108,'PP3 (2)'!$E$5:$E$108,"") -> 0.5 | M62: =_xlfn.XLOOKUP($C62,'PP4 (1)'!$B$6:$B$100,'PP4 (1)'!$E$6:$E$100,"") | N62: =_xlfn.XLOOKUP($C62,'PP4 (2)'!$B$6:$B$100,'PP4 (2)'!$E$6:$E$100,"") | O62: =_xlfn.XLOOKUP($C62,'PP5 (1)'!$B$6:$B$100,'PP5 (1)'!$E$6:$E$100,"") | P62: =_xlfn.XLOOKUP($C62,'PP5 (2)'!$B$6:$B$100,'PP5 (2)'!$E$6:$E$100,"") | Q62: =SUM(R62:AC62) -> 78 | R62: =_xlfn.XLOOKUP($C62,'MP (1)'!$B$6:$B$100,'MP (1)'!$F$6:$F$100,"") | S62: =_xlfn.XLOOKUP($C62,'MP (2)'!$B$6:$B$100,'MP (2)'!$F$6:$F$100,"") | T62: =_xlfn.XLOOKUP($C62,'PP1 (1)'!$B$6:$B$99,'PP1 (1)'!$F$6:$F$99,"") | U62: =_xlfn.XLOOKUP($C62,'PP1 (2)'!$B$6:$B$98,'PP1 (2)'!$F$6:$F$98,"") | V62: =_xlfn.XLOOKUP($C62,'PP2 (1)'!$B$6:$B$106,'PP2 (1)'!$F$6:$F$106,"") -> 17 | W62: =_xlfn.XLOOKUP($C62,'PP2 (2)'!$B$6:$B$100,'PP2 (2)'!$F$6:$F$100,"") -> 17 | X62: =_xlfn.XLOOKUP($C62,'PP3 (1)'!$B$5:$B$106,'PP3 (1)'!$F$5:$F$106,"") -> 21 | Y62: =_xlfn.XLOOKUP($C62,'PP3 (2)'!$B$5:$B$108,'PP3 (2)'!$F$5:$F$108,"") -> 23 | Z62: =_xlfn.XLOOKUP($C62,'PP4 (1)'!$B$6:$B$100,'PP4 (1)'!$F$6:$F$100,"") | AA62: =_xlfn.XLOOKUP($C62,'PP4 (2)'!$B$6:$B$100,'PP4 (2)'!$F$6:$F$100,"") | AB62: =_xlfn.XLOOKUP($C62,'PP5 (1)'!$B$6:$B$100,'PP5 (1)'!$F$6:$F$100,"") | AC62: =_xlfn.XLOOKUP($C62,'PP5 (2)'!$B$6:$B$100,'PP5 (2)'!$F$6:$F$100,"") | AD62: =SUM(AE62:AP62) -> -9 | AE62: =_xlfn.XLOOKUP($C62,'MP (1)'!$B$6:$B$100,'MP (1)'!$H$6:$H$100,"") | AF62: =_xlfn.XLOOKUP($C62,'MP (2)'!$B$6:$B$100,'MP (2)'!$H$6:$H$100,"") | AG62: =_xlfn.XLOOKUP($C62,'PP1 (1)'!$B$6:$B$99,'PP1 (1)'!$H$6:$H$99,"") | AH62: =_xlfn.XLOOKUP($C62,'PP1 (2)'!$B$6:$B$98,'PP1 (2)'!$H$6:$H$98,"") | AI62: =_xlfn.XLOOKUP($C62,'PP2 (1)'!$B$6:$B$106,'PP2 (1)'!$H$6:$H$106,"") -> -6 | AJ62: =_xlfn.XLOOKUP($C62,'PP2 (2)'!$B$6:$B$100,'PP2 (2)'!$H$6:$H$100,"") -> 0 | AK62: =_xlfn.XLOOKUP($C62,'PP3 (1)'!$B$5:$B$106,'PP3 (1)'!$H$5:$H$106,"") -> -1 | AL62: =_xlfn.XLOOKUP($C62,'PP3 (2)'!$B$5:$B$108,'PP3 (2)'!$H$5:$H$108,"") -> -2 | AM62: =_xlfn.XLOOKUP($C62,'PP4 (1)'!$B$6:$B$100,'PP4 (1)'!$H$6:$H$100,"") | AN62: =_xlfn.XLOOKUP($C62,'PP4 (2)'!$B$6:$B$100,'PP4 (2)'!$H$6:$H$100,"") | AO62: =_xlfn.XLOOKUP($C62,'PP5 (1)'!$B$6:$B$100,'PP5 (1)'!$H$6:$H$100,"") | AP62: =_xlfn.XLOOKUP($C62,'PP5 (2)'!$B$6:$B$100,'PP5 (2)'!$H$6:$H$100,"")
A63: =ROW()-4 -> 59 | B63: 0 | C63: SOBCZAK Sławomir | D63: =SUM(E63:P63) -> 1.8 | E63: =_xlfn.XLOOKUP($C63,'MP (1)'!$B$6:$B$100,'MP (1)'!$E$6:$E$100,"") | F63: =_xlfn.XLOOKUP($C63,'MP (2)'!$B$6:$B$100,'MP (2)'!$E$6:$E$100,"") | G63: =_xlfn.XLOOKUP($C63,'PP1 (1)'!$B$6:$B$99,'PP1 (1)'!$E$6:$E$99,"") | H63: =_xlfn.XLOOKUP($C63,'PP1 (2)'!$B$6:$B$98,'PP1 (2)'!$E$6:$E$98,"") | I63: =_xlfn.XLOOKUP($C63,'PP2 (1)'!$B$6:$B$106,'PP2 (1)'!$E$6:$E$106,"") | J63: =_xlfn.XLOOKUP($C63,'PP2 (2)'!$B$6:$B$100,'PP2 (2)'!$E$6:$E$100,"") | K63: =_xlfn.XLOOKUP($C63,'PP3 (1)'!$B$5:$B$106,'PP3 (1)'!$E$5:$E$106,"") | L63: =_xlfn.XLOOKUP($C63,'PP3 (2)'!$B$5:$B$108,'PP3 (2)'!$E$5:$E$108,"") | M63: =_xlfn.XLOOKUP($C63,'PP4 (1)'!$B$6:$B$100,'PP4 (1)'!$E$6:$E$100,"") | N63: =_xlfn.XLOOKUP($C63,'PP4 (2)'!$B$6:$B$100,'PP4 (2)'!$E$6:$E$100,"") | O63: =_xlfn.XLOOKUP($C63,'PP5 (1)'!$B$6:$B$100,'PP5 (1)'!$E$6:$E$100,"") -> 0.8 | P63: =_xlfn.XLOOKUP($C63,'PP5 (2)'!$B$6:$B$100,'PP5 (2)'!$E$6:$E$100,"") -> 1 | Q63: =SUM(R63:AC63) -> 46 | R63: =_xlfn.XLOOKUP($C63,'MP (1)'!$B$6:$B$100,'MP (1)'!$F$6:$F$100,"") | S63: =_xlfn.XLOOKUP($C63,'MP (2)'!$B$6:$B$100,'MP (2)'!$F$6:$F$100,"") | T63: =_xlfn.XLOOKUP($C63,'PP1 (1)'!$B$6:$B$99,'PP1 (1)'!$F$6:$F$99,"") | U63: =_xlfn.XLOOKUP($C63,'PP1 (2)'!$B$6:$B$98,'PP1 (2)'!$F$6:$F$98,"") | V63: =_xlfn.XLOOKUP($C63,'PP2 (1)'!$B$6:$B$106,'PP2 (1)'!$F$6:$F$106,"") | W63: =_xlfn.XLOOKUP($C63,'PP2 (2)'!$B$6:$B$100,'PP2 (2)'!$F$6:$F$100,"") | X63: =_xlfn.XLOOKUP($C63,'PP3 (1)'!$B$5:$B$106,'PP3 (1)'!$F$5:$F$106,"") | Y63: =_xlfn.XLOOKUP($C63,'PP3 (2)'!$B$5:$B$108,'PP3 (2)'!$F$5:$F$108,"") | Z63: =_xlfn.XLOOKUP($C63,'PP4 (1)'!$B$6:$B$100,'PP4 (1)'!$F$6:$F$100,"") | AA63: =_xlfn.XLOOKUP($C63,'PP4 (2)'!$B$6:$B$100,'PP4 (2)'!$F$6:$F$100,"") | AB63: =_xlfn.XLOOKUP($C63,'PP5 (1)'!$B$6:$B$100,'PP5 (1)'!$F$6:$F$100,"") -> 21 | AC63: =_xlfn.XLOOKUP($C63,'PP5 (2)'!$B$6:$B$100,'PP5 (2)'!$F$6:$F$100,"") -> 25 | AD63: =SUM(AE63:AP63) -> 25 | AE63: =_xlfn.XLOOKUP($C63,'MP (1)'!$B$6:$B$100,'MP (1)'!$H$6:$H$100,"") | AF63: =_xlfn.XLOOKUP($C63,'MP (2)'!$B$6:$B$100,'MP (2)'!$H$6:$H$100,"") | AG63: =_xlfn.XLOOKUP($C63,'PP1 (1)'!$B$6:$B$99,'PP1 (1)'!$H$6:$H$99,"") | AH63: =_xlfn.XLOOKUP($C63,'PP1 (2)'!$B$6:$B$98,'PP1 (2)'!$H$6:$H$98,"") | AI63: =_xlfn.XLOOKUP($C63,'PP2 (1)'!$B$6:$B$106,'PP2 (1)'!$H$6:$H$106,"") | AJ63: =_xlfn.XLOOKUP($C63,'PP2 (2)'!$B$6:$B$100,'PP2 (2)'!$H$6:$H$100,"") | AK63: =_xlfn.XLOOKUP($C63,'PP3 (1)'!$B$5:$B$106,'PP3 (1)'!$H$5:$H$106,"") | AL63: =_xlfn.XLOOKUP($C63,'PP3 (2)'!$B$5:$B$108,'PP3 (2)'!$H$5:$H$108,"") | AM63: =_xlfn.XLOOKUP($C63,'PP4 (1)'!$B$6:$B$100,'PP4 (1)'!$H$6:$H$100,"") | AN63: =_xlfn.XLOOKUP($C63,'PP4 (2)'!$B$6:$B$100,'PP4 (2)'!$H$6:$H$100,"") | AO63: =_xlfn.XLOOKUP($C63,'PP5 (1)'!$B$6:$B$100,'PP5 (1)'!$H$6:$H$100,"") -> 10 | AP63: =_xlfn.XLOOKUP($C63,'PP5 (2)'!$B$6:$B$100,'PP5 (2)'!$H$6:$H$100,"") -> 15
A64: =ROW()-4 -> 60 | B64: 2k | C64: SZURLEJ Agata | D64: =SUM(E64:P64) -> 1.71 | E64: =_xlfn.XLOOKUP($C64,'MP (1)'!$B$6:$B$100,'MP (1)'!$E$6:$E$100,"") | F64: =_xlfn.XLOOKUP($C64,'MP (2)'!$B$6:$B$100,'MP (2)'!$E$6:$E$100,"") | G64: =_xlfn.XLOOKUP($C64,'PP1 (1)'!$B$6:$B$99,'PP1 (1)'!$E$6:$E$99,"") -> 0.14 | H64: =_xlfn.XLOOKUP($C64,'PP1 (2)'!$B$6:$B$98,'PP1 (2)'!$E$6:$E$98,"") -> 0.17 | I64: =_xlfn.XLOOKUP($C64,'PP2 (1)'!$B$6:$B$106,'PP2 (1)'!$E$6:$E$106,"") -> 0.17 | J64: =_xlfn.XLOOKUP($C64,'PP2 (2)'!$B$6:$B$100,'PP2 (2)'!$E$6:$E$100,"") -> 0.5 | K64: =_xlfn.XLOOKUP($C64,'PP3 (1)'!$B$5:$B$106,'PP3 (1)'!$E$5:$E$106,"") -> 0.33 | L64: =_xlfn.XLOOKUP($C64,'PP3 (2)'!$B$5:$B$108,'PP3 (2)'!$E$5:$E$108,"") -> 0.4 | M64: =_xlfn.XLOOKUP($C64,'PP4 (1)'!$B$6:$B$100,'PP4 (1)'!$E$6:$E$100,"") | N64: =_xlfn.XLOOKUP($C64,'PP4 (2)'!$B$6:$B$100,'PP4 (2)'!$E$6:$E$100,"") | O64: =_xlfn.XLOOKUP($C64,'PP5 (1)'!$B$6:$B$100,'PP5 (1)'!$E$6:$E$100,"") | P64: =_xlfn.XLOOKUP($C64,'PP5 (2)'!$B$6:$B$100,'PP5 (2)'!$E$6:$E$100,"") | Q64: =SUM(R64:AC64) -> 95 | R64: =_xlfn.XLOOKUP($C64,'MP (1)'!$B$6:$B$100,'MP (1)'!$F$6:$F$100,"") | S64: =_xlfn.XLOOKUP($C64,'MP (2)'!$B$6:$B$100,'MP (2)'!$F$6:$F$100,"") | T64: =_xlfn.XLOOKUP($C64,'PP1 (1)'!$B$6:$B$99,'PP1 (1)'!$F$6:$F$99,"") -> 15 | U64: =_xlfn.XLOOKUP($C64,'PP1 (2)'!$B$6:$B$98,'PP1 (2)'!$F$6:$F$98,"") -> 15 | V64: =_xlfn.XLOOKUP($C64,'PP2 (1)'!$B$6:$B$106,'PP2 (1)'!$F$6:$F$106,"") -> 13 | W64: =_xlfn.XLOOKUP($C64,'PP2 (2)'!$B$6:$B$100,'PP2 (2)'!$F$6:$F$100,"") -> 19 | X64: =_xlfn.XLOOKUP($C64,'PP3 (1)'!$B$5:$B$106,'PP3 (1)'!$F$5:$F$106,"") -> 17 | Y64: =_xlfn.XLOOKUP($C64,'PP3 (2)'!$B$5:$B$108,'PP3 (2)'!$F$5:$F$108,"") -> 16 | Z64: =_xlfn.XLOOKUP($C64,'PP4 (1)'!$B$6:$B$100,'PP4 (1)'!$F$6:$F$100,"") | AA64: =_xlfn.XLOOKUP($C64,'PP4 (2)'!$B$6:$B$100,'PP4 (2)'!$F$6:$F$100,"") | AB64: =_xlfn.XLOOKUP($C64,'PP5 (1)'!$B$6:$B$100,'PP5 (1)'!$F$6:$F$100,"") | AC64: =_xlfn.XLOOKUP($C64,'PP5 (2)'!$B$6:$B$100,'PP5 (2)'!$F$6:$F$100,"") | AD64: =SUM(AE64:AP64) -> -59 | AE64: =_xlfn.XLOOKUP($C64,'MP (1)'!$B$6:$B$100,'MP (1)'!$H$6:$H$100,"") | AF64: =_xlfn.XLOOKUP($C64,'MP (2)'!$B$6:$B$100,'MP (2)'!$H$6:$H$100,"") | AG64: =_xlfn.XLOOKUP($C64,'PP1 (1)'!$B$6:$B$99,'PP1 (1)'!$H$6:$H$99,"") -> -17 | AH64: =_xlfn.XLOOKUP($C64,'PP1 (2)'!$B$6:$B$98,'PP1 (2)'!$H$6:$H$98,"") -> -10 | AI64: =_xlfn.XLOOKUP($C64,'PP2 (1)'!$B$6:$B$106,'PP2 (1)'!$H$6:$H$106,"") -> -13 | AJ64: =_xlfn.XLOOKUP($C64,'PP2 (2)'!$B$6:$B$100,'PP2 (2)'!$H$6:$H$100,"") -> -6 | AK64: =_xlfn.XLOOKUP($C64,'PP3 (1)'!$B$5:$B$106,'PP3 (1)'!$H$5:$H$106,"") -> -9 | AL64: =_xlfn.XLOOKUP($C64,'PP3 (2)'!$B$5:$B$108,'PP3 (2)'!$H$5:$H$108,"") -> -4 | AM64: =_xlfn.XLOOKUP($C64,'PP4 (1)'!$B$6:$B$100,'PP4 (1)'!$H$6:$H$100,"") | AN64: =_xlfn.XLOOKUP($C64,'PP4 (2)'!$B$6:$B$100,'PP4 (2)'!$H$6:$H$100,"") | AO64: =_xlfn.XLOOKUP($C64,'PP5 (1)'!$B$6:$B$100,'PP5 (1)'!$H$6:$H$100,"") | AP64: =_xlfn.XLOOKUP($C64,'PP5 (2)'!$B$6:$B$100,'PP5 (2)'!$H$6:$H$100,"")
A65: =ROW()-4 -> 61 | B65: 2k | C65: SADOWIŃSKA Adriana | D65: =SUM(E65:P65) -> 1.7 | E65: =_xlfn.XLOOKUP($C65,'MP (1)'!$B$6:$B$100,'MP (1)'!$E$6:$E$100,"") -> 0 | F65: =_xlfn.XLOOKUP($C65,'MP (2)'!$B$6:$B$100,'MP (2)'!$E$6:$E$100,"") -> 0.17 | G65: =_xlfn.XLOOKUP($C65,'PP1 (1)'!$B$6:$B$99,'PP1 (1)'!$E$6:$E$99,"") | H65: =_xlfn.XLOOKUP($C65,'PP1 (2)'!$B$6:$B$98,'PP1 (2)'!$E$6:$E$98,"") | I65: =_xlfn.XLOOKUP($C65,'PP2 (1)'!$B$6:$B$106,'PP2 (1)'!$E$6:$E$106,"") | J65: =_xlfn.XLOOKUP($C65,'PP2 (2)'!$B$6:$B$100,'PP2 (2)'!$E$6:$E$100,"") | K65: =_xlfn.XLOOKUP($C65,'PP3 (1)'!$B$5:$B$106,'PP3 (1)'!$E$5:$E$106,"") -> 0.33 | L65: =_xlfn.XLOOKUP($C65,'PP3 (2)'!$B$5:$B$108,'PP3 (2)'!$E$5:$E$108,"") -> 0.2 | M65: =_xlfn.XLOOKUP($C65,'PP4 (1)'!$B$6:$B$100,'PP4 (1)'!$E$6:$E$100,"") -> 0.67 | N65: =_xlfn.XLOOKUP($C65,'PP4 (2)'!$B$6:$B$100,'PP4 (2)'!$E$6:$E$100,"") -> 0.33 | O65: =_xlfn.XLOOKUP($C65,'PP5 (1)'!$B$6:$B$100,'PP5 (1)'!$E$6:$E$100,"") | P65: =_xlfn.XLOOKUP($C65,'PP5 (2)'!$B$6:$B$100,'PP5 (2)'!$E$6:$E$100,"") | Q65: =SUM(R65:AC65) -> 105 | R65: =_xlfn.XLOOKUP($C65,'MP (1)'!$B$6:$B$100,'MP (1)'!$F$6:$F$100,"") -> 13 | S65: =_xlfn.XLOOKUP($C65,'MP (2)'!$B$6:$B$100,'MP (2)'!$F$6:$F$100,"") -> 19 | T65: =_xlfn.XLOOKUP($C65,'PP1 (1)'!$B$6:$B$99,'PP1 (1)'!$F$6:$F$99,"") | U65: =_xlfn.XLOOKUP($C65,'PP1 (2)'!$B$6:$B$98,'PP1 (2)'!$F$6:$F$98,"") | V65: =_xlfn.XLOOKUP($C65,'PP2 (1)'!$B$6:$B$106,'PP2 (1)'!$F$6:$F$106,"") | W65: =_xlfn.XLOOKUP($C65,'PP2 (2)'!$B$6:$B$100,'PP2 (2)'!$F$6:$F$100,"") | X65: =_xlfn.XLOOKUP($C65,'PP3 (1)'!$B$5:$B$106,'PP3 (1)'!$F$5:$F$106,"") -> 17 | Y65: =_xlfn.XLOOKUP($C65,'PP3 (2)'!$B$5:$B$108,'PP3 (2)'!$F$5:$F$108,"") -> 15 | Z65: =_xlfn.XLOOKUP($C65,'PP4 (1)'!$B$6:$B$100,'PP4 (1)'!$F$6:$F$100,"") -> 22 | AA65: =_xlfn.XLOOKUP($C65,'PP4 (2)'!$B$6:$B$100,'PP4 (2)'!$F$6:$F$100,"") -> 19 | AB65: =_xlfn.XLOOKUP($C65,'PP5 (1)'!$B$6:$B$100,'PP5 (1)'!$F$6:$F$100,"") | AC65: =_xlfn.XLOOKUP($C65,'PP5 (2)'!$B$6:$B$100,'PP5 (2)'!$F$6:$F$100,"") | AD65: =SUM(AE65:AP65) -> -53 | AE65: =_xlfn.XLOOKUP($C65,'MP (1)'!$B$6:$B$100,'MP (1)'!$H$6:$H$100,"") -> -17 | AF65: =_xlfn.XLOOKUP($C65,'MP (2)'!$B$6:$B$100,'MP (2)'!$H$6:$H$100,"") -> -10 | AG65: =_xlfn.XLOOKUP($C65,'PP1 (1)'!$B$6:$B$99,'PP1 (1)'!$H$6:$H$99,"") | AH65: =_xlfn.XLOOKUP($C65,'PP1 (2)'!$B$6:$B$98,'PP1 (2)'!$H$6:$H$98,"") | AI65: =_xlfn.XLOOKUP($C65,'PP2 (1)'!$B$6:$B$106,'PP2 (1)'!$H$6:$H$106,"") | AJ65: =_xlfn.XLOOKUP($C65,'PP2 (2)'!$B$6:$B$100,'PP2 (2)'!$H$6:$H$100,"") | AK65: =_xlfn.XLOOKUP($C65,'PP3 (1)'!$B$5:$B$106,'PP3 (1)'!$H$5:$H$106,"") -> -9 | AL65: =_xlfn.XLOOKUP($C65,'PP3 (2)'!$B$5:$B$108,'PP3 (2)'!$H$5:$H$108,"") -> -9 | AM65: =_xlfn.XLOOKUP($C65,'PP4 (1)'!$B$6:$B$100,'PP4 (1)'!$H$6:$H$100,"") -> 0 | AN65: =_xlfn.XLOOKUP($C65,'PP4 (2)'!$B$6:$B$100,'PP4 (2)'!$H$6:$H$100,"") -> -8 | AO65: =_xlfn.XLOOKUP($C65,'PP5 (1)'!$B$6:$B$100,'PP5 (1)'!$H$6:$H$100,"") | AP65: =_xlfn.XLOOKUP($C65,'PP5 (2)'!$B$6:$B$100,'PP5 (2)'!$H$6:$H$100,"")
A66: =ROW()-4 -> 62 | B66: 0 | C66: AUGUSTYN Kajetan | D66: =SUM(E66:P66) -> 1.67 | E66: =_xlfn.XLOOKUP($C66,'MP (1)'!$B$6:$B$100,'MP (1)'!$E$6:$E$100,"") | F66: =_xlfn.XLOOKUP($C66,'MP (2)'!$B$6:$B$100,'MP (2)'!$E$6:$E$100,"") | G66: =_xlfn.XLOOKUP($C66,'PP1 (1)'!$B$6:$B$99,'PP1 (1)'!$E$6:$E$99,"") | H66: =_xlfn.XLOOKUP($C66,'PP1 (2)'!$B$6:$B$98,'PP1 (2)'!$E$6:$E$98,"") | I66: =_xlfn.XLOOKUP($C66,'PP2 (1)'!$B$6:$B$106,'PP2 (1)'!$E$6:$E$106,"") -> 0.33 | J66: =_xlfn.XLOOKUP($C66,'PP2 (2)'!$B$6:$B$100,'PP2 (2)'!$E$6:$E$100,"") -> 0 | K66: =_xlfn.XLOOKUP($C66,'PP3 (1)'!$B$5:$B$106,'PP3 (1)'!$E$5:$E$106,"") -> 0.67 | L66: =_xlfn.XLOOKUP($C66,'PP3 (2)'!$B$5:$B$108,'PP3 (2)'!$E$5:$E$108,"") -> 0 | M66: =_xlfn.XLOOKUP($C66,'PP4 (1)'!$B$6:$B$100,'PP4 (1)'!$E$6:$E$100,"") -> 0.17 | N66: =_xlfn.XLOOKUP($C66,'PP4 (2)'!$B$6:$B$100,'PP4 (2)'!$E$6:$E$100,"") -> 0.5 | O66: =_xlfn.XLOOKUP($C66,'PP5 (1)'!$B$6:$B$100,'PP5 (1)'!$E$6:$E$100,"") | P66: =_xlfn.XLOOKUP($C66,'PP5 (2)'!$B$6:$B$100,'PP5 (2)'!$E$6:$E$100,"") | Q66: =SUM(R66:AC66) -> 100 | R66: =_xlfn.XLOOKUP($C66,'MP (1)'!$B$6:$B$100,'MP (1)'!$F$6:$F$100,"") | S66: =_xlfn.XLOOKUP($C66,'MP (2)'!$B$6:$B$100,'MP (2)'!$F$6:$F$100,"") | T66: =_xlfn.XLOOKUP($C66,'PP1 (1)'!$B$6:$B$99,'PP1 (1)'!$F$6:$F$99,"") | U66: =_xlfn.XLOOKUP($C66,'PP1 (2)'!$B$6:$B$98,'PP1 (2)'!$F$6:$F$98,"") | V66: =_xlfn.XLOOKUP($C66,'PP2 (1)'!$B$6:$B$106,'PP2 (1)'!$F$6:$F$106,"") -> 20 | W66: =_xlfn.XLOOKUP($C66,'PP2 (2)'!$B$6:$B$100,'PP2 (2)'!$F$6:$F$100,"") -> 11 | X66: =_xlfn.XLOOKUP($C66,'PP3 (1)'!$B$5:$B$106,'PP3 (1)'!$F$5:$F$106,"") -> 23 | Y66: =_xlfn.XLOOKUP($C66,'PP3 (2)'!$B$5:$B$108,'PP3 (2)'!$F$5:$F$108,"") -> 14 | Z66: =_xlfn.XLOOKUP($C66,'PP4 (1)'!$B$6:$B$100,'PP4 (1)'!$F$6:$F$100,"") -> 13 | AA66: =_xlfn.XLOOKUP($C66,'PP4 (2)'!$B$6:$B$100,'PP4 (2)'!$F$6:$F$100,"") -> 19 | AB66: =_xlfn.XLOOKUP($C66,'PP5 (1)'!$B$6:$B$100,'PP5 (1)'!$F$6:$F$100,"") | AC66: =_xlfn.XLOOKUP($C66,'PP5 (2)'!$B$6:$B$100,'PP5 (2)'!$F$6:$F$100,"") | AD66: =SUM(AE66:AP66) -> -51 | AE66: =_xlfn.XLOOKUP($C66,'MP (1)'!$B$6:$B$100,'MP (1)'!$H$6:$H$100,"") | AF66: =_xlfn.XLOOKUP($C66,'MP (2)'!$B$6:$B$100,'MP (2)'!$H$6:$H$100,"") | AG66: =_xlfn.XLOOKUP($C66,'PP1 (1)'!$B$6:$B$99,'PP1 (1)'!$H$6:$H$99,"") | AH66: =_xlfn.XLOOKUP($C66,'PP1 (2)'!$B$6:$B$98,'PP1 (2)'!$H$6:$H$98,"") | AI66: =_xlfn.XLOOKUP($C66,'PP2 (1)'!$B$6:$B$106,'PP2 (1)'!$H$6:$H$106,"") -> -4 | AJ66: =_xlfn.XLOOKUP($C66,'PP2 (2)'!$B$6:$B$100,'PP2 (2)'!$H$6:$H$100,"") -> -19 | AK66: =_xlfn.XLOOKUP($C66,'PP3 (1)'!$B$5:$B$106,'PP3 (1)'!$H$5:$H$106,"") -> 3 | AL66: =_xlfn.XLOOKUP($C66,'PP3 (2)'!$B$5:$B$108,'PP3 (2)'!$H$5:$H$108,"") -> -16 | AM66: =_xlfn.XLOOKUP($C66,'PP4 (1)'!$B$6:$B$100,'PP4 (1)'!$H$6:$H$100,"") -> -14 | AN66: =_xlfn.XLOOKUP($C66,'PP4 (2)'!$B$6:$B$100,'PP4 (2)'!$H$6:$H$100,"") -> -1 | AO66: =_xlfn.XLOOKUP($C66,'PP5 (1)'!$B$6:$B$100,'PP5 (1)'!$H$6:$H$100,"") | AP66: =_xlfn.XLOOKUP($C66,'PP5 (2)'!$B$6:$B$100,'PP5 (2)'!$H$6:$H$100,"")
A67: =ROW()-4 -> 63 | B67: 2 | C67: DROBINSKI Leszek | D67: =SUM(E67:P67) -> 1.67 | E67: =_xlfn.XLOOKUP($C67,'MP (1)'!$B$6:$B$100,'MP (1)'!$E$6:$E$100,"") | F67: =_xlfn.XLOOKUP($C67,'MP (2)'!$B$6:$B$100,'MP (2)'!$E$6:$E$100,"") | G67: =_xlfn.XLOOKUP($C67,'PP1 (1)'!$B$6:$B$99,'PP1 (1)'!$E$6:$E$99,"") | H67: =_xlfn.XLOOKUP($C67,'PP1 (2)'!$B$6:$B$98,'PP1 (2)'!$E$6:$E$98,"") | I67: =_xlfn.XLOOKUP($C67,'PP2 (1)'!$B$6:$B$106,'PP2 (1)'!$E$6:$E$106,"") | J67: =_xlfn.XLOOKUP($C67,'PP2 (2)'!$B$6:$B$100,'PP2 (2)'!$E$6:$E$100,"") | K67: =_xlfn.XLOOKUP($C67,'PP3 (1)'!$B$5:$B$106,'PP3 (1)'!$E$5:$E$106,"") | L67: =_xlfn.XLOOKUP($C67,'PP3 (2)'!$B$5:$B$108,'PP3 (2)'!$E$5:$E$108,"") | M67: =_xlfn.XLOOKUP($C67,'PP4 (1)'!$B$6:$B$100,'PP4 (1)'!$E$6:$E$100,"") | N67: =_xlfn.XLOOKUP($C67,'PP4 (2)'!$B$6:$B$100,'PP4 (2)'!$E$6:$E$100,"") | O67: =_xlfn.XLOOKUP($C67,'PP5 (1)'!$B$6:$B$100,'PP5 (1)'!$E$6:$E$100,"") -> 1 | P67: =_xlfn.XLOOKUP($C67,'PP5 (2)'!$B$6:$B$100,'PP5 (2)'!$E$6:$E$100,"") -> 0.67 | Q67: =SUM(R67:AC67) -> 56 | R67: =_xlfn.XLOOKUP($C67,'MP (1)'!$B$6:$B$100,'MP (1)'!$F$6:$F$100,"") | S67: =_xlfn.XLOOKUP($C67,'MP (2)'!$B$6:$B$100,'MP (2)'!$F$6:$F$100,"") | T67: =_xlfn.XLOOKUP($C67,'PP1 (1)'!$B$6:$B$99,'PP1 (1)'!$F$6:$F$99,"") | U67: =_xlfn.XLOOKUP($C67,'PP1 (2)'!$B$6:$B$98,'PP1 (2)'!$F$6:$F$98,"") | V67: =_xlfn.XLOOKUP($C67,'PP2 (1)'!$B$6:$B$106,'PP2 (1)'!$F$6:$F$106,"") | W67: =_xlfn.XLOOKUP($C67,'PP2 (2)'!$B$6:$B$100,'PP2 (2)'!$F$6:$F$100,"") | X67: =_xlfn.XLOOKUP($C67,'PP3 (1)'!$B$5:$B$106,'PP3 (1)'!$F$5:$F$106,"") | Y67: =_xlfn.XLOOKUP($C67,'PP3 (2)'!$B$5:$B$108,'PP3 (2)'!$F$5:$F$108,"") | Z67: =_xlfn.XLOOKUP($C67,'PP4 (1)'!$B$6:$B$100,'PP4 (1)'!$F$6:$F$100,"") | AA67: =_xlfn.XLOOKUP($C67,'PP4 (2)'!$B$6:$B$100,'PP4 (2)'!$F$6:$F$100,"") | AB67: =_xlfn.XLOOKUP($C67,'PP5 (1)'!$B$6:$B$100,'PP5 (1)'!$F$6:$F$100,"") -> 30 | AC67: =_xlfn.XLOOKUP($C67,'PP5 (2)'!$B$6:$B$100,'PP5 (2)'!$F$6:$F$100,"") -> 26 | AD67: =SUM(AE67:AP67) -> 28 | AE67: =_xlfn.XLOOKUP($C67,'MP (1)'!$B$6:$B$100,'MP (1)'!$H$6:$H$100,"") | AF67: =_xlfn.XLOOKUP($C67,'MP (2)'!$B$6:$B$100,'MP (2)'!$H$6:$H$100,"") | AG67: =_xlfn.XLOOKUP($C67,'PP1 (1)'!$B$6:$B$99,'PP1 (1)'!$H$6:$H$99,"") | AH67: =_xlfn.XLOOKUP($C67,'PP1 (2)'!$B$6:$B$98,'PP1 (2)'!$H$6:$H$98,"") | AI67: =_xlfn.XLOOKUP($C67,'PP2 (1)'!$B$6:$B$106,'PP2 (1)'!$H$6:$H$106,"") | AJ67: =_xlfn.XLOOKUP($C67,'PP2 (2)'!$B$6:$B$100,'PP2 (2)'!$H$6:$H$100,"") | AK67: =_xlfn.XLOOKUP($C67,'PP3 (1)'!$B$5:$B$106,'PP3 (1)'!$H$5:$H$106,"") | AL67: =_xlfn.XLOOKUP($C67,'PP3 (2)'!$B$5:$B$108,'PP3 (2)'!$H$5:$H$108,"") | AM67: =_xlfn.XLOOKUP($C67,'PP4 (1)'!$B$6:$B$100,'PP4 (1)'!$H$6:$H$100,"") | AN67: =_xlfn.XLOOKUP($C67,'PP4 (2)'!$B$6:$B$100,'PP4 (2)'!$H$6:$H$100,"") | AO67: =_xlfn.XLOOKUP($C67,'PP5 (1)'!$B$6:$B$100,'PP5 (1)'!$H$6:$H$100,"") -> 17 | AP67: =_xlfn.XLOOKUP($C67,'PP5 (2)'!$B$6:$B$100,'PP5 (2)'!$H$6:$H$100,"") -> 11
A68: =ROW()-4 -> 64 | B68: 0 | C68: SKRYPKA Glib | D68: =SUM(E68:P68) -> 1.6 | E68: =_xlfn.XLOOKUP($C68,'MP (1)'!$B$6:$B$100,'MP (1)'!$E$6:$E$100,"") -> 0.43 | F68: =_xlfn.XLOOKUP($C68,'MP (2)'!$B$6:$B$100,'MP (2)'!$E$6:$E$100,"") -> 0.57 | G68: =_xlfn.XLOOKUP($C68,'PP1 (1)'!$B$6:$B$99,'PP1 (1)'!$E$6:$E$99,"") | H68: =_xlfn.XLOOKUP($C68,'PP1 (2)'!$B$6:$B$98,'PP1 (2)'!$E$6:$E$98,"") | I68: =_xlfn.XLOOKUP($C68,'PP2 (1)'!$B$6:$B$106,'PP2 (1)'!$E$6:$E$106,"") | J68: =_xlfn.XLOOKUP($C68,'PP2 (2)'!$B$6:$B$100,'PP2 (2)'!$E$6:$E$100,"") | K68: =_xlfn.XLOOKUP($C68,'PP3 (1)'!$B$5:$B$106,'PP3 (1)'!$E$5:$E$106,"") | L68: =_xlfn.XLOOKUP($C68,'PP3 (2)'!$B$5:$B$108,'PP3 (2)'!$E$5:$E$108,"") | M68: =_xlfn.XLOOKUP($C68,'PP4 (1)'!$B$6:$B$100,'PP4 (1)'!$E$6:$E$100,"") -> 0.2 | N68: =_xlfn.XLOOKUP($C68,'PP4 (2)'!$B$6:$B$100,'PP4 (2)'!$E$6:$E$100,"") -> 0.4 | O68: =_xlfn.XLOOKUP($C68,'PP5 (1)'!$B$6:$B$100,'PP5 (1)'!$E$6:$E$100,"") | P68: =_xlfn.XLOOKUP($C68,'PP5 (2)'!$B$6:$B$100,'PP5 (2)'!$E$6:$E$100,"") | Q68: =SUM(R68:AC68) -> 81 | R68: =_xlfn.XLOOKUP($C68,'MP (1)'!$B$6:$B$100,'MP (1)'!$F$6:$F$100,"") -> 22 | S68: =_xlfn.XLOOKUP($C68,'MP (2)'!$B$6:$B$100,'MP (2)'!$F$6:$F$100,"") -> 27 | T68: =_xlfn.XLOOKUP($C68,'PP1 (1)'!$B$6:$B$99,'PP1 (1)'!$F$6:$F$99,"") | U68: =_xlfn.XLOOKUP($C68,'PP1 (2)'!$B$6:$B$98,'PP1 (2)'!$F$6:$F$98,"") | V68: =_xlfn.XLOOKUP($C68,'PP2 (1)'!$B$6:$B$106,'PP2 (1)'!$F$6:$F$106,"") | W68: =_xlfn.XLOOKUP($C68,'PP2 (2)'!$B$6:$B$100,'PP2 (2)'!$F$6:$F$100,"") | X68: =_xlfn.XLOOKUP($C68,'PP3 (1)'!$B$5:$B$106,'PP3 (1)'!$F$5:$F$106,"") | Y68: =_xlfn.XLOOKUP($C68,'PP3 (2)'!$B$5:$B$108,'PP3 (2)'!$F$5:$F$108,"") | Z68: =_xlfn.XLOOKUP($C68,'PP4 (1)'!$B$6:$B$100,'PP4 (1)'!$F$6:$F$100,"") -> 14 | AA68: =_xlfn.XLOOKUP($C68,'PP4 (2)'!$B$6:$B$100,'PP4 (2)'!$F$6:$F$100,"") -> 18 | AB68: =_xlfn.XLOOKUP($C68,'PP5 (1)'!$B$6:$B$100,'PP5 (1)'!$F$6:$F$100,"") | AC68: =_xlfn.XLOOKUP($C68,'PP5 (2)'!$B$6:$B$100,'PP5 (2)'!$F$6:$F$100,"") | AD68: =SUM(AE68:AP68) -> -17 | AE68: =_xlfn.XLOOKUP($C68,'MP (1)'!$B$6:$B$100,'MP (1)'!$H$6:$H$100,"") -> -7 | AF68: =_xlfn.XLOOKUP($C68,'MP (2)'!$B$6:$B$100,'MP (2)'!$H$6:$H$100,"") -> 0 | AG68: =_xlfn.XLOOKUP($C68,'PP1 (1)'!$B$6:$B$99,'PP1 (1)'!$H$6:$H$99,"") | AH68: =_xlfn.XLOOKUP($C68,'PP1 (2)'!$B$6:$B$98,'PP1 (2)'!$H$6:$H$98,"") | AI68: =_xlfn.XLOOKUP($C68,'PP2 (1)'!$B$6:$B$106,'PP2 (1)'!$H$6:$H$106,"") | AJ68: =_xlfn.XLOOKUP($C68,'PP2 (2)'!$B$6:$B$100,'PP2 (2)'!$H$6:$H$100,"") | AK68: =_xlfn.XLOOKUP($C68,'PP3 (1)'!$B$5:$B$106,'PP3 (1)'!$H$5:$H$106,"") | AL68: =_xlfn.XLOOKUP($C68,'PP3 (2)'!$B$5:$B$108,'PP3 (2)'!$H$5:$H$108,"") | AM68: =_xlfn.XLOOKUP($C68,'PP4 (1)'!$B$6:$B$100,'PP4 (1)'!$H$6:$H$100,"") -> -5 | AN68: =_xlfn.XLOOKUP($C68,'PP4 (2)'!$B$6:$B$100,'PP4 (2)'!$H$6:$H$100,"") -> -5 | AO68: =_xlfn.XLOOKUP($C68,'PP5 (1)'!$B$6:$B$100,'PP5 (1)'!$H$6:$H$100,"") | AP68: =_xlfn.XLOOKUP($C68,'PP5 (2)'!$B$6:$B$100,'PP5 (2)'!$H$6:$H$100,"")
A69: =ROW()-4 -> 65 | B69: 1 | C69: KULKA Dawid | D69: =SUM(E69:P69) -> 1.57 | E69: =_xlfn.XLOOKUP($C69,'MP (1)'!$B$6:$B$100,'MP (1)'!$E$6:$E$100,"") | F69: =_xlfn.XLOOKUP($C69,'MP (2)'!$B$6:$B$100,'MP (2)'!$E$6:$E$100,"") | G69: =_xlfn.XLOOKUP($C69,'PP1 (1)'!$B$6:$B$99,'PP1 (1)'!$E$6:$E$99,"") -> 0.57 | H69: =_xlfn.XLOOKUP($C69,'PP1 (2)'!$B$6:$B$98,'PP1 (2)'!$E$6:$E$98,"") -> 1 | I69: =_xlfn.XLOOKUP($C69,'PP2 (1)'!$B$6:$B$106,'PP2 (1)'!$E$6:$E$106,"") | J69: =_xlfn.XLOOKUP($C69,'PP2 (2)'!$B$6:$B$100,'PP2 (2)'!$E$6:$E$100,"") | K69: =_xlfn.XLOOKUP($C69,'PP3 (1)'!$B$5:$B$106,'PP3 (1)'!$E$5:$E$106,"") | L69: =_xlfn.XLOOKUP($C69,'PP3 (2)'!$B$5:$B$108,'PP3 (2)'!$E$5:$E$108,"") | M69: =_xlfn.XLOOKUP($C69,'PP4 (1)'!$B$6:$B$100,'PP4 (1)'!$E$6:$E$100,"") | N69: =_xlfn.XLOOKUP($C69,'PP4 (2)'!$B$6:$B$100,'PP4 (2)'!$E$6:$E$100,"") | O69: =_xlfn.XLOOKUP($C69,'PP5 (1)'!$B$6:$B$100,'PP5 (1)'!$E$6:$E$100,"") | P69: =_xlfn.XLOOKUP($C69,'PP5 (2)'!$B$6:$B$100,'PP5 (2)'!$E$6:$E$100,"") | Q69: =SUM(R69:AC69) -> 60 | R69: =_xlfn.XLOOKUP($C69,'MP (1)'!$B$6:$B$100,'MP (1)'!$F$6:$F$100,"") | S69: =_xlfn.XLOOKUP($C69,'MP (2)'!$B$6:$B$100,'MP (2)'!$F$6:$F$100,"") | T69: =_xlfn.XLOOKUP($C69,'PP1 (1)'!$B$6:$B$99,'PP1 (1)'!$F$6:$F$99,"") -> 30 | U69: =_xlfn.XLOOKUP($C69,'PP1 (2)'!$B$6:$B$98,'PP1 (2)'!$F$6:$F$98,"") -> 30 | V69: =_xlfn.XLOOKUP($C69,'PP2 (1)'!$B$6:$B$106,'PP2 (1)'!$F$6:$F$106,"") | W69: =_xlfn.XLOOKUP($C69,'PP2 (2)'!$B$6:$B$100,'PP2 (2)'!$F$6:$F$100,"") | X69: =_xlfn.XLOOKUP($C69,'PP3 (1)'!$B$5:$B$106,'PP3 (1)'!$F$5:$F$106,"") | Y69: =_xlfn.XLOOKUP($C69,'PP3 (2)'!$B$5:$B$108,'PP3 (2)'!$F$5:$F$108,"") | Z69: =_xlfn.XLOOKUP($C69,'PP4 (1)'!$B$6:$B$100,'PP4 (1)'!$F$6:$F$100,"") | AA69: =_xlfn.XLOOKUP($C69,'PP4 (2)'!$B$6:$B$100,'PP4 (2)'!$F$6:$F$100,"") | AB69: =_xlfn.XLOOKUP($C69,'PP5 (1)'!$B$6:$B$100,'PP5 (1)'!$F$6:$F$100,"") | AC69: =_xlfn.XLOOKUP($C69,'PP5 (2)'!$B$6:$B$100,'PP5 (2)'!$F$6:$F$100,"") | AD69: =SUM(AE69:AP69) -> 27 | AE69: =_xlfn.XLOOKUP($C69,'MP (1)'!$B$6:$B$100,'MP (1)'!$H$6:$H$100,"") | AF69: =_xlfn.XLOOKUP($C69,'MP (2)'!$B$6:$B$100,'MP (2)'!$H$6:$H$100,"") | AG69: =_xlfn.XLOOKUP($C69,'PP1 (1)'!$B$6:$B$99,'PP1 (1)'!$H$6:$H$99,"") -> 7 | AH69: =_xlfn.XLOOKUP($C69,'PP1 (2)'!$B$6:$B$98,'PP1 (2)'!$H$6:$H$98,"") -> 20 | AI69: =_xlfn.XLOOKUP($C69,'PP2 (1)'!$B$6:$B$106,'PP2 (1)'!$H$6:$H$106,"") | AJ69: =_xlfn.XLOOKUP($C69,'PP2 (2)'!$B$6:$B$100,'PP2 (2)'!$H$6:$H$100,"") | AK69: =_xlfn.XLOOKUP($C69,'PP3 (1)'!$B$5:$B$106,'PP3 (1)'!$H$5:$H$106,"") | AL69: =_xlfn.XLOOKUP($C69,'PP3 (2)'!$B$5:$B$108,'PP3 (2)'!$H$5:$H$108,"") | AM69: =_xlfn.XLOOKUP($C69,'PP4 (1)'!$B$6:$B$100,'PP4 (1)'!$H$6:$H$100,"") | AN69: =_xlfn.XLOOKUP($C69,'PP4 (2)'!$B$6:$B$100,'PP4 (2)'!$H$6:$H$100,"") | AO69: =_xlfn.XLOOKUP($C69,'PP5 (1)'!$B$6:$B$100,'PP5 (1)'!$H$6:$H$100,"") | AP69: =_xlfn.XLOOKUP($C69,'PP5 (2)'!$B$6:$B$100,'PP5 (2)'!$H$6:$H$100,"")
A70: =ROW()-4 -> 66 | B70: 0 | C70: SZTYBER Michał | D70: =SUM(E70:P70) -> 1.5 | E70: =_xlfn.XLOOKUP($C70,'MP (1)'!$B$6:$B$100,'MP (1)'!$E$6:$E$100,"") | F70: =_xlfn.XLOOKUP($C70,'MP (2)'!$B$6:$B$100,'MP (2)'!$E$6:$E$100,"") | G70: =_xlfn.XLOOKUP($C70,'PP1 (1)'!$B$6:$B$99,'PP1 (1)'!$E$6:$E$99,"") | H70: =_xlfn.XLOOKUP($C70,'PP1 (2)'!$B$6:$B$98,'PP1 (2)'!$E$6:$E$98,"") | I70: =_xlfn.XLOOKUP($C70,'PP2 (1)'!$B$6:$B$106,'PP2 (1)'!$E$6:$E$106,"") | J70: =_xlfn.XLOOKUP($C70,'PP2 (2)'!$B$6:$B$100,'PP2 (2)'!$E$6:$E$100,"") | K70: =_xlfn.XLOOKUP($C70,'PP3 (1)'!$B$5:$B$106,'PP3 (1)'!$E$5:$E$106,"") | L70: =_xlfn.XLOOKUP($C70,'PP3 (2)'!$B$5:$B$108,'PP3 (2)'!$E$5:$E$108,"") | M70: =_xlfn.XLOOKUP($C70,'PP4 (1)'!$B$6:$B$100,'PP4 (1)'!$E$6:$E$100,"") -> 0.67 | N70: =_xlfn.XLOOKUP($C70,'PP4 (2)'!$B$6:$B$100,'PP4 (2)'!$E$6:$E$100,"") -> 0.83 | O70: =_xlfn.XLOOKUP($C70,'PP5 (1)'!$B$6:$B$100,'PP5 (1)'!$E$6:$E$100,"") | P70: =_xlfn.XLOOKUP($C70,'PP5 (2)'!$B$6:$B$100,'PP5 (2)'!$E$6:$E$100,"") | Q70: =SUM(R70:AC70) -> 50 | R70: =_xlfn.XLOOKUP($C70,'MP (1)'!$B$6:$B$100,'MP (1)'!$F$6:$F$100,"") | S70: =_xlfn.XLOOKUP($C70,'MP (2)'!$B$6:$B$100,'MP (2)'!$F$6:$F$100,"") | T70: =_xlfn.XLOOKUP($C70,'PP1 (1)'!$B$6:$B$99,'PP1 (1)'!$F$6:$F$99,"") | U70: =_xlfn.XLOOKUP($C70,'PP1 (2)'!$B$6:$B$98,'PP1 (2)'!$F$6:$F$98,"") | V70: =_xlfn.XLOOKUP($C70,'PP2 (1)'!$B$6:$B$106,'PP2 (1)'!$F$6:$F$106,"") | W70: =_xlfn.XLOOKUP($C70,'PP2 (2)'!$B$6:$B$100,'PP2 (2)'!$F$6:$F$100,"") | X70: =_xlfn.XLOOKUP($C70,'PP3 (1)'!$B$5:$B$106,'PP3 (1)'!$F$5:$F$106,"") | Y70: =_xlfn.XLOOKUP($C70,'PP3 (2)'!$B$5:$B$108,'PP3 (2)'!$F$5:$F$108,"") | Z70: =_xlfn.XLOOKUP($C70,'PP4 (1)'!$B$6:$B$100,'PP4 (1)'!$F$6:$F$100,"") -> 25 | AA70: =_xlfn.XLOOKUP($C70,'PP4 (2)'!$B$6:$B$100,'PP4 (2)'!$F$6:$F$100,"") -> 25 | AB70: =_xlfn.XLOOKUP($C70,'PP5 (1)'!$B$6:$B$100,'PP5 (1)'!$F$6:$F$100,"") | AC70: =_xlfn.XLOOKUP($C70,'PP5 (2)'!$B$6:$B$100,'PP5 (2)'!$F$6:$F$100,"") | AD70: =SUM(AE70:AP70) -> 22 | AE70: =_xlfn.XLOOKUP($C70,'MP (1)'!$B$6:$B$100,'MP (1)'!$H$6:$H$100,"") | AF70: =_xlfn.XLOOKUP($C70,'MP (2)'!$B$6:$B$100,'MP (2)'!$H$6:$H$100,"") | AG70: =_xlfn.XLOOKUP($C70,'PP1 (1)'!$B$6:$B$99,'PP1 (1)'!$H$6:$H$99,"") | AH70: =_xlfn.XLOOKUP($C70,'PP1 (2)'!$B$6:$B$98,'PP1 (2)'!$H$6:$H$98,"") | AI70: =_xlfn.XLOOKUP($C70,'PP2 (1)'!$B$6:$B$106,'PP2 (1)'!$H$6:$H$106,"") | AJ70: =_xlfn.XLOOKUP($C70,'PP2 (2)'!$B$6:$B$100,'PP2 (2)'!$H$6:$H$100,"") | AK70: =_xlfn.XLOOKUP($C70,'PP3 (1)'!$B$5:$B$106,'PP3 (1)'!$H$5:$H$106,"") | AL70: =_xlfn.XLOOKUP($C70,'PP3 (2)'!$B$5:$B$108,'PP3 (2)'!$H$5:$H$108,"") | AM70: =_xlfn.XLOOKUP($C70,'PP4 (1)'!$B$6:$B$100,'PP4 (1)'!$H$6:$H$100,"") -> 10 | AN70: =_xlfn.XLOOKUP($C70,'PP4 (2)'!$B$6:$B$100,'PP4 (2)'!$H$6:$H$100,"") -> 12 | AO70: =_xlfn.XLOOKUP($C70,'PP5 (1)'!$B$6:$B$100,'PP5 (1)'!$H$6:$H$100,"") | AP70: =_xlfn.XLOOKUP($C70,'PP5 (2)'!$B$6:$B$100,'PP5 (2)'!$H$6:$H$100,"")
A71: =ROW()-4 -> 67 | C71: CASSERLY Colm | D71: =SUM(E71:P71) -> 1.5 | E71: =_xlfn.XLOOKUP($C71,'MP (1)'!$B$6:$B$100,'MP (1)'!$E$6:$E$100,"") | F71: =_xlfn.XLOOKUP($C71,'MP (2)'!$B$6:$B$100,'MP (2)'!$E$6:$E$100,"") | G71: =_xlfn.XLOOKUP($C71,'PP1 (1)'!$B$6:$B$99,'PP1 (1)'!$E$6:$E$99,"") -> 1 | H71: =_xlfn.XLOOKUP($C71,'PP1 (2)'!$B$6:$B$98,'PP1 (2)'!$E$6:$E$98,"") -> 0.5 | I71: =_xlfn.XLOOKUP($C71,'PP2 (1)'!$B$6:$B$106,'PP2 (1)'!$E$6:$E$106,"") | J71: =_xlfn.XLOOKUP($C71,'PP2 (2)'!$B$6:$B$100,'PP2 (2)'!$E$6:$E$100,"") | K71: =_xlfn.XLOOKUP($C71,'PP3 (1)'!$B$5:$B$106,'PP3 (1)'!$E$5:$E$106,"") | L71: =_xlfn.XLOOKUP($C71,'PP3 (2)'!$B$5:$B$108,'PP3 (2)'!$E$5:$E$108,"") | M71: =_xlfn.XLOOKUP($C71,'PP4 (1)'!$B$6:$B$100,'PP4 (1)'!$E$6:$E$100,"") | N71: =_xlfn.XLOOKUP($C71,'PP4 (2)'!$B$6:$B$100,'PP4 (2)'!$E$6:$E$100,"") | O71: =_xlfn.XLOOKUP($C71,'PP5 (1)'!$B$6:$B$100,'PP5 (1)'!$E$6:$E$100,"") | P71: =_xlfn.XLOOKUP($C71,'PP5 (2)'!$B$6:$B$100,'PP5 (2)'!$E$6:$E$100,"") | Q71: =SUM(R71:AC71) -> 49 | R71: =_xlfn.XLOOKUP($C71,'MP (1)'!$B$6:$B$100,'MP (1)'!$F$6:$F$100,"") | S71: =_xlfn.XLOOKUP($C71,'MP (2)'!$B$6:$B$100,'MP (2)'!$F$6:$F$100,"") | T71: =_xlfn.XLOOKUP($C71,'PP1 (1)'!$B$6:$B$99,'PP1 (1)'!$F$6:$F$99,"") -> 30 | U71: =_xlfn.XLOOKUP($C71,'PP1 (2)'!$B$6:$B$98,'PP1 (2)'!$F$6:$F$98,"") -> 19 | V71: =_xlfn.XLOOKUP($C71,'PP2 (1)'!$B$6:$B$106,'PP2 (1)'!$F$6:$F$106,"") | W71: =_xlfn.XLOOKUP($C71,'PP2 (2)'!$B$6:$B$100,'PP2 (2)'!$F$6:$F$100,"") | X71: =_xlfn.XLOOKUP($C71,'PP3 (1)'!$B$5:$B$106,'PP3 (1)'!$F$5:$F$106,"") | Y71: =_xlfn.XLOOKUP($C71,'PP3 (2)'!$B$5:$B$108,'PP3 (2)'!$F$5:$F$108,"") | Z71: =_xlfn.XLOOKUP($C71,'PP4 (1)'!$B$6:$B$100,'PP4 (1)'!$F$6:$F$100,"") | AA71: =_xlfn.XLOOKUP($C71,'PP4 (2)'!$B$6:$B$100,'PP4 (2)'!$F$6:$F$100,"") | AB71: =_xlfn.XLOOKUP($C71,'PP5 (1)'!$B$6:$B$100,'PP5 (1)'!$F$6:$F$100,"") | AC71: =_xlfn.XLOOKUP($C71,'PP5 (2)'!$B$6:$B$100,'PP5 (2)'!$F$6:$F$100,"") | AD71: =SUM(AE71:AP71) -> 3 | AE71: =_xlfn.XLOOKUP($C71,'MP (1)'!$B$6:$B$100,'MP (1)'!$H$6:$H$100,"") | AF71: =_xlfn.XLOOKUP($C71,'MP (2)'!$B$6:$B$100,'MP (2)'!$H$6:$H$100,"") | AG71: =_xlfn.XLOOKUP($C71,'PP1 (1)'!$B$6:$B$99,'PP1 (1)'!$H$6:$H$99,"") -> 9 | AH71: =_xlfn.XLOOKUP($C71,'PP1 (2)'!$B$6:$B$98,'PP1 (2)'!$H$6:$H$98,"") -> -6 | AI71: =_xlfn.XLOOKUP($C71,'PP2 (1)'!$B$6:$B$106,'PP2 (1)'!$H$6:$H$106,"") | AJ71: =_xlfn.XLOOKUP($C71,'PP2 (2)'!$B$6:$B$100,'PP2 (2)'!$H$6:$H$100,"") | AK71: =_xlfn.XLOOKUP($C71,'PP3 (1)'!$B$5:$B$106,'PP3 (1)'!$H$5:$H$106,"") | AL71: =_xlfn.XLOOKUP($C71,'PP3 (2)'!$B$5:$B$108,'PP3 (2)'!$H$5:$H$108,"") | AM71: =_xlfn.XLOOKUP($C71,'PP4 (1)'!$B$6:$B$100,'PP4 (1)'!$H$6:$H$100,"") | AN71: =_xlfn.XLOOKUP($C71,'PP4 (2)'!$B$6:$B$100,'PP4 (2)'!$H$6:$H$100,"") | AO71: =_xlfn.XLOOKUP($C71,'PP5 (1)'!$B$6:$B$100,'PP5 (1)'!$H$6:$H$100,"") | AP71: =_xlfn.XLOOKUP($C71,'PP5 (2)'!$B$6:$B$100,'PP5 (2)'!$H$6:$H$100,"")
A72: =ROW()-4 -> 68 | B72: 4 | C72: SOBIERAJ Wojciech | D72: =SUM(E72:P72) -> 1.4 | E72: =_xlfn.XLOOKUP($C72,'MP (1)'!$B$6:$B$100,'MP (1)'!$E$6:$E$100,"") -> 0.57 | F72: =_xlfn.XLOOKUP($C72,'MP (2)'!$B$6:$B$100,'MP (2)'!$E$6:$E$100,"") -> 0.83 | G72: =_xlfn.XLOOKUP($C72,'PP1 (1)'!$B$6:$B$99,'PP1 (1)'!$E$6:$E$99,"") | H72: =_xlfn.XLOOKUP($C72,'PP1 (2)'!$B$6:$B$98,'PP1 (2)'!$E$6:$E$98,"") | I72: =_xlfn.XLOOKUP($C72,'PP2 (1)'!$B$6:$B$106,'PP2 (1)'!$E$6:$E$106,"") | J72: =_xlfn.XLOOKUP($C72,'PP2 (2)'!$B$6:$B$100,'PP2 (2)'!$E$6:$E$100,"") | K72: =_xlfn.XLOOKUP($C72,'PP3 (1)'!$B$5:$B$106,'PP3 (1)'!$E$5:$E$106,"") | L72: =_xlfn.XLOOKUP($C72,'PP3 (2)'!$B$5:$B$108,'PP3 (2)'!$E$5:$E$108,"") | M72: =_xlfn.XLOOKUP($C72,'PP4 (1)'!$B$6:$B$100,'PP4 (1)'!$E$6:$E$100,"") | N72: =_xlfn.XLOOKUP($C72,'PP4 (2)'!$B$6:$B$100,'PP4 (2)'!$E$6:$E$100,"") | O72: =_xlfn.XLOOKUP($C72,'PP5 (1)'!$B$6:$B$100,'PP5 (1)'!$E$6:$E$100,"") | P72: =_xlfn.XLOOKUP($C72,'PP5 (2)'!$B$6:$B$100,'PP5 (2)'!$E$6:$E$100,"") | Q72: =SUM(R72:AC72) -> 52 | R72: =_xlfn.XLOOKUP($C72,'MP (1)'!$B$6:$B$100,'MP (1)'!$F$6:$F$100,"") -> 27 | S72: =_xlfn.XLOOKUP($C72,'MP (2)'!$B$6:$B$100,'MP (2)'!$F$6:$F$100,"") -> 25 | T72: =_xlfn.XLOOKUP($C72,'PP1 (1)'!$B$6:$B$99,'PP1 (1)'!$F$6:$F$99,"") | U72: =_xlfn.XLOOKUP($C72,'PP1 (2)'!$B$6:$B$98,'PP1 (2)'!$F$6:$F$98,"") | V72: =_xlfn.XLOOKUP($C72,'PP2 (1)'!$B$6:$B$106,'PP2 (1)'!$F$6:$F$106,"") | W72: =_xlfn.XLOOKUP($C72,'PP2 (2)'!$B$6:$B$100,'PP2 (2)'!$F$6:$F$100,"") | X72: =_xlfn.XLOOKUP($C72,'PP3 (1)'!$B$5:$B$106,'PP3 (1)'!$F$5:$F$106,"") | Y72: =_xlfn.XLOOKUP($C72,'PP3 (2)'!$B$5:$B$108,'PP3 (2)'!$F$5:$F$108,"") | Z72: =_xlfn.XLOOKUP($C72,'PP4 (1)'!$B$6:$B$100,'PP4 (1)'!$F$6:$F$100,"") | AA72: =_xlfn.XLOOKUP($C72,'PP4 (2)'!$B$6:$B$100,'PP4 (2)'!$F$6:$F$100,"") | AB72: =_xlfn.XLOOKUP($C72,'PP5 (1)'!$B$6:$B$100,'PP5 (1)'!$F$6:$F$100,"") | AC72: =_xlfn.XLOOKUP($C72,'PP5 (2)'!$B$6:$B$100,'PP5 (2)'!$F$6:$F$100,"") | AD72: =SUM(AE72:AP72) -> 11 | AE72: =_xlfn.XLOOKUP($C72,'MP (1)'!$B$6:$B$100,'MP (1)'!$H$6:$H$100,"") -> 2 | AF72: =_xlfn.XLOOKUP($C72,'MP (2)'!$B$6:$B$100,'MP (2)'!$H$6:$H$100,"") -> 9 | AG72: =_xlfn.XLOOKUP($C72,'PP1 (1)'!$B$6:$B$99,'PP1 (1)'!$H$6:$H$99,"") | AH72: =_xlfn.XLOOKUP($C72,'PP1 (2)'!$B$6:$B$98,'PP1 (2)'!$H$6:$H$98,"") | AI72: =_xlfn.XLOOKUP($C72,'PP2 (1)'!$B$6:$B$106,'PP2 (1)'!$H$6:$H$106,"") | AJ72: =_xlfn.XLOOKUP($C72,'PP2 (2)'!$B$6:$B$100,'PP2 (2)'!$H$6:$H$100,"") | AK72: =_xlfn.XLOOKUP($C72,'PP3 (1)'!$B$5:$B$106,'PP3 (1)'!$H$5:$H$106,"") | AL72: =_xlfn.XLOOKUP($C72,'PP3 (2)'!$B$5:$B$108,'PP3 (2)'!$H$5:$H$108,"") | AM72: =_xlfn.XLOOKUP($C72,'PP4 (1)'!$B$6:$B$100,'PP4 (1)'!$H$6:$H$100,"") | AN72: =_xlfn.XLOOKUP($C72,'PP4 (2)'!$B$6:$B$100,'PP4 (2)'!$H$6:$H$100,"") | AO72: =_xlfn.XLOOKUP($C72,'PP5 (1)'!$B$6:$B$100,'PP5 (1)'!$H$6:$H$100,"") | AP72: =_xlfn.XLOOKUP($C72,'PP5 (2)'!$B$6:$B$100,'PP5 (2)'!$H$6:$H$100,"")
A73: =ROW()-4 -> 69 | B73: 1k | C73: KOWALSKA Milena | D73: =SUM(E73:P73) -> 1.37 | E73: =_xlfn.XLOOKUP($C73,'MP (1)'!$B$6:$B$100,'MP (1)'!$E$6:$E$100,"") | F73: =_xlfn.XLOOKUP($C73,'MP (2)'!$B$6:$B$100,'MP (2)'!$E$6:$E$100,"") | G73: =_xlfn.XLOOKUP($C73,'PP1 (1)'!$B$6:$B$99,'PP1 (1)'!$E$6:$E$99,"") -> 0.17 | H73: =_xlfn.XLOOKUP($C73,'PP1 (2)'!$B$6:$B$98,'PP1 (2)'!$E$6:$E$98,"") -> 0.14 | I73: =_xlfn.XLOOKUP($C73,'PP2 (1)'!$B$6:$B$106,'PP2 (1)'!$E$6:$E$106,"") -> 0.33 | J73: =_xlfn.XLOOKUP($C73,'PP2 (2)'!$B$6:$B$100,'PP2 (2)'!$E$6:$E$100,"") -> 0.33 | K73: =_xlfn.XLOOKUP($C73,'PP3 (1)'!$B$5:$B$106,'PP3 (1)'!$E$5:$E$106,"") -> 0.2 | L73: =_xlfn.XLOOKUP($C73,'PP3 (2)'!$B$5:$B$108,'PP3 (2)'!$E$5:$E$108,"") -> 0.2 | M73: =_xlfn.XLOOKUP($C73,'PP4 (1)'!$B$6:$B$100,'PP4 (1)'!$E$6:$E$100,"") | N73: =_xlfn.XLOOKUP($C73,'PP4 (2)'!$B$6:$B$100,'PP4 (2)'!$E$6:$E$100,"") | O73: =_xlfn.XLOOKUP($C73,'PP5 (1)'!$B$6:$B$100,'PP5 (1)'!$E$6:$E$100,"") | P73: =_xlfn.XLOOKUP($C73,'PP5 (2)'!$B$6:$B$100,'PP5 (2)'!$E$6:$E$100,"") | Q73: =SUM(R73:AC73) -> 111 | R73: =_xlfn.XLOOKUP($C73,'MP (1)'!$B$6:$B$100,'MP (1)'!$F$6:$F$100,"") | S73: =_xlfn.XLOOKUP($C73,'MP (2)'!$B$6:$B$100,'MP (2)'!$F$6:$F$100,"") | T73: =_xlfn.XLOOKUP($C73,'PP1 (1)'!$B$6:$B$99,'PP1 (1)'!$F$6:$F$99,"") -> 23 | U73: =_xlfn.XLOOKUP($C73,'PP1 (2)'!$B$6:$B$98,'PP1 (2)'!$F$6:$F$98,"") -> 21 | V73: =_xlfn.XLOOKUP($C73,'PP2 (1)'!$B$6:$B$106,'PP2 (1)'!$F$6:$F$106,"") -> 19 | W73: =_xlfn.XLOOKUP($C73,'PP2 (2)'!$B$6:$B$100,'PP2 (2)'!$F$6:$F$100,"") -> 20 | X73: =_xlfn.XLOOKUP($C73,'PP3 (1)'!$B$5:$B$106,'PP3 (1)'!$F$5:$F$106,"") -> 14 | Y73: =_xlfn.XLOOKUP($C73,'PP3 (2)'!$B$5:$B$108,'PP3 (2)'!$F$5:$F$108,"") -> 14 | Z73: =_xlfn.XLOOKUP($C73,'PP4 (1)'!$B$6:$B$100,'PP4 (1)'!$F$6:$F$100,"") | AA73: =_xlfn.XLOOKUP($C73,'PP4 (2)'!$B$6:$B$100,'PP4 (2)'!$F$6:$F$100,"") | AB73: =_xlfn.XLOOKUP($C73,'PP5 (1)'!$B$6:$B$100,'PP5 (1)'!$F$6:$F$100,"") | AC73: =_xlfn.XLOOKUP($C73,'PP5 (2)'!$B$6:$B$100,'PP5 (2)'!$F$6:$F$100,"") | AD73: =SUM(AE73:AP73) -> -46 | AE73: =_xlfn.XLOOKUP($C73,'MP (1)'!$B$6:$B$100,'MP (1)'!$H$6:$H$100,"") | AF73: =_xlfn.XLOOKUP($C73,'MP (2)'!$B$6:$B$100,'MP (2)'!$H$6:$H$100,"") | AG73: =_xlfn.XLOOKUP($C73,'PP1 (1)'!$B$6:$B$99,'PP1 (1)'!$H$6:$H$99,"") -> -6 | AH73: =_xlfn.XLOOKUP($C73,'PP1 (2)'!$B$6:$B$98,'PP1 (2)'!$H$6:$H$98,"") -> -13 | AI73: =_xlfn.XLOOKUP($C73,'PP2 (1)'!$B$6:$B$106,'PP2 (1)'!$H$6:$H$106,"") -> -7 | AJ73: =_xlfn.XLOOKUP($C73,'PP2 (2)'!$B$6:$B$100,'PP2 (2)'!$H$6:$H$100,"") -> -2 | AK73: =_xlfn.XLOOKUP($C73,'PP3 (1)'!$B$5:$B$106,'PP3 (1)'!$H$5:$H$106,"") -> -8 | AL73: =_xlfn.XLOOKUP($C73,'PP3 (2)'!$B$5:$B$108,'PP3 (2)'!$H$5:$H$108,"") -> -10 | AM73: =_xlfn.XLOOKUP($C73,'PP4 (1)'!$B$6:$B$100,'PP4 (1)'!$H$6:$H$100,"") | AN73: =_xlfn.XLOOKUP($C73,'PP4 (2)'!$B$6:$B$100,'PP4 (2)'!$H$6:$H$100,"") | AO73: =_xlfn.XLOOKUP($C73,'PP5 (1)'!$B$6:$B$100,'PP5 (1)'!$H$6:$H$100,"") | AP73: =_xlfn.XLOOKUP($C73,'PP5 (2)'!$B$6:$B$100,'PP5 (2)'!$H$6:$H$100,"")
A74: =ROW()-4 -> 70 | B74: 1k | C74: KŁOS Iwona | D74: =SUM(E74:P74) -> 1.37 | E74: =_xlfn.XLOOKUP($C74,'MP (1)'!$B$6:$B$100,'MP (1)'!$E$6:$E$100,"") | F74: =_xlfn.XLOOKUP($C74,'MP (2)'!$B$6:$B$100,'MP (2)'!$E$6:$E$100,"") | G74: =_xlfn.XLOOKUP($C74,'PP1 (1)'!$B$6:$B$99,'PP1 (1)'!$E$6:$E$99,"") | H74: =_xlfn.XLOOKUP($C74,'PP1 (2)'!$B$6:$B$98,'PP1 (2)'!$E$6:$E$98,"") | I74: =_xlfn.XLOOKUP($C74,'PP2 (1)'!$B$6:$B$106,'PP2 (1)'!$E$6:$E$106,"") -> 0.33 | J74: =_xlfn.XLOOKUP($C74,'PP2 (2)'!$B$6:$B$100,'PP2 (2)'!$E$6:$E$100,"") -> 0.17 | K74: =_xlfn.XLOOKUP($C74,'PP3 (1)'!$B$5:$B$106,'PP3 (1)'!$E$5:$E$106,"") -> 0.2 | L74: =_xlfn.XLOOKUP($C74,'PP3 (2)'!$B$5:$B$108,'PP3 (2)'!$E$5:$E$108,"") -> 0.67 | M74: =_xlfn.XLOOKUP($C74,'PP4 (1)'!$B$6:$B$100,'PP4 (1)'!$E$6:$E$100,"") | N74: =_xlfn.XLOOKUP($C74,'PP4 (2)'!$B$6:$B$100,'PP4 (2)'!$E$6:$E$100,"") | O74: =_xlfn.XLOOKUP($C74,'PP5 (1)'!$B$6:$B$100,'PP5 (1)'!$E$6:$E$100,"") | P74: =_xlfn.XLOOKUP($C74,'PP5 (2)'!$B$6:$B$100,'PP5 (2)'!$E$6:$E$100,"") | Q74: =SUM(R74:AC74) -> 76 | R74: =_xlfn.XLOOKUP($C74,'MP (1)'!$B$6:$B$100,'MP (1)'!$F$6:$F$100,"") | S74: =_xlfn.XLOOKUP($C74,'MP (2)'!$B$6:$B$100,'MP (2)'!$F$6:$F$100,"") | T74: =_xlfn.XLOOKUP($C74,'PP1 (1)'!$B$6:$B$99,'PP1 (1)'!$F$6:$F$99,"") | U74: =_xlfn.XLOOKUP($C74,'PP1 (2)'!$B$6:$B$98,'PP1 (2)'!$F$6:$F$98,"") | V74: =_xlfn.XLOOKUP($C74,'PP2 (1)'!$B$6:$B$106,'PP2 (1)'!$F$6:$F$106,"") -> 24 | W74: =_xlfn.XLOOKUP($C74,'PP2 (2)'!$B$6:$B$100,'PP2 (2)'!$F$6:$F$100,"") -> 17 | X74: =_xlfn.XLOOKUP($C74,'PP3 (1)'!$B$5:$B$106,'PP3 (1)'!$F$5:$F$106,"") -> 12 | Y74: =_xlfn.XLOOKUP($C74,'PP3 (2)'!$B$5:$B$108,'PP3 (2)'!$F$5:$F$108,"") -> 23 | Z74: =_xlfn.XLOOKUP($C74,'PP4 (1)'!$B$6:$B$100,'PP4 (1)'!$F$6:$F$100,"") | AA74: =_xlfn.XLOOKUP($C74,'PP4 (2)'!$B$6:$B$100,'PP4 (2)'!$F$6:$F$100,"") | AB74: =_xlfn.XLOOKUP($C74,'PP5 (1)'!$B$6:$B$100,'PP5 (1)'!$F$6:$F$100,"") | AC74: =_xlfn.XLOOKUP($C74,'PP5 (2)'!$B$6:$B$100,'PP5 (2)'!$F$6:$F$100,"") | AD74: =SUM(AE74:AP74) -> -13 | AE74: =_xlfn.XLOOKUP($C74,'MP (1)'!$B$6:$B$100,'MP (1)'!$H$6:$H$100,"") | AF74: =_xlfn.XLOOKUP($C74,'MP (2)'!$B$6:$B$100,'MP (2)'!$H$6:$H$100,"") | AG74: =_xlfn.XLOOKUP($C74,'PP1 (1)'!$B$6:$B$99,'PP1 (1)'!$H$6:$H$99,"") | AH74: =_xlfn.XLOOKUP($C74,'PP1 (2)'!$B$6:$B$98,'PP1 (2)'!$H$6:$H$98,"") | AI74: =_xlfn.XLOOKUP($C74,'PP2 (1)'!$B$6:$B$106,'PP2 (1)'!$H$6:$H$106,"") -> 1 | AJ74: =_xlfn.XLOOKUP($C74,'PP2 (2)'!$B$6:$B$100,'PP2 (2)'!$H$6:$H$100,"") -> -11 | AK74: =_xlfn.XLOOKUP($C74,'PP3 (1)'!$B$5:$B$106,'PP3 (1)'!$H$5:$H$106,"") -> -9 | AL74: =_xlfn.XLOOKUP($C74,'PP3 (2)'!$B$5:$B$108,'PP3 (2)'!$H$5:$H$108,"") -> 6 | AM74: =_xlfn.XLOOKUP($C74,'PP4 (1)'!$B$6:$B$100,'PP4 (1)'!$H$6:$H$100,"") | AN74: =_xlfn.XLOOKUP($C74,'PP4 (2)'!$B$6:$B$100,'PP4 (2)'!$H$6:$H$100,"") | AO74: =_xlfn.XLOOKUP($C74,'PP5 (1)'!$B$6:$B$100,'PP5 (1)'!$H$6:$H$100,"") | AP74: =_xlfn.XLOOKUP($C74,'PP5 (2)'!$B$6:$B$100,'PP5 (2)'!$H$6:$H$100,"")
A75: =ROW()-4 -> 71 | C75: ALCSER Norbert | D75: =SUM(E75:P75) -> 1.34 | E75: =_xlfn.XLOOKUP($C75,'MP (1)'!$B$6:$B$100,'MP (1)'!$E$6:$E$100,"") | F75: =_xlfn.XLOOKUP($C75,'MP (2)'!$B$6:$B$100,'MP (2)'!$E$6:$E$100,"") | G75: =_xlfn.XLOOKUP($C75,'PP1 (1)'!$B$6:$B$99,'PP1 (1)'!$E$6:$E$99,"") | H75: =_xlfn.XLOOKUP($C75,'PP1 (2)'!$B$6:$B$98,'PP1 (2)'!$E$6:$E$98,"") | I75: =_xlfn.XLOOKUP($C75,'PP2 (1)'!$B$6:$B$106,'PP2 (1)'!$E$6:$E$106,"") | J75: =_xlfn.XLOOKUP($C75,'PP2 (2)'!$B$6:$B$100,'PP2 (2)'!$E$6:$E$100,"") | K75: =_xlfn.XLOOKUP($C75,'PP3 (1)'!$B$5:$B$106,'PP3 (1)'!$E$5:$E$106,"") -> 0.67 | L75: =_xlfn.XLOOKUP($C75,'PP3 (2)'!$B$5:$B$108,'PP3 (2)'!$E$5:$E$108,"") -> 0.67 | M75: =_xlfn.XLOOKUP($C75,'PP4 (1)'!$B$6:$B$100,'PP4 (1)'!$E$6:$E$100,"") | N75: =_xlfn.XLOOKUP($C75,'PP4 (2)'!$B$6:$B$100,'PP4 (2)'!$E$6:$E$100,"") | O75: =_xlfn.XLOOKUP($C75,'PP5 (1)'!$B$6:$B$100,'PP5 (1)'!$E$6:$E$100,"") | P75: =_xlfn.XLOOKUP($C75,'PP5 (2)'!$B$6:$B$100,'PP5 (2)'!$E$6:$E$100,"") | Q75: =SUM(R75:AC75) -> 48 | R75: =_xlfn.XLOOKUP($C75,'MP (1)'!$B$6:$B$100,'MP (1)'!$F$6:$F$100,"") | S75: =_xlfn.XLOOKUP($C75,'MP (2)'!$B$6:$B$100,'MP (2)'!$F$6:$F$100,"") | T75: =_xlfn.XLOOKUP($C75,'PP1 (1)'!$B$6:$B$99,'PP1 (1)'!$F$6:$F$99,"") | U75: =_xlfn.XLOOKUP($C75,'PP1 (2)'!$B$6:$B$98,'PP1 (2)'!$F$6:$F$98,"") | V75: =_xlfn.XLOOKUP($C75,'PP2 (1)'!$B$6:$B$106,'PP2 (1)'!$F$6:$F$106,"") | W75: =_xlfn.XLOOKUP($C75,'PP2 (2)'!$B$6:$B$100,'PP2 (2)'!$F$6:$F$100,"") | X75: =_xlfn.XLOOKUP($C75,'PP3 (1)'!$B$5:$B$106,'PP3 (1)'!$F$5:$F$106,"") -> 23 | Y75: =_xlfn.XLOOKUP($C75,'PP3 (2)'!$B$5:$B$108,'PP3 (2)'!$F$5:$F$108,"") -> 25 | Z75: =_xlfn.XLOOKUP($C75,'PP4 (1)'!$B$6:$B$100,'PP4 (1)'!$F$6:$F$100,"") | AA75: =_xlfn.XLOOKUP($C75,'PP4 (2)'!$B$6:$B$100,'PP4 (2)'!$F$6:$F$100,"") | AB75: =_xlfn.XLOOKUP($C75,'PP5 (1)'!$B$6:$B$100,'PP5 (1)'!$F$6:$F$100,"") | AC75: =_xlfn.XLOOKUP($C75,'PP5 (2)'!$B$6:$B$100,'PP5 (2)'!$F$6:$F$100,"") | AD75: =SUM(AE75:AP75) -> 18 | AE75: =_xlfn.XLOOKUP($C75,'MP (1)'!$B$6:$B$100,'MP (1)'!$H$6:$H$100,"") | AF75: =_xlfn.XLOOKUP($C75,'MP (2)'!$B$6:$B$100,'MP (2)'!$H$6:$H$100,"") | AG75: =_xlfn.XLOOKUP($C75,'PP1 (1)'!$B$6:$B$99,'PP1 (1)'!$H$6:$H$99,"") | AH75: =_xlfn.XLOOKUP($C75,'PP1 (2)'!$B$6:$B$98,'PP1 (2)'!$H$6:$H$98,"") | AI75: =_xlfn.XLOOKUP($C75,'PP2 (1)'!$B$6:$B$106,'PP2 (1)'!$H$6:$H$106,"") | AJ75: =_xlfn.XLOOKUP($C75,'PP2 (2)'!$B$6:$B$100,'PP2 (2)'!$H$6:$H$100,"") | AK75: =_xlfn.XLOOKUP($C75,'PP3 (1)'!$B$5:$B$106,'PP3 (1)'!$H$5:$H$106,"") -> 9 | AL75: =_xlfn.XLOOKUP($C75,'PP3 (2)'!$B$5:$B$108,'PP3 (2)'!$H$5:$H$108,"") -> 9 | AM75: =_xlfn.XLOOKUP($C75,'PP4 (1)'!$B$6:$B$100,'PP4 (1)'!$H$6:$H$100,"") | AN75: =_xlfn.XLOOKUP($C75,'PP4 (2)'!$B$6:$B$100,'PP4 (2)'!$H$6:$H$100,"") | AO75: =_xlfn.XLOOKUP($C75,'PP5 (1)'!$B$6:$B$100,'PP5 (1)'!$H$6:$H$100,"") | AP75: =_xlfn.XLOOKUP($C75,'PP5 (2)'!$B$6:$B$100,'PP5 (2)'!$H$6:$H$100,"")
A76: =ROW()-4 -> 72 | B76: 0k | C76: BARAN Agata | D76: =SUM(E76:P76) -> 1.33 | E76: =_xlfn.XLOOKUP($C76,'MP (1)'!$B$6:$B$100,'MP (1)'!$E$6:$E$100,"") | F76: =_xlfn.XLOOKUP($C76,'MP (2)'!$B$6:$B$100,'MP (2)'!$E$6:$E$100,"") | G76: =_xlfn.XLOOKUP($C76,'PP1 (1)'!$B$6:$B$99,'PP1 (1)'!$E$6:$E$99,"") | H76: =_xlfn.XLOOKUP($C76,'PP1 (2)'!$B$6:$B$98,'PP1 (2)'!$E$6:$E$98,"") | I76: =_xlfn.XLOOKUP($C76,'PP2 (1)'!$B$6:$B$106,'PP2 (1)'!$E$6:$E$106,"") -> 0.17 | J76: =_xlfn.XLOOKUP($C76,'PP2 (2)'!$B$6:$B$100,'PP2 (2)'!$E$6:$E$100,"") -> 0.33 | K76: =_xlfn.XLOOKUP($C76,'PP3 (1)'!$B$5:$B$106,'PP3 (1)'!$E$5:$E$106,"") -> 0.33 | L76: =_xlfn.XLOOKUP($C76,'PP3 (2)'!$B$5:$B$108,'PP3 (2)'!$E$5:$E$108,"") -> 0.5 | M76: =_xlfn.XLOOKUP($C76,'PP4 (1)'!$B$6:$B$100,'PP4 (1)'!$E$6:$E$100,"") | N76: =_xlfn.XLOOKUP($C76,'PP4 (2)'!$B$6:$B$100,'PP4 (2)'!$E$6:$E$100,"") | O76: =_xlfn.XLOOKUP($C76,'PP5 (1)'!$B$6:$B$100,'PP5 (1)'!$E$6:$E$100,"") | P76: =_xlfn.XLOOKUP($C76,'PP5 (2)'!$B$6:$B$100,'PP5 (2)'!$E$6:$E$100,"") | Q76: =SUM(R76:AC76) -> 81 | R76: =_xlfn.XLOOKUP($C76,'MP (1)'!$B$6:$B$100,'MP (1)'!$F$6:$F$100,"") | S76: =_xlfn.XLOOKUP($C76,'MP (2)'!$B$6:$B$100,'MP (2)'!$F$6:$F$100,"") | T76: =_xlfn.XLOOKUP($C76,'PP1 (1)'!$B$6:$B$99,'PP1 (1)'!$F$6:$F$99,"") | U76: =_xlfn.XLOOKUP($C76,'PP1 (2)'!$B$6:$B$98,'PP1 (2)'!$F$6:$F$98,"") | V76: =_xlfn.XLOOKUP($C76,'PP2 (1)'!$B$6:$B$106,'PP2 (1)'!$F$6:$F$106,"") -> 19 | W76: =_xlfn.XLOOKUP($C76,'PP2 (2)'!$B$6:$B$100,'PP2 (2)'!$F$6:$F$100,"") -> 19 | X76: =_xlfn.XLOOKUP($C76,'PP3 (1)'!$B$5:$B$106,'PP3 (1)'!$F$5:$F$106,"") -> 23 | Y76: =_xlfn.XLOOKUP($C76,'PP3 (2)'!$B$5:$B$108,'PP3 (2)'!$F$5:$F$108,"") -> 20 | Z76: =_xlfn.XLOOKUP($C76,'PP4 (1)'!$B$6:$B$100,'PP4 (1)'!$F$6:$F$100,"") | AA76: =_xlfn.XLOOKUP($C76,'PP4 (2)'!$B$6:$B$100,'PP4 (2)'!$F$6:$F$100,"") | AB76: =_xlfn.XLOOKUP($C76,'PP5 (1)'!$B$6:$B$100,'PP5 (1)'!$F$6:$F$100,"") | AC76: =_xlfn.XLOOKUP($C76,'PP5 (2)'!$B$6:$B$100,'PP5 (2)'!$F$6:$F$100,"") | AD76: =SUM(AE76:AP76) -> -15 | AE76: =_xlfn.XLOOKUP($C76,'MP (1)'!$B$6:$B$100,'MP (1)'!$H$6:$H$100,"") | AF76: =_xlfn.XLOOKUP($C76,'MP (2)'!$B$6:$B$100,'MP (2)'!$H$6:$H$100,"") | AG76: =_xlfn.XLOOKUP($C76,'PP1 (1)'!$B$6:$B$99,'PP1 (1)'!$H$6:$H$99,"") | AH76: =_xlfn.XLOOKUP($C76,'PP1 (2)'!$B$6:$B$98,'PP1 (2)'!$H$6:$H$98,"") | AI76: =_xlfn.XLOOKUP($C76,'PP2 (1)'!$B$6:$B$106,'PP2 (1)'!$H$6:$H$106,"") -> -8 | AJ76: =_xlfn.XLOOKUP($C76,'PP2 (2)'!$B$6:$B$100,'PP2 (2)'!$H$6:$H$100,"") -> -6 | AK76: =_xlfn.XLOOKUP($C76,'PP3 (1)'!$B$5:$B$106,'PP3 (1)'!$H$5:$H$106,"") -> 0 | AL76: =_xlfn.XLOOKUP($C76,'PP3 (2)'!$B$5:$B$108,'PP3 (2)'!$H$5:$H$108,"") -> -1 | AM76: =_xlfn.XLOOKUP($C76,'PP4 (1)'!$B$6:$B$100,'PP4 (1)'!$H$6:$H$100,"") | AN76: =_xlfn.XLOOKUP($C76,'PP4 (2)'!$B$6:$B$100,'PP4 (2)'!$H$6:$H$100,"") | AO76: =_xlfn.XLOOKUP($C76,'PP5 (1)'!$B$6:$B$100,'PP5 (1)'!$H$6:$H$100,"") | AP76: =_xlfn.XLOOKUP($C76,'PP5 (2)'!$B$6:$B$100,'PP5 (2)'!$H$6:$H$100,"")
A77: =ROW()-4 -> 73 | B77: 1k | C77: SAMECKA-NACZYŃSKA Martyna | D77: =SUM(E77:P77) -> 1.25 | E77: =_xlfn.XLOOKUP($C77,'MP (1)'!$B$6:$B$100,'MP (1)'!$E$6:$E$100,"") -> 0.33 | F77: =_xlfn.XLOOKUP($C77,'MP (2)'!$B$6:$B$100,'MP (2)'!$E$6:$E$100,"") -> 0.17 | G77: =_xlfn.XLOOKUP($C77,'PP1 (1)'!$B$6:$B$99,'PP1 (1)'!$E$6:$E$99,"") -> 0.29 | H77: =_xlfn.XLOOKUP($C77,'PP1 (2)'!$B$6:$B$98,'PP1 (2)'!$E$6:$E$98,"") -> 0.29 | I77: =_xlfn.XLOOKUP($C77,'PP2 (1)'!$B$6:$B$106,'PP2 (1)'!$E$6:$E$106,"") | J77: =_xlfn.XLOOKUP($C77,'PP2 (2)'!$B$6:$B$100,'PP2 (2)'!$E$6:$E$100,"") | K77: =_xlfn.XLOOKUP($C77,'PP3 (1)'!$B$5:$B$106,'PP3 (1)'!$E$5:$E$106,"") -> 0 | L77: =_xlfn.XLOOKUP($C77,'PP3 (2)'!$B$5:$B$108,'PP3 (2)'!$E$5:$E$108,"") -> 0.17 | M77: =_xlfn.XLOOKUP($C77,'PP4 (1)'!$B$6:$B$100,'PP4 (1)'!$E$6:$E$100,"") | N77: =_xlfn.XLOOKUP($C77,'PP4 (2)'!$B$6:$B$100,'PP4 (2)'!$E$6:$E$100,"") | O77: =_xlfn.XLOOKUP($C77,'PP5 (1)'!$B$6:$B$100,'PP5 (1)'!$E$6:$E$100,"") | P77: =_xlfn.XLOOKUP($C77,'PP5 (2)'!$B$6:$B$100,'PP5 (2)'!$E$6:$E$100,"") | Q77: =SUM(R77:AC77) -> 107 | R77: =_xlfn.XLOOKUP($C77,'MP (1)'!$B$6:$B$100,'MP (1)'!$F$6:$F$100,"") -> 21 | S77: =_xlfn.XLOOKUP($C77,'MP (2)'!$B$6:$B$100,'MP (2)'!$F$6:$F$100,"") -> 12 | T77: =_xlfn.XLOOKUP($C77,'PP1 (1)'!$B$6:$B$99,'PP1 (1)'!$F$6:$F$99,"") -> 24 | U77: =_xlfn.XLOOKUP($C77,'PP1 (2)'!$B$6:$B$98,'PP1 (2)'!$F$6:$F$98,"") -> 21 | V77: =_xlfn.XLOOKUP($C77,'PP2 (1)'!$B$6:$B$106,'PP2 (1)'!$F$6:$F$106,"") | W77: =_xlfn.XLOOKUP($C77,'PP2 (2)'!$B$6:$B$100,'PP2 (2)'!$F$6:$F$100,"") | X77: =_xlfn.XLOOKUP($C77,'PP3 (1)'!$B$5:$B$106,'PP3 (1)'!$F$5:$F$106,"") -> 15 | Y77: =_xlfn.XLOOKUP($C77,'PP3 (2)'!$B$5:$B$108,'PP3 (2)'!$F$5:$F$108,"") -> 14 | Z77: =_xlfn.XLOOKUP($C77,'PP4 (1)'!$B$6:$B$100,'PP4 (1)'!$F$6:$F$100,"") | AA77: =_xlfn.XLOOKUP($C77,'PP4 (2)'!$B$6:$B$100,'PP4 (2)'!$F$6:$F$100,"") | AB77: =_xlfn.XLOOKUP($C77,'PP5 (1)'!$B$6:$B$100,'PP5 (1)'!$F$6:$F$100,"") | AC77: =_xlfn.XLOOKUP($C77,'PP5 (2)'!$B$6:$B$100,'PP5 (2)'!$F$6:$F$100,"") | AD77: =SUM(AE77:AP77) -> -64 | AE77: =_xlfn.XLOOKUP($C77,'MP (1)'!$B$6:$B$100,'MP (1)'!$H$6:$H$100,"") -> -4 | AF77: =_xlfn.XLOOKUP($C77,'MP (2)'!$B$6:$B$100,'MP (2)'!$H$6:$H$100,"") -> -14 | AG77: =_xlfn.XLOOKUP($C77,'PP1 (1)'!$B$6:$B$99,'PP1 (1)'!$H$6:$H$99,"") -> -6 | AH77: =_xlfn.XLOOKUP($C77,'PP1 (2)'!$B$6:$B$98,'PP1 (2)'!$H$6:$H$98,"") -> -11 | AI77: =_xlfn.XLOOKUP($C77,'PP2 (1)'!$B$6:$B$106,'PP2 (1)'!$H$6:$H$106,"") | AJ77: =_xlfn.XLOOKUP($C77,'PP2 (2)'!$B$6:$B$100,'PP2 (2)'!$H$6:$H$100,"") | AK77: =_xlfn.XLOOKUP($C77,'PP3 (1)'!$B$5:$B$106,'PP3 (1)'!$H$5:$H$106,"") -> -15 | AL77: =_xlfn.XLOOKUP($C77,'PP3 (2)'!$B$5:$B$108,'PP3 (2)'!$H$5:$H$108,"") -> -14 | AM77: =_xlfn.XLOOKUP($C77,'PP4 (1)'!$B$6:$B$100,'PP4 (1)'!$H$6:$H$100,"") | AN77: =_xlfn.XLOOKUP($C77,'PP4 (2)'!$B$6:$B$100,'PP4 (2)'!$H$6:$H$100,"") | AO77: =_xlfn.XLOOKUP($C77,'PP5 (1)'!$B$6:$B$100,'PP5 (1)'!$H$6:$H$100,"") | AP77: =_xlfn.XLOOKUP($C77,'PP5 (2)'!$B$6:$B$100,'PP5 (2)'!$H$6:$H$100,"")
A78: =ROW()-4 -> 74 | C78: LYNCH Pat | D78: =SUM(E78:P78) -> 1.24 | E78: =_xlfn.XLOOKUP($C78,'MP (1)'!$B$6:$B$100,'MP (1)'!$E$6:$E$100,"") | F78: =_xlfn.XLOOKUP($C78,'MP (2)'!$B$6:$B$100,'MP (2)'!$E$6:$E$100,"") | G78: =_xlfn.XLOOKUP($C78,'PP1 (1)'!$B$6:$B$99,'PP1 (1)'!$E$6:$E$99,"") -> 0.57 | H78: =_xlfn.XLOOKUP($C78,'PP1 (2)'!$B$6:$B$98,'PP1 (2)'!$E$6:$E$98,"") -> 0.67 | I78: =_xlfn.XLOOKUP($C78,'PP2 (1)'!$B$6:$B$106,'PP2 (1)'!$E$6:$E$106,"") | J78: =_xlfn.XLOOKUP($C78,'PP2 (2)'!$B$6:$B$100,'PP2 (2)'!$E$6:$E$100,"") | K78: =_xlfn.XLOOKUP($C78,'PP3 (1)'!$B$5:$B$106,'PP3 (1)'!$E$5:$E$106,"") | L78: =_xlfn.XLOOKUP($C78,'PP3 (2)'!$B$5:$B$108,'PP3 (2)'!$E$5:$E$108,"") | M78: =_xlfn.XLOOKUP($C78,'PP4 (1)'!$B$6:$B$100,'PP4 (1)'!$E$6:$E$100,"") | N78: =_xlfn.XLOOKUP($C78,'PP4 (2)'!$B$6:$B$100,'PP4 (2)'!$E$6:$E$100,"") | O78: =_xlfn.XLOOKUP($C78,'PP5 (1)'!$B$6:$B$100,'PP5 (1)'!$E$6:$E$100,"") | P78: =_xlfn.XLOOKUP($C78,'PP5 (2)'!$B$6:$B$100,'PP5 (2)'!$E$6:$E$100,"") | Q78: =SUM(R78:AC78) -> 43 | R78: =_xlfn.XLOOKUP($C78,'MP (1)'!$B$6:$B$100,'MP (1)'!$F$6:$F$100,"") | S78: =_xlfn.XLOOKUP($C78,'MP (2)'!$B$6:$B$100,'MP (2)'!$F$6:$F$100,"") | T78: =_xlfn.XLOOKUP($C78,'PP1 (1)'!$B$6:$B$99,'PP1 (1)'!$F$6:$F$99,"") -> 22 | U78: =_xlfn.XLOOKUP($C78,'PP1 (2)'!$B$6:$B$98,'PP1 (2)'!$F$6:$F$98,"") -> 21 | V78: =_xlfn.XLOOKUP($C78,'PP2 (1)'!$B$6:$B$106,'PP2 (1)'!$F$6:$F$106,"") | W78: =_xlfn.XLOOKUP($C78,'PP2 (2)'!$B$6:$B$100,'PP2 (2)'!$F$6:$F$100,"") | X78: =_xlfn.XLOOKUP($C78,'PP3 (1)'!$B$5:$B$106,'PP3 (1)'!$F$5:$F$106,"") | Y78: =_xlfn.XLOOKUP($C78,'PP3 (2)'!$B$5:$B$108,'PP3 (2)'!$F$5:$F$108,"") | Z78: =_xlfn.XLOOKUP($C78,'PP4 (1)'!$B$6:$B$100,'PP4 (1)'!$F$6:$F$100,"") | AA78: =_xlfn.XLOOKUP($C78,'PP4 (2)'!$B$6:$B$100,'PP4 (2)'!$F$6:$F$100,"") | AB78: =_xlfn.XLOOKUP($C78,'PP5 (1)'!$B$6:$B$100,'PP5 (1)'!$F$6:$F$100,"") | AC78: =_xlfn.XLOOKUP($C78,'PP5 (2)'!$B$6:$B$100,'PP5 (2)'!$F$6:$F$100,"") | AD78: =SUM(AE78:AP78) -> -4 | AE78: =_xlfn.XLOOKUP($C78,'MP (1)'!$B$6:$B$100,'MP (1)'!$H$6:$H$100,"") | AF78: =_xlfn.XLOOKUP($C78,'MP (2)'!$B$6:$B$100,'MP (2)'!$H$6:$H$100,"") | AG78: =_xlfn.XLOOKUP($C78,'PP1 (1)'!$B$6:$B$99,'PP1 (1)'!$H$6:$H$99,"") -> -1 | AH78: =_xlfn.XLOOKUP($C78,'PP1 (2)'!$B$6:$B$98,'PP1 (2)'!$H$6:$H$98,"") -> -3 | AI78: =_xlfn.XLOOKUP($C78,'PP2 (1)'!$B$6:$B$106,'PP2 (1)'!$H$6:$H$106,"") | AJ78: =_xlfn.XLOOKUP($C78,'PP2 (2)'!$B$6:$B$100,'PP2 (2)'!$H$6:$H$100,"") | AK78: =_xlfn.XLOOKUP($C78,'PP3 (1)'!$B$5:$B$106,'PP3 (1)'!$H$5:$H$106,"") | AL78: =_xlfn.XLOOKUP($C78,'PP3 (2)'!$B$5:$B$108,'PP3 (2)'!$H$5:$H$108,"") | AM78: =_xlfn.XLOOKUP($C78,'PP4 (1)'!$B$6:$B$100,'PP4 (1)'!$H$6:$H$100,"") | AN78: =_xlfn.XLOOKUP($C78,'PP4 (2)'!$B$6:$B$100,'PP4 (2)'!$H$6:$H$100,"") | AO78: =_xlfn.XLOOKUP($C78,'PP5 (1)'!$B$6:$B$100,'PP5 (1)'!$H$6:$H$100,"") | AP78: =_xlfn.XLOOKUP($C78,'PP5 (2)'!$B$6:$B$100,'PP5 (2)'!$H$6:$H$100,"")
A79: =ROW()-4 -> 75 | B79: 3 | C79: ĆWIORO Krzysztof | D79: =SUM(E79:P79) -> 1.17 | E79: =_xlfn.XLOOKUP($C79,'MP (1)'!$B$6:$B$100,'MP (1)'!$E$6:$E$100,"") | F79: =_xlfn.XLOOKUP($C79,'MP (2)'!$B$6:$B$100,'MP (2)'!$E$6:$E$100,"") | G79: =_xlfn.XLOOKUP($C79,'PP1 (1)'!$B$6:$B$99,'PP1 (1)'!$E$6:$E$99,"") -> 0.5 | H79: =_xlfn.XLOOKUP($C79,'PP1 (2)'!$B$6:$B$98,'PP1 (2)'!$E$6:$E$98,"") -> 0.67 | I79: =_xlfn.XLOOKUP($C79,'PP2 (1)'!$B$6:$B$106,'PP2 (1)'!$E$6:$E$106,"") | J79: =_xlfn.XLOOKUP($C79,'PP2 (2)'!$B$6:$B$100,'PP2 (2)'!$E$6:$E$100,"") | K79: =_xlfn.XLOOKUP($C79,'PP3 (1)'!$B$5:$B$106,'PP3 (1)'!$E$5:$E$106,"") | L79: =_xlfn.XLOOKUP($C79,'PP3 (2)'!$B$5:$B$108,'PP3 (2)'!$E$5:$E$108,"") | M79: =_xlfn.XLOOKUP($C79,'PP4 (1)'!$B$6:$B$100,'PP4 (1)'!$E$6:$E$100,"") | N79: =_xlfn.XLOOKUP($C79,'PP4 (2)'!$B$6:$B$100,'PP4 (2)'!$E$6:$E$100,"") | O79: =_xlfn.XLOOKUP($C79,'PP5 (1)'!$B$6:$B$100,'PP5 (1)'!$E$6:$E$100,"") | P79: =_xlfn.XLOOKUP($C79,'PP5 (2)'!$B$6:$B$100,'PP5 (2)'!$E$6:$E$100,"") | Q79: =SUM(R79:AC79) -> 50 | R79: =_xlfn.XLOOKUP($C79,'MP (1)'!$B$6:$B$100,'MP (1)'!$F$6:$F$100,"") | S79: =_xlfn.XLOOKUP($C79,'MP (2)'!$B$6:$B$100,'MP (2)'!$F$6:$F$100,"") | T79: =_xlfn.XLOOKUP($C79,'PP1 (1)'!$B$6:$B$99,'PP1 (1)'!$F$6:$F$99,"") -> 23 | U79: =_xlfn.XLOOKUP($C79,'PP1 (2)'!$B$6:$B$98,'PP1 (2)'!$F$6:$F$98,"") -> 27 | V79: =_xlfn.XLOOKUP($C79,'PP2 (1)'!$B$6:$B$106,'PP2 (1)'!$F$6:$F$106,"") | W79: =_xlfn.XLOOKUP($C79,'PP2 (2)'!$B$6:$B$100,'PP2 (2)'!$F$6:$F$100,"") | X79: =_xlfn.XLOOKUP($C79,'PP3 (1)'!$B$5:$B$106,'PP3 (1)'!$F$5:$F$106,"") | Y79: =_xlfn.XLOOKUP($C79,'PP3 (2)'!$B$5:$B$108,'PP3 (2)'!$F$5:$F$108,"") | Z79: =_xlfn.XLOOKUP($C79,'PP4 (1)'!$B$6:$B$100,'PP4 (1)'!$F$6:$F$100,"") | AA79: =_xlfn.XLOOKUP($C79,'PP4 (2)'!$B$6:$B$100,'PP4 (2)'!$F$6:$F$100,"") | AB79: =_xlfn.XLOOKUP($C79,'PP5 (1)'!$B$6:$B$100,'PP5 (1)'!$F$6:$F$100,"") | AC79: =_xlfn.XLOOKUP($C79,'PP5 (2)'!$B$6:$B$100,'PP5 (2)'!$F$6:$F$100,"") | AD79: =SUM(AE79:AP79) -> 11 | AE79: =_xlfn.XLOOKUP($C79,'MP (1)'!$B$6:$B$100,'MP (1)'!$H$6:$H$100,"") | AF79: =_xlfn.XLOOKUP($C79,'MP (2)'!$B$6:$B$100,'MP (2)'!$H$6:$H$100,"") | AG79: =_xlfn.XLOOKUP($C79,'PP1 (1)'!$B$6:$B$99,'PP1 (1)'!$H$6:$H$99,"") -> 6 | AH79: =_xlfn.XLOOKUP($C79,'PP1 (2)'!$B$6:$B$98,'PP1 (2)'!$H$6:$H$98,"") -> 5 | AI79: =_xlfn.XLOOKUP($C79,'PP2 (1)'!$B$6:$B$106,'PP2 (1)'!$H$6:$H$106,"") | AJ79: =_xlfn.XLOOKUP($C79,'PP2 (2)'!$B$6:$B$100,'PP2 (2)'!$H$6:$H$100,"") | AK79: =_xlfn.XLOOKUP($C79,'PP3 (1)'!$B$5:$B$106,'PP3 (1)'!$H$5:$H$106,"") | AL79: =_xlfn.XLOOKUP($C79,'PP3 (2)'!$B$5:$B$108,'PP3 (2)'!$H$5:$H$108,"") | AM79: =_xlfn.XLOOKUP($C79,'PP4 (1)'!$B$6:$B$100,'PP4 (1)'!$H$6:$H$100,"") | AN79: =_xlfn.XLOOKUP($C79,'PP4 (2)'!$B$6:$B$100,'PP4 (2)'!$H$6:$H$100,"") | AO79: =_xlfn.XLOOKUP($C79,'PP5 (1)'!$B$6:$B$100,'PP5 (1)'!$H$6:$H$100,"") | AP79: =_xlfn.XLOOKUP($C79,'PP5 (2)'!$B$6:$B$100,'PP5 (2)'!$H$6:$H$100,"")
A80: =ROW()-4 -> 76 | B80: 0 | C80: PLEWIŃSKI Piotr | D80: =SUM(E80:P80) -> 1.1 | E80: =_xlfn.XLOOKUP($C80,'MP (1)'!$B$6:$B$100,'MP (1)'!$E$6:$E$100,"") | F80: =_xlfn.XLOOKUP($C80,'MP (2)'!$B$6:$B$100,'MP (2)'!$E$6:$E$100,"") | G80: =_xlfn.XLOOKUP($C80,'PP1 (1)'!$B$6:$B$99,'PP1 (1)'!$E$6:$E$99,"") | H80: =_xlfn.XLOOKUP($C80,'PP1 (2)'!$B$6:$B$98,'PP1 (2)'!$E$6:$E$98,"") | I80: =_xlfn.XLOOKUP($C80,'PP2 (1)'!$B$6:$B$106,'PP2 (1)'!$E$6:$E$106,"") | J80: =_xlfn.XLOOKUP($C80,'PP2 (2)'!$B$6:$B$100,'PP2 (2)'!$E$6:$E$100,"") | K80: =_xlfn.XLOOKUP($C80,'PP3 (1)'!$B$5:$B$106,'PP3 (1)'!$E$5:$E$106,"") | L80: =_xlfn.XLOOKUP($C80,'PP3 (2)'!$B$5:$B$108,'PP3 (2)'!$E$5:$E$108,"") | M80: =_xlfn.XLOOKUP($C80,'PP4 (1)'!$B$6:$B$100,'PP4 (1)'!$E$6:$E$100,"") -> 0.5 | N80: =_xlfn.XLOOKUP($C80,'PP4 (2)'!$B$6:$B$100,'PP4 (2)'!$E$6:$E$100,"") -> 0.6 | O80: =_xlfn.XLOOKUP($C80,'PP5 (1)'!$B$6:$B$100,'PP5 (1)'!$E$6:$E$100,"") | P80: =_xlfn.XLOOKUP($C80,'PP5 (2)'!$B$6:$B$100,'PP5 (2)'!$E$6:$E$100,"") | Q80: =SUM(R80:AC80) -> 42 | R80: =_xlfn.XLOOKUP($C80,'MP (1)'!$B$6:$B$100,'MP (1)'!$F$6:$F$100,"") | S80: =_xlfn.XLOOKUP($C80,'MP (2)'!$B$6:$B$100,'MP (2)'!$F$6:$F$100,"") | T80: =_xlfn.XLOOKUP($C80,'PP1 (1)'!$B$6:$B$99,'PP1 (1)'!$F$6:$F$99,"") | U80: =_xlfn.XLOOKUP($C80,'PP1 (2)'!$B$6:$B$98,'PP1 (2)'!$F$6:$F$98,"") | V80: =_xlfn.XLOOKUP($C80,'PP2 (1)'!$B$6:$B$106,'PP2 (1)'!$F$6:$F$106,"") | W80: =_xlfn.XLOOKUP($C80,'PP2 (2)'!$B$6:$B$100,'PP2 (2)'!$F$6:$F$100,"") | X80: =_xlfn.XLOOKUP($C80,'PP3 (1)'!$B$5:$B$106,'PP3 (1)'!$F$5:$F$106,"") | Y80: =_xlfn.XLOOKUP($C80,'PP3 (2)'!$B$5:$B$108,'PP3 (2)'!$F$5:$F$108,"") | Z80: =_xlfn.XLOOKUP($C80,'PP4 (1)'!$B$6:$B$100,'PP4 (1)'!$F$6:$F$100,"") -> 24 | AA80: =_xlfn.XLOOKUP($C80,'PP4 (2)'!$B$6:$B$100,'PP4 (2)'!$F$6:$F$100,"") -> 18 | AB80: =_xlfn.XLOOKUP($C80,'PP5 (1)'!$B$6:$B$100,'PP5 (1)'!$F$6:$F$100,"") | AC80: =_xlfn.XLOOKUP($C80,'PP5 (2)'!$B$6:$B$100,'PP5 (2)'!$F$6:$F$100,"") | AD80: =SUM(AE80:AP80) -> -4 | AE80: =_xlfn.XLOOKUP($C80,'MP (1)'!$B$6:$B$100,'MP (1)'!$H$6:$H$100,"") | AF80: =_xlfn.XLOOKUP($C80,'MP (2)'!$B$6:$B$100,'MP (2)'!$H$6:$H$100,"") | AG80: =_xlfn.XLOOKUP($C80,'PP1 (1)'!$B$6:$B$99,'PP1 (1)'!$H$6:$H$99,"") | AH80: =_xlfn.XLOOKUP($C80,'PP1 (2)'!$B$6:$B$98,'PP1 (2)'!$H$6:$H$98,"") | AI80: =_xlfn.XLOOKUP($C80,'PP2 (1)'!$B$6:$B$106,'PP2 (1)'!$H$6:$H$106,"") | AJ80: =_xlfn.XLOOKUP($C80,'PP2 (2)'!$B$6:$B$100,'PP2 (2)'!$H$6:$H$100,"") | AK80: =_xlfn.XLOOKUP($C80,'PP3 (1)'!$B$5:$B$106,'PP3 (1)'!$H$5:$H$106,"") | AL80: =_xlfn.XLOOKUP($C80,'PP3 (2)'!$B$5:$B$108,'PP3 (2)'!$H$5:$H$108,"") | AM80: =_xlfn.XLOOKUP($C80,'PP4 (1)'!$B$6:$B$100,'PP4 (1)'!$H$6:$H$100,"") -> 0 | AN80: =_xlfn.XLOOKUP($C80,'PP4 (2)'!$B$6:$B$100,'PP4 (2)'!$H$6:$H$100,"") -> -4 | AO80: =_xlfn.XLOOKUP($C80,'PP5 (1)'!$B$6:$B$100,'PP5 (1)'!$H$6:$H$100,"") | AP80: =_xlfn.XLOOKUP($C80,'PP5 (2)'!$B$6:$B$100,'PP5 (2)'!$H$6:$H$100,"")
A81: =ROW()-4 -> 77 | B81: 0 | C81: MACKO Marcin | D81: =SUM(E81:P81) -> 1.07 | E81: =_xlfn.XLOOKUP($C81,'MP (1)'!$B$6:$B$100,'MP (1)'!$E$6:$E$100,"") | F81: =_xlfn.XLOOKUP($C81,'MP (2)'!$B$6:$B$100,'MP (2)'!$E$6:$E$100,"") | G81: =_xlfn.XLOOKUP($C81,'PP1 (1)'!$B$6:$B$99,'PP1 (1)'!$E$6:$E$99,"") | H81: =_xlfn.XLOOKUP($C81,'PP1 (2)'!$B$6:$B$98,'PP1 (2)'!$E$6:$E$98,"") | I81: =_xlfn.XLOOKUP($C81,'PP2 (1)'!$B$6:$B$106,'PP2 (1)'!$E$6:$E$106,"") | J81: =_xlfn.XLOOKUP($C81,'PP2 (2)'!$B$6:$B$100,'PP2 (2)'!$E$6:$E$100,"") | K81: =_xlfn.XLOOKUP($C81,'PP3 (1)'!$B$5:$B$106,'PP3 (1)'!$E$5:$E$106,"") | L81: =_xlfn.XLOOKUP($C81,'PP3 (2)'!$B$5:$B$108,'PP3 (2)'!$E$5:$E$108,"") | M81: =_xlfn.XLOOKUP($C81,'PP4 (1)'!$B$6:$B$100,'PP4 (1)'!$E$6:$E$100,"") | N81: =_xlfn.XLOOKUP($C81,'PP4 (2)'!$B$6:$B$100,'PP4 (2)'!$E$6:$E$100,"") | O81: =_xlfn.XLOOKUP($C81,'PP5 (1)'!$B$6:$B$100,'PP5 (1)'!$E$6:$E$100,"") -> 0.4 | P81: =_xlfn.XLOOKUP($C81,'PP5 (2)'!$B$6:$B$100,'PP5 (2)'!$E$6:$E$100,"") -> 0.67 | Q81: =SUM(R81:AC81) -> 41 | R81: =_xlfn.XLOOKUP($C81,'MP (1)'!$B$6:$B$100,'MP (1)'!$F$6:$F$100,"") | S81: =_xlfn.XLOOKUP($C81,'MP (2)'!$B$6:$B$100,'MP (2)'!$F$6:$F$100,"") | T81: =_xlfn.XLOOKUP($C81,'PP1 (1)'!$B$6:$B$99,'PP1 (1)'!$F$6:$F$99,"") | U81: =_xlfn.XLOOKUP($C81,'PP1 (2)'!$B$6:$B$98,'PP1 (2)'!$F$6:$F$98,"") | V81: =_xlfn.XLOOKUP($C81,'PP2 (1)'!$B$6:$B$106,'PP2 (1)'!$F$6:$F$106,"") | W81: =_xlfn.XLOOKUP($C81,'PP2 (2)'!$B$6:$B$100,'PP2 (2)'!$F$6:$F$100,"") | X81: =_xlfn.XLOOKUP($C81,'PP3 (1)'!$B$5:$B$106,'PP3 (1)'!$F$5:$F$106,"") | Y81: =_xlfn.XLOOKUP($C81,'PP3 (2)'!$B$5:$B$108,'PP3 (2)'!$F$5:$F$108,"") | Z81: =_xlfn.XLOOKUP($C81,'PP4 (1)'!$B$6:$B$100,'PP4 (1)'!$F$6:$F$100,"") | AA81: =_xlfn.XLOOKUP($C81,'PP4 (2)'!$B$6:$B$100,'PP4 (2)'!$F$6:$F$100,"") | AB81: =_xlfn.XLOOKUP($C81,'PP5 (1)'!$B$6:$B$100,'PP5 (1)'!$F$6:$F$100,"") -> 18 | AC81: =_xlfn.XLOOKUP($C81,'PP5 (2)'!$B$6:$B$100,'PP5 (2)'!$F$6:$F$100,"") -> 23 | AD81: =SUM(AE81:AP81) -> -1 | AE81: =_xlfn.XLOOKUP($C81,'MP (1)'!$B$6:$B$100,'MP (1)'!$H$6:$H$100,"") | AF81: =_xlfn.XLOOKUP($C81,'MP (2)'!$B$6:$B$100,'MP (2)'!$H$6:$H$100,"") | AG81: =_xlfn.XLOOKUP($C81,'PP1 (1)'!$B$6:$B$99,'PP1 (1)'!$H$6:$H$99,"") | AH81: =_xlfn.XLOOKUP($C81,'PP1 (2)'!$B$6:$B$98,'PP1 (2)'!$H$6:$H$98,"") | AI81: =_xlfn.XLOOKUP($C81,'PP2 (1)'!$B$6:$B$106,'PP2 (1)'!$H$6:$H$106,"") | AJ81: =_xlfn.XLOOKUP($C81,'PP2 (2)'!$B$6:$B$100,'PP2 (2)'!$H$6:$H$100,"") | AK81: =_xlfn.XLOOKUP($C81,'PP3 (1)'!$B$5:$B$106,'PP3 (1)'!$H$5:$H$106,"") | AL81: =_xlfn.XLOOKUP($C81,'PP3 (2)'!$B$5:$B$108,'PP3 (2)'!$H$5:$H$108,"") | AM81: =_xlfn.XLOOKUP($C81,'PP4 (1)'!$B$6:$B$100,'PP4 (1)'!$H$6:$H$100,"") | AN81: =_xlfn.XLOOKUP($C81,'PP4 (2)'!$B$6:$B$100,'PP4 (2)'!$H$6:$H$100,"") | AO81: =_xlfn.XLOOKUP($C81,'PP5 (1)'!$B$6:$B$100,'PP5 (1)'!$H$6:$H$100,"") -> -5 | AP81: =_xlfn.XLOOKUP($C81,'PP5 (2)'!$B$6:$B$100,'PP5 (2)'!$H$6:$H$100,"") -> 4
A82: =ROW()-4 -> 78 | C82: ORIFICI Adelchi | D82: =SUM(E82:P82) -> 1.07 | E82: =_xlfn.XLOOKUP($C82,'MP (1)'!$B$6:$B$100,'MP (1)'!$E$6:$E$100,"") | F82: =_xlfn.XLOOKUP($C82,'MP (2)'!$B$6:$B$100,'MP (2)'!$E$6:$E$100,"") | G82: =_xlfn.XLOOKUP($C82,'PP1 (1)'!$B$6:$B$99,'PP1 (1)'!$E$6:$E$99,"") -> 0.5 | H82: =_xlfn.XLOOKUP($C82,'PP1 (2)'!$B$6:$B$98,'PP1 (2)'!$E$6:$E$98,"") -> 0.57 | I82: =_xlfn.XLOOKUP($C82,'PP2 (1)'!$B$6:$B$106,'PP2 (1)'!$E$6:$E$106,"") | J82: =_xlfn.XLOOKUP($C82,'PP2 (2)'!$B$6:$B$100,'PP2 (2)'!$E$6:$E$100,"") | K82: =_xlfn.XLOOKUP($C82,'PP3 (1)'!$B$5:$B$106,'PP3 (1)'!$E$5:$E$106,"") | L82: =_xlfn.XLOOKUP($C82,'PP3 (2)'!$B$5:$B$108,'PP3 (2)'!$E$5:$E$108,"") | M82: =_xlfn.XLOOKUP($C82,'PP4 (1)'!$B$6:$B$100,'PP4 (1)'!$E$6:$E$100,"") | N82: =_xlfn.XLOOKUP($C82,'PP4 (2)'!$B$6:$B$100,'PP4 (2)'!$E$6:$E$100,"") | O82: =_xlfn.XLOOKUP($C82,'PP5 (1)'!$B$6:$B$100,'PP5 (1)'!$E$6:$E$100,"") | P82: =_xlfn.XLOOKUP($C82,'PP5 (2)'!$B$6:$B$100,'PP5 (2)'!$E$6:$E$100,"") | Q82: =SUM(R82:AC82) -> 56 | R82: =_xlfn.XLOOKUP($C82,'MP (1)'!$B$6:$B$100,'MP (1)'!$F$6:$F$100,"") | S82: =_xlfn.XLOOKUP($C82,'MP (2)'!$B$6:$B$100,'MP (2)'!$F$6:$F$100,"") | T82: =_xlfn.XLOOKUP($C82,'PP1 (1)'!$B$6:$B$99,'PP1 (1)'!$F$6:$F$99,"") -> 25 | U82: =_xlfn.XLOOKUP($C82,'PP1 (2)'!$B$6:$B$98,'PP1 (2)'!$F$6:$F$98,"") -> 31 | V82: =_xlfn.XLOOKUP($C82,'PP2 (1)'!$B$6:$B$106,'PP2 (1)'!$F$6:$F$106,"") | W82: =_xlfn.XLOOKUP($C82,'PP2 (2)'!$B$6:$B$100,'PP2 (2)'!$F$6:$F$100,"") | X82: =_xlfn.XLOOKUP($C82,'PP3 (1)'!$B$5:$B$106,'PP3 (1)'!$F$5:$F$106,"") | Y82: =_xlfn.XLOOKUP($C82,'PP3 (2)'!$B$5:$B$108,'PP3 (2)'!$F$5:$F$108,"") | Z82: =_xlfn.XLOOKUP($C82,'PP4 (1)'!$B$6:$B$100,'PP4 (1)'!$F$6:$F$100,"") | AA82: =_xlfn.XLOOKUP($C82,'PP4 (2)'!$B$6:$B$100,'PP4 (2)'!$F$6:$F$100,"") | AB82: =_xlfn.XLOOKUP($C82,'PP5 (1)'!$B$6:$B$100,'PP5 (1)'!$F$6:$F$100,"") | AC82: =_xlfn.XLOOKUP($C82,'PP5 (2)'!$B$6:$B$100,'PP5 (2)'!$F$6:$F$100,"") | AD82: =SUM(AE82:AP82) -> 8 | AE82: =_xlfn.XLOOKUP($C82,'MP (1)'!$B$6:$B$100,'MP (1)'!$H$6:$H$100,"") | AF82: =_xlfn.XLOOKUP($C82,'MP (2)'!$B$6:$B$100,'MP (2)'!$H$6:$H$100,"") | AG82: =_xlfn.XLOOKUP($C82,'PP1 (1)'!$B$6:$B$99,'PP1 (1)'!$H$6:$H$99,"") -> 3 | AH82: =_xlfn.XLOOKUP($C82,'PP1 (2)'!$B$6:$B$98,'PP1 (2)'!$H$6:$H$98,"") -> 5 | AI82: =_xlfn.XLOOKUP($C82,'PP2 (1)'!$B$6:$B$106,'PP2 (1)'!$H$6:$H$106,"") | AJ82: =_xlfn.XLOOKUP($C82,'PP2 (2)'!$B$6:$B$100,'PP2 (2)'!$H$6:$H$100,"") | AK82: =_xlfn.XLOOKUP($C82,'PP3 (1)'!$B$5:$B$106,'PP3 (1)'!$H$5:$H$106,"") | AL82: =_xlfn.XLOOKUP($C82,'PP3 (2)'!$B$5:$B$108,'PP3 (2)'!$H$5:$H$108,"") | AM82: =_xlfn.XLOOKUP($C82,'PP4 (1)'!$B$6:$B$100,'PP4 (1)'!$H$6:$H$100,"") | AN82: =_xlfn.XLOOKUP($C82,'PP4 (2)'!$B$6:$B$100,'PP4 (2)'!$H$6:$H$100,"") | AO82: =_xlfn.XLOOKUP($C82,'PP5 (1)'!$B$6:$B$100,'PP5 (1)'!$H$6:$H$100,"") | AP82: =_xlfn.XLOOKUP($C82,'PP5 (2)'!$B$6:$B$100,'PP5 (2)'!$H$6:$H$100,"")
A83: =ROW()-4 -> 79 | B83: 0 | C83: DYNAREK Aleksander | D83: =SUM(E83:P83) -> 1.07 | E83: =_xlfn.XLOOKUP($C83,'MP (1)'!$B$6:$B$100,'MP (1)'!$E$6:$E$100,"") | F83: =_xlfn.XLOOKUP($C83,'MP (2)'!$B$6:$B$100,'MP (2)'!$E$6:$E$100,"") | G83: =_xlfn.XLOOKUP($C83,'PP1 (1)'!$B$6:$B$99,'PP1 (1)'!$E$6:$E$99,"") -> 0.5 | H83: =_xlfn.XLOOKUP($C83,'PP1 (2)'!$B$6:$B$98,'PP1 (2)'!$E$6:$E$98,"") -> 0.57 | I83: =_xlfn.XLOOKUP($C83,'PP2 (1)'!$B$6:$B$106,'PP2 (1)'!$E$6:$E$106,"") | J83: =_xlfn.XLOOKUP($C83,'PP2 (2)'!$B$6:$B$100,'PP2 (2)'!$E$6:$E$100,"") | K83: =_xlfn.XLOOKUP($C83,'PP3 (1)'!$B$5:$B$106,'PP3 (1)'!$E$5:$E$106,"") | L83: =_xlfn.XLOOKUP($C83,'PP3 (2)'!$B$5:$B$108,'PP3 (2)'!$E$5:$E$108,"") | M83: =_xlfn.XLOOKUP($C83,'PP4 (1)'!$B$6:$B$100,'PP4 (1)'!$E$6:$E$100,"") | N83: =_xlfn.XLOOKUP($C83,'PP4 (2)'!$B$6:$B$100,'PP4 (2)'!$E$6:$E$100,"") | O83: =_xlfn.XLOOKUP($C83,'PP5 (1)'!$B$6:$B$100,'PP5 (1)'!$E$6:$E$100,"") | P83: =_xlfn.XLOOKUP($C83,'PP5 (2)'!$B$6:$B$100,'PP5 (2)'!$E$6:$E$100,"") | Q83: =SUM(R83:AC83) -> 48 | R83: =_xlfn.XLOOKUP($C83,'MP (1)'!$B$6:$B$100,'MP (1)'!$F$6:$F$100,"") | S83: =_xlfn.XLOOKUP($C83,'MP (2)'!$B$6:$B$100,'MP (2)'!$F$6:$F$100,"") | T83: =_xlfn.XLOOKUP($C83,'PP1 (1)'!$B$6:$B$99,'PP1 (1)'!$F$6:$F$99,"") -> 24 | U83: =_xlfn.XLOOKUP($C83,'PP1 (2)'!$B$6:$B$98,'PP1 (2)'!$F$6:$F$98,"") -> 24 | V83: =_xlfn.XLOOKUP($C83,'PP2 (1)'!$B$6:$B$106,'PP2 (1)'!$F$6:$F$106,"") | W83: =_xlfn.XLOOKUP($C83,'PP2 (2)'!$B$6:$B$100,'PP2 (2)'!$F$6:$F$100,"") | X83: =_xlfn.XLOOKUP($C83,'PP3 (1)'!$B$5:$B$106,'PP3 (1)'!$F$5:$F$106,"") | Y83: =_xlfn.XLOOKUP($C83,'PP3 (2)'!$B$5:$B$108,'PP3 (2)'!$F$5:$F$108,"") | Z83: =_xlfn.XLOOKUP($C83,'PP4 (1)'!$B$6:$B$100,'PP4 (1)'!$F$6:$F$100,"") | AA83: =_xlfn.XLOOKUP($C83,'PP4 (2)'!$B$6:$B$100,'PP4 (2)'!$F$6:$F$100,"") | AB83: =_xlfn.XLOOKUP($C83,'PP5 (1)'!$B$6:$B$100,'PP5 (1)'!$F$6:$F$100,"") | AC83: =_xlfn.XLOOKUP($C83,'PP5 (2)'!$B$6:$B$100,'PP5 (2)'!$F$6:$F$100,"") | AD83: =SUM(AE83:AP83) -> 0 | AE83: =_xlfn.XLOOKUP($C83,'MP (1)'!$B$6:$B$100,'MP (1)'!$H$6:$H$100,"") | AF83: =_xlfn.XLOOKUP($C83,'MP (2)'!$B$6:$B$100,'MP (2)'!$H$6:$H$100,"") | AG83: =_xlfn.XLOOKUP($C83,'PP1 (1)'!$B$6:$B$99,'PP1 (1)'!$H$6:$H$99,"") -> -2 | AH83: =_xlfn.XLOOKUP($C83,'PP1 (2)'!$B$6:$B$98,'PP1 (2)'!$H$6:$H$98,"") -> 2 | AI83: =_xlfn.XLOOKUP($C83,'PP2 (1)'!$B$6:$B$106,'PP2 (1)'!$H$6:$H$106,"") | AJ83: =_xlfn.XLOOKUP($C83,'PP2 (2)'!$B$6:$B$100,'PP2 (2)'!$H$6:$H$100,"") | AK83: =_xlfn.XLOOKUP($C83,'PP3 (1)'!$B$5:$B$106,'PP3 (1)'!$H$5:$H$106,"") | AL83: =_xlfn.XLOOKUP($C83,'PP3 (2)'!$B$5:$B$108,'PP3 (2)'!$H$5:$H$108,"") | AM83: =_xlfn.XLOOKUP($C83,'PP4 (1)'!$B$6:$B$100,'PP4 (1)'!$H$6:$H$100,"") | AN83: =_xlfn.XLOOKUP($C83,'PP4 (2)'!$B$6:$B$100,'PP4 (2)'!$H$6:$H$100,"") | AO83: =_xlfn.XLOOKUP($C83,'PP5 (1)'!$B$6:$B$100,'PP5 (1)'!$H$6:$H$100,"") | AP83: =_xlfn.XLOOKUP($C83,'PP5 (2)'!$B$6:$B$100,'PP5 (2)'!$H$6:$H$100,"")
A84: =ROW()-4 -> 80 | B84: 2 | C84: SKOCZEK Artur | D84: =SUM(E84:P84) -> 1 | E84: =_xlfn.XLOOKUP($C84,'MP (1)'!$B$6:$B$100,'MP (1)'!$E$6:$E$100,"") | F84: =_xlfn.XLOOKUP($C84,'MP (2)'!$B$6:$B$100,'MP (2)'!$E$6:$E$100,"") | G84: =_xlfn.XLOOKUP($C84,'PP1 (1)'!$B$6:$B$99,'PP1 (1)'!$E$6:$E$99,"") | H84: =_xlfn.XLOOKUP($C84,'PP1 (2)'!$B$6:$B$98,'PP1 (2)'!$E$6:$E$98,"") | I84: =_xlfn.XLOOKUP($C84,'PP2 (1)'!$B$6:$B$106,'PP2 (1)'!$E$6:$E$106,"") | J84: =_xlfn.XLOOKUP($C84,'PP2 (2)'!$B$6:$B$100,'PP2 (2)'!$E$6:$E$100,"") | K84: =_xlfn.XLOOKUP($C84,'PP3 (1)'!$B$5:$B$106,'PP3 (1)'!$E$5:$E$106,"") | L84: =_xlfn.XLOOKUP($C84,'PP3 (2)'!$B$5:$B$108,'PP3 (2)'!$E$5:$E$108,"") | M84: =_xlfn.XLOOKUP($C84,'PP4 (1)'!$B$6:$B$100,'PP4 (1)'!$E$6:$E$100,"") -> 0.5 | N84: =_xlfn.XLOOKUP($C84,'PP4 (2)'!$B$6:$B$100,'PP4 (2)'!$E$6:$E$100,"") -> 0.5 | O84: =_xlfn.XLOOKUP($C84,'PP5 (1)'!$B$6:$B$100,'PP5 (1)'!$E$6:$E$100,"") | P84: =_xlfn.XLOOKUP($C84,'PP5 (2)'!$B$6:$B$100,'PP5 (2)'!$E$6:$E$100,"") | Q84: =SUM(R84:AC84) -> 34 | R84: =_xlfn.XLOOKUP($C84,'MP (1)'!$B$6:$B$100,'MP (1)'!$F$6:$F$100,"") | S84: =_xlfn.XLOOKUP($C84,'MP (2)'!$B$6:$B$100,'MP (2)'!$F$6:$F$100,"") | T84: =_xlfn.XLOOKUP($C84,'PP1 (1)'!$B$6:$B$99,'PP1 (1)'!$F$6:$F$99,"") | U84: =_xlfn.XLOOKUP($C84,'PP1 (2)'!$B$6:$B$98,'PP1 (2)'!$F$6:$F$98,"") | V84: =_xlfn.XLOOKUP($C84,'PP2 (1)'!$B$6:$B$106,'PP2 (1)'!$F$6:$F$106,"") | W84: =_xlfn.XLOOKUP($C84,'PP2 (2)'!$B$6:$B$100,'PP2 (2)'!$F$6:$F$100,"") | X84: =_xlfn.XLOOKUP($C84,'PP3 (1)'!$B$5:$B$106,'PP3 (1)'!$F$5:$F$106,"") | Y84: =_xlfn.XLOOKUP($C84,'PP3 (2)'!$B$5:$B$108,'PP3 (2)'!$F$5:$F$108,"") | Z84: =_xlfn.XLOOKUP($C84,'PP4 (1)'!$B$6:$B$100,'PP4 (1)'!$F$6:$F$100,"") -> 16 | AA84: =_xlfn.XLOOKUP($C84,'PP4 (2)'!$B$6:$B$100,'PP4 (2)'!$F$6:$F$100,"") -> 18 | AB84: =_xlfn.XLOOKUP($C84,'PP5 (1)'!$B$6:$B$100,'PP5 (1)'!$F$6:$F$100,"") | AC84: =_xlfn.XLOOKUP($C84,'PP5 (2)'!$B$6:$B$100,'PP5 (2)'!$F$6:$F$100,"") | AD84: =SUM(AE84:AP84) -> -7 | AE84: =_xlfn.XLOOKUP($C84,'MP (1)'!$B$6:$B$100,'MP (1)'!$H$6:$H$100,"") | AF84: =_xlfn.XLOOKUP($C84,'MP (2)'!$B$6:$B$100,'MP (2)'!$H$6:$H$100,"") | AG84: =_xlfn.XLOOKUP($C84,'PP1 (1)'!$B$6:$B$99,'PP1 (1)'!$H$6:$H$99,"") | AH84: =_xlfn.XLOOKUP($C84,'PP1 (2)'!$B$6:$B$98,'PP1 (2)'!$H$6:$H$98,"") | AI84: =_xlfn.XLOOKUP($C84,'PP2 (1)'!$B$6:$B$106,'PP2 (1)'!$H$6:$H$106,"") | AJ84: =_xlfn.XLOOKUP($C84,'PP2 (2)'!$B$6:$B$100,'PP2 (2)'!$H$6:$H$100,"") | AK84: =_xlfn.XLOOKUP($C84,'PP3 (1)'!$B$5:$B$106,'PP3 (1)'!$H$5:$H$106,"") | AL84: =_xlfn.XLOOKUP($C84,'PP3 (2)'!$B$5:$B$108,'PP3 (2)'!$H$5:$H$108,"") | AM84: =_xlfn.XLOOKUP($C84,'PP4 (1)'!$B$6:$B$100,'PP4 (1)'!$H$6:$H$100,"") -> -3 | AN84: =_xlfn.XLOOKUP($C84,'PP4 (2)'!$B$6:$B$100,'PP4 (2)'!$H$6:$H$100,"") -> -4 | AO84: =_xlfn.XLOOKUP($C84,'PP5 (1)'!$B$6:$B$100,'PP5 (1)'!$H$6:$H$100,"") | AP84: =_xlfn.XLOOKUP($C84,'PP5 (2)'!$B$6:$B$100,'PP5 (2)'!$H$6:$H$100,"")
A85: =ROW()-4 -> 81 | B85: 1 | C85: ZIEMECKI Grzegorz | D85: =SUM(E85:P85) -> 0.86 | E85: =_xlfn.XLOOKUP($C85,'MP (1)'!$B$6:$B$100,'MP (1)'!$E$6:$E$100,"") -> 0.29 | F85: =_xlfn.XLOOKUP($C85,'MP (2)'!$B$6:$B$100,'MP (2)'!$E$6:$E$100,"") -> 0.57 | G85: =_xlfn.XLOOKUP($C85,'PP1 (1)'!$B$6:$B$99,'PP1 (1)'!$E$6:$E$99,"") | H85: =_xlfn.XLOOKUP($C85,'PP1 (2)'!$B$6:$B$98,'PP1 (2)'!$E$6:$E$98,"") | I85: =_xlfn.XLOOKUP($C85,'PP2 (1)'!$B$6:$B$106,'PP2 (1)'!$E$6:$E$106,"") | J85: =_xlfn.XLOOKUP($C85,'PP2 (2)'!$B$6:$B$100,'PP2 (2)'!$E$6:$E$100,"") | K85: =_xlfn.XLOOKUP($C85,'PP3 (1)'!$B$5:$B$106,'PP3 (1)'!$E$5:$E$106,"") | L85: =_xlfn.XLOOKUP($C85,'PP3 (2)'!$B$5:$B$108,'PP3 (2)'!$E$5:$E$108,"") | M85: =_xlfn.XLOOKUP($C85,'PP4 (1)'!$B$6:$B$100,'PP4 (1)'!$E$6:$E$100,"") | N85: =_xlfn.XLOOKUP($C85,'PP4 (2)'!$B$6:$B$100,'PP4 (2)'!$E$6:$E$100,"") | O85: =_xlfn.XLOOKUP($C85,'PP5 (1)'!$B$6:$B$100,'PP5 (1)'!$E$6:$E$100,"") | P85: =_xlfn.XLOOKUP($C85,'PP5 (2)'!$B$6:$B$100,'PP5 (2)'!$E$6:$E$100,"") | Q85: =SUM(R85:AC85) -> 56 | R85: =_xlfn.XLOOKUP($C85,'MP (1)'!$B$6:$B$100,'MP (1)'!$F$6:$F$100,"") -> 26 | S85: =_xlfn.XLOOKUP($C85,'MP (2)'!$B$6:$B$100,'MP (2)'!$F$6:$F$100,"") -> 30 | T85: =_xlfn.XLOOKUP($C85,'PP1 (1)'!$B$6:$B$99,'PP1 (1)'!$F$6:$F$99,"") | U85: =_xlfn.XLOOKUP($C85,'PP1 (2)'!$B$6:$B$98,'PP1 (2)'!$F$6:$F$98,"") | V85: =_xlfn.XLOOKUP($C85,'PP2 (1)'!$B$6:$B$106,'PP2 (1)'!$F$6:$F$106,"") | W85: =_xlfn.XLOOKUP($C85,'PP2 (2)'!$B$6:$B$100,'PP2 (2)'!$F$6:$F$100,"") | X85: =_xlfn.XLOOKUP($C85,'PP3 (1)'!$B$5:$B$106,'PP3 (1)'!$F$5:$F$106,"") | Y85: =_xlfn.XLOOKUP($C85,'PP3 (2)'!$B$5:$B$108,'PP3 (2)'!$F$5:$F$108,"") | Z85: =_xlfn.XLOOKUP($C85,'PP4 (1)'!$B$6:$B$100,'PP4 (1)'!$F$6:$F$100,"") | AA85: =_xlfn.XLOOKUP($C85,'PP4 (2)'!$B$6:$B$100,'PP4 (2)'!$F$6:$F$100,"") | AB85: =_xlfn.XLOOKUP($C85,'PP5 (1)'!$B$6:$B$100,'PP5 (1)'!$F$6:$F$100,"") | AC85: =_xlfn.XLOOKUP($C85,'PP5 (2)'!$B$6:$B$100,'PP5 (2)'!$F$6:$F$100,"") | AD85: =SUM(AE85:AP85) -> 5 | AE85: =_xlfn.XLOOKUP($C85,'MP (1)'!$B$6:$B$100,'MP (1)'!$H$6:$H$100,"") -> -4 | AF85: =_xlfn.XLOOKUP($C85,'MP (2)'!$B$6:$B$100,'MP (2)'!$H$6:$H$100,"") -> 9 | AG85: =_xlfn.XLOOKUP($C85,'PP1 (1)'!$B$6:$B$99,'PP1 (1)'!$H$6:$H$99,"") | AH85: =_xlfn.XLOOKUP($C85,'PP1 (2)'!$B$6:$B$98,'PP1 (2)'!$H$6:$H$98,"") | AI85: =_xlfn.XLOOKUP($C85,'PP2 (1)'!$B$6:$B$106,'PP2 (1)'!$H$6:$H$106,"") | AJ85: =_xlfn.XLOOKUP($C85,'PP2 (2)'!$B$6:$B$100,'PP2 (2)'!$H$6:$H$100,"") | AK85: =_xlfn.XLOOKUP($C85,'PP3 (1)'!$B$5:$B$106,'PP3 (1)'!$H$5:$H$106,"") | AL85: =_xlfn.XLOOKUP($C85,'PP3 (2)'!$B$5:$B$108,'PP3 (2)'!$H$5:$H$108,"") | AM85: =_xlfn.XLOOKUP($C85,'PP4 (1)'!$B$6:$B$100,'PP4 (1)'!$H$6:$H$100,"") | AN85: =_xlfn.XLOOKUP($C85,'PP4 (2)'!$B$6:$B$100,'PP4 (2)'!$H$6:$H$100,"") | AO85: =_xlfn.XLOOKUP($C85,'PP5 (1)'!$B$6:$B$100,'PP5 (1)'!$H$6:$H$100,"") | AP85: =_xlfn.XLOOKUP($C85,'PP5 (2)'!$B$6:$B$100,'PP5 (2)'!$H$6:$H$100,"")
