Workbook

Sheet Ranking
A1: L.P. | B1: IMIĘ NAZWISKO | C1: KLUB | D1: PUNKTY | E1: MPW | G1: GP I | I1: GP II | K1: GP III | M1: GP IV | O1: GP V | Q1: EU
E2: M | F2: P | G2: M | H2: P | I2: M | J2: P | K2: M | L2: P | M2: M | N2: P | O2: M | P2: P | Q2: P
A3: =ROW()-2 -> 1 | B3: KORONA-TRZEBSKI Przemysław | D3: =SUM(F3,H3,J3,L3,N3,P3,Q3)-MIN(H3,J3,L3,N3,P3) -> 441.38 | E3: =_xlfn.XLOOKUP(B3,MP!C$5:C$100,MP!B$5:B$100,"") -> 2 | F3: =_xlfn.XLOOKUP(E3,MP!B$5:B$100,MP!A$5:A$100,0) -> 88 | G3: =_xlfn.XLOOKUP($B3,'GP1'!$C$5:$C$100,'GP1'!$B$5:$B$100,"") -> 2 | H3: =_xlfn.XLOOKUP(G3,'GP1'!$B$5:$B$100,'GP1'!$A$5:$A$100,0) -> 73 | I3: =_xlfn.XLOOKUP($B3,'GP2'!$C$5:$C$100,'GP2'!$B$5:$B$100,"") -> 1 | J3: =_xlfn.XLOOKUP(I3,'GP2'!$B$5:$B$100,'GP2'!$A$5:$A$100,0) -> 79 | K3: =_xlfn.XLOOKUP($B3,'GP3'!$C$5:$C$100,'GP3'!$B$5:$B$100,"") -> 2 | L3: =_xlfn.XLOOKUP(K3,'GP3'!$B$5:$B$100,'GP3'!$A$5:$A$100,0) -> 73 | M3: =_xlfn.XLOOKUP($B3,'GP4'!$C$5:$C$100,'GP4'!$B$5:$B$100,"") -> 1 | N3: =_xlfn.XLOOKUP(M3,'GP4'!$B$5:$B$100,'GP4'!$A$5:$A$100,0) -> 79 | O3: =_xlfn.XLOOKUP($B3,'GP5'!$C$5:$C$100,'GP5'!$B$5:$B$100,"") -> 1 | P3: =_xlfn.XLOOKUP(O3,'GP5'!$B$5:$B$100,'GP5'!$A$5:$A$100,0) -> 79 | Q3: =_xlfn.XLOOKUP($B3,EU!$B$5:$B$100,EU!$A$5:$A$100,0) -> 43.38
A4: =ROW()-2 -> 2 | B4: MANDRELA Jarosław | D4: =SUM(F4,H4,J4,L4,N4,P4,Q4)-MIN(H4,J4,L4,N4,P4) -> 387 | E4: =_xlfn.XLOOKUP(B4,MP!C$5:C$100,MP!B$5:B$100,"") -> 1 | F4: =_xlfn.XLOOKUP(E4,MP!B$5:B$100,MP!A$5:A$100,0) -> 95 | G4: =_xlfn.XLOOKUP($B4,'GP1'!$C$5:$C$100,'GP1'!$B$5:$B$100,"") -> 1 | H4: =_xlfn.XLOOKUP(G4,'GP1'!$B$5:$B$100,'GP1'!$A$5:$A$100,0) -> 79 | I4: =_xlfn.XLOOKUP($B4,'GP2'!$C$5:$C$100,'GP2'!$B$5:$B$100,"") -> 5 | J4: =_xlfn.XLOOKUP(I4,'GP2'!$B$5:$B$100,'GP2'!$A$5:$A$100,0) -> 64 | K4: =_xlfn.XLOOKUP($B4,'GP3'!$C$5:$C$100,'GP3'!$B$5:$B$100,"") -> 1 | L4: =_xlfn.XLOOKUP(K4,'GP3'!$B$5:$B$100,'GP3'!$A$5:$A$100,0) -> 79 | M4: =_xlfn.XLOOKUP($B4,'GP4'!$C$5:$C$100,'GP4'!$B$5:$B$100,"") -> 3 | N4: =_xlfn.XLOOKUP(M4,'GP4'!$B$5:$B$100,'GP4'!$A$5:$A$100,0) -> 70 | O4: =_xlfn.XLOOKUP($B4,'GP5'!$C$5:$C$100,'GP5'!$B$5:$B$100,"") | P4: =_xlfn.XLOOKUP(O4,'GP5'!$B$5:$B$100,'GP5'!$A$5:$A$100,0) -> 0 | Q4: =_xlfn.XLOOKUP($B4,EU!$B$5:$B$100,EU!$A$5:$A$100,0) -> 0
A5: =ROW()-2 -> 3 | B5: HAŚKO Sergiusz | D5: =SUM(F5,H5,J5,L5,N5,P5,Q5)-MIN(H5,J5,L5,N5,P5) -> 356 | E5: =_xlfn.XLOOKUP(B5,MP!C$5:C$100,MP!B$5:B$100,"") -> 8 | F5: =_xlfn.XLOOKUP(E5,MP!B$5:B$100,MP!A$5:A$100,0) -> 70 | G5: =_xlfn.XLOOKUP($B5,'GP1'!$C$5:$C$100,'GP1'!$B$5:$B$100,"") -> 6 | H5: =_xlfn.XLOOKUP(G5,'GP1'!$B$5:$B$100,'GP1'!$A$5:$A$100,0) -> 62 | I5: =_xlfn.XLOOKUP($B5,'GP2'!$C$5:$C$100,'GP2'!$B$5:$B$100,"") -> 3 | J5: =_xlfn.XLOOKUP(I5,'GP2'!$B$5:$B$100,'GP2'!$A$5:$A$100,0) -> 70 | K5: =_xlfn.XLOOKUP($B5,'GP3'!$C$5:$C$100,'GP3'!$B$5:$B$100,"") -> 3 | L5: =_xlfn.XLOOKUP(K5,'GP3'!$B$5:$B$100,'GP3'!$A$5:$A$100,0) -> 70 | M5: =_xlfn.XLOOKUP($B5,'GP4'!$C$5:$C$100,'GP4'!$B$5:$B$100,"") -> 2 | N5: =_xlfn.XLOOKUP(M5,'GP4'!$B$5:$B$100,'GP4'!$A$5:$A$100,0) -> 73 | O5: =_xlfn.XLOOKUP($B5,'GP5'!$C$5:$C$100,'GP5'!$B$5:$B$100,"") -> 2 | P5: =_xlfn.XLOOKUP(O5,'GP5'!$B$5:$B$100,'GP5'!$A$5:$A$100,0) -> 73 | Q5: =_xlfn.XLOOKUP($B5,EU!$B$5:$B$100,EU!$A$5:$A$100,0) -> 0
A6: =ROW()-2 -> 4 | B6: SZCZERBOWSKI Lech | D6: =SUM(F6,H6,J6,L6,N6,P6,Q6)-MIN(H6,J6,L6,N6,P6) -> 316 | E6: =_xlfn.XLOOKUP(B6,MP!C$5:C$100,MP!B$5:B$100,"") -> 10 | F6: =_xlfn.XLOOKUP(E6,MP!B$5:B$100,MP!A$5:A$100,0) -> 66 | G6: =_xlfn.XLOOKUP($B6,'GP1'!$C$5:$C$100,'GP1'!$B$5:$B$100,"") -> 8 | H6: =_xlfn.XLOOKUP(G6,'GP1'!$B$5:$B$100,'GP1'!$A$5:$A$100,0) -> 58 | I6: =_xlfn.XLOOKUP($B6,'GP2'!$C$5:$C$100,'GP2'!$B$5:$B$100,"") -> 8 | J6: =_xlfn.XLOOKUP(I6,'GP2'!$B$5:$B$100,'GP2'!$A$5:$A$100,0) -> 58 | K6: =_xlfn.XLOOKUP($B6,'GP3'!$C$5:$C$100,'GP3'!$B$5:$B$100,"") -> 5 | L6: =_xlfn.XLOOKUP(K6,'GP3'!$B$5:$B$100,'GP3'!$A$5:$A$100,0) -> 64 | M6: =_xlfn.XLOOKUP($B6,'GP4'!$C$5:$C$100,'GP4'!$B$5:$B$100,"") | N6: =_xlfn.XLOOKUP(M6,'GP4'!$B$5:$B$100,'GP4'!$A$5:$A$100,0) -> 0 | O6: =_xlfn.XLOOKUP($B6,'GP5'!$C$5:$C$100,'GP5'!$B$5:$B$100,"") -> 3 | P6: =_xlfn.XLOOKUP(O6,'GP5'!$B$5:$B$100,'GP5'!$A$5:$A$100,0) -> 70 | Q6: =_xlfn.XLOOKUP($B6,EU!$B$5:$B$100,EU!$A$5:$A$100,0) -> 0
A7: =ROW()-2 -> 5 | B7: DUDEK Mariusz | D7: =SUM(F7,H7,J7,L7,N7,P7,Q7)-MIN(H7,J7,L7,N7,P7) -> 306 | E7: =_xlfn.XLOOKUP(B7,MP!C$5:C$100,MP!B$5:B$100,"") -> 12 | F7: =_xlfn.XLOOKUP(E7,MP!B$5:B$100,MP!A$5:A$100,0) -> 62 | G7: =_xlfn.XLOOKUP($B7,'GP1'!$C$5:$C$100,'GP1'!$B$5:$B$100,"") -> 12 | H7: =_xlfn.XLOOKUP(G7,'GP1'!$B$5:$B$100,'GP1'!$A$5:$A$100,0) -> 53 | I7: =_xlfn.XLOOKUP($B7,'GP2'!$C$5:$C$100,'GP2'!$B$5:$B$100,"") -> 9 | J7: =_xlfn.XLOOKUP(I7,'GP2'!$B$5:$B$100,'GP2'!$A$5:$A$100,0) -> 56 | K7: =_xlfn.XLOOKUP($B7,'GP3'!$C$5:$C$100,'GP3'!$B$5:$B$100,"") -> 8 | L7: =_xlfn.XLOOKUP(K7,'GP3'!$B$5:$B$100,'GP3'!$A$5:$A$100,0) -> 58 | M7: =_xlfn.XLOOKUP($B7,'GP4'!$C$5:$C$100,'GP4'!$B$5:$B$100,"") -> 5 | N7: =_xlfn.XLOOKUP(M7,'GP4'!$B$5:$B$100,'GP4'!$A$5:$A$100,0) -> 64 | O7: =_xlfn.XLOOKUP($B7,'GP5'!$C$5:$C$100,'GP5'!$B$5:$B$100,"") -> 4 | P7: =_xlfn.XLOOKUP(O7,'GP5'!$B$5:$B$100,'GP5'!$A$5:$A$100,0) -> 66 | Q7: =_xlfn.XLOOKUP($B7,EU!$B$5:$B$100,EU!$A$5:$A$100,0) -> 0
A8: =ROW()-2 -> 6 | B8: FORAJTER Roman | D8: =SUM(F8,H8,J8,L8,N8,P8,Q8)-MIN(H8,J8,L8,N8,P8) -> 296 | E8: =_xlfn.XLOOKUP(B8,MP!C$5:C$100,MP!B$5:B$100,"") -> 11 | F8: =_xlfn.XLOOKUP(E8,MP!B$5:B$100,MP!A$5:A$100,0) -> 64 | G8: =_xlfn.XLOOKUP($B8,'GP1'!$C$5:$C$100,'GP1'!$B$5:$B$100,"") -> 10 | H8: =_xlfn.XLOOKUP(G8,'GP1'!$B$5:$B$100,'GP1'!$A$5:$A$100,0) -> 55 | I8: =_xlfn.XLOOKUP($B8,'GP2'!$C$5:$C$100,'GP2'!$B$5:$B$100,"") -> 10 | J8: =_xlfn.XLOOKUP(I8,'GP2'!$B$5:$B$100,'GP2'!$A$5:$A$100,0) -> 55 | K8: =_xlfn.XLOOKUP($B8,'GP3'!$C$5:$C$100,'GP3'!$B$5:$B$100,"") -> 7 | L8: =_xlfn.XLOOKUP(K8,'GP3'!$B$5:$B$100,'GP3'!$A$5:$A$100,0) -> 60 | M8: =_xlfn.XLOOKUP($B8,'GP4'!$C$5:$C$100,'GP4'!$B$5:$B$100,"") -> 6 | N8: =_xlfn.XLOOKUP(M8,'GP4'!$B$5:$B$100,'GP4'!$A$5:$A$100,0) -> 62 | O8: =_xlfn.XLOOKUP($B8,'GP5'!$C$5:$C$100,'GP5'!$B$5:$B$100,"") | P8: =_xlfn.XLOOKUP(O8,'GP5'!$B$5:$B$100,'GP5'!$A$5:$A$100,0) -> 0 | Q8: =_xlfn.XLOOKUP($B8,EU!$B$5:$B$100,EU!$A$5:$A$100,0) -> 0
A9: =ROW()-2 -> 7 | B9: PILUTKIEWICZ Igor | D9: =SUM(F9,H9,J9,L9,N9,P9,Q9)-MIN(H9,J9,L9,N9,P9) -> 268 | E9: =_xlfn.XLOOKUP(B9,MP!C$5:C$100,MP!B$5:B$100,"") -> 7 | F9: =_xlfn.XLOOKUP(E9,MP!B$5:B$100,MP!A$5:A$100,0) -> 72 | G9: =_xlfn.XLOOKUP($B9,'GP1'!$C$5:$C$100,'GP1'!$B$5:$B$100,"") -> 5 | H9: =_xlfn.XLOOKUP(G9,'GP1'!$B$5:$B$100,'GP1'!$A$5:$A$100,0) -> 64 | I9: =_xlfn.XLOOKUP($B9,'GP2'!$C$5:$C$100,'GP2'!$B$5:$B$100,"") -> 4 | J9: =_xlfn.XLOOKUP(I9,'GP2'!$B$5:$B$100,'GP2'!$A$5:$A$100,0) -> 66 | K9: =_xlfn.XLOOKUP($B9,'GP3'!$C$5:$C$100,'GP3'!$B$5:$B$100,"") | L9: =_xlfn.XLOOKUP(K9,'GP3'!$B$5:$B$100,'GP3'!$A$5:$A$100,0) -> 0 | M9: =_xlfn.XLOOKUP($B9,'GP4'!$C$5:$C$100,'GP4'!$B$5:$B$100,"") -> 4 | N9: =_xlfn.XLOOKUP(M9,'GP4'!$B$5:$B$100,'GP4'!$A$5:$A$100,0) -> 66 | O9: =_xlfn.XLOOKUP($B9,'GP5'!$C$5:$C$100,'GP5'!$B$5:$B$100,"") | P9: =_xlfn.XLOOKUP(O9,'GP5'!$B$5:$B$100,'GP5'!$A$5:$A$100,0) -> 0 | Q9: =_xlfn.XLOOKUP($B9,EU!$B$5:$B$100,EU!$A$5:$A$100,0) -> 0
A10: =ROW()-2 -> 8 | B10: KOWALSKI Tomasz | D10: =SUM(F10,H10,J10,L10,N10,P10,Q10)-MIN(H10,J10,L10,N10,P10) -> 221 | E10: =_xlfn.XLOOKUP(B10,MP!C$5:C$100,MP!B$5:B$100,"") | F10: =_xlfn.XLOOKUP(E10,MP!B$5:B$100,MP!A$5:A$100,0) -> 0 | G10: =_xlfn.XLOOKUP($B10,'GP1'!$C$5:$C$100,'GP1'!$B$5:$B$100,"") -> 14 | H10: =_xlfn.XLOOKUP(G10,'GP1'!$B$5:$B$100,'GP1'!$A$5:$A$100,0) -> 51 | I10: =_xlfn.XLOOKUP($B10,'GP2'!$C$5:$C$100,'GP2'!$B$5:$B$100,"") -> 11 | J10: =_xlfn.XLOOKUP(I10,'GP2'!$B$5:$B$100,'GP2'!$A$5:$A$100,0) -> 54 | K10: =_xlfn.XLOOKUP($B10,'GP3'!$C$5:$C$100,'GP3'!$B$5:$B$100,"") -> 9 | L10: =_xlfn.XLOOKUP(K10,'GP3'!$B$5:$B$100,'GP3'!$A$5:$A$100,0) -> 56 | M10: =_xlfn.XLOOKUP($B10,'GP4'!$C$5:$C$100,'GP4'!$B$5:$B$100,"") -> 7 | N10: =_xlfn.XLOOKUP(M10,'GP4'!$B$5:$B$100,'GP4'!$A$5:$A$100,0) -> 60 | O10: =_xlfn.XLOOKUP($B10,'GP5'!$C$5:$C$100,'GP5'!$B$5:$B$100,"") | P10: =_xlfn.XLOOKUP(O10,'GP5'!$B$5:$B$100,'GP5'!$A$5:$A$100,0) -> 0 | Q10: =_xlfn.XLOOKUP($B10,EU!$B$5:$B$100,EU!$A$5:$A$100,0) -> 0
A11: =ROW()-2 -> 9 | B11: TK | D11: =SUM(F11,H11,J11,L11,N11,P11,Q11)-MIN(H11,J11,L11,N11,P11) -> 188.12 | E11: =_xlfn.XLOOKUP(B11,MP!C$5:C$100,MP!B$5:B$100,"") | F11: =_xlfn.XLOOKUP(E11,MP!B$5:B$100,MP!A$5:A$100,0) -> 0 | G11: =_xlfn.XLOOKUP($B11,'GP1'!$C$5:$C$100,'GP1'!$B$5:$B$100,"") -> 4 | H11: =_xlfn.XLOOKUP(G11,'GP1'!$B$5:$B$100,'GP1'!$A$5:$A$100,0) -> 66 | I11: =_xlfn.XLOOKUP($B11,'GP2'!$C$5:$C$100,'GP2'!$B$5:$B$100,"") -> 2 | J11: =_xlfn.XLOOKUP(I11,'GP2'!$B$5:$B$100,'GP2'!$A$5:$A$100,0) -> 73 | K11: =_xlfn.XLOOKUP($B11,'GP3'!$C$5:$C$100,'GP3'!$B$5:$B$100,"") | L11: =_xlfn.XLOOKUP(K11,'GP3'!$B$5:$B$100,'GP3'!$A$5:$A$100,0) -> 0 | M11: =_xlfn.XLOOKUP($B11,'GP4'!$C$5:$C$100,'GP4'!$B$5:$B$100,"") | N11: =_xlfn.XLOOKUP(M11,'GP4'!$B$5:$B$100,'GP4'!$A$5:$A$100,0) -> 0 | O11: =_xlfn.XLOOKUP($B11,'GP5'!$C$5:$C$100,'GP5'!$B$5:$B$100,"") | P11: =_xlfn.XLOOKUP(O11,'GP5'!$B$5:$B$100,'GP5'!$A$5:$A$100,0) -> 0 | Q11: =_xlfn.XLOOKUP($B11,EU!$B$5:$B$100,EU!$A$5:$A$100,0) -> 49.12
A12: =ROW()-2 -> 10 | B12: CYGAŃSKI Tomasz | D12: =SUM(F12,H12,J12,L12,N12,P12,Q12)-MIN(H12,J12,L12,N12,P12) -> 147 | E12: =_xlfn.XLOOKUP(B12,MP!C$5:C$100,MP!B$5:B$100,"") -> 5 | F12: =_xlfn.XLOOKUP(E12,MP!B$5:B$100,MP!A$5:A$100,0) -> 77 | G12: =_xlfn.XLOOKUP($B12,'GP1'!$C$5:$C$100,'GP1'!$B$5:$B$100,"") -> 3 | H12: =_xlfn.XLOOKUP(G12,'GP1'!$B$5:$B$100,'GP1'!$A$5:$A$100,0) -> 70 | I12: =_xlfn.XLOOKUP($B12,'GP2'!$C$5:$C$100,'GP2'!$B$5:$B$100,"") | J12: =_xlfn.XLOOKUP(I12,'GP2'!$B$5:$B$100,'GP2'!$A$5:$A$100,0) -> 0 | K12: =_xlfn.XLOOKUP($B12,'GP3'!$C$5:$C$100,'GP3'!$B$5:$B$100,"") | L12: =_xlfn.XLOOKUP(K12,'GP3'!$B$5:$B$100,'GP3'!$A$5:$A$100,0) -> 0 | M12: =_xlfn.XLOOKUP($B12,'GP4'!$C$5:$C$100,'GP4'!$B$5:$B$100,"") | N12: =_xlfn.XLOOKUP(M12,'GP4'!$B$5:$B$100,'GP4'!$A$5:$A$100,0) -> 0 | O12: =_xlfn.XLOOKUP($B12,'GP5'!$C$5:$C$100,'GP5'!$B$5:$B$100,"") | P12: =_xlfn.XLOOKUP(O12,'GP5'!$B$5:$B$100,'GP5'!$A$5:$A$100,0) -> 0 | Q12: =_xlfn.XLOOKUP($B12,EU!$B$5:$B$100,EU!$A$5:$A$100,0) -> 0
A13: =ROW()-2 -> 11 | B13: RUDZIŃSKI Wojciech | D13: =SUM(F13,H13,J13,L13,N13,P13,Q13)-MIN(H13,J13,L13,N13,P13) -> 120 | E13: =_xlfn.XLOOKUP(B13,MP!C$5:C$100,MP!B$5:B$100,"") | F13: =_xlfn.XLOOKUP(E13,MP!B$5:B$100,MP!A$5:A$100,0) -> 0 | G13: =_xlfn.XLOOKUP($B13,'GP1'!$C$5:$C$100,'GP1'!$B$5:$B$100,"") -> 7 | H13: =_xlfn.XLOOKUP(G13,'GP1'!$B$5:$B$100,'GP1'!$A$5:$A$100,0) -> 60 | I13: =_xlfn.XLOOKUP($B13,'GP2'!$C$5:$C$100,'GP2'!$B$5:$B$100,"") -> 7 | J13: =_xlfn.XLOOKUP(I13,'GP2'!$B$5:$B$100,'GP2'!$A$5:$A$100,0) -> 60 | K13: =_xlfn.XLOOKUP($B13,'GP3'!$C$5:$C$100,'GP3'!$B$5:$B$100,"") | L13: =_xlfn.XLOOKUP(K13,'GP3'!$B$5:$B$100,'GP3'!$A$5:$A$100,0) -> 0 | M13: =_xlfn.XLOOKUP($B13,'GP4'!$C$5:$C$100,'GP4'!$B$5:$B$100,"") | N13: =_xlfn.XLOOKUP(M13,'GP4'!$B$5:$B$100,'GP4'!$A$5:$A$100,0) -> 0 | O13: =_xlfn.XLOOKUP($B13,'GP5'!$C$5:$C$100,'GP5'!$B$5:$B$100,"") | P13: =_xlfn.XLOOKUP(O13,'GP5'!$B$5:$B$100,'GP5'!$A$5:$A$100,0) -> 0 | Q13: =_xlfn.XLOOKUP($B13,EU!$B$5:$B$100,EU!$A$5:$A$100,0) -> 0
A14: =ROW()-2 -> 12 | B14: OWCZAREK Hubert | D14: =SUM(F14,H14,J14,L14,N14,P14,Q14)-MIN(H14,J14,L14,N14,P14) -> 116 | E14: =_xlfn.XLOOKUP(B14,MP!C$5:C$100,MP!B$5:B$100,"") | F14: =_xlfn.XLOOKUP(E14,MP!B$5:B$100,MP!A$5:A$100,0) -> 0 | G14: =_xlfn.XLOOKUP($B14,'GP1'!$C$5:$C$100,'GP1'!$B$5:$B$100,"") -> 11 | H14: =_xlfn.XLOOKUP(G14,'GP1'!$B$5:$B$100,'GP1'!$A$5:$A$100,0) -> 54 | I14: =_xlfn.XLOOKUP($B14,'GP2'!$C$5:$C$100,'GP2'!$B$5:$B$100,"") -> 6 | J14: =_xlfn.XLOOKUP(I14,'GP2'!$B$5:$B$100,'GP2'!$A$5:$A$100,0) -> 62 | K14: =_xlfn.XLOOKUP($B14,'GP3'!$C$5:$C$100,'GP3'!$B$5:$B$100,"") | L14: =_xlfn.XLOOKUP(K14,'GP3'!$B$5:$B$100,'GP3'!$A$5:$A$100,0) -> 0 | M14: =_xlfn.XLOOKUP($B14,'GP4'!$C$5:$C$100,'GP4'!$B$5:$B$100,"") | N14: =_xlfn.XLOOKUP(M14,'GP4'!$B$5:$B$100,'GP4'!$A$5:$A$100,0) -> 0 | O14: =_xlfn.XLOOKUP($B14,'GP5'!$C$5:$C$100,'GP5'!$B$5:$B$100,"") | P14: =_xlfn.XLOOKUP(O14,'GP5'!$B$5:$B$100,'GP5'!$A$5:$A$100,0) -> 0 | Q14: =_xlfn.XLOOKUP($B14,EU!$B$5:$B$100,EU!$A$5:$A$100,0) -> 0
... A23: =ROW()-2 -> 21 | B23: NIECZKOWSKI Tomasz | D23: =SUM(F23,H23,J23,L23,N23,P23,Q23)-MIN(H23,J23,L23,N23,P23) -> 52 | E23: =_xlfn.XLOOKUP(B23,MP!C$5:C$100,MP!B$5:B$100,"") | F23: =_xlfn.XLOOKUP(E23,MP!B$5:B$100,MP!A$5:A$100,0) -> 0 | G23: =_xlfn.XLOOKUP($B23,'GP1'!$C$5:$C$100,'GP1'!$B$5:$B$100,"") -> 13 | H23: =_xlfn.XLOOKUP(G23,'GP1'!$B$5:$B$100,'GP1'!$A$5:$A$100,0) -> 52 | I23: =_xlfn.XLOOKUP($B23,'GP2'!$C$5:$C$100,'GP2'!$B$5:$B$100,"") | J23: =_xlfn.XLOOKUP(I23,'GP2'!$B$5:$B$100,'GP2'!$A$5:$A$100,0) -> 0 | K23: =_xlfn.XLOOKUP($B23,'GP3'!$C$5:$C$100,'GP3'!$B$5:$B$100,"") | L23: =_xlfn.XLOOKUP(K23,'GP3'!$B$5:$B$100,'GP3'!$A$5:$A$100,0) -> 0 | M23: =_xlfn.XLOOKUP($B23,'GP4'!$C$5:$C$100,'GP4'!$B$5:$B$100,"") | N23: =_xlfn.XLOOKUP(M23,'GP4'!$B$5:$B$100,'GP4'!$A$5:$A$100,0) -> 0 | O23: =_xlfn.XLOOKUP($B23,'GP5'!$C$5:$C$100,'GP5'!$B$5:$B$100,"") | P23: =_xlfn.XLOOKUP(O23,'GP5'!$B$5:$B$100,'GP5'!$A$5:$A$100,0) -> 0 | Q23: =_xlfn.XLOOKUP($B23,EU!$B$5:$B$100,EU!$A$5:$A$100,0) -> 0
A24: =ROW()-2 -> 22 | D24: =SUM(F24,H24,J24,L24,N24,P24,Q24)-MIN(H24,J24,L24,N24,P24) -> 0 | E24: =_xlfn.XLOOKUP(B24,MP!C$5:C$100,MP!B$5:B$100,"") -> 0 | F24: =_xlfn.XLOOKUP(E24,MP!B$5:B$100,MP!A$5:A$100,0) -> 0 | G24: =_xlfn.XLOOKUP($B24,'GP1'!$C$5:$C$100,'GP1'!$B$5:$B$100,"") -> 0 | H24: =_xlfn.XLOOKUP(G24,'GP1'!$B$5:$B$100,'GP1'!$A$5:$A$100,0) -> 0 | I24: =_xlfn.XLOOKUP($B24,'GP2'!$C$5:$C$100,'GP2'!$B$5:$B$100,"") -> 0 | J24: =_xlfn.XLOOKUP(I24,'GP2'!$B$5:$B$100,'GP2'!$A$5:$A$100,0) -> 0 | K24: =_xlfn.XLOOKUP($B24,'GP3'!$C$5:$C$100,'GP3'!$B$5:$B$100,"") -> 0 | L24: =_xlfn.XLOOKUP(K24,'GP3'!$B$5:$B$100,'GP3'!$A$5:$A$100,0) -> 0 | M24: =_xlfn.XLOOKUP($B24,'GP4'!$C$5:$C$100,'GP4'!$B$5:$B$100,"") -> 0 | N24: =_xlfn.XLOOKUP(M24,'GP4'!$B$5:$B$100,'GP4'!$A$5:$A$100,0) -> 0 | O24: =_xlfn.XLOOKUP($B24,'GP5'!$C$5:$C$100,'GP5'!$B$5:$B$100,"") -> 0 | P24: =_xlfn.XLOOKUP(O24,'GP5'!$B$5:$B$100,'GP5'!$A$5:$A$100,0) -> 0 | Q24: =_xlfn.XLOOKUP($B24,EU!$B$5:$B$100,EU!$A$5:$A$100,0) -> 0
A25: =ROW()-2 -> 23 | D25: =SUM(F25,H25,J25,L25,N25,P25,Q25)-MIN(H25,J25,L25,N25,P25) -> 0 | E25: =_xlfn.XLOOKUP(B25,MP!C$5:C$100,MP!B$5:B$100,"") -> 0 | F25: =_xlfn.XLOOKUP(E25,MP!B$5:B$100,MP!A$5:A$100,0) -> 0 | G25: =_xlfn.XLOOKUP($B25,'GP1'!$C$5:$C$100,'GP1'!$B$5:$B$100,"") -> 0 | H25: =_xlfn.XLOOKUP(G25,'GP1'!$B$5:$B$100,'GP1'!$A$5:$A$100,0) -> 0 | I25: =_xlfn.XLOOKUP($B25,'GP2'!$C$5:$C$100,'GP2'!$B$5:$B$100,"") -> 0 | J25: =_xlfn.XLOOKUP(I25,'GP2'!$B$5:$B$100,'GP2'!$A$5:$A$100,0) -> 0 | K25: =_xlfn.XLOOKUP($B25,'GP3'!$C$5:$C$100,'GP3'!$B$5:$B$100,"") -> 0 | L25: =_xlfn.XLOOKUP(K25,'GP3'!$B$5:$B$100,'GP3'!$A$5:$A$100,0) -> 0 | M25: =_xlfn.XLOOKUP($B25,'GP4'!$C$5:$C$100,'GP4'!$B$5:$B$100,"") -> 0 | N25: =_xlfn.XLOOKUP(M25,'GP4'!$B$5:$B$100,'GP4'!$A$5:$A$100,0) -> 0 | O25: =_xlfn.XLOOKUP($B25,'GP5'!$C$5:$C$100,'GP5'!$B$5:$B$100,"") -> 0 | P25: =_xlfn.XLOOKUP(O25,'GP5'!$B$5:$B$100,'GP5'!$A$5:$A$100,0) -> 0 | Q25: =_xlfn.XLOOKUP($B25,EU!$B$5:$B$100,EU!$A$5:$A$100,0) -> 0
A26: =ROW()-2 -> 24 | D26: =SUM(F26,H26,J26,L26,N26,P26,Q26)-MIN(H26,J26,L26,N26,P26) -> 0 | E26: =_xlfn.XLOOKUP(B26,MP!C$5:C$100,MP!B$5:B$100,"") -> 0 | F26: =_xlfn.XLOOKUP(E26,MP!B$5:B$100,MP!A$5:A$100,0) -> 0 | G26: =_xlfn.XLOOKUP($B26,'GP1'!$C$5:$C$100,'GP1'!$B$5:$B$100,"") -> 0 | H26: =_xlfn.XLOOKUP(G26,'GP1'!$B$5:$B$100,'GP1'!$A$5:$A$100,0) -> 0 | I26: =_xlfn.XLOOKUP($B26,'GP2'!$C$5:$C$100,'GP2'!$B$5:$B$100,"") -> 0 | J26: =_xlfn.XLOOKUP(I26,'GP2'!$B$5:$B$100,'GP2'!$A$5:$A$100,0) -> 0 | K26: =_xlfn.XLOOKUP($B26,'GP3'!$C$5:$C$100,'GP3'!$B$5:$B$100,"") -> 0 | L26: =_xlfn.XLOOKUP(K26,'GP3'!$B$5:$B$100,'GP3'!$A$5:$A$100,0) -> 0 | M26: =_xlfn.XLOOKUP($B26,'GP4'!$C$5:$C$100,'GP4'!$B$5:$B$100,"") -> 0 | N26: =_xlfn.XLOOKUP(M26,'GP4'!$B$5:$B$100,'GP4'!$A$5:$A$100,0) -> 0 | O26: =_xlfn.XLOOKUP($B26,'GP5'!$C$5:$C$100,'GP5'!$B$5:$B$100,"") -> 0 | P26: =_xlfn.XLOOKUP(O26,'GP5'!$B$5:$B$100,'GP5'!$A$5:$A$100,0) -> 0 | Q26: =_xlfn.XLOOKUP($B26,EU!$B$5:$B$100,EU!$A$5:$A$100,0) -> 0
A27: =ROW()-2 -> 25 | D27: =SUM(F27,H27,J27,L27,N27,P27,Q27)-MIN(H27,J27,L27,N27,P27) -> 0 | E27: =_xlfn.XLOOKUP(B27,MP!C$5:C$100,MP!B$5:B$100,"") -> 0 | F27: =_xlfn.XLOOKUP(E27,MP!B$5:B$100,MP!A$5:A$100,0) -> 0 | G27: =_xlfn.XLOOKUP($B27,'GP1'!$C$5:$C$100,'GP1'!$B$5:$B$100,"") -> 0 | H27: =_xlfn.XLOOKUP(G27,'GP1'!$B$5:$B$100,'GP1'!$A$5:$A$100,0) -> 0 | I27: =_xlfn.XLOOKUP($B27,'GP2'!$C$5:$C$100,'GP2'!$B$5:$B$100,"") -> 0 | J27: =_xlfn.XLOOKUP(I27,'GP2'!$B$5:$B$100,'GP2'!$A$5:$A$100,0) -> 0 | K27: =_xlfn.XLOOKUP($B27,'GP3'!$C$5:$C$100,'GP3'!$B$5:$B$100,"") -> 0 | L27: =_xlfn.XLOOKUP(K27,'GP3'!$B$5:$B$100,'GP3'!$A$5:$A$100,0) -> 0 | M27: =_xlfn.XLOOKUP($B27,'GP4'!$C$5:$C$100,'GP4'!$B$5:$B$100,"") -> 0 | N27: =_xlfn.XLOOKUP(M27,'GP4'!$B$5:$B$100,'GP4'!$A$5:$A$100,0) -> 0 | O27: =_xlfn.XLOOKUP($B27,'GP5'!$C$5:$C$100,'GP5'!$B$5:$B$100,"") -> 0 | P27: =_xlfn.XLOOKUP(O27,'GP5'!$B$5:$B$100,'GP5'!$A$5:$A$100,0) -> 0 | Q27: =_xlfn.XLOOKUP($B27,EU!$B$5:$B$100,EU!$A$5:$A$100,0) -> 0
A28: =ROW()-2 -> 26 | D28: =SUM(F28,H28,J28,L28,N28,P28,Q28)-MIN(H28,J28,L28,N28,P28) -> 0 | E28: =_xlfn.XLOOKUP(B28,MP!C$5:C$100,MP!B$5:B$100,"") -> 0 | F28: =_xlfn.XLOOKUP(E28,MP!B$5:B$100,MP!A$5:A$100,0) -> 0 | G28: =_xlfn.XLOOKUP($B28,'GP1'!$C$5:$C$100,'GP1'!$B$5:$B$100,"") -> 0 | H28: =_xlfn.XLOOKUP(G28,'GP1'!$B$5:$B$100,'GP1'!$A$5:$A$100,0) -> 0 | I28: =_xlfn.XLOOKUP($B28,'GP2'!$C$5:$C$100,'GP2'!$B$5:$B$100,"") -> 0 | J28: =_xlfn.XLOOKUP(I28,'GP2'!$B$5:$B$100,'GP2'!$A$5:$A$100,0) -> 0 | K28: =_xlfn.XLOOKUP($B28,'GP3'!$C$5:$C$100,'GP3'!$B$5:$B$100,"") -> 0 | L28: =_xlfn.XLOOKUP(K28,'GP3'!$B$5:$B$100,'GP3'!$A$5:$A$100,0) -> 0 | M28: =_xlfn.XLOOKUP($B28,'GP4'!$C$5:$C$100,'GP4'!$B$5:$B$100,"") -> 0 | N28: =_xlfn.XLOOKUP(M28,'GP4'!$B$5:$B$100,'GP4'!$A$5:$A$100,0) -> 0 | O28: =_xlfn.XLOOKUP($B28,'GP5'!$C$5:$C$100,'GP5'!$B$5:$B$100,"") -> 0 | P28: =_xlfn.XLOOKUP(O28,'GP5'!$B$5:$B$100,'GP5'!$A$5:$A$100,0) -> 0 | Q28: =_xlfn.XLOOKUP($B28,EU!$B$5:$B$100,EU!$A$5:$A$100,0) -> 0
A29: =ROW()-2 -> 27 | D29: =SUM(F29,H29,J29,L29,N29,P29,Q29)-MIN(H29,J29,L29,N29,P29) -> 0 | E29: =_xlfn.XLOOKUP(B29,MP!C$5:C$100,MP!B$5:B$100,"") -> 0 | F29: =_xlfn.XLOOKUP(E29,MP!B$5:B$100,MP!A$5:A$100,0) -> 0 | G29: =_xlfn.XLOOKUP($B29,'GP1'!$C$5:$C$100,'GP1'!$B$5:$B$100,"") -> 0 | H29: =_xlfn.XLOOKUP(G29,'GP1'!$B$5:$B$100,'GP1'!$A$5:$A$100,0) -> 0 | I29: =_xlfn.XLOOKUP($B29,'GP2'!$C$5:$C$100,'GP2'!$B$5:$B$100,"") -> 0 | J29: =_xlfn.XLOOKUP(I29,'GP2'!$B$5:$B$100,'GP2'!$A$5:$A$100,0) -> 0 | K29: =_xlfn.XLOOKUP($B29,'GP3'!$C$5:$C$100,'GP3'!$B$5:$B$100,"") -> 0 | L29: =_xlfn.XLOOKUP(K29,'GP3'!$B$5:$B$100,'GP3'!$A$5:$A$100,0) -> 0 | M29: =_xlfn.XLOOKUP($B29,'GP4'!$C$5:$C$100,'GP4'!$B$5:$B$100,"") -> 0 | N29: =_xlfn.XLOOKUP(M29,'GP4'!$B$5:$B$100,'GP4'!$A$5:$A$100,0) -> 0 | O29: =_xlfn.XLOOKUP($B29,'GP5'!$C$5:$C$100,'GP5'!$B$5:$B$100,"") -> 0 | P29: =_xlfn.XLOOKUP(O29,'GP5'!$B$5:$B$100,'GP5'!$A$5:$A$100,0) -> 0 | Q29: =_xlfn.XLOOKUP($B29,EU!$B$5:$B$100,EU!$A$5:$A$100,0) -> 0
A30: =ROW()-2 -> 28 | D30: =SUM(F30,H30,J30,L30,N30,P30,Q30)-MIN(H30,J30,L30,N30,P30) -> 0 | E30: =_xlfn.XLOOKUP(B30,MP!C$5:C$100,MP!B$5:B$100,"") -> 0 | F30: =_xlfn.XLOOKUP(E30,MP!B$5:B$100,MP!A$5:A$100,0) -> 0 | G30: =_xlfn.XLOOKUP($B30,'GP1'!$C$5:$C$100,'GP1'!$B$5:$B$100,"") -> 0 | H30: =_xlfn.XLOOKUP(G30,'GP1'!$B$5:$B$100,'GP1'!$A$5:$A$100,0) -> 0 | I30: =_xlfn.XLOOKUP($B30,'GP2'!$C$5:$C$100,'GP2'!$B$5:$B$100,"") -> 0 | J30: =_xlfn.XLOOKUP(I30,'GP2'!$B$5:$B$100,'GP2'!$A$5:$A$100,0) -> 0 | K30: =_xlfn.XLOOKUP($B30,'GP3'!$C$5:$C$100,'GP3'!$B$5:$B$100,"") -> 0 | L30: =_xlfn.XLOOKUP(K30,'GP3'!$B$5:$B$100,'GP3'!$A$5:$A$100,0) -> 0 | M30: =_xlfn.XLOOKUP($B30,'GP4'!$C$5:$C$100,'GP4'!$B$5:$B$100,"") -> 0 | N30: =_xlfn.XLOOKUP(M30,'GP4'!$B$5:$B$100,'GP4'!$A$5:$A$100,0) -> 0 | O30: =_xlfn.XLOOKUP($B30,'GP5'!$C$5:$C$100,'GP5'!$B$5:$B$100,"") -> 0 | P30: =_xlfn.XLOOKUP(O30,'GP5'!$B$5:$B$100,'GP5'!$A$5:$A$100,0) -> 0 | Q30: =_xlfn.XLOOKUP($B30,EU!$B$5:$B$100,EU!$A$5:$A$100,0) -> 0
A31: =ROW()-2 -> 29 | D31: =SUM(F31,H31,J31,L31,N31,P31,Q31)-MIN(H31,J31,L31,N31,P31) -> 0 | E31: =_xlfn.XLOOKUP(B31,MP!C$5:C$100,MP!B$5:B$100,"") -> 0 | F31: =_xlfn.XLOOKUP(E31,MP!B$5:B$100,MP!A$5:A$100,0) -> 0 | G31: =_xlfn.XLOOKUP($B31,'GP1'!$C$5:$C$100,'GP1'!$B$5:$B$100,"") -> 0 | H31: =_xlfn.XLOOKUP(G31,'GP1'!$B$5:$B$100,'GP1'!$A$5:$A$100,0) -> 0 | I31: =_xlfn.XLOOKUP($B31,'GP2'!$C$5:$C$100,'GP2'!$B$5:$B$100,"") -> 0 | J31: =_xlfn.XLOOKUP(I31,'GP2'!$B$5:$B$100,'GP2'!$A$5:$A$100,0) -> 0 | K31: =_xlfn.XLOOKUP($B31,'GP3'!$C$5:$C$100,'GP3'!$B$5:$B$100,"") -> 0 | L31: =_xlfn.XLOOKUP(K31,'GP3'!$B$5:$B$100,'GP3'!$A$5:$A$100,0) -> 0 | M31: =_xlfn.XLOOKUP($B31,'GP4'!$C$5:$C$100,'GP4'!$B$5:$B$100,"") -> 0 | N31: =_xlfn.XLOOKUP(M31,'GP4'!$B$5:$B$100,'GP4'!$A$5:$A$100,0) -> 0 | O31: =_xlfn.XLOOKUP($B31,'GP5'!$C$5:$C$100,'GP5'!$B$5:$B$100,"") -> 0 | P31: =_xlfn.XLOOKUP(O31,'GP5'!$B$5:$B$100,'GP5'!$A$5:$A$100,0) -> 0 | Q31: =_xlfn.XLOOKUP($B31,EU!$B$5:$B$100,EU!$A$5:$A$100,0) -> 0
A32: =ROW()-2 -> 30 | D32: =SUM(F32,H32,J32,L32,N32,P32,Q32)-MIN(H32,J32,L32,N32,P32) -> 0 | E32: =_xlfn.XLOOKUP(B32,MP!C$5:C$100,MP!B$5:B$100,"") -> 0 | F32: =_xlfn.XLOOKUP(E32,MP!B$5:B$100,MP!A$5:A$100,0) -> 0 | G32: =_xlfn.XLOOKUP($B32,'GP1'!$C$5:$C$100,'GP1'!$B$5:$B$100,"") -> 0 | H32: =_xlfn.XLOOKUP(G32,'GP1'!$B$5:$B$100,'GP1'!$A$5:$A$100,0) -> 0 | I32: =_xlfn.XLOOKUP($B32,'GP2'!$C$5:$C$100,'GP2'!$B$5:$B$100,"") -> 0 | J32: =_xlfn.XLOOKUP(I32,'GP2'!$B$5:$B$100,'GP2'!$A$5:$A$100,0) -> 0 | K32: =_xlfn.XLOOKUP($B32,'GP3'!$C$5:$C$100,'GP3'!$B$5:$B$100,"") -> 0 | L32: =_xlfn.XLOOKUP(K32,'GP3'!$B$5:$B$100,'GP3'!$A$5:$A$100,0) -> 0 | M32: =_xlfn.XLOOKUP($B32,'GP4'!$C$5:$C$100,'GP4'!$B$5:$B$100,"") -> 0 | N32: =_xlfn.XLOOKUP(M32,'GP4'!$B$5:$B$100,'GP4'!$A$5:$A$100,0) -> 0 | O32: =_xlfn.XLOOKUP($B32,'GP5'!$C$5:$C$100,'GP5'!$B$5:$B$100,"") -> 0 | P32: =_xlfn.XLOOKUP(O32,'GP5'!$B$5:$B$100,'GP5'!$A$5:$A$100,0) -> 0 | Q32: =_xlfn.XLOOKUP($B32,EU!$B$5:$B$100,EU!$A$5:$A$100,0) -> 0
A33: =ROW()-2 -> 31 | D33: =SUM(F33,H33,J33,L33,N33,P33,Q33)-MIN(H33,J33,L33,N33,P33) -> 0 | E33: =_xlfn.XLOOKUP(B33,MP!C$5:C$100,MP!B$5:B$100,"") -> 0 | F33: =_xlfn.XLOOKUP(E33,MP!B$5:B$100,MP!A$5:A$100,0) -> 0 | G33: =_xlfn.XLOOKUP($B33,'GP1'!$C$5:$C$100,'GP1'!$B$5:$B$100,"") -> 0 | H33: =_xlfn.XLOOKUP(G33,'GP1'!$B$5:$B$100,'GP1'!$A$5:$A$100,0) -> 0 | I33: =_xlfn.XLOOKUP($B33,'GP2'!$C$5:$C$100,'GP2'!$B$5:$B$100,"") -> 0 | J33: =_xlfn.XLOOKUP(I33,'GP2'!$B$5:$B$100,'GP2'!$A$5:$A$100,0) -> 0 | K33: =_xlfn.XLOOKUP($B33,'GP3'!$C$5:$C$100,'GP3'!$B$5:$B$100,"") -> 0 | L33: =_xlfn.XLOOKUP(K33,'GP3'!$B$5:$B$100,'GP3'!$A$5:$A$100,0) -> 0 | M33: =_xlfn.XLOOKUP($B33,'GP4'!$C$5:$C$100,'GP4'!$B$5:$B$100,"") -> 0 | N33: =_xlfn.XLOOKUP(M33,'GP4'!$B$5:$B$100,'GP4'!$A$5:$A$100,0) -> 0 | O33: =_xlfn.XLOOKUP($B33,'GP5'!$C$5:$C$100,'GP5'!$B$5:$B$100,"") -> 0 | P33: =_xlfn.XLOOKUP(O33,'GP5'!$B$5:$B$100,'GP5'!$A$5:$A$100,0) -> 0 | Q33: =_xlfn.XLOOKUP($B33,EU!$B$5:$B$100,EU!$A$5:$A$100,0) -> 0
A34: =ROW()-2 -> 32 | D34: =SUM(F34,H34,J34,L34,N34,P34,Q34)-MIN(H34,J34,L34,N34,P34) -> 0 | E34: =_xlfn.XLOOKUP(B34,MP!C$5:C$100,MP!B$5:B$100,"") -> 0 | F34: =_xlfn.XLOOKUP(E34,MP!B$5:B$100,MP!A$5:A$100,0) -> 0 | G34: =_xlfn.XLOOKUP($B34,'GP1'!$C$5:$C$100,'GP1'!$B$5:$B$100,"") -> 0 | H34: =_xlfn.XLOOKUP(G34,'GP1'!$B$5:$B$100,'GP1'!$A$5:$A$100,0) -> 0 | I34: =_xlfn.XLOOKUP($B34,'GP2'!$C$5:$C$100,'GP2'!$B$5:$B$100,"") -> 0 | J34: =_xlfn.XLOOKUP(I34,'GP2'!$B$5:$B$100,'GP2'!$A$5:$A$100,0) -> 0 | K34: =_xlfn.XLOOKUP($B34,'GP3'!$C$5:$C$100,'GP3'!$B$5:$B$100,"") -> 0 | L34: =_xlfn.XLOOKUP(K34,'GP3'!$B$5:$B$100,'GP3'!$A$5:$A$100,0) -> 0 | M34: =_xlfn.XLOOKUP($B34,'GP4'!$C$5:$C$100,'GP4'!$B$5:$B$100,"") -> 0 | N34: =_xlfn.XLOOKUP(M34,'GP4'!$B$5:$B$100,'GP4'!$A$5:$A$100,0) -> 0 | O34: =_xlfn.XLOOKUP($B34,'GP5'!$C$5:$C$100,'GP5'!$B$5:$B$100,"") -> 0 | P34: =_xlfn.XLOOKUP(O34,'GP5'!$B$5:$B$100,'GP5'!$A$5:$A$100,0) -> 0 | Q34: =_xlfn.XLOOKUP($B34,EU!$B$5:$B$100,EU!$A$5:$A$100,0) -> 0
A35: =ROW()-2 -> 33 | D35: =SUM(F35,H35,J35,L35,N35,P35,Q35)-MIN(H35,J35,L35,N35,P35) -> 0 | E35: =_xlfn.XLOOKUP(B35,MP!C$5:C$100,MP!B$5:B$100,"") -> 0 | F35: =_xlfn.XLOOKUP(E35,MP!B$5:B$100,MP!A$5:A$100,0) -> 0 | G35: =_xlfn.XLOOKUP($B35,'GP1'!$C$5:$C$100,'GP1'!$B$5:$B$100,"") -> 0 | H35: =_xlfn.XLOOKUP(G35,'GP1'!$B$5:$B$100,'GP1'!$A$5:$A$100,0) -> 0 | I35: =_xlfn.XLOOKUP($B35,'GP2'!$C$5:$C$100,'GP2'!$B$5:$B$100,"") -> 0 | J35: =_xlfn.XLOOKUP(I35,'GP2'!$B$5:$B$100,'GP2'!$A$5:$A$100,0) -> 0 | K35: =_xlfn.XLOOKUP($B35,'GP3'!$C$5:$C$100,'GP3'!$B$5:$B$100,"") -> 0 | L35: =_xlfn.XLOOKUP(K35,'GP3'!$B$5:$B$100,'GP3'!$A$5:$A$100,0) -> 0 | M35: =_xlfn.XLOOKUP($B35,'GP4'!$C$5:$C$100,'GP4'!$B$5:$B$100,"") -> 0 | N35: =_xlfn.XLOOKUP(M35,'GP4'!$B$5:$B$100,'GP4'!$A$5:$A$100,0) -> 0 | O35: =_xlfn.XLOOKUP($B35,'GP5'!$C$5:$C$100,'GP5'!$B$5:$B$100,"") -> 0 | P35: =_xlfn.XLOOKUP(O35,'GP5'!$B$5:$B$100,'GP5'!$A$5:$A$100,0) -> 0 | Q35: =_xlfn.XLOOKUP($B35,EU!$B$5:$B$100,EU!$A$5:$A$100,0) -> 0
... A50: =ROW()-2 -> 48 | D50: =SUM(F50,H50,J50,L50,N50,P50,Q50)-MIN(H50,J50,L50,N50,P50) -> 0 | E50: =_xlfn.XLOOKUP(B50,MP!C$5:C$100,MP!B$5:B$100,"") -> 0 | F50: =_xlfn.XLOOKUP(E50,MP!B$5:B$100,MP!A$5:A$100,0) -> 0 | G50: =_xlfn.XLOOKUP($B50,'GP1'!$C$5:$C$100,'GP1'!$B$5:$B$100,"") -> 0 | H50: =_xlfn.XLOOKUP(G50,'GP1'!$B$5:$B$100,'GP1'!$A$5:$A$100,0) -> 0 | I50: =_xlfn.XLOOKUP($B50,'GP2'!$C$5:$C$100,'GP2'!$B$5:$B$100,"") -> 0 | J50: =_xlfn.XLOOKUP(I50,'GP2'!$B$5:$B$100,'GP2'!$A$5:$A$100,0) -> 0 | K50: =_xlfn.XLOOKUP($B50,'GP3'!$C$5:$C$100,'GP3'!$B$5:$B$100,"") -> 0 | L50: =_xlfn.XLOOKUP(K50,'GP3'!$B$5:$B$100,'GP3'!$A$5:$A$100,0) -> 0 | M50: =_xlfn.XLOOKUP($B50,'GP4'!$C$5:$C$100,'GP4'!$B$5:$B$100,"") -> 0 | N50: =_xlfn.XLOOKUP(M50,'GP4'!$B$5:$B$100,'GP4'!$A$5:$A$100,0) -> 0 | O50: =_xlfn.XLOOKUP($B50,'GP5'!$C$5:$C$100,'GP5'!$B$5:$B$100,"") -> 0 | P50: =_xlfn.XLOOKUP(O50,'GP5'!$B$5:$B$100,'GP5'!$A$5:$A$100,0) -> 0 | Q50: =_xlfn.XLOOKUP($B50,EU!$B$5:$B$100,EU!$A$5:$A$100,0) -> 0

Sheet MP
A2: miejsce i data: | C2: GDAŃSK 11-12.12.2021 | E2: https://www.fencingtimelive.com/events/results/C7CB48CB2A6841DDAA8F46E6202BFFC6
A4: POINTS | B4: Place | C4: Name | D4: Club(s) | E4: Division | F4: Country
A5: 95 | B5: 1 | C5: MANDRELA Jarosław | D5: Piast Gliwice | F5: POL
A6: 88 | B6: 2 | C6: KORONA-TRZEBSKI Przemysław | D6: KS Szpada Łódź | F6: POL
A7: 84 | B7: 3 | C7: SĘKOWSKI Maciej | F7: POL
A8: 79 | B8: 4 | C8: JADCZUK Wojciech | F8: POL
A9: 77 | B9: 5 | C9: CYGAŃSKI Tomasz | D9: SKS FLESZ ŚWIDNICA | F9: POL
A10: 74 | B10: 6 | C10: KOZIEJOWSKI Sebastian | F10: POL
A11: 72 | B11: 7 | C11: PILUTKIEWICZ Igor | D11: KSz Warszawianka | F11: POL
A12: 70 | B12: 8 | C12: HAŚKO Sergiusz | D12: T.S. Górnik Radlin | F12: POL
A13: 68 | B13: 9 | C13: SAMSONOWICZ Maciej | D13: PKSZERM Warszawa | F13: POL
A14: 66 | B14: 10 | C14: SZCZERBOWSKI Lech | D14: KS AZS AWFIS GDAŃSK. | F14: POL
A15: 64 | B15: 11 | C15: FORAJTER Roman | D15: Piast Gliwice | F15: POL
A16: 62 | B16: 12 | C16: DUDEK Mariusz | D16: UKS FENIX Nowy Dwór Maz. | F16: POL
A17: 60 | B17: 13 | C17: JASZCZAK Piotr | F17: POL

Sheet GP1
A2: miejsce i data: | C2: LESZNO
A4: POINTS | B4: Place | C4: Name | D4: Club(s) | E4: Division | F4: Country
A5: 79 | B5: 1 | C5: MANDRELA Jarosław
A6: 73 | B6: 2 | C6: KORONA-TRZEBSKI Przemysław
A7: 70 | B7: 3 | C7: CYGAŃSKI Tomasz
A8: 66 | B8: 4 | C8: TK
A9: 64 | B9: 5 | C9: PILUTKIEWICZ Igor
A10: 62 | B10: 6 | C10: HAŚKO Sergiusz
A11: 60 | B11: 7 | C11: RUDZIŃSKI Wojciech
A12: 58 | B12: 8 | C12: SZCZERBOWSKI Lech
A13: 56 | B13: 9 | C13: DROBCZYK Paweł
A14: 55 | B14: 10 | C14: FORAJTER Roman
A15: 54 | B15: 11 | C15: OWCZAREK Hubert
A16: 53 | B16: 12 | C16: DUDEK Mariusz
... A18: 51 | B18: 14 | C18: KOWALSKI Tomasz

Sheet GP2
A2: miejsce i data: | C2: WARSZAWA 13-14.03.2021 | E2: http://79.163.66.117/spws/etapy.php?marek=123&_turid=489
A4: POINTS | B4: Place | C4: Name | D4: Club(s) | E4: Division | F4: Country
A5: 79 | B5: 1 | C5: Korona-Trzebski Przemysław
A6: 73 | B6: 2 | C6: TK
A7: 70 | B7: 3 | C7: HAŚKO Sergiusz
A8: 66 | B8: 4 | C8: Pilutkiewicz Igor
A9: 64 | B9: 5 | C9: Mandrela Jarosław
A10: 62 | B10: 6 | C10: Owczarek Hubert
A11: 60 | B11: 7 | C11: Rudziński Wojciech
A12: 58 | B12: 8 | C12: Szczerbowski Lech
A13: 56 | B13: 9 | C13: Dudek Mariusz
A14: 55 | B14: 10 | C14: Forajter Roman
A15: 54 | B15: 11 | C15: Kowalski Tomasz
A16: 53
A17: 52
A18: 51

Sheet GP3
A2: miejsce i data: | C2: LESZNO 23-24.10.2021 | E2: https://www.fencingtimelive.com/events/results/517F0AAA9D78429A8C6A19824C803198
A4: POINTS | B4: Place | C4: Name | D4: Club(s) | E4: Division | F4: Country
A5: 79 | B5: 1 | C5: MANDRELA Jarosław | D5: PIAST GLIWICE | F5: POL
A6: 73 | B6: 2 | C6: KORONA-TRZEBSKI Przemysław | D6: KS SZPADA ŁÓDŹ | F6: POL
A7: 70 | B7: 3 | C7: HAŚKO Sergiusz | D7: T.S. GÓRNIK RADLIN | F7: POL
A8: 66 | B8: 4 | C8: KORZH Valeriy | D8: KS Warszawianka | F8: POL
A9: 64 | B9: 5 | C9: SZCZERBOWSKI Lech | D9: KS AZS AWFIS GDAŃSK | F9: POL
A10: 62 | B10: 6 | C10: BUDNIK Robert | F10: POL
A11: 60 | B11: 7 | C11: FORAJTER Roman | D11: PIAST GLIWICE | F11: POL
A12: 58 | B12: 8 | C12: DUDEK Mariusz | D12: UKS FENIKS WIELISZEW | F12: POL
A13: 56 | B13: 9 | C13: KOWALSKI Tomasz | F13: POL
A14: 55
A15: 54
A16: 53
A17: 52
A18: 51

Sheet GP4
A2: miejsce i data: | C2: KATOWICE 19-20.06.2021 | E2: https://www.fencingtimelive.com/events/results/9973FF5023D24B779B320A30BDAC8EE8
A4: POINTS | B4: Place | C4: Name | D4: Club(s) | E4: Division | F4: Country
A5: 79 | B5: 1 | C5: KORONA-TRZEBSKI Przemysław | D5: KS Szpada Łódź | E5: POL
A6: 73 | B6: 2 | C6: HAŚKO Sergiusz | D6: TS Górnik Radlin | E6: POL
A7: 70 | B7: 3 | C7: MANDRELA Jarosław | D7: Piast Gliwice | E7: POL
A8: 66 | B8: 4 | C8: PILUTKIEWICZ Igor | D8: KSz Warszawianka | E8: POL
A9: 64 | B9: 5 | C9: DUDEK Mariusz | D9: Fenix | E9: POL
A10: 62 | B10: 6 | C10: FORAJTER Roman | D10: Piast Gliwice | E10: POL
A11: 60 | B11: 7 | C11: KOWALSKI Tomasz | D11: Piast Gliwice | E11: POL
A12: 58
A13: 56
A14: 55
A15: 54
A16: 53
A17: 52
A18: 51

Sheet GP5
A2: miejsce i data: | C2: TORUŃ 27-28.12.2021 | E2: http://79.163.66.117/spws/etapy.php?_etaid=900
A4: POINTS | B4: Place | C4: Name | D4: Club(s) | E4: Division | F4: Country
A5: 79 | B5: 1 | C5: Korona-Trzebski Przemysław
A6: 73 | B6: 2 | C6: Haśko Sergiusz
A7: 70 | B7: 3 | C7: Szczerbowski Lech
A8: 66 | B8: 4 | C8: Dudek Mariusz
A9: 64
A10: 62
A11: 60
A12: 58
A13: 56
A14: 55
A15: 54
A16: 53
A17: 52
A18: 51

Sheet EU
A2: miejsce i data: | B2: 44551 | C2: https://www.veteransfencing.eu/fencing/rankings/
A4: POINTS | B4: Name | C4: POINTS
A5: =C5*2 -> 49.12 | B5: TK | C5: 24.56
A6: =C6*2 -> 43.38 | B6: KORONA-TRZEBSKI Przemysław | C6: 21.69
A7: =C7*2 -> 11.9 | B7: SAMSONOWICZ Maciej | C7: 5.95
A8: =C8*2 -> 10.88 | B8: JASZCZAK Piotr | C8: 5.44
A9: =C9*2 -> 0
A10: =C10*2 -> 0
A11: =C11*2 -> 0
A12: =C12*2 -> 0
A13: =C13*2 -> 0
A14: =C14*2 -> 0
