Workbook

Sheet Ranking
B2: Dołączył/a do kategorii w tym roku | D2: Ranking Pucharu Polski Weteranów (PP) sezon 2024-2025 | R2: Na sumę punktów w rankingu skłąda się 4 najlepszych wyników (z 5 możliwych) w turniejach PP Weteranów oraz wynik z Mistrzostw Polski Weteranów.
D3: KOBIETY Kat.2
A4: L.P. | B4: NAZWISKO Imię | C4: KLUB | D4: PUNKTY | E4: I PP | G4: II PP | I4: III PP | K4: IV PP | M4: V PP | O4: MPW
E5: M | F5: P | G5: M | H5: P | I5: M | J5: P | K5: M | L5: P | M5: M | N5: P | O5: M | P5: P
A6: =ROW()-5 -> 1 | B6: WASILCZUK Beata | D6: =SUM(F6,H6,J6,L6,N6,P6)-MIN(F6,H6,J6,L6,N6) -> 494.56419 | E6: =_xlfn.XLOOKUP($B6,'PP1'!$C$6:$C$101,'PP1'!$B$6:$B$101,"") -> 1 | F6: =_xlfn.XLOOKUP(E6,'PP1'!$B$6:$B$55,'PP1'!$A$6:$A$55,0) -> 95.389784 | G6: =_xlfn.XLOOKUP($B6,'PP2'!$C$6:$C$101,'PP2'!$B$6:$B$101,"") -> 1 | H6: =_xlfn.XLOOKUP(G6,'PP2'!$B$6:$B$55,'PP2'!$A$6:$A$55,0) -> 95.389784 | I6: =_xlfn.XLOOKUP($B6,'PP3'!$C$6:$C$101,'PP3'!$B$6:$B$101,"") -> 1 | J6: =_xlfn.XLOOKUP(I6,'PP3'!$B$6:$B$55,'PP3'!$A$6:$A$55,0) -> 96.354085 | K6: =_xlfn.XLOOKUP($B6,'PP4'!$C$6:$C$101,'PP4'!$B$6:$B$101,"") -> 1 | L6: =_xlfn.XLOOKUP(K6,'PP4'!$B$6:$B$55,'PP4'!$A$6:$A$55,0) -> 94.286609 | M6: =_xlfn.XLOOKUP($B6,'PP5'!$C$6:$C$101,'PP5'!$B$6:$B$101,"") | N6: =_xlfn.XLOOKUP(M6,'PP5'!$B$6:$B$55,'PP5'!$A$6:$A$55,0) -> 0 | O6: =_xlfn.XLOOKUP(B6,MPW!C$6:C$101,MPW!B$6:B$101,"") -> 1 | P6: =_xlfn.XLOOKUP(O6,MPW!$B$6:$B$55,MPW!$A$6:$A$55,0) -> 113.14393
A7: =ROW()-5 -> 2 | B7: GANSZCZYK Anna | D7: =SUM(F7,H7,J7,L7,N7,P7)-MIN(F7,H7,J7,L7,N7) -> 274.61755 | E7: =_xlfn.XLOOKUP($B7,'PP1'!$C$6:$C$101,'PP1'!$B$6:$B$101,"") -> 2 | F7: =_xlfn.XLOOKUP(E7,'PP1'!$B$6:$B$55,'PP1'!$A$6:$A$55,0) -> 59.156704 | G7: =_xlfn.XLOOKUP($B7,'PP2'!$C$6:$C$101,'PP2'!$B$6:$B$101,"") -> 4 | H7: =_xlfn.XLOOKUP(G7,'PP2'!$B$6:$B$55,'PP2'!$A$6:$A$55,0) -> 17.793697 | I7: =_xlfn.XLOOKUP($B7,'PP3'!$C$6:$C$101,'PP3'!$B$6:$B$101,"") -> 3 | J7: =_xlfn.XLOOKUP(I7,'PP3'!$B$6:$B$55,'PP3'!$A$6:$A$55,0) -> 35.407149 | K7: =_xlfn.XLOOKUP($B7,'PP4'!$C$6:$C$101,'PP4'!$B$6:$B$101,"") -> 2 | L7: =_xlfn.XLOOKUP(K7,'PP4'!$B$6:$B$55,'PP4'!$A$6:$A$55,0) -> 55.024406 | M7: =_xlfn.XLOOKUP($B7,'PP5'!$C$6:$C$101,'PP5'!$B$6:$B$101,"") -> 1 | N7: =_xlfn.XLOOKUP(M7,'PP5'!$B$6:$B$55,'PP5'!$A$6:$A$55,0) -> 59 | O7: =_xlfn.XLOOKUP(B7,MPW!C$6:C$101,MPW!B$6:B$101,"") -> 2 | P7: =_xlfn.XLOOKUP(O7,MPW!$B$6:$B$55,MPW!$A$6:$A$55,0) -> 66.029288
A8: =ROW()-5 -> 3 | B8: STAŃCZYK Agnieszka | D8: =SUM(F8,H8,J8,L8,N8,P8)-MIN(F8,H8,J8,L8,N8) -> 121.10364 | E8: =_xlfn.XLOOKUP($B8,'PP1'!$C$6:$C$101,'PP1'!$B$6:$B$101,"") | F8: =_xlfn.XLOOKUP(E8,'PP1'!$B$6:$B$55,'PP1'!$A$6:$A$55,0) -> 0 | G8: =_xlfn.XLOOKUP($B8,'PP2'!$C$6:$C$101,'PP2'!$B$6:$B$101,"") -> 2 | H8: =_xlfn.XLOOKUP(G8,'PP2'!$B$6:$B$55,'PP2'!$A$6:$A$55,0) -> 59.156704 | I8: =_xlfn.XLOOKUP($B8,'PP3'!$C$6:$C$101,'PP3'!$B$6:$B$101,"") -> 2 | J8: =_xlfn.XLOOKUP(I8,'PP3'!$B$6:$B$55,'PP3'!$A$6:$A$55,0) -> 61.946936 | K8: =_xlfn.XLOOKUP($B8,'PP4'!$C$6:$C$101,'PP4'!$B$6:$B$101,"") | L8: =_xlfn.XLOOKUP(K8,'PP4'!$B$6:$B$55,'PP4'!$A$6:$A$55,0) -> 0 | M8: =_xlfn.XLOOKUP($B8,'PP5'!$C$6:$C$101,'PP5'!$B$6:$B$101,"") | N8: =_xlfn.XLOOKUP(M8,'PP5'!$B$6:$B$55,'PP5'!$A$6:$A$55,0) -> 0 | O8: =_xlfn.XLOOKUP(B8,MPW!C$6:C$101,MPW!B$6:B$101,"") | P8: =_xlfn.XLOOKUP(O8,MPW!$B$6:$B$55,MPW!$A$6:$A$55,0) -> 0
A9: =ROW()-5 -> 4 | B9: SZURLEJ Agata | D9: =SUM(F9,H9,J9,L9,N9,P9)-MIN(F9,H9,J9,L9,N9) -> 71.564347 | E9: =_xlfn.XLOOKUP($B9,'PP1'!$C$6:$C$101,'PP1'!$B$6:$B$101,"") -> 4 | F9: =_xlfn.XLOOKUP(E9,'PP1'!$B$6:$B$55,'PP1'!$A$6:$A$55,0) -> 17.793697 | G9: =_xlfn.XLOOKUP($B9,'PP2'!$C$6:$C$101,'PP2'!$B$6:$B$101,"") -> 3 | H9: =_xlfn.XLOOKUP(G9,'PP2'!$B$6:$B$55,'PP2'!$A$6:$A$55,0) -> 31.682224 | I9: =_xlfn.XLOOKUP($B9,'PP3'!$C$6:$C$101,'PP3'!$B$6:$B$101,"") -> 4 | J9: =_xlfn.XLOOKUP(I9,'PP3'!$B$6:$B$55,'PP3'!$A$6:$A$55,0) -> 22.088425 | K9: =_xlfn.XLOOKUP($B9,'PP4'!$C$6:$C$101,'PP4'!$B$6:$B$101,"") | L9: =_xlfn.XLOOKUP(K9,'PP4'!$B$6:$B$55,'PP4'!$A$6:$A$55,0) -> 0 | M9: =_xlfn.XLOOKUP($B9,'PP5'!$C$6:$C$101,'PP5'!$B$6:$B$101,"") | N9: =_xlfn.XLOOKUP(M9,'PP5'!$B$6:$B$55,'PP5'!$A$6:$A$55,0) -> 0 | O9: =_xlfn.XLOOKUP(B9,MPW!C$6:C$101,MPW!B$6:B$101,"") | P9: =_xlfn.XLOOKUP(O9,MPW!$B$6:$B$55,MPW!$A$6:$A$55,0) -> 0
A10: =ROW()-5 -> 5 | B10: SADOWIŃSKA Adriana | D10: =SUM(F10,H10,J10,L10,N10,P10)-MIN(F10,H10,J10,L10,N10) -> 63.033392 | E10: =_xlfn.XLOOKUP($B10,'PP1'!$C$6:$C$101,'PP1'!$B$6:$B$101,"") | F10: =_xlfn.XLOOKUP(E10,'PP1'!$B$6:$B$55,'PP1'!$A$6:$A$55,0) -> 0 | G10: =_xlfn.XLOOKUP($B10,'PP2'!$C$6:$C$101,'PP2'!$B$6:$B$101,"") | H10: =_xlfn.XLOOKUP(G10,'PP2'!$B$6:$B$55,'PP2'!$A$6:$A$55,0) -> 0 | I10: =_xlfn.XLOOKUP($B10,'PP3'!$C$6:$C$101,'PP3'!$B$6:$B$101,"") -> 5 | J10: =_xlfn.XLOOKUP(I10,'PP3'!$B$6:$B$55,'PP3'!$A$6:$A$55,0) -> 5.9860243 | K10: =_xlfn.XLOOKUP($B10,'PP4'!$C$6:$C$101,'PP4'!$B$6:$B$101,"") -> 3 | L10: =_xlfn.XLOOKUP(K10,'PP4'!$B$6:$B$55,'PP4'!$A$6:$A$55,0) -> 25.930622 | M10: =_xlfn.XLOOKUP($B10,'PP5'!$C$6:$C$101,'PP5'!$B$6:$B$101,"") | N10: =_xlfn.XLOOKUP(M10,'PP5'!$B$6:$B$55,'PP5'!$A$6:$A$55,0) -> 0 | O10: =_xlfn.XLOOKUP(B10,MPW!C$6:C$101,MPW!B$6:B$101,"") -> 3 | P10: =_xlfn.XLOOKUP(O10,MPW!$B$6:$B$55,MPW!$A$6:$A$55,0) -> 31.116746
A11: =ROW()-5 -> 6 | B11: ANNA-LISE Mion | D11: =SUM(F11,H11,J11,L11,N11,P11)-MIN(F11,H11,J11,L11,N11) -> 31.682224 | E11: =_xlfn.XLOOKUP($B11,'PP1'!$C$6:$C$101,'PP1'!$B$6:$B$101,"") -> 3 | F11: =_xlfn.XLOOKUP(E11,'PP1'!$B$6:$B$55,'PP1'!$A$6:$A$55,0) -> 31.682224 | G11: =_xlfn.XLOOKUP($B11,'PP2'!$C$6:$C$101,'PP2'!$B$6:$B$101,"") | H11: =_xlfn.XLOOKUP(G11,'PP2'!$B$6:$B$55,'PP2'!$A$6:$A$55,0) -> 0 | I11: =_xlfn.XLOOKUP($B11,'PP3'!$C$6:$C$101,'PP3'!$B$6:$B$101,"") | J11: =_xlfn.XLOOKUP(I11,'PP3'!$B$6:$B$55,'PP3'!$A$6:$A$55,0) -> 0 | K11: =_xlfn.XLOOKUP($B11,'PP4'!$C$6:$C$101,'PP4'!$B$6:$B$101,"") | L11: =_xlfn.XLOOKUP(K11,'PP4'!$B$6:$B$55,'PP4'!$A$6:$A$55,0) -> 0 | M11: =_xlfn.XLOOKUP($B11,'PP5'!$C$6:$C$101,'PP5'!$B$6:$B$101,"") | N11: =_xlfn.XLOOKUP(M11,'PP5'!$B$6:$B$55,'PP5'!$A$6:$A$55,0) -> 0 | O11: =_xlfn.XLOOKUP(B11,MPW!C$6:C$101,MPW!B$6:B$101,"") | P11: =_xlfn.XLOOKUP(O11,MPW!$B$6:$B$55,MPW!$A$6:$A$55,0) -> 0
A12: =ROW()-5 -> 7 | B12: WALECKA Wanda | D12: =SUM(F12,H12,J12,L12,N12,P12)-MIN(F12,H12,J12,L12,N12) -> 4.2 | E12: =_xlfn.XLOOKUP($B12,'PP1'!$C$6:$C$101,'PP1'!$B$6:$B$101,"") -> 5 | F12: =_xlfn.XLOOKUP(E12,'PP1'!$B$6:$B$55,'PP1'!$A$6:$A$55,0) -> 1 | G12: =_xlfn.XLOOKUP($B12,'PP2'!$C$6:$C$101,'PP2'!$B$6:$B$101,"") -> 5 | H12: =_xlfn.XLOOKUP(G12,'PP2'!$B$6:$B$55,'PP2'!$A$6:$A$55,0) -> 1 | I12: =_xlfn.XLOOKUP($B12,'PP3'!$C$6:$C$101,'PP3'!$B$6:$B$101,"") | J12: =_xlfn.XLOOKUP(I12,'PP3'!$B$6:$B$55,'PP3'!$A$6:$A$55,0) -> 0 | K12: =_xlfn.XLOOKUP($B12,'PP4'!$C$6:$C$101,'PP4'!$B$6:$B$101,"") -> 4 | L12: =_xlfn.XLOOKUP(K12,'PP4'!$B$6:$B$55,'PP4'!$A$6:$A$55,0) -> 1 | M12: =_xlfn.XLOOKUP($B12,'PP5'!$C$6:$C$101,'PP5'!$B$6:$B$101,"") | N12: =_xlfn.XLOOKUP(M12,'PP5'!$B$6:$B$55,'PP5'!$A$6:$A$55,0) -> 0 | O12: =_xlfn.XLOOKUP(B12,MPW!C$6:C$101,MPW!B$6:B$101,"") -> 4 | P12: =_xlfn.XLOOKUP(O12,MPW!$B$6:$B$55,MPW!$A$6:$A$55,0) -> 1.2
A13: =ROW()-5 -> 8 | B13: LASKUS KRYSTYNA | D13: =SUM(F13,H13,J13,L13,N13,P13)-MIN(F13,H13,J13,L13,N13) -> 1 | E13: =_xlfn.XLOOKUP($B13,'PP1'!$C$6:$C$101,'PP1'!$B$6:$B$101,"") | F13: =_xlfn.XLOOKUP(E13,'PP1'!$B$6:$B$55,'PP1'!$A$6:$A$55,0) -> 0 | G13: =_xlfn.XLOOKUP($B13,'PP2'!$C$6:$C$101,'PP2'!$B$6:$B$101,"") | H13: =_xlfn.XLOOKUP(G13,'PP2'!$B$6:$B$55,'PP2'!$A$6:$A$55,0) -> 0 | I13: =_xlfn.XLOOKUP($B13,'PP3'!$C$6:$C$101,'PP3'!$B$6:$B$101,"") -> 6 | J13: =_xlfn.XLOOKUP(I13,'PP3'!$B$6:$B$55,'PP3'!$A$6:$A$55,0) -> 1 | K13: =_xlfn.XLOOKUP($B13,'PP4'!$C$6:$C$101,'PP4'!$B$6:$B$101,"") | L13: =_xlfn.XLOOKUP(K13,'PP4'!$B$6:$B$55,'PP4'!$A$6:$A$55,0) -> 0 | M13: =_xlfn.XLOOKUP($B13,'PP5'!$C$6:$C$101,'PP5'!$B$6:$B$101,"") | N13: =_xlfn.XLOOKUP(M13,'PP5'!$B$6:$B$55,'PP5'!$A$6:$A$55,0) -> 0 | O13: =_xlfn.XLOOKUP(B13,MPW!C$6:C$101,MPW!B$6:B$101,"") | P13: =_xlfn.XLOOKUP(O13,MPW!$B$6:$B$55,MPW!$A$6:$A$55,0) -> 0
A14: =ROW()-5 -> 9 | D14: =SUM(F14,H14,J14,L14,N14,P14)-MIN(F14,H14,J14,L14,N14) -> 0 | E14: =_xlfn.XLOOKUP($B14,'PP1'!$C$6:$C$101,'PP1'!$B$6:$B$101,"") | F14: =_xlfn.XLOOKUP(E14,'PP1'!$B$6:$B$55,'PP1'!$A$6:$A$55,0) -> 0 | G14: =_xlfn.XLOOKUP($B14,'PP2'!$C$6:$C$101,'PP2'!$B$6:$B$101,"") | H14: =_xlfn.XLOOKUP(G14,'PP2'!$B$6:$B$55,'PP2'!$A$6:$A$55,0) -> 0 | I14: =_xlfn.XLOOKUP($B14,'PP3'!$C$6:$C$101,'PP3'!$B$6:$B$101,"") | J14: =_xlfn.XLOOKUP(I14,'PP3'!$B$6:$B$55,'PP3'!$A$6:$A$55,0) -> 0 | K14: =_xlfn.XLOOKUP($B14,'PP4'!$C$6:$C$101,'PP4'!$B$6:$B$101,"") | L14: =_xlfn.XLOOKUP(K14,'PP4'!$B$6:$B$55,'PP4'!$A$6:$A$55,0) -> 0 | M14: =_xlfn.XLOOKUP($B14,'PP5'!$C$6:$C$101,'PP5'!$B$6:$B$101,"") | N14: =_xlfn.XLOOKUP(M14,'PP5'!$B$6:$B$55,'PP5'!$A$6:$A$55,0) -> 0 | O14: =_xlfn.XLOOKUP(B14,MPW!C$6:C$101,MPW!B$6:B$101,"") | P14: =_xlfn.XLOOKUP(O14,MPW!$B$6:$B$55,MPW!$A$6:$A$55,0) -> 0
A15: =ROW()-5 -> 10 | D15: =SUM(F15,H15,J15,L15,N15,P15)-MIN(F15,H15,J15,L15,N15) -> 0 | E15: =_xlfn.XLOOKUP($B15,'PP1'!$C$6:$C$101,'PP1'!$B$6:$B$101,"") | F15: =_xlfn.XLOOKUP(E15,'PP1'!$B$6:$B$55,'PP1'!$A$6:$A$55,0) -> 0 | G15: =_xlfn.XLOOKUP($B15,'PP2'!$C$6:$C$101,'PP2'!$B$6:$B$101,"") | H15: =_xlfn.XLOOKUP(G15,'PP2'!$B$6:$B$55,'PP2'!$A$6:$A$55,0) -> 0 | I15: =_xlfn.XLOOKUP($B15,'PP3'!$C$6:$C$101,'PP3'!$B$6:$B$101,"") | J15: =_xlfn.XLOOKUP(I15,'PP3'!$B$6:$B$55,'PP3'!$A$6:$A$55,0) -> 0 | K15: =_xlfn.XLOOKUP($B15,'PP4'!$C$6:$C$101,'PP4'!$B$6:$B$101,"") | L15: =_xlfn.XLOOKUP(K15,'PP4'!$B$6:$B$55,'PP4'!$A$6:$A$55,0) -> 0 | M15: =_xlfn.XLOOKUP($B15,'PP5'!$C$6:$C$101,'PP5'!$B$6:$B$101,"") | N15: =_xlfn.XLOOKUP(M15,'PP5'!$B$6:$B$55,'PP5'!$A$6:$A$55,0) -> 0 | O15: =_xlfn.XLOOKUP(B15,MPW!C$6:C$101,MPW!B$6:B$101,"") | P15: =_xlfn.XLOOKUP(O15,MPW!$B$6:$B$55,MPW!$A$6:$A$55,0) -> 0
A16: =ROW()-5 -> 11 | D16: =SUM(F16,H16,J16,L16,N16,P16)-MIN(F16,H16,J16,L16,N16) -> 0 | E16: =_xlfn.XLOOKUP($B16,'PP1'!$C$6:$C$101,'PP1'!$B$6:$B$101,"") | F16: =_xlfn.XLOOKUP(E16,'PP1'!$B$6:$B$55,'PP1'!$A$6:$A$55,0) -> 0 | G16: =_xlfn.XLOOKUP($B16,'PP2'!$C$6:$C$101,'PP2'!$B$6:$B$101,"") | H16: =_xlfn.XLOOKUP(G16,'PP2'!$B$6:$B$55,'PP2'!$A$6:$A$55,0) -> 0 | I16: =_xlfn.XLOOKUP($B16,'PP3'!$C$6:$C$101,'PP3'!$B$6:$B$101,"") | J16: =_xlfn.XLOOKUP(I16,'PP3'!$B$6:$B$55,'PP3'!$A$6:$A$55,0) -> 0 | K16: =_xlfn.XLOOKUP($B16,'PP4'!$C$6:$C$101,'PP4'!$B$6:$B$101,"") | L16: =_xlfn.XLOOKUP(K16,'PP4'!$B$6:$B$55,'PP4'!$A$6:$A$55,0) -> 0 | M16: =_xlfn.XLOOKUP($B16,'PP5'!$C$6:$C$101,'PP5'!$B$6:$B$101,"") | N16: =_xlfn.XLOOKUP(M16,'PP5'!$B$6:$B$55,'PP5'!$A$6:$A$55,0) -> 0 | O16: =_xlfn.XLOOKUP(B16,MPW!C$6:C$101,MPW!B$6:B$101,"") | P16: =_xlfn.XLOOKUP(O16,MPW!$B$6:$B$55,MPW!$A$6:$A$55,0) -> 0
A17: =ROW()-5 -> 12 | D17: =SUM(F17,H17,J17,L17,N17,P17)-MIN(F17,H17,J17,L17,N17) -> 0 | E17: =_xlfn.XLOOKUP($B17,'PP1'!$C$6:$C$101,'PP1'!$B$6:$B$101,"") | F17: =_xlfn.XLOOKUP(E17,'PP1'!$B$6:$B$55,'PP1'!$A$6:$A$55,0) -> 0 | G17: =_xlfn.XLOOKUP($B17,'PP2'!$C$6:$C$101,'PP2'!$B$6:$B$101,"") | H17: =_xlfn.XLOOKUP(G17,'PP2'!$B$6:$B$55,'PP2'!$A$6:$A$55,0) -> 0 | I17: =_xlfn.XLOOKUP($B17,'PP3'!$C$6:$C$101,'PP3'!$B$6:$B$101,"") | J17: =_xlfn.XLOOKUP(I17,'PP3'!$B$6:$B$55,'PP3'!$A$6:$A$55,0) -> 0 | K17: =_xlfn.XLOOKUP($B17,'PP4'!$C$6:$C$101,'PP4'!$B$6:$B$101,"") | L17: =_xlfn.XLOOKUP(K17,'PP4'!$B$6:$B$55,'PP4'!$A$6:$A$55,0) -> 0 | M17: =_xlfn.XLOOKUP($B17,'PP5'!$C$6:$C$101,'PP5'!$B$6:$B$101,"") | N17: =_xlfn.XLOOKUP(M17,'PP5'!$B$6:$B$55,'PP5'!$A$6:$A$55,0) -> 0 | O17: =_xlfn.XLOOKUP(B17,MPW!C$6:C$101,MPW!B$6:B$101,"") | P17: =_xlfn.XLOOKUP(O17,MPW!$B$6:$B$55,MPW!$A$6:$A$55,0) -> 0
A18: =ROW()-5 -> 13 | D18: =SUM(F18,H18,J18,L18,N18,P18)-MIN(F18,H18,J18,L18,N18) -> 0 | E18: =_xlfn.XLOOKUP($B18,'PP1'!$C$6:$C$101,'PP1'!$B$6:$B$101,"") | F18: =_xlfn.XLOOKUP(E18,'PP1'!$B$6:$B$55,'PP1'!$A$6:$A$55,0) -> 0 | G18: =_xlfn.XLOOKUP($B18,'PP2'!$C$6:$C$101,'PP2'!$B$6:$B$101,"") | H18: =_xlfn.XLOOKUP(G18,'PP2'!$B$6:$B$55,'PP2'!$A$6:$A$55,0) -> 0 | I18: =_xlfn.XLOOKUP($B18,'PP3'!$C$6:$C$101,'PP3'!$B$6:$B$101,"") | J18: =_xlfn.XLOOKUP(I18,'PP3'!$B$6:$B$55,'PP3'!$A$6:$A$55,0) -> 0 | K18: =_xlfn.XLOOKUP($B18,'PP4'!$C$6:$C$101,'PP4'!$B$6:$B$101,"") | L18: =_xlfn.XLOOKUP(K18,'PP4'!$B$6:$B$55,'PP4'!$A$6:$A$55,0) -> 0 | M18: =_xlfn.XLOOKUP($B18,'PP5'!$C$6:$C$101,'PP5'!$B$6:$B$101,"") | N18: =_xlfn.XLOOKUP(M18,'PP5'!$B$6:$B$55,'PP5'!$A$6:$A$55,0) -> 0 | O18: =_xlfn.XLOOKUP(B18,MPW!C$6:C$101,MPW!B$6:B$101,"") | P18: =_xlfn.XLOOKUP(O18,MPW!$B$6:$B$55,MPW!$A$6:$A$55,0) -> 0
A19: =ROW()-5 -> 14 | D19: =SUM(F19,H19,J19,L19,N19,P19)-MIN(F19,H19,J19,L19,N19) -> 0 | E19: =_xlfn.XLOOKUP($B19,'PP1'!$C$6:$C$101,'PP1'!$B$6:$B$101,"") | F19: =_xlfn.XLOOKUP(E19,'PP1'!$B$6:$B$55,'PP1'!$A$6:$A$55,0) -> 0 | G19: =_xlfn.XLOOKUP($B19,'PP2'!$C$6:$C$101,'PP2'!$B$6:$B$101,"") | H19: =_xlfn.XLOOKUP(G19,'PP2'!$B$6:$B$55,'PP2'!$A$6:$A$55,0) -> 0 | I19: =_xlfn.XLOOKUP($B19,'PP3'!$C$6:$C$101,'PP3'!$B$6:$B$101,"") | J19: =_xlfn.XLOOKUP(I19,'PP3'!$B$6:$B$55,'PP3'!$A$6:$A$55,0) -> 0 | K19: =_xlfn.XLOOKUP($B19,'PP4'!$C$6:$C$101,'PP4'!$B$6:$B$101,"") | L19: =_xlfn.XLOOKUP(K19,'PP4'!$B$6:$B$55,'PP4'!$A$6:$A$55,0) -> 0 | M19: =_xlfn.XLOOKUP($B19,'PP5'!$C$6:$C$101,'PP5'!$B$6:$B$101,"") | N19: =_xlfn.XLOOKUP(M19,'PP5'!$B$6:$B$55,'PP5'!$A$6:$A$55,0) -> 0 | O19: =_xlfn.XLOOKUP(B19,MPW!C$6:C$101,MPW!B$6:B$101,"") | P19: =_xlfn.XLOOKUP(O19,MPW!$B$6:$B$55,MPW!$A$6:$A$55,0) -> 0
A20: =ROW()-5 -> 15 | D20: =SUM(F20,H20,J20,L20,N20,P20)-MIN(F20,H20,J20,L20,N20) -> 0 | E20: =_xlfn.XLOOKUP($B20,'PP1'!$C$6:$C$101,'PP1'!$B$6:$B$101,"") | F20: =_xlfn.XLOOKUP(E20,'PP1'!$B$6:$B$55,'PP1'!$A$6:$A$55,0) -> 0 | G20: =_xlfn.XLOOKUP($B20,'PP2'!$C$6:$C$101,'PP2'!$B$6:$B$101,"") | H20: =_xlfn.XLOOKUP(G20,'PP2'!$B$6:$B$55,'PP2'!$A$6:$A$55,0) -> 0 | I20: =_xlfn.XLOOKUP($B20,'PP3'!$C$6:$C$101,'PP3'!$B$6:$B$101,"") | J20: =_xlfn.XLOOKUP(I20,'PP3'!$B$6:$B$55,'PP3'!$A$6:$A$55,0) -> 0 | K20: =_xlfn.XLOOKUP($B20,'PP4'!$C$6:$C$101,'PP4'!$B$6:$B$101,"") | L20: =_xlfn.XLOOKUP(K20,'PP4'!$B$6:$B$55,'PP4'!$A$6:$A$55,0) -> 0 | M20: =_xlfn.XLOOKUP($B20,'PP5'!$C$6:$C$101,'PP5'!$B$6:$B$101,"") | N20: =_xlfn.XLOOKUP(M20,'PP5'!$B$6:$B$55,'PP5'!$A$6:$A$55,0) -> 0 | O20: =_xlfn.XLOOKUP(B20,MPW!C$6:C$101,MPW!B$6:B$101,"") | P20: =_xlfn.XLOOKUP(O20,MPW!$B$6:$B$55,MPW!$A$6:$A$55,0) -> 0
A21: =ROW()-5 -> 16 | D21: =SUM(F21,H21,J21,L21,N21,P21)-MIN(F21,H21,J21,L21,N21) -> 0 | E21: =_xlfn.XLOOKUP($B21,'PP1'!$C$6:$C$101,'PP1'!$B$6:$B$101,"") | F21: =_xlfn.XLOOKUP(E21,'PP1'!$B$6:$B$55,'PP1'!$A$6:$A$55,0) -> 0 | G21: =_xlfn.XLOOKUP($B21,'PP2'!$C$6:$C$101,'PP2'!$B$6:$B$101,"") | H21: =_xlfn.XLOOKUP(G21,'PP2'!$B$6:$B$55,'PP2'!$A$6:$A$55,0) -> 0 | I21: =_xlfn.XLOOKUP($B21,'PP3'!$C$6:$C$101,'PP3'!$B$6:$B$101,"") | J21: =_xlfn.XLOOKUP(I21,'PP3'!$B$6:$B$55,'PP3'!$A$6:$A$55,0) -> 0 | K21: =_xlfn.XLOOKUP($B21,'PP4'!$C$6:$C$101,'PP4'!$B$6:$B$101,"") | L21: =_xlfn.XLOOKUP(K21,'PP4'!$B$6:$B$55,'PP4'!$A$6:$A$55,0) -> 0 | M21: =_xlfn.XLOOKUP($B21,'PP5'!$C$6:$C$101,'PP5'!$B$6:$B$101,"") | N21: =_xlfn.XLOOKUP(M21,'PP5'!$B$6:$B$55,'PP5'!$A$6:$A$55,0) -> 0 | O21: =_xlfn.XLOOKUP(B21,MPW!C$6:C$101,MPW!B$6:B$101,"") | P21: =_xlfn.XLOOKUP(O21,MPW!$B$6:$B$55,MPW!$A$6:$A$55,0) -> 0

Sheet PP1
H1: Liczba uczestników: | I1: GP Punkty | J1: Bonus za rundę | K1: Bonus za podium
B2: miejsce: | C2: KONIN | H2: 5 | I2: 50 | J2: 10 | K2: =3*H2^(1/3) -> 5.1299278
B3: data: | C3: 28.09.2024
A5: Punkty | B5: Miejsce Place | C5: Nazwisko Imię Name | D5: Klub Club(s) | E5: Okręg Division | F5: Państwo Country | H5: Miejsce | I5: Punkty za miejsce | J5: awans do kolejnej rundy pucharowej | K5: bonus za rundy pucharowe | L5: punkty za podium | M5: Suma
A6: =M6 -> 95.389784 | B6: =IF(H6>$H$2,"",(ROW()-5)) -> 1 | C6: WASILCZUK Beata | D6: IKS AWF Warszawa | F6: POL | H6: 1 | I6: =IF(H2=1,50,IF(H6<$H$2+1,($I$2-($I$2-1)*(LOG(H6)/LOG($H$2))),"")) -> 50 | J6: =INT(LOG($H$2,2))-ROUNDUP(LOG(H6,2),0)+IF(OR($H$2=1,$H$2=2,$H$2=4,$H$2=8,$H$2=16,$H$2=32,$H$2=64,$H$2=128,$H$2=256),0,1) -> 3 | K6: =J6*$J$2 -> 30 | L6: =3*K2 -> 15.389784 | M6: =IF(I6<>"",K6+I6+L6,0) -> 95.389784
A7: =M7 -> 59.156704 | B7: =IF(H7>$H$2,"",(ROW()-5)) -> 2 | C7: GANSZCZYK Anna | D7: AZS AWF Katowice | F7: POL | H7: 2 | I7: =IF(H7<$H$2+1,($I$2-($I$2-1)*(LOG(H7)/LOG($H$2))),"") -> 28.896849 | J7: =INT(LOG($H$2,2))-ROUNDUP(LOG(H7,2),0)+IF(OR($H$2=1,$H$2=2,$H$2=4,$H$2=8,$H$2=16,$H$2=32,$H$2=64,$H$2=128,$H$2=256),0,1) -> 2 | K7: =J7*$J$2 -> 20 | L7: =2*K2 -> 10.259856 | M7: =IF(I7<>"",K7+I7+L7,0) -> 59.156704
A8: =M8 -> 31.682224 | B8: =IF(H8>$H$2,"",(ROW()-5)) -> 3 | C8: ANNA-LISE Mion | D8: Brian Boru | F8: POL | H8: 3 | I8: =IF(H8<$H$2+1,($I$2-($I$2-1)*(LOG(H8)/LOG($H$2))),"") -> 16.552296 | J8: =INT(LOG($H$2,2))-ROUNDUP(LOG(H8,2),0)+IF(OR($H$2=1,$H$2=2,$H$2=4,$H$2=8,$H$2=16,$H$2=32,$H$2=64,$H$2=128,$H$2=256),0,1) -> 1 | K8: =J8*$J$2 -> 10 | L8: =K2 -> 5.1299278 | M8: =IF(I8<>"",K8+I8+L8,0) -> 31.682224
A9: =M9 -> 17.793697 | B9: =IF(H9>$H$2,"",(ROW()-5)) -> 4 | C9: SZURLEJ Agata | D9: KS Szpada Wrocław | F9: POL | H9: 4 | I9: =IF(H9<$H$2+1,($I$2-($I$2-1)*(LOG(H9)/LOG($H$2))),"") -> 7.7936973 | J9: =INT(LOG($H$2,2))-ROUNDUP(LOG(H9,2),0)+IF(OR($H$2=1,$H$2=2,$H$2=4,$H$2=8,$H$2=16,$H$2=32,$H$2=64,$H$2=128,$H$2=256),0,1) -> 1 | K9: =J9*$J$2 -> 10 | M9: =IF(I9<>"",K9+I9+L9,0) -> 17.793697 | AH9: x | AI9: 23
A10: =M10 -> 1 | B10: =IF(H10>$H$2,"",(ROW()-5)) -> 5 | C10: WALECKA Wanda | D10: SPWS | F10: POL | H10: 5 | I10: =IF(H10<$H$2+1,($I$2-($I$2-1)*(LOG(H10)/LOG($H$2))),"") -> 1 | J10: =INT(LOG($H$2,2))-ROUNDUP(LOG(H10,2),0)+IF(OR($H$2=1,$H$2=2,$H$2=4,$H$2=8,$H$2=16,$H$2=32,$H$2=64,$H$2=128,$H$2=256),0,1) -> 0 | K10: =J10*$J$2 -> 0 | M10: =IF(I10<>"",K10+I10+L10,0) -> 1 | AH10: N | AI10: 45
A11: =M11 -> 0 | B11: =IF(H11>$H$2,"",(ROW()-5)) | H11: 6 | I11: =IF(H11<$H$2+1,($I$2-($I$2-1)*(LOG(H11)/LOG($H$2))),"") | J11: =INT(LOG($H$2,2))-ROUNDUP(LOG(H11,2),0)+IF(OR($H$2=1,$H$2=2,$H$2=4,$H$2=8,$H$2=16,$H$2=32,$H$2=64,$H$2=128,$H$2=256),0,1) -> 0 | K11: =J11*$J$2 -> 0 | M11: =IF(I11<>"",K11+I11+L11,0) -> 0 | AH11: MP | AI11: 50
A12: =M12 -> 0 | B12: =IF(H12>$H$2,"",(ROW()-5)) | H12: 7 | I12: =IF(H12<$H$2+1,($I$2-($I$2-1)*(LOG(H12)/LOG($H$2))),"") | J12: =INT(LOG($H$2,2))-ROUNDUP(LOG(H12,2),0)+IF(OR($H$2=1,$H$2=2,$H$2=4,$H$2=8,$H$2=16,$H$2=32,$H$2=64,$H$2=128,$H$2=256),0,1) -> 0 | K12: =J12*$J$2 -> 0 | M12: =IF(I12<>"",K12+I12+L12,0) -> 0 | AH12: MP-1 | AI12: =AI11-1 -> 49
A13: =M13 -> 0 | B13: =IF(H13>$H$2,"",(ROW()-5)) | H13: 8 | I13: =IF(H13<$H$2+1,($I$2-($I$2-1)*(LOG(H13)/LOG($H$2))),"") | J13: =INT(LOG($H$2,2))-ROUNDUP(LOG(H13,2),0)+IF(OR($H$2=1,$H$2=2,$H$2=4,$H$2=8,$H$2=16,$H$2=32,$H$2=64,$H$2=128,$H$2=256),0,1) -> 0 | K13: =J13*$J$2 -> 0 | M13: =IF(I13<>"",K13+I13+L13,0) -> 0 | AH13: log(x) | AI13: =LOG(AI9) -> 1.3617278
A14: =M14 -> 0 | B14: =IF(H14>$H$2,"",(ROW()-5)) | H14: 9 | I14: =IF(H14<$H$2+1,($I$2-($I$2-1)*(LOG(H14)/LOG($H$2))),"") | J14: =INT(LOG($H$2,2))-ROUNDUP(LOG(H14,2),0)+IF(OR($H$2=1,$H$2=2,$H$2=4,$H$2=8,$H$2=16,$H$2=32,$H$2=64,$H$2=128,$H$2=256),0,1) -> -1 | K14: =J14*$J$2 -> -10 | M14: =IF(I14<>"",K14+I14+L14,0) -> 0 | AH14: Log(N) | AI14: =LOG(AI10) -> 1.6532125
A15: =M15 -> 0 | B15: =IF(H15>$H$2,"",(ROW()-5)) | H15: 10 | I15: =IF(H15<$H$2+1,($I$2-($I$2-1)*(LOG(H15)/LOG($H$2))),"") | J15: =INT(LOG($H$2,2))-ROUNDUP(LOG(H15,2),0)+IF(OR($H$2=1,$H$2=2,$H$2=4,$H$2=8,$H$2=16,$H$2=32,$H$2=64,$H$2=128,$H$2=256),0,1) -> -1 | K15: =J15*$J$2 -> -10 | M15: =IF(I15<>"",K15+I15+L15,0) -> 0
A16: =M16 -> 0 | B16: =IF(H16>$H$2,"",(ROW()-5)) | H16: 11 | I16: =IF(H16<$H$2+1,($I$2-($I$2-1)*(LOG(H16)/LOG($H$2))),"") | J16: =INT(LOG($H$2,2))-ROUNDUP(LOG(H16,2),0)+IF(OR($H$2=1,$H$2=2,$H$2=4,$H$2=8,$H$2=16,$H$2=32,$H$2=64,$H$2=128,$H$2=256),0,1) -> -1 | K16: =J16*$J$2 -> -10 | M16: =IF(I16<>"",K16+I16+L16,0) -> 0 | AH16: MP - (MP-1)*LOG(x)/LOG(N) | AI16: =AI11-AI12*AI13/AI14 -> 9.6393909 | AJ16: points
A17: =M17 -> 0 | B17: =IF(H17>$H$2,"",(ROW()-5)) | H17: 12 | I17: =IF(H17<$H$2+1,($I$2-($I$2-1)*(LOG(H17)/LOG($H$2))),"") | J17: =INT(LOG($H$2,2))-ROUNDUP(LOG(H17,2),0)+IF(OR($H$2=1,$H$2=2,$H$2=4,$H$2=8,$H$2=16,$H$2=32,$H$2=64,$H$2=128,$H$2=256),0,1) -> -1 | K17: =J17*$J$2 -> -10 | M17: =IF(I17<>"",K17+I17+L17,0) -> 0
A18: =M18 -> 0 | B18: =IF(H18>$H$2,"",(ROW()-5)) | H18: 13 | I18: =IF(H18<$H$2+1,($I$2-($I$2-1)*(LOG(H18)/LOG($H$2))),"") | J18: =INT(LOG($H$2,2))-ROUNDUP(LOG(H18,2),0)+IF(OR($H$2=1,$H$2=2,$H$2=4,$H$2=8,$H$2=16,$H$2=32,$H$2=64,$H$2=128,$H$2=256),0,1) -> -1 | K18: =J18*$J$2 -> -10 | M18: =IF(I18<>"",K18+I18+L18,0) -> 0
A19: =M19 -> 0 | B19: =IF(H19>$H$2,"",(ROW()-5)) | H19: 14 | I19: =IF(H19<$H$2+1,($I$2-($I$2-1)*(LOG(H19)/LOG($H$2))),"") | J19: =INT(LOG($H$2,2))-ROUNDUP(LOG(H19,2),0)+IF(OR($H$2=1,$H$2=2,$H$2=4,$H$2=8,$H$2=16,$H$2=32,$H$2=64,$H$2=128,$H$2=256),0,1) -> -1 | K19: =J19*$J$2 -> -10 | M19: =IF(I19<>"",K19+I19+L19,0) -> 0
A20: =M20 -> 0 | B20: =IF(H20>$H$2,"",(ROW()-5)) | H20: 15 | I20: =IF(H20<$H$2+1,($I$2-($I$2-1)*(LOG(H20)/LOG($H$2))),"") | J20: =INT(LOG($H$2,2))-ROUNDUP(LOG(H20,2),0)+IF(OR($H$2=1,$H$2=2,$H$2=4,$H$2=8,$H$2=16,$H$2=32,$H$2=64,$H$2=128,$H$2=256),0,1) -> -1 | K20: =J20*$J$2 -> -10 | M20: =IF(I20<>"",K20+I20+L20,0) -> 0
A21: =M21 -> 0 | B21: =IF(H21>$H$2,"",(ROW()-5)) | H21: 16 | I21: =IF(H21<$H$2+1,($I$2-($I$2-1)*(LOG(H21)/LOG($H$2))),"") | J21: =INT(LOG($H$2,2))-ROUNDUP(LOG(H21,2),0)+IF(OR($H$2=1,$H$2=2,$H$2=4,$H$2=8,$H$2=16,$H$2=32,$H$2=64,$H$2=128,$H$2=256),0,1) -> -1 | K21: =J21*$J$2 -> -10 | M21: =IF(I21<>"",K21+I21+L21,0) -> 0
A22: =M22 -> 0 | B22: =IF(H22>$H$2,"",(ROW()-5)) | H22: 17 | I22: =IF(H22<$H$2+1,($I$2-($I$2-1)*(LOG(H22)/LOG($H$2))),"") | J22: =INT(LOG($H$2,2))-ROUNDUP(LOG(H22,2),0)+IF(OR($H$2=1,$H$2=2,$H$2=4,$H$2=8,$H$2=16,$H$2=32,$H$2=64,$H$2=128,$H$2=256),0,1) -> -2 | K22: =J22*$J$2 -> -20 | M22: =IF(I22<>"",K22+I22+L22,0) -> 0
A23: =M23 -> 0 | B23: =IF(H23>$H$2,"",(ROW()-5)) | H23: 18 | I23: =IF(H23<$H$2+1,($I$2-($I$2-1)*(LOG(H23)/LOG($H$2))),"") | J23: =INT(LOG($H$2,2))-ROUNDUP(LOG(H23,2),0)+IF(OR($H$2=1,$H$2=2,$H$2=4,$H$2=8,$H$2=16,$H$2=32,$H$2=64,$H$2=128,$H$2=256),0,1) -> -2 | K23: =J23*$J$2 -> -20 | M23: =IF(I23<>"",K23+I23+L23,0) -> 0
A24: =M24 -> 0 | B24: =IF(H24>$H$2,"",(ROW()-5)) | H24: 19 | I24: =IF(H24<$H$2+1,($I$2-($I$2-1)*(LOG(H24)/LOG($H$2))),"") | J24: =INT(LOG($H$2,2))-ROUNDUP(LOG(H24,2),0)+IF(OR($H$2=1,$H$2=2,$H$2=4,$H$2=8,$H$2=16,$H$2=32,$H$2=64,$H$2=128,$H$2=256),0,1) -> -2 | K24: =J24*$J$2 -> -20 | M24: =IF(I24<>"",K24+I24+L24,0) -> 0
A25: =M25 -> 0 | B25: =IF(H25>$H$2,"",(ROW()-5)) | H25: 20 | I25: =IF(H25<$H$2+1,($I$2-($I$2-1)*(LOG(H25)/LOG($H$2))),"") | J25: =INT(LOG($H$2,2))-ROUNDUP(LOG(H25,2),0)+IF(OR($H$2=1,$H$2=2,$H$2=4,$H$2=8,$H$2=16,$H$2=32,$H$2=64,$H$2=128,$H$2=256),0,1) -> -2 | K25: =J25*$J$2 -> -20 | M25: =IF(I25<>"",K25+I25+L25,0) -> 0
A26: =M26 -> 0 | B26: =IF(H26>$H$2,"",(ROW()-5)) | H26: 21 | I26: =IF(H26<$H$2+1,($I$2-($I$2-1)*(LOG(H26)/LOG($H$2))),"") | J26: =INT(LOG($H$2,2))-ROUNDUP(LOG(H26,2),0)+IF(OR($H$2=1,$H$2=2,$H$2=4,$H$2=8,$H$2=16,$H$2=32,$H$2=64,$H$2=128,$H$2=256),0,1) -> -2 | K26: =J26*$J$2 -> -20 | M26: =IF(I26<>"",K26+I26+L26,0) -> 0
A27: =M27 -> 0 | B27: =IF(H27>$H$2,"",(ROW()-5)) | H27: 22 | I27: =IF(H27<$H$2+1,($I$2-($I$2-1)*(LOG(H27)/LOG($H$2))),"") | J27: =INT(LOG($H$2,2))-ROUNDUP(LOG(H27,2),0)+IF(OR($H$2=1,$H$2=2,$H$2=4,$H$2=8,$H$2=16,$H$2=32,$H$2=64,$H$2=128,$H$2=256),0,1) -> -2 | K27: =J27*$J$2 -> -20 | M27: =IF(I27<>"",K27+I27+L27,0) -> 0
A28: =M28 -> 0 | B28: =IF(H28>$H$2,"",(ROW()-5)) | H28: 23 | I28: =IF(H28<$H$2+1,($I$2-($I$2-1)*(LOG(H28)/LOG($H$2))),"") | J28: =INT(LOG($H$2,2))-ROUNDUP(LOG(H28,2),0)+IF(OR($H$2=1,$H$2=2,$H$2=4,$H$2=8,$H$2=16,$H$2=32,$H$2=64,$H$2=128,$H$2=256),0,1) -> -2 | K28: =J28*$J$2 -> -20 | M28: =IF(I28<>"",K28+I28+L28,0) -> 0
... A37: =M37 -> 0 | B37: =IF(H37>$H$2,"",(ROW()-5)) | H37: 32 | I37: =IF(H37<$H$2+1,($I$2-($I$2-1)*(LOG(H37)/LOG($H$2))),"") | J37: =INT(LOG($H$2,2))-ROUNDUP(LOG(H37,2),0)+IF(OR($H$2=1,$H$2=2,$H$2=4,$H$2=8,$H$2=16,$H$2=32,$H$2=64,$H$2=128,$H$2=256),0,1) -> -2 | K37: =J37*$J$2 -> -20 | M37: =IF(I37<>"",K37+I37+L37,0) -> 0
B38: =IF(H38>$H$2,"",(ROW()-5)) | H38: 33 | I38: =IF(H38<$H$2+1,($I$2-($I$2-1)*(LOG(H38)/LOG($H$2))),"") | J38: =INT(LOG($H$2,2))-ROUNDUP(LOG(H38,2),0)+IF(OR($H$2=1,$H$2=2,$H$2=4,$H$2=8,$H$2=16,$H$2=32,$H$2=64,$H$2=128,$H$2=256),0,1) -> -3 | K38: =J38*$J$2 -> -30 | M38: =IF(I38<>"",K38+I38+L38,0) -> 0
B39: =IF(H39>$H$2,"",(ROW()-5)) | H39: 34 | I39: =IF(H39<$H$2+1,($I$2-($I$2-1)*(LOG(H39)/LOG($H$2))),"") | J39: =INT(LOG($H$2,2))-ROUNDUP(LOG(H39,2),0)+IF(OR($H$2=1,$H$2=2,$H$2=4,$H$2=8,$H$2=16,$H$2=32,$H$2=64,$H$2=128,$H$2=256),0,1) -> -3 | K39: =J39*$J$2 -> -30 | M39: =IF(I39<>"",K39+I39+L39,0) -> 0
B40: =IF(H40>$H$2,"",(ROW()-5)) | H40: 35 | I40: =IF(H40<$H$2+1,($I$2-($I$2-1)*(LOG(H40)/LOG($H$2))),"") | J40: =INT(LOG($H$2,2))-ROUNDUP(LOG(H40,2),0)+IF(OR($H$2=1,$H$2=2,$H$2=4,$H$2=8,$H$2=16,$H$2=32,$H$2=64,$H$2=128,$H$2=256),0,1) -> -3 | K40: =J40*$J$2 -> -30 | M40: =IF(I40<>"",K40+I40+L40,0) -> 0
B41: =IF(H41>$H$2,"",(ROW()-5)) | H41: 36 | I41: =IF(H41<$H$2+1,($I$2-($I$2-1)*(LOG(H41)/LOG($H$2))),"") | J41: =INT(LOG($H$2,2))-ROUNDUP(LOG(H41,2),0)+IF(OR($H$2=1,$H$2=2,$H$2=4,$H$2=8,$H$2=16,$H$2=32,$H$2=64,$H$2=128,$H$2=256),0,1) -> -3 | K41: =J41*$J$2 -> -30 | M41: =IF(I41<>"",K41+I41+L41,0) -> 0
B42: =IF(H42>$H$2,"",(ROW()-5)) | H42: 37 | I42: =IF(H42<$H$2+1,($I$2-($I$2-1)*(LOG(H42)/LOG($H$2))),"") | J42: =INT(LOG($H$2,2))-ROUNDUP(LOG(H42,2),0)+IF(OR($H$2=1,$H$2=2,$H$2=4,$H$2=8,$H$2=16,$H$2=32,$H$2=64,$H$2=128,$H$2=256),0,1) -> -3 | K42: =J42*$J$2 -> -30 | M42: =IF(I42<>"",K42+I42+L42,0) -> 0
B43: =IF(H43>$H$2,"",(ROW()-5)) | H43: 38 | I43: =IF(H43<$H$2+1,($I$2-($I$2-1)*(LOG(H43)/LOG($H$2))),"") | J43: =INT(LOG($H$2,2))-ROUNDUP(LOG(H43,2),0)+IF(OR($H$2=1,$H$2=2,$H$2=4,$H$2=8,$H$2=16,$H$2=32,$H$2=64,$H$2=128,$H$2=256),0,1) -> -3 | K43: =J43*$J$2 -> -30 | M43: =IF(I43<>"",K43+I43+L43,0) -> 0
B44: =IF(H44>$H$2,"",(ROW()-5)) | H44: 39 | I44: =IF(H44<$H$2+1,($I$2-($I$2-1)*(LOG(H44)/LOG($H$2))),"") | J44: =INT(LOG($H$2,2))-ROUNDUP(LOG(H44,2),0)+IF(OR($H$2=1,$H$2=2,$H$2=4,$H$2=8,$H$2=16,$H$2=32,$H$2=64,$H$2=128,$H$2=256),0,1) -> -3 | K44: =J44*$J$2 -> -30 | M44: =IF(I44<>"",K44+I44+L44,0) -> 0
B45: =IF(H45>$H$2,"",(ROW()-5)) | H45: 40 | I45: =IF(H45<$H$2+1,($I$2-($I$2-1)*(LOG(H45)/LOG($H$2))),"") | J45: =INT(LOG($H$2,2))-ROUNDUP(LOG(H45,2),0)+IF(OR($H$2=1,$H$2=2,$H$2=4,$H$2=8,$H$2=16,$H$2=32,$H$2=64,$H$2=128,$H$2=256),0,1) -> -3 | K45: =J45*$J$2 -> -30 | M45: =IF(I45<>"",K45+I45+L45,0) -> 0
B46: =IF(H46>$H$2,"",(ROW()-5)) | H46: 41 | I46: =IF(H46<$H$2+1,($I$2-($I$2-1)*(LOG(H46)/LOG($H$2))),"") | J46: =INT(LOG($H$2,2))-ROUNDUP(LOG(H46,2),0)+IF(OR($H$2=1,$H$2=2,$H$2=4,$H$2=8,$H$2=16,$H$2=32,$H$2=64,$H$2=128,$H$2=256),0,1) -> -3 | K46: =J46*$J$2 -> -30 | M46: =IF(I46<>"",K46+I46+L46,0) -> 0 | R46: =LOG($H$2,2) -> 2.3219281 | T46: =LOG(H38,2) -> 5.0443941 | U46: =R46-T46 -> -2.722466
B47: =IF(H47>$H$2,"",(ROW()-5)) | H47: 42 | I47: =IF(H47<$H$2+1,($I$2-($I$2-1)*(LOG(H47)/LOG($H$2))),"") | J47: =INT(LOG($H$2,2))-ROUNDUP(LOG(H47,2),0)+IF(OR($H$2=1,$H$2=2,$H$2=4,$H$2=8,$H$2=16,$H$2=32,$H$2=64,$H$2=128,$H$2=256),0,1) -> -3 | K47: =J47*$J$2 -> -30 | M47: =IF(I47<>"",K47+I47+L47,0) -> 0
B48: =IF(H48>$H$2,"",(ROW()-5)) | H48: 43 | I48: =IF(H48<$H$2+1,($I$2-($I$2-1)*(LOG(H48)/LOG($H$2))),"") | J48: =INT(LOG($H$2,2))-ROUNDUP(LOG(H48,2),0)+IF(OR($H$2=1,$H$2=2,$H$2=4,$H$2=8,$H$2=16,$H$2=32,$H$2=64,$H$2=128,$H$2=256),0,1) -> -3 | K48: =J48*$J$2 -> -30 | M48: =IF(I48<>"",K48+I48+L48,0) -> 0
B49: =IF(H49>$H$2,"",(ROW()-5)) | H49: 44 | I49: =IF(H49<$H$2+1,($I$2-($I$2-1)*(LOG(H49)/LOG($H$2))),"") | J49: =INT(LOG($H$2,2))-ROUNDUP(LOG(H49,2),0)+IF(OR($H$2=1,$H$2=2,$H$2=4,$H$2=8,$H$2=16,$H$2=32,$H$2=64,$H$2=128,$H$2=256),0,1) -> -3 | K49: =J49*$J$2 -> -30 | M49: =IF(I49<>"",K49+I49+L49,0) -> 0
B50: =IF(H50>$H$2,"",(ROW()-5)) | H50: 45 | I50: =IF(H50<$H$2+1,($I$2-($I$2-1)*(LOG(H50)/LOG($H$2))),"") | J50: =INT(LOG($H$2,2))-ROUNDUP(LOG(H50,2),0)+IF(OR($H$2=1,$H$2=2,$H$2=4,$H$2=8,$H$2=16,$H$2=32,$H$2=64,$H$2=128,$H$2=256),0,1) -> -3 | K50: =J50*$J$2 -> -30 | M50: =IF(I50<>"",K50+I50+L50,0) -> 0
B51: =IF(H51>$H$2,"",(ROW()-5)) | H51: 46 | I51: =IF(H51<$H$2+1,($I$2-($I$2-1)*(LOG(H51)/LOG($H$2))),"") | J51: =INT(LOG($H$2,2))-ROUNDUP(LOG(H51,2),0)+IF(OR($H$2=1,$H$2=2,$H$2=4,$H$2=8,$H$2=16,$H$2=32,$H$2=64,$H$2=128,$H$2=256),0,1) -> -3 | K51: =J51*$J$2 -> -30 | M51: =IF(I51<>"",K51+I51+L51,0) -> 0
B52: =IF(H52>$H$2,"",(ROW()-5)) | H52: 47 | I52: =IF(H52<$H$2+1,($I$2-($I$2-1)*(LOG(H52)/LOG($H$2))),"") | J52: =INT(LOG($H$2,2))-ROUNDUP(LOG(H52,2),0)+IF(OR($H$2=1,$H$2=2,$H$2=4,$H$2=8,$H$2=16,$H$2=32,$H$2=64,$H$2=128,$H$2=256),0,1) -> -3 | K52: =J52*$J$2 -> -30 | M52: =IF(I52<>"",K52+I52+L52,0) -> 0
B53: =IF(H53>$H$2,"",(ROW()-5)) | H53: 48 | I53: =IF(H53<$H$2+1,($I$2-($I$2-1)*(LOG(H53)/LOG($H$2))),"") | J53: =INT(LOG($H$2,2))-ROUNDUP(LOG(H53,2),0)+IF(OR($H$2=1,$H$2=2,$H$2=4,$H$2=8,$H$2=16,$H$2=32,$H$2=64,$H$2=128,$H$2=256),0,1) -> -3 | K53: =J53*$J$2 -> -30 | M53: =IF(I53<>"",K53+I53+L53,0) -> 0
B54: =IF(H54>$H$2,"",(ROW()-5)) | H54: 49 | I54: =IF(H54<$H$2+1,($I$2-($I$2-1)*(LOG(H54)/LOG($H$2))),"") | J54: =INT(LOG($H$2,2))-ROUNDUP(LOG(H54,2),0)+IF(OR($H$2=1,$H$2=2,$H$2=4,$H$2=8,$H$2=16,$H$2=32,$H$2=64,$H$2=128,$H$2=256),0,1) -> -3 | K54: =J54*$J$2 -> -30 | M54: =IF(I54<>"",K54+I54+L54,0) -> 0
B55: =IF(H55>$H$2,"",(ROW()-5)) | H55: 50 | I55: =IF(H55<$H$2+1,($I$2-($I$2-1)*(LOG(H55)/LOG($H$2))),"") | J55: =INT(LOG($H$2,2))-ROUNDUP(LOG(H55,2),0)+IF(OR($H$2=1,$H$2=2,$H$2=4,$H$2=8,$H$2=16,$H$2=32,$H$2=64,$H$2=128,$H$2=256),0,1) -> -3 | K55: =J55*$J$2 -> -30 | M55: =IF(I55<>"",K55+I55+L55,0) -> 0
B56: =IF(H56>$H$2,"",(ROW()-5)) | H56: 51 | I56: =IF(H56<$H$2+1,($I$2-($I$2-1)*(LOG(H56)/LOG($H$2))),"") | J56: =INT(LOG($H$2,2))-ROUNDUP(LOG(H56,2),0)+IF(OR($H$2=1,$H$2=2,$H$2=4,$H$2=8,$H$2=16,$H$2=32,$H$2=64,$H$2=128,$H$2=256),0,1) -> -3 | K56: =J56*$J$2 -> -30 | M56: =IF(I56<>"",K56+I56+L56,0) -> 0
B57: =IF(H57>$H$2,"",(ROW()-5)) | H57: 52 | I57: =IF(H57<$H$2+1,($I$2-($I$2-1)*(LOG(H57)/LOG($H$2))),"") | J57: =INT(LOG($H$2,2))-ROUNDUP(LOG(H57,2),0)+IF(OR($H$2=1,$H$2=2,$H$2=4,$H$2=8,$H$2=16,$H$2=32,$H$2=64,$H$2=128,$H$2=256),0,1) -> -3 | K57: =J57*$J$2 -> -30 | M57: =IF(I57<>"",K57+I57+L57,0) -> 0
B58: =IF(H58>$H$2,"",(ROW()-5)) | H58: 53 | I58: =IF(H58<$H$2+1,($I$2-($I$2-1)*(LOG(H58)/LOG($H$2))),"") | J58: =INT(LOG($H$2,2))-ROUNDUP(LOG(H58,2),0)+IF(OR($H$2=1,$H$2=2,$H$2=4,$H$2=8,$H$2=16,$H$2=32,$H$2=64,$H$2=128,$H$2=256),0,1) -> -3 | K58: =J58*$J$2 -> -30 | M58: =IF(I58<>"",K58+I58+L58,0) -> 0
... B65: =IF(H65>$H$2,"",(ROW()-5)) | H65: 60 | I65: =IF(H65<$H$2+1,($I$2-($I$2-1)*(LOG(H65)/LOG($H$2))),"") | J65: =INT(LOG($H$2,2))-ROUNDUP(LOG(H65,2),0)+IF(OR($H$2=1,$H$2=2,$H$2=4,$H$2=8,$H$2=16,$H$2=32,$H$2=64,$H$2=128,$H$2=256),0,1) -> -3 | K65: =J65*$J$2 -> -30 | M65: =IF(I65<>"",K65+I65+L65,0) -> 0
H66: 61 | I66: =IF(H66<$H$2+1,($I$2-($I$2-1)*(LOG(H66)/LOG($H$2))),"") | J66: =INT(LOG($H$2,2))-ROUNDUP(LOG(H66,2),0)+IF(OR($H$2=1,$H$2=2,$H$2=4,$H$2=8,$H$2=16,$H$2=32,$H$2=64,$H$2=128,$H$2=256),0,1) -> -3 | K66: =J66*$J$2 -> -30 | M66: =IF(I66<>"",K66+I66+L66,0) -> 0
H67: 62 | I67: =IF(H67<$H$2+1,($I$2-($I$2-1)*(LOG(H67)/LOG($H$2))),"") | J67: =INT(LOG($H$2,2))-ROUNDUP(LOG(H67,2),0)+IF(OR($H$2=1,$H$2=2,$H$2=4,$H$2=8,$H$2=16,$H$2=32,$H$2=64,$H$2=128,$H$2=256),0,1) -> -3 | K67: =J67*$J$2 -> -30 | M67: =IF(I67<>"",K67+I67+L67,0) -> 0
H68: 63 | I68: =IF(H68<$H$2+1,($I$2-($I$2-1)*(LOG(H68)/LOG($H$2))),"") | J68: =INT(LOG($H$2,2))-ROUNDUP(LOG(H68,2),0)+IF(OR($H$2=1,$H$2=2,$H$2=4,$H$2=8,$H$2=16,$H$2=32,$H$2=64,$H$2=128,$H$2=256),0,1) -> -3 | K68: =J68*$J$2 -> -30 | M68: =IF(I68<>"",K68+I68+L68,0) -> 0
H69: 64 | I69: =IF(H69<$H$2+1,($I$2-($I$2-1)*(LOG(H69)/LOG($H$2))),"") | J69: =INT(LOG($H$2,2))-ROUNDUP(LOG(H69,2),0)+IF(OR($H$2=1,$H$2=2,$H$2=4,$H$2=8,$H$2=16,$H$2=32,$H$2=64,$H$2=128,$H$2=256),0,1) -> -3 | K69: =J69*$J$2 -> -30 | M69: =IF(I69<>"",K69+I69+L69,0) -> 0
H70: 65 | I70: =IF(H70<$H$2+1,($I$2-($I$2-1)*(LOG(H70)/LOG($H$2))),"") | J70: =INT(LOG($H$2,2))-ROUNDUP(LOG(H70,2),0)+IF(OR($H$2=1,$H$2=2,$H$2=4,$H$2=8,$H$2=16,$H$2=32,$H$2=64,$H$2=128,$H$2=256),0,1) -> -4 | K70: =J70*$J$2 -> -40 | M70: =IF(I70<>"",K70+I70+L70,0) -> 0
H71: 66 | I71: =IF(H71<$H$2+1,($I$2-($I$2-1)*(LOG(H71)/LOG($H$2))),"") | J71: =INT(LOG($H$2,2))-ROUNDUP(LOG(H71,2),0)+IF(OR($H$2=1,$H$2=2,$H$2=4,$H$2=8,$H$2=16,$H$2=32,$H$2=64,$H$2=128,$H$2=256),0,1) -> -4 | K71: =J71*$J$2 -> -40 | M71: =IF(I71<>"",K71+I71+L71,0) -> 0
H72: 67 | I72: =IF(H72<$H$2+1,($I$2-($I$2-1)*(LOG(H72)/LOG($H$2))),"") | J72: =INT(LOG($H$2,2))-ROUNDUP(LOG(H72,2),0)+IF(OR($H$2=1,$H$2=2,$H$2=4,$H$2=8,$H$2=16,$H$2=32,$H$2=64,$H$2=128,$H$2=256),0,1) -> -4 | K72: =J72*$J$2 -> -40 | M72: =IF(I72<>"",K72+I72+L72,0) -> 0
H73: 68 | I73: =IF(H73<$H$2+1,($I$2-($I$2-1)*(LOG(H73)/LOG($H$2))),"") | J73: =INT(LOG($H$2,2))-ROUNDUP(LOG(H73,2),0)+IF(OR($H$2=1,$H$2=2,$H$2=4,$H$2=8,$H$2=16,$H$2=32,$H$2=64,$H$2=128,$H$2=256),0,1) -> -4 | K73: =J73*$J$2 -> -40 | M73: =IF(I73<>"",K73+I73+L73,0) -> 0
H74: 69 | I74: =IF(H74<$H$2+1,($I$2-($I$2-1)*(LOG(H74)/LOG($H$2))),"") | J74: =INT(LOG($H$2,2))-ROUNDUP(LOG(H74,2),0)+IF(OR($H$2=1,$H$2=2,$H$2=4,$H$2=8,$H$2=16,$H$2=32,$H$2=64,$H$2=128,$H$2=256),0,1) -> -4 | K74: =J74*$J$2 -> -40 | M74: =IF(I74<>"",K74+I74+L74,0) -> 0
H75: 70 | I75: =IF(H75<$H$2+1,($I$2-($I$2-1)*(LOG(H75)/LOG($H$2))),"") | J75: =INT(LOG($H$2,2))-ROUNDUP(LOG(H75,2),0)+IF(OR($H$2=1,$H$2=2,$H$2=4,$H$2=8,$H$2=16,$H$2=32,$H$2=64,$H$2=128,$H$2=256),0,1) -> -4 | K75: =J75*$J$2 -> -40 | M75: =IF(I75<>"",K75+I75+L75,0) -> 0
H76: 71 | I76: =IF(H76<$H$2+1,($I$2-($I$2-1)*(LOG(H76)/LOG($H$2))),"") | J76: =INT(LOG($H$2,2))-ROUNDUP(LOG(H76,2),0)+IF(OR($H$2=1,$H$2=2,$H$2=4,$H$2=8,$H$2=16,$H$2=32,$H$2=64,$H$2=128,$H$2=256),0,1) -> -4 | K76: =J76*$J$2 -> -40 | M76: =IF(I76<>"",K76+I76+L76,0) -> 0
H77: 72 | I77: =IF(H77<$H$2+1,($I$2-($I$2-1)*(LOG(H77)/LOG($H$2))),"") | J77: =INT(LOG($H$2,2))-ROUNDUP(LOG(H77,2),0)+IF(OR($H$2=1,$H$2=2,$H$2=4,$H$2=8,$H$2=16,$H$2=32,$H$2=64,$H$2=128,$H$2=256),0,1) -> -4 | K77: =J77*$J$2 -> -40 | M77: =IF(I77<>"",K77+I77+L77,0) -> 0
... H305: 300 | I305: =IF(H305<$H$2+1,($I$2-($I$2-1)*(LOG(H305)/LOG($H$2))),"") | J305: =INT(LOG($H$2,2))-ROUNDUP(LOG(H305,2),0)+IF(OR($H$2=1,$H$2=2,$H$2=4,$H$2=8,$H$2=16,$H$2=32,$H$2=64,$H$2=128,$H$2=256),0,1) -> -6 | K305: =J305*$J$2 -> -60 | M305: =IF(I305<>"",K305+I305+L305,0) -> 0

Sheet PP2
H1: Liczba uczestników: | I1: GP Punkty | J1: Bonus za rundę | K1: Bonus za podium
B2: miejsce: | C2: BYTOM | H2: 5 | I2: 50 | J2: 10 | K2: =3*H2^(1/3) -> 5.1299278
B3: data: | C3: 26.10.2024
A5: Punkty | B5: Miejsce Place | C5: Nazwisko Imię Name | D5: Klub Club(s) | E5: Okręg Division | F5: Państwo Country | H5: Miejsce | I5: Punkty za miejsce | J5: awans do kolejnej rundy pucharowej | K5: bonus za rundy pucharowe | L5: punkty za podium | M5: Suma | O5: Miejsce Place | P5: Nazwisko Imię Name | Q5: awans do kolejnej rundy pucharowej | R5: bonus za rundy pucharowe
A6: =M6 -> 95.389784 | B6: =IF(H6>$H$2,"",(ROW()-5)) -> 1 | C6: WASILCZUK Beata | D6: IKS WARSZAWA | E6: POL | H6: 1 | I6: =IF(H2=1,50,IF(H6<$H$2+1,($I$2-($I$2-1)*(LOG(H6)/LOG($H$2))),"")) -> 50 | J6: =INT(LOG($H$2,2))-ROUNDUP(LOG(H6,2),0)+IF(OR($H$2=1,$H$2=2,$H$2=4,$H$2=8,$H$2=16,$H$2=32,$H$2=64,$H$2=128,$H$2=256),0,1) -> 3 | K6: =J6*$J$2 -> 30 | L6: =3*K2 -> 15.389784 | M6: =IF(I6<>"",K6+I6+L6,0) -> 95.389784 | O6: 1 | P6: WASILCZUK Beata (2) | Q6: 3 | R6: 30
A7: =M7 -> 59.156704 | B7: =IF(H7>$H$2,"",(ROW()-5)) -> 2 | C7: STAŃCZYK Agnieszka | D7: KKS KRAKÓW | E7: POL | H7: 2 | I7: =IF(H7<$H$2+1,($I$2-($I$2-1)*(LOG(H7)/LOG($H$2))),"") -> 28.896849 | J7: =INT(LOG($H$2,2))-ROUNDUP(LOG(H7,2),0)+IF(OR($H$2=1,$H$2=2,$H$2=4,$H$2=8,$H$2=16,$H$2=32,$H$2=64,$H$2=128,$H$2=256),0,1) -> 2 | K7: =J7*$J$2 -> 20 | L7: =2*K2 -> 10.259856 | M7: =IF(I7<>"",K7+I7+L7,0) -> 59.156704 | O7: 2 | P7: STAŃCZYK Agnieszka (2) | Q7: 2 | R7: 20
A8: =M8 -> 31.682224 | B8: =IF(H8>$H$2,"",(ROW()-5)) -> 3 | C8: SZURLEJ Agata | D8: KS SZPADA WROCŁAW | E8: POL | H8: 3 | I8: =IF(H8<$H$2+1,($I$2-($I$2-1)*(LOG(H8)/LOG($H$2))),"") -> 16.552296 | J8: =INT(LOG($H$2,2))-ROUNDUP(LOG(H8,2),0)+IF(OR($H$2=1,$H$2=2,$H$2=4,$H$2=8,$H$2=16,$H$2=32,$H$2=64,$H$2=128,$H$2=256),0,1) -> 1 | K8: =J8*$J$2 -> 10 | L8: =K2 -> 5.1299278 | M8: =IF(I8<>"",K8+I8+L8,0) -> 31.682224 | O8: 3 | P8: SZURLEJ Agata (2) | Q8: 1 | R8: 10
A9: =M9 -> 17.793697 | B9: =IF(H9>$H$2,"",(ROW()-5)) -> 4 | C9: GANSZCZYK Anna | D9: AZS AWF KATOWICE | E9: POL | H9: 4 | I9: =IF(H9<$H$2+1,($I$2-($I$2-1)*(LOG(H9)/LOG($H$2))),"") -> 7.7936973 | J9: =INT(LOG($H$2,2))-ROUNDUP(LOG(H9,2),0)+IF(OR($H$2=1,$H$2=2,$H$2=4,$H$2=8,$H$2=16,$H$2=32,$H$2=64,$H$2=128,$H$2=256),0,1) -> 1 | K9: =J9*$J$2 -> 10 | M9: =IF(I9<>"",K9+I9+L9,0) -> 17.793697 | O9: 4 | P9: GANSZCZYK Anna (2) | Q9: 1 | R9: 10 | AH9: x | AI9: 23
A10: =M10 -> 1 | B10: =IF(H10>$H$2,"",(ROW()-5)) -> 5 | C10: WALECKA Wanda | D10: SPWS | E10: POL | H10: 5 | I10: =IF(H10<$H$2+1,($I$2-($I$2-1)*(LOG(H10)/LOG($H$2))),"") -> 1 | J10: =INT(LOG($H$2,2))-ROUNDUP(LOG(H10,2),0)+IF(OR($H$2=1,$H$2=2,$H$2=4,$H$2=8,$H$2=16,$H$2=32,$H$2=64,$H$2=128,$H$2=256),0,1) -> 0 | K10: =J10*$J$2 -> 0 | M10: =IF(I10<>"",K10+I10+L10,0) -> 1 | O10: 5 | P10: MILOVA Tatiana (3) | Q10: 0 | R10: 0 | AH10: N | AI10: 45
A11: =M11 -> 0 | B11: =IF(H11>$H$2,"",(ROW()-5)) | H11: 6 | I11: =IF(H11<$H$2+1,($I$2-($I$2-1)*(LOG(H11)/LOG($H$2))),"") | J11: =INT(LOG($H$2,2))-ROUNDUP(LOG(H11,2),0)+IF(OR($H$2=1,$H$2=2,$H$2=4,$H$2=8,$H$2=16,$H$2=32,$H$2=64,$H$2=128,$H$2=256),0,1) -> 0 | K11: =J11*$J$2 -> 0 | M11: =IF(I11<>"",K11+I11+L11,0) -> 0 | O11: 6 | P11: WALECKA Wanda (2) | Q11: 0 | R11: 0 | AH11: MP | AI11: 50
A12: =M12 -> 0 | B12: =IF(H12>$H$2,"",(ROW()-5)) | H12: 7 | I12: =IF(H12<$H$2+1,($I$2-($I$2-1)*(LOG(H12)/LOG($H$2))),"") | J12: =INT(LOG($H$2,2))-ROUNDUP(LOG(H12,2),0)+IF(OR($H$2=1,$H$2=2,$H$2=4,$H$2=8,$H$2=16,$H$2=32,$H$2=64,$H$2=128,$H$2=256),0,1) -> 0 | K12: =J12*$J$2 -> 0 | M12: =IF(I12<>"",K12+I12+L12,0) -> 0 | AH12: MP-1 | AI12: =AI11-1 -> 49
A13: =M13 -> 0 | B13: =IF(H13>$H$2,"",(ROW()-5)) | H13: 8 | I13: =IF(H13<$H$2+1,($I$2-($I$2-1)*(LOG(H13)/LOG($H$2))),"") | J13: =INT(LOG($H$2,2))-ROUNDUP(LOG(H13,2),0)+IF(OR($H$2=1,$H$2=2,$H$2=4,$H$2=8,$H$2=16,$H$2=32,$H$2=64,$H$2=128,$H$2=256),0,1) -> 0 | K13: =J13*$J$2 -> 0 | M13: =IF(I13<>"",K13+I13+L13,0) -> 0 | AH13: log(x) | AI13: =LOG(AI9) -> 1.3617278
A14: =M14 -> 0 | B14: =IF(H14>$H$2,"",(ROW()-5)) | H14: 9 | I14: =IF(H14<$H$2+1,($I$2-($I$2-1)*(LOG(H14)/LOG($H$2))),"") | J14: =INT(LOG($H$2,2))-ROUNDUP(LOG(H14,2),0)+IF(OR($H$2=1,$H$2=2,$H$2=4,$H$2=8,$H$2=16,$H$2=32,$H$2=64,$H$2=128,$H$2=256),0,1) -> -1 | K14: =J14*$J$2 -> -10 | M14: =IF(I14<>"",K14+I14+L14,0) -> 0 | AH14: Log(N) | AI14: =LOG(AI10) -> 1.6532125
A15: =M15 -> 0 | B15: =IF(H15>$H$2,"",(ROW()-5)) | H15: 10 | I15: =IF(H15<$H$2+1,($I$2-($I$2-1)*(LOG(H15)/LOG($H$2))),"") | J15: =INT(LOG($H$2,2))-ROUNDUP(LOG(H15,2),0)+IF(OR($H$2=1,$H$2=2,$H$2=4,$H$2=8,$H$2=16,$H$2=32,$H$2=64,$H$2=128,$H$2=256),0,1) -> -1 | K15: =J15*$J$2 -> -10 | M15: =IF(I15<>"",K15+I15+L15,0) -> 0
A16: =M16 -> 0 | B16: =IF(H16>$H$2,"",(ROW()-5)) | H16: 11 | I16: =IF(H16<$H$2+1,($I$2-($I$2-1)*(LOG(H16)/LOG($H$2))),"") | J16: =INT(LOG($H$2,2))-ROUNDUP(LOG(H16,2),0)+IF(OR($H$2=1,$H$2=2,$H$2=4,$H$2=8,$H$2=16,$H$2=32,$H$2=64,$H$2=128,$H$2=256),0,1) -> -1 | K16: =J16*$J$2 -> -10 | M16: =IF(I16<>"",K16+I16+L16,0) -> 0 | AH16: MP - (MP-1)*LOG(x)/LOG(N) | AI16: =AI11-AI12*AI13/AI14 -> 9.6393909 | AJ16: points
A17: =M17 -> 0 | B17: =IF(H17>$H$2,"",(ROW()-5)) | H17: 12 | I17: =IF(H17<$H$2+1,($I$2-($I$2-1)*(LOG(H17)/LOG($H$2))),"") | J17: =INT(LOG($H$2,2))-ROUNDUP(LOG(H17,2),0)+IF(OR($H$2=1,$H$2=2,$H$2=4,$H$2=8,$H$2=16,$H$2=32,$H$2=64,$H$2=128,$H$2=256),0,1) -> -1 | K17: =J17*$J$2 -> -10 | M17: =IF(I17<>"",K17+I17+L17,0) -> 0
A18: =M18 -> 0 | B18: =IF(H18>$H$2,"",(ROW()-5)) | H18: 13 | I18: =IF(H18<$H$2+1,($I$2-($I$2-1)*(LOG(H18)/LOG($H$2))),"") | J18: =INT(LOG($H$2,2))-ROUNDUP(LOG(H18,2),0)+IF(OR($H$2=1,$H$2=2,$H$2=4,$H$2=8,$H$2=16,$H$2=32,$H$2=64,$H$2=128,$H$2=256),0,1) -> -1 | K18: =J18*$J$2 -> -10 | M18: =IF(I18<>"",K18+I18+L18,0) -> 0
A19: =M19 -> 0 | B19: =IF(H19>$H$2,"",(ROW()-5)) | H19: 14 | I19: =IF(H19<$H$2+1,($I$2-($I$2-1)*(LOG(H19)/LOG($H$2))),"") | J19: =INT(LOG($H$2,2))-ROUNDUP(LOG(H19,2),0)+IF(OR($H$2=1,$H$2=2,$H$2=4,$H$2=8,$H$2=16,$H$2=32,$H$2=64,$H$2=128,$H$2=256),0,1) -> -1 | K19: =J19*$J$2 -> -10 | M19: =IF(I19<>"",K19+I19+L19,0) -> 0
A20: =M20 -> 0 | B20: =IF(H20>$H$2,"",(ROW()-5)) | H20: 15 | I20: =IF(H20<$H$2+1,($I$2-($I$2-1)*(LOG(H20)/LOG($H$2))),"") | J20: =INT(LOG($H$2,2))-ROUNDUP(LOG(H20,2),0)+IF(OR($H$2=1,$H$2=2,$H$2=4,$H$2=8,$H$2=16,$H$2=32,$H$2=64,$H$2=128,$H$2=256),0,1) -> -1 | K20: =J20*$J$2 -> -10 | M20: =IF(I20<>"",K20+I20+L20,0) -> 0
A21: =M21 -> 0 | B21: =IF(H21>$H$2,"",(ROW()-5)) | H21: 16 | I21: =IF(H21<$H$2+1,($I$2-($I$2-1)*(LOG(H21)/LOG($H$2))),"") | J21: =INT(LOG($H$2,2))-ROUNDUP(LOG(H21,2),0)+IF(OR($H$2=1,$H$2=2,$H$2=4,$H$2=8,$H$2=16,$H$2=32,$H$2=64,$H$2=128,$H$2=256),0,1) -> -1 | K21: =J21*$J$2 -> -10 | M21: =IF(I21<>"",K21+I21+L21,0) -> 0
A22: =M22 -> 0 | B22: =IF(H22>$H$2,"",(ROW()-5)) | H22: 17 | I22: =IF(H22<$H$2+1,($I$2-($I$2-1)*(LOG(H22)/LOG($H$2))),"") | J22: =INT(LOG($H$2,2))-ROUNDUP(LOG(H22,2),0)+IF(OR($H$2=1,$H$2=2,$H$2=4,$H$2=8,$H$2=16,$H$2=32,$H$2=64,$H$2=128,$H$2=256),0,1) -> -2 | K22: =J22*$J$2 -> -20 | M22: =IF(I22<>"",K22+I22+L22,0) -> 0
A23: =M23 -> 0 | B23: =IF(H23>$H$2,"",(ROW()-5)) | H23: 18 | I23: =IF(H23<$H$2+1,($I$2-($I$2-1)*(LOG(H23)/LOG($H$2))),"") | J23: =INT(LOG($H$2,2))-ROUNDUP(LOG(H23,2),0)+IF(OR($H$2=1,$H$2=2,$H$2=4,$H$2=8,$H$2=16,$H$2=32,$H$2=64,$H$2=128,$H$2=256),0,1) -> -2 | K23: =J23*$J$2 -> -20 | M23: =IF(I23<>"",K23+I23+L23,0) -> 0
A24: =M24 -> 0 | B24: =IF(H24>$H$2,"",(ROW()-5)) | H24: 19 | I24: =IF(H24<$H$2+1,($I$2-($I$2-1)*(LOG(H24)/LOG($H$2))),"") | J24: =INT(LOG($H$2,2))-ROUNDUP(LOG(H24,2),0)+IF(OR($H$2=1,$H$2=2,$H$2=4,$H$2=8,$H$2=16,$H$2=32,$H$2=64,$H$2=128,$H$2=256),0,1) -> -2 | K24: =J24*$J$2 -> -20 | M24: =IF(I24<>"",K24+I24+L24,0) -> 0
A25: =M25 -> 0 | B25: =IF(H25>$H$2,"",(ROW()-5)) | H25: 20 | I25: =IF(H25<$H$2+1,($I$2-($I$2-1)*(LOG(H25)/LOG($H$2))),"") | J25: =INT(LOG($H$2,2))-ROUNDUP(LOG(H25,2),0)+IF(OR($H$2=1,$H$2=2,$H$2=4,$H$2=8,$H$2=16,$H$2=32,$H$2=64,$H$2=128,$H$2=256),0,1) -> -2 | K25: =J25*$J$2 -> -20 | M25: =IF(I25<>"",K25+I25+L25,0) -> 0
A26: =M26 -> 0 | B26: =IF(H26>$H$2,"",(ROW()-5)) | H26: 21 | I26: =IF(H26<$H$2+1,($I$2-($I$2-1)*(LOG(H26)/LOG($H$2))),"") | J26: =INT(LOG($H$2,2))-ROUNDUP(LOG(H26,2),0)+IF(OR($H$2=1,$H$2=2,$H$2=4,$H$2=8,$H$2=16,$H$2=32,$H$2=64,$H$2=128,$H$2=256),0,1) -> -2 | K26: =J26*$J$2 -> -20 | M26: =IF(I26<>"",K26+I26+L26,0) -> 0
A27: =M27 -> 0 | B27: =IF(H27>$H$2,"",(ROW()-5)) | H27: 22 | I27: =IF(H27<$H$2+1,($I$2-($I$2-1)*(LOG(H27)/LOG($H$2))),"") | J27: =INT(LOG($H$2,2))-ROUNDUP(LOG(H27,2),0)+IF(OR($H$2=1,$H$2=2,$H$2=4,$H$2=8,$H$2=16,$H$2=32,$H$2=64,$H$2=128,$H$2=256),0,1) -> -2 | K27: =J27*$J$2 -> -20 | M27: =IF(I27<>"",K27+I27+L27,0) -> 0
A28: =M28 -> 0 | B28: =IF(H28>$H$2,"",(ROW()-5)) | H28: 23 | I28: =IF(H28<$H$2+1,($I$2-($I$2-1)*(LOG(H28)/LOG($H$2))),"") | J28: =INT(LOG($H$2,2))-ROUNDUP(LOG(H28,2),0)+IF(OR($H$2=1,$H$2=2,$H$2=4,$H$2=8,$H$2=16,$H$2=32,$H$2=64,$H$2=128,$H$2=256),0,1) -> -2 | K28: =J28*$J$2 -> -20 | M28: =IF(I28<>"",K28+I28+L28,0) -> 0
... A37: =M37 -> 0 | B37: =IF(H37>$H$2,"",(ROW()-5)) | H37: 32 | I37: =IF(H37<$H$2+1,($I$2-($I$2-1)*(LOG(H37)/LOG($H$2))),"") | J37: =INT(LOG($H$2,2))-ROUNDUP(LOG(H37,2),0)+IF(OR($H$2=1,$H$2=2,$H$2=4,$H$2=8,$H$2=16,$H$2=32,$H$2=64,$H$2=128,$H$2=256),0,1) -> -2 | K37: =J37*$J$2 -> -20 | M37: =IF(I37<>"",K37+I37+L37,0) -> 0
B38: =IF(H38>$H$2,"",(ROW()-5)) | H38: 33 | I38: =IF(H38<$H$2+1,($I$2-($I$2-1)*(LOG(H38)/LOG($H$2))),"") | J38: =INT(LOG($H$2,2))-ROUNDUP(LOG(H38,2),0)+IF(OR($H$2=1,$H$2=2,$H$2=4,$H$2=8,$H$2=16,$H$2=32,$H$2=64,$H$2=128,$H$2=256),0,1) -> -3 | K38: =J38*$J$2 -> -30 | M38: =IF(I38<>"",K38+I38+L38,0) -> 0
B39: =IF(H39>$H$2,"",(ROW()-5)) | H39: 34 | I39: =IF(H39<$H$2+1,($I$2-($I$2-1)*(LOG(H39)/LOG($H$2))),"") | J39: =INT(LOG($H$2,2))-ROUNDUP(LOG(H39,2),0)+IF(OR($H$2=1,$H$2=2,$H$2=4,$H$2=8,$H$2=16,$H$2=32,$H$2=64,$H$2=128,$H$2=256),0,1) -> -3 | K39: =J39*$J$2 -> -30 | M39: =IF(I39<>"",K39+I39+L39,0) -> 0
B40: =IF(H40>$H$2,"",(ROW()-5)) | H40: 35 | I40: =IF(H40<$H$2+1,($I$2-($I$2-1)*(LOG(H40)/LOG($H$2))),"") | J40: =INT(LOG($H$2,2))-ROUNDUP(LOG(H40,2),0)+IF(OR($H$2=1,$H$2=2,$H$2=4,$H$2=8,$H$2=16,$H$2=32,$H$2=64,$H$2=128,$H$2=256),0,1) -> -3 | K40: =J40*$J$2 -> -30 | M40: =IF(I40<>"",K40+I40+L40,0) -> 0
B41: =IF(H41>$H$2,"",(ROW()-5)) | H41: 36 | I41: =IF(H41<$H$2+1,($I$2-($I$2-1)*(LOG(H41)/LOG($H$2))),"") | J41: =INT(LOG($H$2,2))-ROUNDUP(LOG(H41,2),0)+IF(OR($H$2=1,$H$2=2,$H$2=4,$H$2=8,$H$2=16,$H$2=32,$H$2=64,$H$2=128,$H$2=256),0,1) -> -3 | K41: =J41*$J$2 -> -30 | M41: =IF(I41<>"",K41+I41+L41,0) -> 0
B42: =IF(H42>$H$2,"",(ROW()-5)) | H42: 37 | I42: =IF(H42<$H$2+1,($I$2-($I$2-1)*(LOG(H42)/LOG($H$2))),"") | J42: =INT(LOG($H$2,2))-ROUNDUP(LOG(H42,2),0)+IF(OR($H$2=1,$H$2=2,$H$2=4,$H$2=8,$H$2=16,$H$2=32,$H$2=64,$H$2=128,$H$2=256),0,1) -> -3 | K42: =J42*$J$2 -> -30 | M42: =IF(I42<>"",K42+I42+L42,0) -> 0
B43: =IF(H43>$H$2,"",(ROW()-5)) | H43: 38 | I43: =IF(H43<$H$2+1,($I$2-($I$2-1)*(LOG(H43)/LOG($H$2))),"") | J43: =INT(LOG($H$2,2))-ROUNDUP(LOG(H43,2),0)+IF(OR($H$2=1,$H$2=2,$H$2=4,$H$2=8,$H$2=16,$H$2=32,$H$2=64,$H$2=128,$H$2=256),0,1) -> -3 | K43: =J43*$J$2 -> -30 | M43: =IF(I43<>"",K43+I43+L43,0) -> 0
B44: =IF(H44>$H$2,"",(ROW()-5)) | H44: 39 | I44: =IF(H44<$H$2+1,($I$2-($I$2-1)*(LOG(H44)/LOG($H$2))),"") | J44: =INT(LOG($H$2,2))-ROUNDUP(LOG(H44,2),0)+IF(OR($H$2=1,$H$2=2,$H$2=4,$H$2=8,$H$2=16,$H$2=32,$H$2=64,$H$2=128,$H$2=256),0,1) -> -3 | K44: =J44*$J$2 -> -30 | M44: =IF(I44<>"",K44+I44+L44,0) -> 0
B45: =IF(H45>$H$2,"",(ROW()-5)) | H45: 40 | I45: =IF(H45<$H$2+1,($I$2-($I$2-1)*(LOG(H45)/LOG($H$2))),"") | J45: =INT(LOG($H$2,2))-ROUNDUP(LOG(H45,2),0)+IF(OR($H$2=1,$H$2=2,$H$2=4,$H$2=8,$H$2=16,$H$2=32,$H$2=64,$H$2=128,$H$2=256),0,1) -> -3 | K45: =J45*$J$2 -> -30 | M45: =IF(I45<>"",K45+I45+L45,0) -> 0
B46: =IF(H46>$H$2,"",(ROW()-5)) | H46: 41 | I46: =IF(H46<$H$2+1,($I$2-($I$2-1)*(LOG(H46)/LOG($H$2))),"") | J46: =INT(LOG($H$2,2))-ROUNDUP(LOG(H46,2),0)+IF(OR($H$2=1,$H$2=2,$H$2=4,$H$2=8,$H$2=16,$H$2=32,$H$2=64,$H$2=128,$H$2=256),0,1) -> -3 | K46: =J46*$J$2 -> -30 | M46: =IF(I46<>"",K46+I46+L46,0) -> 0 | Q46: 21186 | T46: =LOG(H38,2) -> 5.0443941 | U46: =R46-T46 -> #VALUE!
B47: =IF(H47>$H$2,"",(ROW()-5)) | H47: 42 | I47: =IF(H47<$H$2+1,($I$2-($I$2-1)*(LOG(H47)/LOG($H$2))),"") | J47: =INT(LOG($H$2,2))-ROUNDUP(LOG(H47,2),0)+IF(OR($H$2=1,$H$2=2,$H$2=4,$H$2=8,$H$2=16,$H$2=32,$H$2=64,$H$2=128,$H$2=256),0,1) -> -3 | K47: =J47*$J$2 -> -30 | M47: =IF(I47<>"",K47+I47+L47,0) -> 0
B48: =IF(H48>$H$2,"",(ROW()-5)) | H48: 43 | I48: =IF(H48<$H$2+1,($I$2-($I$2-1)*(LOG(H48)/LOG($H$2))),"") | J48: =INT(LOG($H$2,2))-ROUNDUP(LOG(H48,2),0)+IF(OR($H$2=1,$H$2=2,$H$2=4,$H$2=8,$H$2=16,$H$2=32,$H$2=64,$H$2=128,$H$2=256),0,1) -> -3 | K48: =J48*$J$2 -> -30 | M48: =IF(I48<>"",K48+I48+L48,0) -> 0
B49: =IF(H49>$H$2,"",(ROW()-5)) | H49: 44 | I49: =IF(H49<$H$2+1,($I$2-($I$2-1)*(LOG(H49)/LOG($H$2))),"") | J49: =INT(LOG($H$2,2))-ROUNDUP(LOG(H49,2),0)+IF(OR($H$2=1,$H$2=2,$H$2=4,$H$2=8,$H$2=16,$H$2=32,$H$2=64,$H$2=128,$H$2=256),0,1) -> -3 | K49: =J49*$J$2 -> -30 | M49: =IF(I49<>"",K49+I49+L49,0) -> 0
B50: =IF(H50>$H$2,"",(ROW()-5)) | H50: 45 | I50: =IF(H50<$H$2+1,($I$2-($I$2-1)*(LOG(H50)/LOG($H$2))),"") | J50: =INT(LOG($H$2,2))-ROUNDUP(LOG(H50,2),0)+IF(OR($H$2=1,$H$2=2,$H$2=4,$H$2=8,$H$2=16,$H$2=32,$H$2=64,$H$2=128,$H$2=256),0,1) -> -3 | K50: =J50*$J$2 -> -30 | M50: =IF(I50<>"",K50+I50+L50,0) -> 0
B51: =IF(H51>$H$2,"",(ROW()-5)) | H51: 46 | I51: =IF(H51<$H$2+1,($I$2-($I$2-1)*(LOG(H51)/LOG($H$2))),"") | J51: =INT(LOG($H$2,2))-ROUNDUP(LOG(H51,2),0)+IF(OR($H$2=1,$H$2=2,$H$2=4,$H$2=8,$H$2=16,$H$2=32,$H$2=64,$H$2=128,$H$2=256),0,1) -> -3 | K51: =J51*$J$2 -> -30 | M51: =IF(I51<>"",K51+I51+L51,0) -> 0
B52: =IF(H52>$H$2,"",(ROW()-5)) | H52: 47 | I52: =IF(H52<$H$2+1,($I$2-($I$2-1)*(LOG(H52)/LOG($H$2))),"") | J52: =INT(LOG($H$2,2))-ROUNDUP(LOG(H52,2),0)+IF(OR($H$2=1,$H$2=2,$H$2=4,$H$2=8,$H$2=16,$H$2=32,$H$2=64,$H$2=128,$H$2=256),0,1) -> -3 | K52: =J52*$J$2 -> -30 | M52: =IF(I52<>"",K52+I52+L52,0) -> 0
B53: =IF(H53>$H$2,"",(ROW()-5)) | H53: 48 | I53: =IF(H53<$H$2+1,($I$2-($I$2-1)*(LOG(H53)/LOG($H$2))),"") | J53: =INT(LOG($H$2,2))-ROUNDUP(LOG(H53,2),0)+IF(OR($H$2=1,$H$2=2,$H$2=4,$H$2=8,$H$2=16,$H$2=32,$H$2=64,$H$2=128,$H$2=256),0,1) -> -3 | K53: =J53*$J$2 -> -30 | M53: =IF(I53<>"",K53+I53+L53,0) -> 0
B54: =IF(H54>$H$2,"",(ROW()-5)) | H54: 49 | I54: =IF(H54<$H$2+1,($I$2-($I$2-1)*(LOG(H54)/LOG($H$2))),"") | J54: =INT(LOG($H$2,2))-ROUNDUP(LOG(H54,2),0)+IF(OR($H$2=1,$H$2=2,$H$2=4,$H$2=8,$H$2=16,$H$2=32,$H$2=64,$H$2=128,$H$2=256),0,1) -> -3 | K54: =J54*$J$2 -> -30 | M54: =IF(I54<>"",K54+I54+L54,0) -> 0
B55: =IF(H55>$H$2,"",(ROW()-5)) | H55: 50 | I55: =IF(H55<$H$2+1,($I$2-($I$2-1)*(LOG(H55)/LOG($H$2))),"") | J55: =INT(LOG($H$2,2))-ROUNDUP(LOG(H55,2),0)+IF(OR($H$2=1,$H$2=2,$H$2=4,$H$2=8,$H$2=16,$H$2=32,$H$2=64,$H$2=128,$H$2=256),0,1) -> -3 | K55: =J55*$J$2 -> -30 | M55: =IF(I55<>"",K55+I55+L55,0) -> 0
B56: =IF(H56>$H$2,"",(ROW()-5)) | H56: 51 | I56: =IF(H56<$H$2+1,($I$2-($I$2-1)*(LOG(H56)/LOG($H$2))),"") | J56: =INT(LOG($H$2,2))-ROUNDUP(LOG(H56,2),0)+IF(OR($H$2=1,$H$2=2,$H$2=4,$H$2=8,$H$2=16,$H$2=32,$H$2=64,$H$2=128,$H$2=256),0,1) -> -3 | K56: =J56*$J$2 -> -30 | M56: =IF(I56<>"",K56+I56+L56,0) -> 0
B57: =IF(H57>$H$2,"",(ROW()-5)) | H57: 52 | I57: =IF(H57<$H$2+1,($I$2-($I$2-1)*(LOG(H57)/LOG($H$2))),"") | J57: =INT(LOG($H$2,2))-ROUNDUP(LOG(H57,2),0)+IF(OR($H$2=1,$H$2=2,$H$2=4,$H$2=8,$H$2=16,$H$2=32,$H$2=64,$H$2=128,$H$2=256),0,1) -> -3 | K57: =J57*$J$2 -> -30 | M57: =IF(I57<>"",K57+I57+L57,0) -> 0
B58: =IF(H58>$H$2,"",(ROW()-5)) | H58: 53 | I58: =IF(H58<$H$2+1,($I$2-($I$2-1)*(LOG(H58)/LOG($H$2))),"") | J58: =INT(LOG($H$2,2))-ROUNDUP(LOG(H58,2),0)+IF(OR($H$2=1,$H$2=2,$H$2=4,$H$2=8,$H$2=16,$H$2=32,$H$2=64,$H$2=128,$H$2=256),0,1) -> -3 | K58: =J58*$J$2 -> -30 | M58: =IF(I58<>"",K58+I58+L58,0) -> 0
... B65: =IF(H65>$H$2,"",(ROW()-5)) | H65: 60 | I65: =IF(H65<$H$2+1,($I$2-($I$2-1)*(LOG(H65)/LOG($H$2))),"") | J65: =INT(LOG($H$2,2))-ROUNDUP(LOG(H65,2),0)+IF(OR($H$2=1,$H$2=2,$H$2=4,$H$2=8,$H$2=16,$H$2=32,$H$2=64,$H$2=128,$H$2=256),0,1) -> -3 | K65: =J65*$J$2 -> -30 | M65: =IF(I65<>"",K65+I65+L65,0) -> 0
H66: 61 | I66: =IF(H66<$H$2+1,($I$2-($I$2-1)*(LOG(H66)/LOG($H$2))),"") | J66: =INT(LOG($H$2,2))-ROUNDUP(LOG(H66,2),0)+IF(OR($H$2=1,$H$2=2,$H$2=4,$H$2=8,$H$2=16,$H$2=32,$H$2=64,$H$2=128,$H$2=256),0,1) -> -3 | K66: =J66*$J$2 -> -30 | M66: =IF(I66<>"",K66+I66+L66,0) -> 0
H67: 62 | I67: =IF(H67<$H$2+1,($I$2-($I$2-1)*(LOG(H67)/LOG($H$2))),"") | J67: =INT(LOG($H$2,2))-ROUNDUP(LOG(H67,2),0)+IF(OR($H$2=1,$H$2=2,$H$2=4,$H$2=8,$H$2=16,$H$2=32,$H$2=64,$H$2=128,$H$2=256),0,1) -> -3 | K67: =J67*$J$2 -> -30 | M67: =IF(I67<>"",K67+I67+L67,0) -> 0
H68: 63 | I68: =IF(H68<$H$2+1,($I$2-($I$2-1)*(LOG(H68)/LOG($H$2))),"") | J68: =INT(LOG($H$2,2))-ROUNDUP(LOG(H68,2),0)+IF(OR($H$2=1,$H$2=2,$H$2=4,$H$2=8,$H$2=16,$H$2=32,$H$2=64,$H$2=128,$H$2=256),0,1) -> -3 | K68: =J68*$J$2 -> -30 | M68: =IF(I68<>"",K68+I68+L68,0) -> 0
H69: 64 | I69: =IF(H69<$H$2+1,($I$2-($I$2-1)*(LOG(H69)/LOG($H$2))),"") | J69: =INT(LOG($H$2,2))-ROUNDUP(LOG(H69,2),0)+IF(OR($H$2=1,$H$2=2,$H$2=4,$H$2=8,$H$2=16,$H$2=32,$H$2=64,$H$2=128,$H$2=256),0,1) -> -3 | K69: =J69*$J$2 -> -30 | M69: =IF(I69<>"",K69+I69+L69,0) -> 0
H70: 65 | I70: =IF(H70<$H$2+1,($I$2-($I$2-1)*(LOG(H70)/LOG($H$2))),"") | J70: =INT(LOG($H$2,2))-ROUNDUP(LOG(H70,2),0)+IF(OR($H$2=1,$H$2=2,$H$2=4,$H$2=8,$H$2=16,$H$2=32,$H$2=64,$H$2=128,$H$2=256),0,1) -> -4 | K70: =J70*$J$2 -> -40 | M70: =IF(I70<>"",K70+I70+L70,0) -> 0
H71: 66 | I71: =IF(H71<$H$2+1,($I$2-($I$2-1)*(LOG(H71)/LOG($H$2))),"") | J71: =INT(LOG($H$2,2))-ROUNDUP(LOG(H71,2),0)+IF(OR($H$2=1,$H$2=2,$H$2=4,$H$2=8,$H$2=16,$H$2=32,$H$2=64,$H$2=128,$H$2=256),0,1) -> -4 | K71: =J71*$J$2 -> -40 | M71: =IF(I71<>"",K71+I71+L71,0) -> 0
H72: 67 | I72: =IF(H72<$H$2+1,($I$2-($I$2-1)*(LOG(H72)/LOG($H$2))),"") | J72: =INT(LOG($H$2,2))-ROUNDUP(LOG(H72,2),0)+IF(OR($H$2=1,$H$2=2,$H$2=4,$H$2=8,$H$2=16,$H$2=32,$H$2=64,$H$2=128,$H$2=256),0,1) -> -4 | K72: =J72*$J$2 -> -40 | M72: =IF(I72<>"",K72+I72+L72,0) -> 0
H73: 68 | I73: =IF(H73<$H$2+1,($I$2-($I$2-1)*(LOG(H73)/LOG($H$2))),"") | J73: =INT(LOG($H$2,2))-ROUNDUP(LOG(H73,2),0)+IF(OR($H$2=1,$H$2=2,$H$2=4,$H$2=8,$H$2=16,$H$2=32,$H$2=64,$H$2=128,$H$2=256),0,1) -> -4 | K73: =J73*$J$2 -> -40 | M73: =IF(I73<>"",K73+I73+L73,0) -> 0
H74: 69 | I74: =IF(H74<$H$2+1,($I$2-($I$2-1)*(LOG(H74)/LOG($H$2))),"") | J74: =INT(LOG($H$2,2))-ROUNDUP(LOG(H74,2),0)+IF(OR($H$2=1,$H$2=2,$H$2=4,$H$2=8,$H$2=16,$H$2=32,$H$2=64,$H$2=128,$H$2=256),0,1) -> -4 | K74: =J74*$J$2 -> -40 | M74: =IF(I74<>"",K74+I74+L74,0) -> 0
H75: 70 | I75: =IF(H75<$H$2+1,($I$2-($I$2-1)*(LOG(H75)/LOG($H$2))),"") | J75: =INT(LOG($H$2,2))-ROUNDUP(LOG(H75,2),0)+IF(OR($H$2=1,$H$2=2,$H$2=4,$H$2=8,$H$2=16,$H$2=32,$H$2=64,$H$2=128,$H$2=256),0,1) -> -4 | K75: =J75*$J$2 -> -40 | M75: =IF(I75<>"",K75+I75+L75,0) -> 0
H76: 71 | I76: =IF(H76<$H$2+1,($I$2-($I$2-1)*(LOG(H76)/LOG($H$2))),"") | J76: =INT(LOG($H$2,2))-ROUNDUP(LOG(H76,2),0)+IF(OR($H$2=1,$H$2=2,$H$2=4,$H$2=8,$H$2=16,$H$2=32,$H$2=64,$H$2=128,$H$2=256),0,1) -> -4 | K76: =J76*$J$2 -> -40 | M76: =IF(I76<>"",K76+I76+L76,0) -> 0
H77: 72 | I77: =IF(H77<$H$2+1,($I$2-($I$2-1)*(LOG(H77)/LOG($H$2))),"") | J77: =INT(LOG($H$2,2))-ROUNDUP(LOG(H77,2),0)+IF(OR($H$2=1,$H$2=2,$H$2=4,$H$2=8,$H$2=16,$H$2=32,$H$2=64,$H$2=128,$H$2=256),0,1) -> -4 | K77: =J77*$J$2 -> -40 | M77: =IF(I77<>"",K77+I77+L77,0) -> 0
... H305: 300 | I305: =IF(H305<$H$2+1,($I$2-($I$2-1)*(LOG(H305)/LOG($H$2))),"") | J305: =INT(LOG($H$2,2))-ROUNDUP(LOG(H305,2),0)+IF(OR($H$2=1,$H$2=2,$H$2=4,$H$2=8,$H$2=16,$H$2=32,$H$2=64,$H$2=128,$H$2=256),0,1) -> -6 | K305: =J305*$J$2 -> -60 | M305: =IF(I305<>"",K305+I305+L305,0) -> 0

Sheet PP3
H1: Liczba uczestników: | I1: GP Punkty | J1: Bonus za rundę | K1: Mnożnik za podium
B2: miejsce: | C2: KRAKÓW | H2: 6 | I2: 50 | J2: 10 | K2: =3*H2^(1/3) -> 5.4513618
B3: data: | C3: 30.11.2024
A5: Punkty | B5: Miejsce Place | C5: Nazwisko Imię Name | D5: Klub Club(s) | E5: Okręg Division | F5: Państwo Country | H5: Miejsce | I5: Punkty za miejsce | J5: awans do kolejnej rundy pucharowej | K5: bonus za rundy pucharowe | L5: punkty za podium | M5: Suma
A6: =M6 -> 96.354085 | B6: =IF(H6>$H$2,"",(ROW()-5)) -> 1 | C6: WASILCZUK Beata | D6: IKS AWF WARSZAWA | E6: POL | H6: 1 | I6: =IF(H2=1,50,IF(H6<$H$2+1,($I$2-($I$2-1)*(LOG(H6)/LOG($H$2))),"")) -> 50 | J6: =INT(LOG($H$2,2))-ROUNDUP(LOG(H6,2),0)+IF(OR($H$2=1,$H$2=2,$H$2=4,$H$2=8,$H$2=16,$H$2=32,$H$2=64,$H$2=128,$H$2=256),0,1) -> 3 | K6: =J6*$J$2 -> 30 | L6: =3*K2 -> 16.354085 | M6: =IF(I6<>"",K6+I6+L6,0) -> 96.354085
A7: =M7 -> 61.946936 | B7: =IF(H7>$H$2,"",(ROW()-5)) -> 2 | C7: STAŃCZYK Agnieszka | D7: KKS KRAKÓW / TARNOWSKI KLUB SZERMIERCZY | E7: POL | H7: 2 | I7: =IF(H7<$H$2+1,($I$2-($I$2-1)*(LOG(H7)/LOG($H$2))),"") -> 31.044212 | J7: =INT(LOG($H$2,2))-ROUNDUP(LOG(H7,2),0)+IF(OR($H$2=1,$H$2=2,$H$2=4,$H$2=8,$H$2=16,$H$2=32,$H$2=64,$H$2=128,$H$2=256),0,1) -> 2 | K7: =J7*$J$2 -> 20 | L7: =2*K2 -> 10.902724 | M7: =IF(I7<>"",K7+I7+L7,0) -> 61.946936
A8: =M8 -> 35.407149 | B8: =IF(H8>$H$2,"",(ROW()-5)) -> 3 | C8: GANSZCZYK Anna | D8: AZS AWF KATOWICE | E8: POL | H8: 3 | I8: =IF(H8<$H$2+1,($I$2-($I$2-1)*(LOG(H8)/LOG($H$2))),"") -> 19.955788 | J8: =INT(LOG($H$2,2))-ROUNDUP(LOG(H8,2),0)+IF(OR($H$2=1,$H$2=2,$H$2=4,$H$2=8,$H$2=16,$H$2=32,$H$2=64,$H$2=128,$H$2=256),0,1) -> 1 | K8: =J8*$J$2 -> 10 | L8: =K2 -> 5.4513618 | M8: =IF(I8<>"",K8+I8+L8,0) -> 35.407149
A9: =M9 -> 22.088425 | B9: =IF(H9>$H$2,"",(ROW()-5)) -> 4 | C9: SZURLEJ Agata | D9: KS SZPADA WROCŁAW | E9: POL | H9: 4 | I9: =IF(H9<$H$2+1,($I$2-($I$2-1)*(LOG(H9)/LOG($H$2))),"") -> 12.088425 | J9: =INT(LOG($H$2,2))-ROUNDUP(LOG(H9,2),0)+IF(OR($H$2=1,$H$2=2,$H$2=4,$H$2=8,$H$2=16,$H$2=32,$H$2=64,$H$2=128,$H$2=256),0,1) -> 1 | K9: =J9*$J$2 -> 10 | M9: =IF(I9<>"",K9+I9+L9,0) -> 22.088425 | AH9: x | AI9: 23
A10: =M10 -> 5.9860243 | B10: =IF(H10>$H$2,"",(ROW()-5)) -> 5 | C10: SADOWIŃSKA Adriana | D10: AZS AWF KRAKÓW | E10: POL | H10: 5 | I10: =IF(H10<$H$2+1,($I$2-($I$2-1)*(LOG(H10)/LOG($H$2))),"") -> 5.9860243 | J10: =INT(LOG($H$2,2))-ROUNDUP(LOG(H10,2),0)+IF(OR($H$2=1,$H$2=2,$H$2=4,$H$2=8,$H$2=16,$H$2=32,$H$2=64,$H$2=128,$H$2=256),0,1) -> 0 | K10: =J10*$J$2 -> 0 | M10: =IF(I10<>"",K10+I10+L10,0) -> 5.9860243 | AH10: N | AI10: 45
A11: =M11 -> 1 | B11: =IF(H11>$H$2,"",(ROW()-5)) -> 6 | C11: LASKUS KRYSTYNA | D11: ST. POLSKICH WETERANÓW SZERMIERKI | E11: POL | H11: 6 | I11: =IF(H11<$H$2+1,($I$2-($I$2-1)*(LOG(H11)/LOG($H$2))),"") -> 1 | J11: =INT(LOG($H$2,2))-ROUNDUP(LOG(H11,2),0)+IF(OR($H$2=1,$H$2=2,$H$2=4,$H$2=8,$H$2=16,$H$2=32,$H$2=64,$H$2=128,$H$2=256),0,1) -> 0 | K11: =J11*$J$2 -> 0 | M11: =IF(I11<>"",K11+I11+L11,0) -> 1 | AH11: MP | AI11: 50
A12: =M12 -> 0 | B12: =IF(H12>$H$2,"",(ROW()-5)) | H12: 7 | I12: =IF(H12<$H$2+1,($I$2-($I$2-1)*(LOG(H12)/LOG($H$2))),"") | J12: =INT(LOG($H$2,2))-ROUNDUP(LOG(H12,2),0)+IF(OR($H$2=1,$H$2=2,$H$2=4,$H$2=8,$H$2=16,$H$2=32,$H$2=64,$H$2=128,$H$2=256),0,1) -> 0 | K12: =J12*$J$2 -> 0 | M12: =IF(I12<>"",K12+I12+L12,0) -> 0 | AH12: MP-1 | AI12: =AI11-1 -> 49
A13: =M13 -> 0 | B13: =IF(H13>$H$2,"",(ROW()-5)) | H13: 8 | I13: =IF(H13<$H$2+1,($I$2-($I$2-1)*(LOG(H13)/LOG($H$2))),"") | J13: =INT(LOG($H$2,2))-ROUNDUP(LOG(H13,2),0)+IF(OR($H$2=1,$H$2=2,$H$2=4,$H$2=8,$H$2=16,$H$2=32,$H$2=64,$H$2=128,$H$2=256),0,1) -> 0 | K13: =J13*$J$2 -> 0 | M13: =IF(I13<>"",K13+I13+L13,0) -> 0 | AH13: log(x) | AI13: =LOG(AI9) -> 1.3617278
A14: =M14 -> 0 | B14: =IF(H14>$H$2,"",(ROW()-5)) | H14: 9 | I14: =IF(H14<$H$2+1,($I$2-($I$2-1)*(LOG(H14)/LOG($H$2))),"") | J14: =INT(LOG($H$2,2))-ROUNDUP(LOG(H14,2),0)+IF(OR($H$2=1,$H$2=2,$H$2=4,$H$2=8,$H$2=16,$H$2=32,$H$2=64,$H$2=128,$H$2=256),0,1) -> -1 | K14: =J14*$J$2 -> -10 | M14: =IF(I14<>"",K14+I14+L14,0) -> 0 | AH14: Log(N) | AI14: =LOG(AI10) -> 1.6532125
A15: =M15 -> 0 | B15: =IF(H15>$H$2,"",(ROW()-5)) | H15: 10 | I15: =IF(H15<$H$2+1,($I$2-($I$2-1)*(LOG(H15)/LOG($H$2))),"") | J15: =INT(LOG($H$2,2))-ROUNDUP(LOG(H15,2),0)+IF(OR($H$2=1,$H$2=2,$H$2=4,$H$2=8,$H$2=16,$H$2=32,$H$2=64,$H$2=128,$H$2=256),0,1) -> -1 | K15: =J15*$J$2 -> -10 | M15: =IF(I15<>"",K15+I15+L15,0) -> 0
A16: =M16 -> 0 | B16: =IF(H16>$H$2,"",(ROW()-5)) | H16: 11 | I16: =IF(H16<$H$2+1,($I$2-($I$2-1)*(LOG(H16)/LOG($H$2))),"") | J16: =INT(LOG($H$2,2))-ROUNDUP(LOG(H16,2),0)+IF(OR($H$2=1,$H$2=2,$H$2=4,$H$2=8,$H$2=16,$H$2=32,$H$2=64,$H$2=128,$H$2=256),0,1) -> -1 | K16: =J16*$J$2 -> -10 | M16: =IF(I16<>"",K16+I16+L16,0) -> 0 | AH16: MP - (MP-1)*LOG(x)/LOG(N) | AI16: =AI11-AI12*AI13/AI14 -> 9.6393909 | AJ16: points
A17: =M17 -> 0 | B17: =IF(H17>$H$2,"",(ROW()-5)) | H17: 12 | I17: =IF(H17<$H$2+1,($I$2-($I$2-1)*(LOG(H17)/LOG($H$2))),"") | J17: =INT(LOG($H$2,2))-ROUNDUP(LOG(H17,2),0)+IF(OR($H$2=1,$H$2=2,$H$2=4,$H$2=8,$H$2=16,$H$2=32,$H$2=64,$H$2=128,$H$2=256),0,1) -> -1 | K17: =J17*$J$2 -> -10 | M17: =IF(I17<>"",K17+I17+L17,0) -> 0
A18: =M18 -> 0 | B18: =IF(H18>$H$2,"",(ROW()-5)) | H18: 13 | I18: =IF(H18<$H$2+1,($I$2-($I$2-1)*(LOG(H18)/LOG($H$2))),"") | J18: =INT(LOG($H$2,2))-ROUNDUP(LOG(H18,2),0)+IF(OR($H$2=1,$H$2=2,$H$2=4,$H$2=8,$H$2=16,$H$2=32,$H$2=64,$H$2=128,$H$2=256),0,1) -> -1 | K18: =J18*$J$2 -> -10 | M18: =IF(I18<>"",K18+I18+L18,0) -> 0
A19: =M19 -> 0 | B19: =IF(H19>$H$2,"",(ROW()-5)) | H19: 14 | I19: =IF(H19<$H$2+1,($I$2-($I$2-1)*(LOG(H19)/LOG($H$2))),"") | J19: =INT(LOG($H$2,2))-ROUNDUP(LOG(H19,2),0)+IF(OR($H$2=1,$H$2=2,$H$2=4,$H$2=8,$H$2=16,$H$2=32,$H$2=64,$H$2=128,$H$2=256),0,1) -> -1 | K19: =J19*$J$2 -> -10 | M19: =IF(I19<>"",K19+I19+L19,0) -> 0
A20: =M20 -> 0 | B20: =IF(H20>$H$2,"",(ROW()-5)) | H20: 15 | I20: =IF(H20<$H$2+1,($I$2-($I$2-1)*(LOG(H20)/LOG($H$2))),"") | J20: =INT(LOG($H$2,2))-ROUNDUP(LOG(H20,2),0)+IF(OR($H$2=1,$H$2=2,$H$2=4,$H$2=8,$H$2=16,$H$2=32,$H$2=64,$H$2=128,$H$2=256),0,1) -> -1 | K20: =J20*$J$2 -> -10 | M20: =IF(I20<>"",K20+I20+L20,0) -> 0
A21: =M21 -> 0 | B21: =IF(H21>$H$2,"",(ROW()-5)) | H21: 16 | I21: =IF(H21<$H$2+1,($I$2-($I$2-1)*(LOG(H21)/LOG($H$2))),"") | J21: =INT(LOG($H$2,2))-ROUNDUP(LOG(H21,2),0)+IF(OR($H$2=1,$H$2=2,$H$2=4,$H$2=8,$H$2=16,$H$2=32,$H$2=64,$H$2=128,$H$2=256),0,1) -> -1 | K21: =J21*$J$2 -> -10 | M21: =IF(I21<>"",K21+I21+L21,0) -> 0
A22: =M22 -> 0 | B22: =IF(H22>$H$2,"",(ROW()-5)) | H22: 17 | I22: =IF(H22<$H$2+1,($I$2-($I$2-1)*(LOG(H22)/LOG($H$2))),"") | J22: =INT(LOG($H$2,2))-ROUNDUP(LOG(H22,2),0)+IF(OR($H$2=1,$H$2=2,$H$2=4,$H$2=8,$H$2=16,$H$2=32,$H$2=64,$H$2=128,$H$2=256),0,1) -> -2 | K22: =J22*$J$2 -> -20 | M22: =IF(I22<>"",K22+I22+L22,0) -> 0
A23: =M23 -> 0 | B23: =IF(H23>$H$2,"",(ROW()-5)) | H23: 18 | I23: =IF(H23<$H$2+1,($I$2-($I$2-1)*(LOG(H23)/LOG($H$2))),"") | J23: =INT(LOG($H$2,2))-ROUNDUP(LOG(H23,2),0)+IF(OR($H$2=1,$H$2=2,$H$2=4,$H$2=8,$H$2=16,$H$2=32,$H$2=64,$H$2=128,$H$2=256),0,1) -> -2 | K23: =J23*$J$2 -> -20 | M23: =IF(I23<>"",K23+I23+L23,0) -> 0
A24: =M24 -> 0 | B24: =IF(H24>$H$2,"",(ROW()-5)) | H24: 19 | I24: =IF(H24<$H$2+1,($I$2-($I$2-1)*(LOG(H24)/LOG($H$2))),"") | J24: =INT(LOG($H$2,2))-ROUNDUP(LOG(H24,2),0)+IF(OR($H$2=1,$H$2=2,$H$2=4,$H$2=8,$H$2=16,$H$2=32,$H$2=64,$H$2=128,$H$2=256),0,1) -> -2 | K24: =J24*$J$2 -> -20 | M24: =IF(I24<>"",K24+I24+L24,0) -> 0
A25: =M25 -> 0 | B25: =IF(H25>$H$2,"",(ROW()-5)) | H25: 20 | I25: =IF(H25<$H$2+1,($I$2-($I$2-1)*(LOG(H25)/LOG($H$2))),"") | J25: =INT(LOG($H$2,2))-ROUNDUP(LOG(H25,2),0)+IF(OR($H$2=1,$H$2=2,$H$2=4,$H$2=8,$H$2=16,$H$2=32,$H$2=64,$H$2=128,$H$2=256),0,1) -> -2 | K25: =J25*$J$2 -> -20 | M25: =IF(I25<>"",K25+I25+L25,0) -> 0
A26: =M26 -> 0 | B26: =IF(H26>$H$2,"",(ROW()-5)) | H26: 21 | I26: =IF(H26<$H$2+1,($I$2-($I$2-1)*(LOG(H26)/LOG($H$2))),"") | J26: =INT(LOG($H$2,2))-ROUNDUP(LOG(H26,2),0)+IF(OR($H$2=1,$H$2=2,$H$2=4,$H$2=8,$H$2=16,$H$2=32,$H$2=64,$H$2=128,$H$2=256),0,1) -> -2 | K26: =J26*$J$2 -> -20 | M26: =IF(I26<>"",K26+I26+L26,0) -> 0
A27: =M27 -> 0 | B27: =IF(H27>$H$2,"",(ROW()-5)) | H27: 22 | I27: =IF(H27<$H$2+1,($I$2-($I$2-1)*(LOG(H27)/LOG($H$2))),"") | J27: =INT(LOG($H$2,2))-ROUNDUP(LOG(H27,2),0)+IF(OR($H$2=1,$H$2=2,$H$2=4,$H$2=8,$H$2=16,$H$2=32,$H$2=64,$H$2=128,$H$2=256),0,1) -> -2 | K27: =J27*$J$2 -> -20 | M27: =IF(I27<>"",K27+I27+L27,0) -> 0
A28: =M28 -> 0 | B28: =IF(H28>$H$2,"",(ROW()-5)) | H28: 23 | I28: =IF(H28<$H$2+1,($I$2-($I$2-1)*(LOG(H28)/LOG($H$2))),"") | J28: =INT(LOG($H$2,2))-ROUNDUP(LOG(H28,2),0)+IF(OR($H$2=1,$H$2=2,$H$2=4,$H$2=8,$H$2=16,$H$2=32,$H$2=64,$H$2=128,$H$2=256),0,1) -> -2 | K28: =J28*$J$2 -> -20 | M28: =IF(I28<>"",K28+I28+L28,0) -> 0
... A37: =M37 -> 0 | B37: =IF(H37>$H$2,"",(ROW()-5)) | H37: 32 | I37: =IF(H37<$H$2+1,($I$2-($I$2-1)*(LOG(H37)/LOG($H$2))),"") | J37: =INT(LOG($H$2,2))-ROUNDUP(LOG(H37,2),0)+IF(OR($H$2=1,$H$2=2,$H$2=4,$H$2=8,$H$2=16,$H$2=32,$H$2=64,$H$2=128,$H$2=256),0,1) -> -2 | K37: =J37*$J$2 -> -20 | M37: =IF(I37<>"",K37+I37+L37,0) -> 0
B38: =IF(H38>$H$2,"",(ROW()-5)) | H38: 33 | I38: =IF(H38<$H$2+1,($I$2-($I$2-1)*(LOG(H38)/LOG($H$2))),"") | J38: =INT(LOG($H$2,2))-ROUNDUP(LOG(H38,2),0)+IF(OR($H$2=1,$H$2=2,$H$2=4,$H$2=8,$H$2=16,$H$2=32,$H$2=64,$H$2=128,$H$2=256),0,1) -> -3 | K38: =J38*$J$2 -> -30 | M38: =IF(I38<>"",K38+I38+L38,0) -> 0
B39: =IF(H39>$H$2,"",(ROW()-5)) | H39: 34 | I39: =IF(H39<$H$2+1,($I$2-($I$2-1)*(LOG(H39)/LOG($H$2))),"") | J39: =INT(LOG($H$2,2))-ROUNDUP(LOG(H39,2),0)+IF(OR($H$2=1,$H$2=2,$H$2=4,$H$2=8,$H$2=16,$H$2=32,$H$2=64,$H$2=128,$H$2=256),0,1) -> -3 | K39: =J39*$J$2 -> -30 | M39: =IF(I39<>"",K39+I39+L39,0) -> 0
B40: =IF(H40>$H$2,"",(ROW()-5)) | H40: 35 | I40: =IF(H40<$H$2+1,($I$2-($I$2-1)*(LOG(H40)/LOG($H$2))),"") | J40: =INT(LOG($H$2,2))-ROUNDUP(LOG(H40,2),0)+IF(OR($H$2=1,$H$2=2,$H$2=4,$H$2=8,$H$2=16,$H$2=32,$H$2=64,$H$2=128,$H$2=256),0,1) -> -3 | K40: =J40*$J$2 -> -30 | M40: =IF(I40<>"",K40+I40+L40,0) -> 0
B41: =IF(H41>$H$2,"",(ROW()-5)) | H41: 36 | I41: =IF(H41<$H$2+1,($I$2-($I$2-1)*(LOG(H41)/LOG($H$2))),"") | J41: =INT(LOG($H$2,2))-ROUNDUP(LOG(H41,2),0)+IF(OR($H$2=1,$H$2=2,$H$2=4,$H$2=8,$H$2=16,$H$2=32,$H$2=64,$H$2=128,$H$2=256),0,1) -> -3 | K41: =J41*$J$2 -> -30 | M41: =IF(I41<>"",K41+I41+L41,0) -> 0
B42: =IF(H42>$H$2,"",(ROW()-5)) | H42: 37 | I42: =IF(H42<$H$2+1,($I$2-($I$2-1)*(LOG(H42)/LOG($H$2))),"") | J42: =INT(LOG($H$2,2))-ROUNDUP(LOG(H42,2),0)+IF(OR($H$2=1,$H$2=2,$H$2=4,$H$2=8,$H$2=16,$H$2=32,$H$2=64,$H$2=128,$H$2=256),0,1) -> -3 | K42: =J42*$J$2 -> -30 | M42: =IF(I42<>"",K42+I42+L42,0) -> 0
B43: =IF(H43>$H$2,"",(ROW()-5)) | H43: 38 | I43: =IF(H43<$H$2+1,($I$2-($I$2-1)*(LOG(H43)/LOG($H$2))),"") | J43: =INT(LOG($H$2,2))-ROUNDUP(LOG(H43,2),0)+IF(OR($H$2=1,$H$2=2,$H$2=4,$H$2=8,$H$2=16,$H$2=32,$H$2=64,$H$2=128,$H$2=256),0,1) -> -3 | K43: =J43*$J$2 -> -30 | M43: =IF(I43<>"",K43+I43+L43,0) -> 0
B44: =IF(H44>$H$2,"",(ROW()-5)) | H44: 39 | I44: =IF(H44<$H$2+1,($I$2-($I$2-1)*(LOG(H44)/LOG($H$2))),"") | J44: =INT(LOG($H$2,2))-ROUNDUP(LOG(H44,2),0)+IF(OR($H$2=1,$H$2=2,$H$2=4,$H$2=8,$H$2=16,$H$2=32,$H$2=64,$H$2=128,$H$2=256),0,1) -> -3 | K44: =J44*$J$2 -> -30 | M44: =IF(I44<>"",K44+I44+L44,0) -> 0
B45: =IF(H45>$H$2,"",(ROW()-5)) | H45: 40 | I45: =IF(H45<$H$2+1,($I$2-($I$2-1)*(LOG(H45)/LOG($H$2))),"") | J45: =INT(LOG($H$2,2))-ROUNDUP(LOG(H45,2),0)+IF(OR($H$2=1,$H$2=2,$H$2=4,$H$2=8,$H$2=16,$H$2=32,$H$2=64,$H$2=128,$H$2=256),0,1) -> -3 | K45: =J45*$J$2 -> -30 | M45: =IF(I45<>"",K45+I45+L45,0) -> 0
B46: =IF(H46>$H$2,"",(ROW()-5)) | H46: 41 | I46: =IF(H46<$H$2+1,($I$2-($I$2-1)*(LOG(H46)/LOG($H$2))),"") | J46: =INT(LOG($H$2,2))-ROUNDUP(LOG(H46,2),0)+IF(OR($H$2=1,$H$2=2,$H$2=4,$H$2=8,$H$2=16,$H$2=32,$H$2=64,$H$2=128,$H$2=256),0,1) -> -3 | K46: =J46*$J$2 -> -30 | M46: =IF(I46<>"",K46+I46+L46,0) -> 0 | R46: =LOG($H$2,2) -> 2.5849625 | T46: =LOG(H38,2) -> 5.0443941 | U46: =R46-T46 -> -2.4594316
B47: =IF(H47>$H$2,"",(ROW()-5)) | H47: 42 | I47: =IF(H47<$H$2+1,($I$2-($I$2-1)*(LOG(H47)/LOG($H$2))),"") | J47: =INT(LOG($H$2,2))-ROUNDUP(LOG(H47,2),0)+IF(OR($H$2=1,$H$2=2,$H$2=4,$H$2=8,$H$2=16,$H$2=32,$H$2=64,$H$2=128,$H$2=256),0,1) -> -3 | K47: =J47*$J$2 -> -30 | M47: =IF(I47<>"",K47+I47+L47,0) -> 0
B48: =IF(H48>$H$2,"",(ROW()-5)) | H48: 43 | I48: =IF(H48<$H$2+1,($I$2-($I$2-1)*(LOG(H48)/LOG($H$2))),"") | J48: =INT(LOG($H$2,2))-ROUNDUP(LOG(H48,2),0)+IF(OR($H$2=1,$H$2=2,$H$2=4,$H$2=8,$H$2=16,$H$2=32,$H$2=64,$H$2=128,$H$2=256),0,1) -> -3 | K48: =J48*$J$2 -> -30 | M48: =IF(I48<>"",K48+I48+L48,0) -> 0
B49: =IF(H49>$H$2,"",(ROW()-5)) | H49: 44 | I49: =IF(H49<$H$2+1,($I$2-($I$2-1)*(LOG(H49)/LOG($H$2))),"") | J49: =INT(LOG($H$2,2))-ROUNDUP(LOG(H49,2),0)+IF(OR($H$2=1,$H$2=2,$H$2=4,$H$2=8,$H$2=16,$H$2=32,$H$2=64,$H$2=128,$H$2=256),0,1) -> -3 | K49: =J49*$J$2 -> -30 | M49: =IF(I49<>"",K49+I49+L49,0) -> 0
B50: =IF(H50>$H$2,"",(ROW()-5)) | H50: 45 | I50: =IF(H50<$H$2+1,($I$2-($I$2-1)*(LOG(H50)/LOG($H$2))),"") | J50: =INT(LOG($H$2,2))-ROUNDUP(LOG(H50,2),0)+IF(OR($H$2=1,$H$2=2,$H$2=4,$H$2=8,$H$2=16,$H$2=32,$H$2=64,$H$2=128,$H$2=256),0,1) -> -3 | K50: =J50*$J$2 -> -30 | M50: =IF(I50<>"",K50+I50+L50,0) -> 0
B51: =IF(H51>$H$2,"",(ROW()-5)) | H51: 46 | I51: =IF(H51<$H$2+1,($I$2-($I$2-1)*(LOG(H51)/LOG($H$2))),"") | J51: =INT(LOG($H$2,2))-ROUNDUP(LOG(H51,2),0)+IF(OR($H$2=1,$H$2=2,$H$2=4,$H$2=8,$H$2=16,$H$2=32,$H$2=64,$H$2=128,$H$2=256),0,1) -> -3 | K51: =J51*$J$2 -> -30 | M51: =IF(I51<>"",K51+I51+L51,0) -> 0
B52: =IF(H52>$H$2,"",(ROW()-5)) | H52: 47 | I52: =IF(H52<$H$2+1,($I$2-($I$2-1)*(LOG(H52)/LOG($H$2))),"") | J52: =INT(LOG($H$2,2))-ROUNDUP(LOG(H52,2),0)+IF(OR($H$2=1,$H$2=2,$H$2=4,$H$2=8,$H$2=16,$H$2=32,$H$2=64,$H$2=128,$H$2=256),0,1) -> -3 | K52: =J52*$J$2 -> -30 | M52: =IF(I52<>"",K52+I52+L52,0) -> 0
B53: =IF(H53>$H$2,"",(ROW()-5)) | H53: 48 | I53: =IF(H53<$H$2+1,($I$2-($I$2-1)*(LOG(H53)/LOG($H$2))),"") | J53: =INT(LOG($H$2,2))-ROUNDUP(LOG(H53,2),0)+IF(OR($H$2=1,$H$2=2,$H$2=4,$H$2=8,$H$2=16,$H$2=32,$H$2=64,$H$2=128,$H$2=256),0,1) -> -3 | K53: =J53*$J$2 -> -30 | M53: =IF(I53<>"",K53+I53+L53,0) -> 0
B54: =IF(H54>$H$2,"",(ROW()-5)) | H54: 49 | I54: =IF(H54<$H$2+1,($I$2-($I$2-1)*(LOG(H54)/LOG($H$2))),"") | J54: =INT(LOG($H$2,2))-ROUNDUP(LOG(H54,2),0)+IF(OR($H$2=1,$H$2=2,$H$2=4,$H$2=8,$H$2=16,$H$2=32,$H$2=64,$H$2=128,$H$2=256),0,1) -> -3 | K54: =J54*$J$2 -> -30 | M54: =IF(I54<>"",K54+I54+L54,0) -> 0
B55: =IF(H55>$H$2,"",(ROW()-5)) | H55: 50 | I55: =IF(H55<$H$2+1,($I$2-($I$2-1)*(LOG(H55)/LOG($H$2))),"") | J55: =INT(LOG($H$2,2))-ROUNDUP(LOG(H55,2),0)+IF(OR($H$2=1,$H$2=2,$H$2=4,$H$2=8,$H$2=16,$H$2=32,$H$2=64,$H$2=128,$H$2=256),0,1) -> -3 | K55: =J55*$J$2 -> -30 | M55: =IF(I55<>"",K55+I55+L55,0) -> 0
B56: =IF(H56>$H$2,"",(ROW()-5)) | H56: 51 | I56: =IF(H56<$H$2+1,($I$2-($I$2-1)*(LOG(H56)/LOG($H$2))),"") | J56: =INT(LOG($H$2,2))-ROUNDUP(LOG(H56,2),0)+IF(OR($H$2=1,$H$2=2,$H$2=4,$H$2=8,$H$2=16,$H$2=32,$H$2=64,$H$2=128,$H$2=256),0,1) -> -3 | K56: =J56*$J$2 -> -30 | M56: =IF(I56<>"",K56+I56+L56,0) -> 0
B57: =IF(H57>$H$2,"",(ROW()-5)) | H57: 52 | I57: =IF(H57<$H$2+1,($I$2-($I$2-1)*(LOG(H57)/LOG($H$2))),"") | J57: =INT(LOG($H$2,2))-ROUNDUP(LOG(H57,2),0)+IF(OR($H$2=1,$H$2=2,$H$2=4,$H$2=8,$H$2=16,$H$2=32,$H$2=64,$H$2=128,$H$2=256),0,1) -> -3 | K57: =J57*$J$2 -> -30 | M57: =IF(I57<>"",K57+I57+L57,0) -> 0
B58: =IF(H58>$H$2,"",(ROW()-5)) | H58: 53 | I58: =IF(H58<$H$2+1,($I$2-($I$2-1)*(LOG(H58)/LOG($H$2))),"") | J58: =INT(LOG($H$2,2))-ROUNDUP(LOG(H58,2),0)+IF(OR($H$2=1,$H$2=2,$H$2=4,$H$2=8,$H$2=16,$H$2=32,$H$2=64,$H$2=128,$H$2=256),0,1) -> -3 | K58: =J58*$J$2 -> -30 | M58: =IF(I58<>"",K58+I58+L58,0) -> 0
... B65: =IF(H65>$H$2,"",(ROW()-5)) | H65: 60 | I65: =IF(H65<$H$2+1,($I$2-($I$2-1)*(LOG(H65)/LOG($H$2))),"") | J65: =INT(LOG($H$2,2))-ROUNDUP(LOG(H65,2),0)+IF(OR($H$2=1,$H$2=2,$H$2=4,$H$2=8,$H$2=16,$H$2=32,$H$2=64,$H$2=128,$H$2=256),0,1) -> -3 | K65: =J65*$J$2 -> -30 | M65: =IF(I65<>"",K65+I65+L65,0) -> 0
H66: 61 | I66: =IF(H66<$H$2+1,($I$2-($I$2-1)*(LOG(H66)/LOG($H$2))),"") | J66: =INT(LOG($H$2,2))-ROUNDUP(LOG(H66,2),0)+IF(OR($H$2=1,$H$2=2,$H$2=4,$H$2=8,$H$2=16,$H$2=32,$H$2=64,$H$2=128,$H$2=256),0,1) -> -3 | K66: =J66*$J$2 -> -30 | M66: =IF(I66<>"",K66+I66+L66,0) -> 0
H67: 62 | I67: =IF(H67<$H$2+1,($I$2-($I$2-1)*(LOG(H67)/LOG($H$2))),"") | J67: =INT(LOG($H$2,2))-ROUNDUP(LOG(H67,2),0)+IF(OR($H$2=1,$H$2=2,$H$2=4,$H$2=8,$H$2=16,$H$2=32,$H$2=64,$H$2=128,$H$2=256),0,1) -> -3 | K67: =J67*$J$2 -> -30 | M67: =IF(I67<>"",K67+I67+L67,0) -> 0
H68: 63 | I68: =IF(H68<$H$2+1,($I$2-($I$2-1)*(LOG(H68)/LOG($H$2))),"") | J68: =INT(LOG($H$2,2))-ROUNDUP(LOG(H68,2),0)+IF(OR($H$2=1,$H$2=2,$H$2=4,$H$2=8,$H$2=16,$H$2=32,$H$2=64,$H$2=128,$H$2=256),0,1) -> -3 | K68: =J68*$J$2 -> -30 | M68: =IF(I68<>"",K68+I68+L68,0) -> 0
H69: 64 | I69: =IF(H69<$H$2+1,($I$2-($I$2-1)*(LOG(H69)/LOG($H$2))),"") | J69: =INT(LOG($H$2,2))-ROUNDUP(LOG(H69,2),0)+IF(OR($H$2=1,$H$2=2,$H$2=4,$H$2=8,$H$2=16,$H$2=32,$H$2=64,$H$2=128,$H$2=256),0,1) -> -3 | K69: =J69*$J$2 -> -30 | M69: =IF(I69<>"",K69+I69+L69,0) -> 0
H70: 65 | I70: =IF(H70<$H$2+1,($I$2-($I$2-1)*(LOG(H70)/LOG($H$2))),"") | J70: =INT(LOG($H$2,2))-ROUNDUP(LOG(H70,2),0)+IF(OR($H$2=1,$H$2=2,$H$2=4,$H$2=8,$H$2=16,$H$2=32,$H$2=64,$H$2=128,$H$2=256),0,1) -> -4 | K70: =J70*$J$2 -> -40 | M70: =IF(I70<>"",K70+I70+L70,0) -> 0
H71: 66 | I71: =IF(H71<$H$2+1,($I$2-($I$2-1)*(LOG(H71)/LOG($H$2))),"") | J71: =INT(LOG($H$2,2))-ROUNDUP(LOG(H71,2),0)+IF(OR($H$2=1,$H$2=2,$H$2=4,$H$2=8,$H$2=16,$H$2=32,$H$2=64,$H$2=128,$H$2=256),0,1) -> -4 | K71: =J71*$J$2 -> -40 | M71: =IF(I71<>"",K71+I71+L71,0) -> 0
H72: 67 | I72: =IF(H72<$H$2+1,($I$2-($I$2-1)*(LOG(H72)/LOG($H$2))),"") | J72: =INT(LOG($H$2,2))-ROUNDUP(LOG(H72,2),0)+IF(OR($H$2=1,$H$2=2,$H$2=4,$H$2=8,$H$2=16,$H$2=32,$H$2=64,$H$2=128,$H$2=256),0,1) -> -4 | K72: =J72*$J$2 -> -40 | M72: =IF(I72<>"",K72+I72+L72,0) -> 0
H73: 68 | I73: =IF(H73<$H$2+1,($I$2-($I$2-1)*(LOG(H73)/LOG($H$2))),"") | J73: =INT(LOG($H$2,2))-ROUNDUP(LOG(H73,2),0)+IF(OR($H$2=1,$H$2=2,$H$2=4,$H$2=8,$H$2=16,$H$2=32,$H$2=64,$H$2=128,$H$2=256),0,1) -> -4 | K73: =J73*$J$2 -> -40 | M73: =IF(I73<>"",K73+I73+L73,0) -> 0
H74: 69 | I74: =IF(H74<$H$2+1,($I$2-($I$2-1)*(LOG(H74)/LOG($H$2))),"") | J74: =INT(LOG($H$2,2))-ROUNDUP(LOG(H74,2),0)+IF(OR($H$2=1,$H$2=2,$H$2=4,$H$2=8,$H$2=16,$H$2=32,$H$2=64,$H$2=128,$H$2=256),0,1) -> -4 | K74: =J74*$J$2 -> -40 | M74: =IF(I74<>"",K74+I74+L74,0) -> 0
H75: 70 | I75: =IF(H75<$H$2+1,($I$2-($I$2-1)*(LOG(H75)/LOG($H$2))),"") | J75: =INT(LOG($H$2,2))-ROUNDUP(LOG(H75,2),0)+IF(OR($H$2=1,$H$2=2,$H$2=4,$H$2=8,$H$2=16,$H$2=32,$H$2=64,$H$2=128,$H$2=256),0,1) -> -4 | K75: =J75*$J$2 -> -40 | M75: =IF(I75<>"",K75+I75+L75,0) -> 0
H76: 71 | I76: =IF(H76<$H$2+1,($I$2-($I$2-1)*(LOG(H76)/LOG($H$2))),"") | J76: =INT(LOG($H$2,2))-ROUNDUP(LOG(H76,2),0)+IF(OR($H$2=1,$H$2=2,$H$2=4,$H$2=8,$H$2=16,$H$2=32,$H$2=64,$H$2=128,$H$2=256),0,1) -> -4 | K76: =J76*$J$2 -> -40 | M76: =IF(I76<>"",K76+I76+L76,0) -> 0
H77: 72 | I77: =IF(H77<$H$2+1,($I$2-($I$2-1)*(LOG(H77)/LOG($H$2))),"") | J77: =INT(LOG($H$2,2))-ROUNDUP(LOG(H77,2),0)+IF(OR($H$2=1,$H$2=2,$H$2=4,$H$2=8,$H$2=16,$H$2=32,$H$2=64,$H$2=128,$H$2=256),0,1) -> -4 | K77: =J77*$J$2 -> -40 | M77: =IF(I77<>"",K77+I77+L77,0) -> 0
... H305: 300 | I305: =IF(H305<$H$2+1,($I$2-($I$2-1)*(LOG(H305)/LOG($H$2))),"") | J305: =INT(LOG($H$2,2))-ROUNDUP(LOG(H305,2),0)+IF(OR($H$2=1,$H$2=2,$H$2=4,$H$2=8,$H$2=16,$H$2=32,$H$2=64,$H$2=128,$H$2=256),0,1) -> -6 | K305: =J305*$J$2 -> -60 | M305: =IF(I305<>"",K305+I305+L305,0) -> 0

Sheet PP4
H1: Liczba uczestników: | I1: GP Punkty | J1: Bonus za rundę | K1: Mnożnik za podium
B2: miejsce: | C2: WARSZAWA | H2: 4 | I2: 50 | J2: 10 | K2: =3*H2^(1/3) -> 4.7622032
B3: data: | C3: 22.02.2025
A5: Punkty | B5: Miejsce Place | C5: Nazwisko Imię Name | D5: Klub Club(s) | E5: Okręg Division | F5: Państwo Country | H5: Miejsce | I5: Punkty za miejsce | J5: awans do kolejnej rundy pucharowej | K5: bonus za rundy pucharowe | L5: punkty za podium | M5: Suma | O5: NAZWISKO | P5: RUNDA | Q5: BONUS
A6: =M6 -> 94.286609 | B6: =IF(H6>$H$2,"",(ROW()-5)) -> 1 | C6: WASILCZUK Beata | D6: IKS AWF WARSZAWA | E6: POL | H6: 1 | I6: =IF(H2=1,50,IF(H6<$H$2+1,($I$2-($I$2-1)*(LOG(H6)/LOG($H$2))),"")) -> 50 | J6: 3 | K6: =J6*$J$2 -> 30 | L6: =3*K2 -> 14.286609 | M6: =IF(I6<>"",K6+I6+L6,0) -> 94.286609 | O6: WASILCZUK (2) Beata | P6: 3 | Q6: 30
A7: =M7 -> 55.024406 | B7: =IF(H7>$H$2,"",(ROW()-5)) -> 2 | C7: GANSZCZYK Anna | D7: AZS AWF KATOWICE | E7: POL | H7: 2 | I7: =IF(H7<$H$2+1,($I$2-($I$2-1)*(LOG(H7)/LOG($H$2))),"") -> 25.5 | J7: 2 | K7: =J7*$J$2 -> 20 | L7: =2*K2 -> 9.5244063 | M7: =IF(I7<>"",K7+I7+L7,0) -> 55.024406 | O7: GANSZCZYK (2) Anna | P7: 2 | Q7: 20
A8: =M8 -> 25.930622 | B8: =IF(H8>$H$2,"",(ROW()-5)) -> 3 | C8: SADOWIŃSKA Adriana | D8: AZS AWF KRAKÓW | E8: POL | H8: 3 | I8: =IF(H8<$H$2+1,($I$2-($I$2-1)*(LOG(H8)/LOG($H$2))),"") -> 11.168419 | J8: 1 | K8: =J8*$J$2 -> 10 | L8: =K2 -> 4.7622032 | M8: =IF(I8<>"",K8+I8+L8,0) -> 25.930622 | O8: SADOWIŃSKA (2) Adriana | P8: 1 | Q8: 10
A9: =M9 -> 1 | B9: =IF(H9>$H$2,"",(ROW()-5)) -> 4 | C9: WALECKA Wanda | D9: ST. POLSKICH WETERANÓW SZERMIERKI | E9: POL | H9: 4 | I9: =IF(H9<$H$2+1,($I$2-($I$2-1)*(LOG(H9)/LOG($H$2))),"") -> 1 | J9: =INT(LOG($H$2,2))-ROUNDUP(LOG(H9,2),0)+IF(OR($H$2=1,$H$2=2,$H$2=4,$H$2=8,$H$2=16,$H$2=32,$H$2=64,$H$2=128,$H$2=256),0,1) -> 0 | K9: =J9*$J$2 -> 0 | M9: =IF(I9<>"",K9+I9+L9,0) -> 1 | O9: BORKOWSKA (3) Halina | P9: 1 | Q9: 10 | AH9: x | AI9: 23
A10: =M10 -> 0 | B10: =IF(H10>$H$2,"",(ROW()-5)) | H10: 5 | I10: =IF(H10<$H$2+1,($I$2-($I$2-1)*(LOG(H10)/LOG($H$2))),"") | J10: =INT(LOG($H$2,2))-ROUNDUP(LOG(H10,2),0)+IF(OR($H$2=1,$H$2=2,$H$2=4,$H$2=8,$H$2=16,$H$2=32,$H$2=64,$H$2=128,$H$2=256),0,1) -> -1 | K10: =J10*$J$2 -> -10 | M10: =IF(I10<>"",K10+I10+L10,0) -> 0 | O10: WALECKA (2) Wanda | P10: 0 | Q10: 0 | AH10: N | AI10: 45
A11: =M11 -> 0 | B11: =IF(H11>$H$2,"",(ROW()-5)) | H11: 6 | I11: =IF(H11<$H$2+1,($I$2-($I$2-1)*(LOG(H11)/LOG($H$2))),"") | J11: =INT(LOG($H$2,2))-ROUNDUP(LOG(H11,2),0)+IF(OR($H$2=1,$H$2=2,$H$2=4,$H$2=8,$H$2=16,$H$2=32,$H$2=64,$H$2=128,$H$2=256),0,1) -> -1 | K11: =J11*$J$2 -> -10 | M11: =IF(I11<>"",K11+I11+L11,0) -> 0 | AH11: MP | AI11: 50
A12: =M12 -> 0 | B12: =IF(H12>$H$2,"",(ROW()-5)) | H12: 7 | I12: =IF(H12<$H$2+1,($I$2-($I$2-1)*(LOG(H12)/LOG($H$2))),"") | J12: =INT(LOG($H$2,2))-ROUNDUP(LOG(H12,2),0)+IF(OR($H$2=1,$H$2=2,$H$2=4,$H$2=8,$H$2=16,$H$2=32,$H$2=64,$H$2=128,$H$2=256),0,1) -> -1 | K12: =J12*$J$2 -> -10 | M12: =IF(I12<>"",K12+I12+L12,0) -> 0 | AH12: MP-1 | AI12: =AI11-1 -> 49
A13: =M13 -> 0 | B13: =IF(H13>$H$2,"",(ROW()-5)) | H13: 8 | I13: =IF(H13<$H$2+1,($I$2-($I$2-1)*(LOG(H13)/LOG($H$2))),"") | J13: =INT(LOG($H$2,2))-ROUNDUP(LOG(H13,2),0)+IF(OR($H$2=1,$H$2=2,$H$2=4,$H$2=8,$H$2=16,$H$2=32,$H$2=64,$H$2=128,$H$2=256),0,1) -> -1 | K13: =J13*$J$2 -> -10 | M13: =IF(I13<>"",K13+I13+L13,0) -> 0 | AH13: log(x) | AI13: =LOG(AI9) -> 1.3617278
A14: =M14 -> 0 | B14: =IF(H14>$H$2,"",(ROW()-5)) | H14: 9 | I14: =IF(H14<$H$2+1,($I$2-($I$2-1)*(LOG(H14)/LOG($H$2))),"") | J14: =INT(LOG($H$2,2))-ROUNDUP(LOG(H14,2),0)+IF(OR($H$2=1,$H$2=2,$H$2=4,$H$2=8,$H$2=16,$H$2=32,$H$2=64,$H$2=128,$H$2=256),0,1) -> -2 | K14: =J14*$J$2 -> -20 | M14: =IF(I14<>"",K14+I14+L14,0) -> 0 | AH14: Log(N) | AI14: =LOG(AI10) -> 1.6532125
A15: =M15 -> 0 | B15: =IF(H15>$H$2,"",(ROW()-5)) | H15: 10 | I15: =IF(H15<$H$2+1,($I$2-($I$2-1)*(LOG(H15)/LOG($H$2))),"") | J15: =INT(LOG($H$2,2))-ROUNDUP(LOG(H15,2),0)+IF(OR($H$2=1,$H$2=2,$H$2=4,$H$2=8,$H$2=16,$H$2=32,$H$2=64,$H$2=128,$H$2=256),0,1) -> -2 | K15: =J15*$J$2 -> -20 | M15: =IF(I15<>"",K15+I15+L15,0) -> 0
A16: =M16 -> 0 | B16: =IF(H16>$H$2,"",(ROW()-5)) | H16: 11 | I16: =IF(H16<$H$2+1,($I$2-($I$2-1)*(LOG(H16)/LOG($H$2))),"") | J16: =INT(LOG($H$2,2))-ROUNDUP(LOG(H16,2),0)+IF(OR($H$2=1,$H$2=2,$H$2=4,$H$2=8,$H$2=16,$H$2=32,$H$2=64,$H$2=128,$H$2=256),0,1) -> -2 | K16: =J16*$J$2 -> -20 | M16: =IF(I16<>"",K16+I16+L16,0) -> 0 | AH16: MP - (MP-1)*LOG(x)/LOG(N) | AI16: =AI11-AI12*AI13/AI14 -> 9.6393909 | AJ16: points
A17: =M17 -> 0 | B17: =IF(H17>$H$2,"",(ROW()-5)) | H17: 12 | I17: =IF(H17<$H$2+1,($I$2-($I$2-1)*(LOG(H17)/LOG($H$2))),"") | J17: =INT(LOG($H$2,2))-ROUNDUP(LOG(H17,2),0)+IF(OR($H$2=1,$H$2=2,$H$2=4,$H$2=8,$H$2=16,$H$2=32,$H$2=64,$H$2=128,$H$2=256),0,1) -> -2 | K17: =J17*$J$2 -> -20 | M17: =IF(I17<>"",K17+I17+L17,0) -> 0
A18: =M18 -> 0 | B18: =IF(H18>$H$2,"",(ROW()-5)) | H18: 13 | I18: =IF(H18<$H$2+1,($I$2-($I$2-1)*(LOG(H18)/LOG($H$2))),"") | J18: =INT(LOG($H$2,2))-ROUNDUP(LOG(H18,2),0)+IF(OR($H$2=1,$H$2=2,$H$2=4,$H$2=8,$H$2=16,$H$2=32,$H$2=64,$H$2=128,$H$2=256),0,1) -> -2 | K18: =J18*$J$2 -> -20 | M18: =IF(I18<>"",K18+I18+L18,0) -> 0
A19: =M19 -> 0 | B19: =IF(H19>$H$2,"",(ROW()-5)) | H19: 14 | I19: =IF(H19<$H$2+1,($I$2-($I$2-1)*(LOG(H19)/LOG($H$2))),"") | J19: =INT(LOG($H$2,2))-ROUNDUP(LOG(H19,2),0)+IF(OR($H$2=1,$H$2=2,$H$2=4,$H$2=8,$H$2=16,$H$2=32,$H$2=64,$H$2=128,$H$2=256),0,1) -> -2 | K19: =J19*$J$2 -> -20 | M19: =IF(I19<>"",K19+I19+L19,0) -> 0
A20: =M20 -> 0 | B20: =IF(H20>$H$2,"",(ROW()-5)) | H20: 15 | I20: =IF(H20<$H$2+1,($I$2-($I$2-1)*(LOG(H20)/LOG($H$2))),"") | J20: =INT(LOG($H$2,2))-ROUNDUP(LOG(H20,2),0)+IF(OR($H$2=1,$H$2=2,$H$2=4,$H$2=8,$H$2=16,$H$2=32,$H$2=64,$H$2=128,$H$2=256),0,1) -> -2 | K20: =J20*$J$2 -> -20 | M20: =IF(I20<>"",K20+I20+L20,0) -> 0
A21: =M21 -> 0 | B21: =IF(H21>$H$2,"",(ROW()-5)) | H21: 16 | I21: =IF(H21<$H$2+1,($I$2-($I$2-1)*(LOG(H21)/LOG($H$2))),"") | J21: =INT(LOG($H$2,2))-ROUNDUP(LOG(H21,2),0)+IF(OR($H$2=1,$H$2=2,$H$2=4,$H$2=8,$H$2=16,$H$2=32,$H$2=64,$H$2=128,$H$2=256),0,1) -> -2 | K21: =J21*$J$2 -> -20 | M21: =IF(I21<>"",K21+I21+L21,0) -> 0
A22: =M22 -> 0 | B22: =IF(H22>$H$2,"",(ROW()-5)) | H22: 17 | I22: =IF(H22<$H$2+1,($I$2-($I$2-1)*(LOG(H22)/LOG($H$2))),"") | J22: =INT(LOG($H$2,2))-ROUNDUP(LOG(H22,2),0)+IF(OR($H$2=1,$H$2=2,$H$2=4,$H$2=8,$H$2=16,$H$2=32,$H$2=64,$H$2=128,$H$2=256),0,1) -> -3 | K22: =J22*$J$2 -> -30 | M22: =IF(I22<>"",K22+I22+L22,0) -> 0
A23: =M23 -> 0 | B23: =IF(H23>$H$2,"",(ROW()-5)) | H23: 18 | I23: =IF(H23<$H$2+1,($I$2-($I$2-1)*(LOG(H23)/LOG($H$2))),"") | J23: =INT(LOG($H$2,2))-ROUNDUP(LOG(H23,2),0)+IF(OR($H$2=1,$H$2=2,$H$2=4,$H$2=8,$H$2=16,$H$2=32,$H$2=64,$H$2=128,$H$2=256),0,1) -> -3 | K23: =J23*$J$2 -> -30 | M23: =IF(I23<>"",K23+I23+L23,0) -> 0
A24: =M24 -> 0 | B24: =IF(H24>$H$2,"",(ROW()-5)) | H24: 19 | I24: =IF(H24<$H$2+1,($I$2-($I$2-1)*(LOG(H24)/LOG($H$2))),"") | J24: =INT(LOG($H$2,2))-ROUNDUP(LOG(H24,2),0)+IF(OR($H$2=1,$H$2=2,$H$2=4,$H$2=8,$H$2=16,$H$2=32,$H$2=64,$H$2=128,$H$2=256),0,1) -> -3 | K24: =J24*$J$2 -> -30 | M24: =IF(I24<>"",K24+I24+L24,0) -> 0
A25: =M25 -> 0 | B25: =IF(H25>$H$2,"",(ROW()-5)) | H25: 20 | I25: =IF(H25<$H$2+1,($I$2-($I$2-1)*(LOG(H25)/LOG($H$2))),"") | J25: =INT(LOG($H$2,2))-ROUNDUP(LOG(H25,2),0)+IF(OR($H$2=1,$H$2=2,$H$2=4,$H$2=8,$H$2=16,$H$2=32,$H$2=64,$H$2=128,$H$2=256),0,1) -> -3 | K25: =J25*$J$2 -> -30 | M25: =IF(I25<>"",K25+I25+L25,0) -> 0
A26: =M26 -> 0 | B26: =IF(H26>$H$2,"",(ROW()-5)) | H26: 21 | I26: =IF(H26<$H$2+1,($I$2-($I$2-1)*(LOG(H26)/LOG($H$2))),"") | J26: =INT(LOG($H$2,2))-ROUNDUP(LOG(H26,2),0)+IF(OR($H$2=1,$H$2=2,$H$2=4,$H$2=8,$H$2=16,$H$2=32,$H$2=64,$H$2=128,$H$2=256),0,1) -> -3 | K26: =J26*$J$2 -> -30 | M26: =IF(I26<>"",K26+I26+L26,0) -> 0
A27: =M27 -> 0 | B27: =IF(H27>$H$2,"",(ROW()-5)) | H27: 22 | I27: =IF(H27<$H$2+1,($I$2-($I$2-1)*(LOG(H27)/LOG($H$2))),"") | J27: =INT(LOG($H$2,2))-ROUNDUP(LOG(H27,2),0)+IF(OR($H$2=1,$H$2=2,$H$2=4,$H$2=8,$H$2=16,$H$2=32,$H$2=64,$H$2=128,$H$2=256),0,1) -> -3 | K27: =J27*$J$2 -> -30 | M27: =IF(I27<>"",K27+I27+L27,0) -> 0
A28: =M28 -> 0 | B28: =IF(H28>$H$2,"",(ROW()-5)) | H28: 23 | I28: =IF(H28<$H$2+1,($I$2-($I$2-1)*(LOG(H28)/LOG($H$2))),"") | J28: =INT(LOG($H$2,2))-ROUNDUP(LOG(H28,2),0)+IF(OR($H$2=1,$H$2=2,$H$2=4,$H$2=8,$H$2=16,$H$2=32,$H$2=64,$H$2=128,$H$2=256),0,1) -> -3 | K28: =J28*$J$2 -> -30 | M28: =IF(I28<>"",K28+I28+L28,0) -> 0
... A37: =M37 -> 0 | B37: =IF(H37>$H$2,"",(ROW()-5)) | H37: 32 | I37: =IF(H37<$H$2+1,($I$2-($I$2-1)*(LOG(H37)/LOG($H$2))),"") | J37: =INT(LOG($H$2,2))-ROUNDUP(LOG(H37,2),0)+IF(OR($H$2=1,$H$2=2,$H$2=4,$H$2=8,$H$2=16,$H$2=32,$H$2=64,$H$2=128,$H$2=256),0,1) -> -3 | K37: =J37*$J$2 -> -30 | M37: =IF(I37<>"",K37+I37+L37,0) -> 0
B38: =IF(H38>$H$2,"",(ROW()-5)) | H38: 33 | I38: =IF(H38<$H$2+1,($I$2-($I$2-1)*(LOG(H38)/LOG($H$2))),"") | J38: =INT(LOG($H$2,2))-ROUNDUP(LOG(H38,2),0)+IF(OR($H$2=1,$H$2=2,$H$2=4,$H$2=8,$H$2=16,$H$2=32,$H$2=64,$H$2=128,$H$2=256),0,1) -> -4 | K38: =J38*$J$2 -> -40 | M38: =IF(I38<>"",K38+I38+L38,0) -> 0
B39: =IF(H39>$H$2,"",(ROW()-5)) | H39: 34 | I39: =IF(H39<$H$2+1,($I$2-($I$2-1)*(LOG(H39)/LOG($H$2))),"") | J39: =INT(LOG($H$2,2))-ROUNDUP(LOG(H39,2),0)+IF(OR($H$2=1,$H$2=2,$H$2=4,$H$2=8,$H$2=16,$H$2=32,$H$2=64,$H$2=128,$H$2=256),0,1) -> -4 | K39: =J39*$J$2 -> -40 | M39: =IF(I39<>"",K39+I39+L39,0) -> 0
B40: =IF(H40>$H$2,"",(ROW()-5)) | H40: 35 | I40: =IF(H40<$H$2+1,($I$2-($I$2-1)*(LOG(H40)/LOG($H$2))),"") | J40: =INT(LOG($H$2,2))-ROUNDUP(LOG(H40,2),0)+IF(OR($H$2=1,$H$2=2,$H$2=4,$H$2=8,$H$2=16,$H$2=32,$H$2=64,$H$2=128,$H$2=256),0,1) -> -4 | K40: =J40*$J$2 -> -40 | M40: =IF(I40<>"",K40+I40+L40,0) -> 0
B41: =IF(H41>$H$2,"",(ROW()-5)) | H41: 36 | I41: =IF(H41<$H$2+1,($I$2-($I$2-1)*(LOG(H41)/LOG($H$2))),"") | J41: =INT(LOG($H$2,2))-ROUNDUP(LOG(H41,2),0)+IF(OR($H$2=1,$H$2=2,$H$2=4,$H$2=8,$H$2=16,$H$2=32,$H$2=64,$H$2=128,$H$2=256),0,1) -> -4 | K41: =J41*$J$2 -> -40 | M41: =IF(I41<>"",K41+I41+L41,0) -> 0
B42: =IF(H42>$H$2,"",(ROW()-5)) | H42: 37 | I42: =IF(H42<$H$2+1,($I$2-($I$2-1)*(LOG(H42)/LOG($H$2))),"") | J42: =INT(LOG($H$2,2))-ROUNDUP(LOG(H42,2),0)+IF(OR($H$2=1,$H$2=2,$H$2=4,$H$2=8,$H$2=16,$H$2=32,$H$2=64,$H$2=128,$H$2=256),0,1) -> -4 | K42: =J42*$J$2 -> -40 | M42: =IF(I42<>"",K42+I42+L42,0) -> 0
B43: =IF(H43>$H$2,"",(ROW()-5)) | H43: 38 | I43: =IF(H43<$H$2+1,($I$2-($I$2-1)*(LOG(H43)/LOG($H$2))),"") | J43: =INT(LOG($H$2,2))-ROUNDUP(LOG(H43,2),0)+IF(OR($H$2=1,$H$2=2,$H$2=4,$H$2=8,$H$2=16,$H$2=32,$H$2=64,$H$2=128,$H$2=256),0,1) -> -4 | K43: =J43*$J$2 -> -40 | M43: =IF(I43<>"",K43+I43+L43,0) -> 0
B44: =IF(H44>$H$2,"",(ROW()-5)) | H44: 39 | I44: =IF(H44<$H$2+1,($I$2-($I$2-1)*(LOG(H44)/LOG($H$2))),"") | J44: =INT(LOG($H$2,2))-ROUNDUP(LOG(H44,2),0)+IF(OR($H$2=1,$H$2=2,$H$2=4,$H$2=8,$H$2=16,$H$2=32,$H$2=64,$H$2=128,$H$2=256),0,1) -> -4 | K44: =J44*$J$2 -> -40 | M44: =IF(I44<>"",K44+I44+L44,0) -> 0
B45: =IF(H45>$H$2,"",(ROW()-5)) | H45: 40 | I45: =IF(H45<$H$2+1,($I$2-($I$2-1)*(LOG(H45)/LOG($H$2))),"") | J45: =INT(LOG($H$2,2))-ROUNDUP(LOG(H45,2),0)+IF(OR($H$2=1,$H$2=2,$H$2=4,$H$2=8,$H$2=16,$H$2=32,$H$2=64,$H$2=128,$H$2=256),0,1) -> -4 | K45: =J45*$J$2 -> -40 | M45: =IF(I45<>"",K45+I45+L45,0) -> 0
B46: =IF(H46>$H$2,"",(ROW()-5)) | H46: 41 | I46: =IF(H46<$H$2+1,($I$2-($I$2-1)*(LOG(H46)/LOG($H$2))),"") | J46: =INT(LOG($H$2,2))-ROUNDUP(LOG(H46,2),0)+IF(OR($H$2=1,$H$2=2,$H$2=4,$H$2=8,$H$2=16,$H$2=32,$H$2=64,$H$2=128,$H$2=256),0,1) -> -4 | K46: =J46*$J$2 -> -40 | M46: =IF(I46<>"",K46+I46+L46,0) -> 0 | R46: =LOG($H$2,2) -> 2 | T46: =LOG(H38,2) -> 5.0443941 | U46: =R46-T46 -> -3.0443941
B47: =IF(H47>$H$2,"",(ROW()-5)) | H47: 42 | I47: =IF(H47<$H$2+1,($I$2-($I$2-1)*(LOG(H47)/LOG($H$2))),"") | J47: =INT(LOG($H$2,2))-ROUNDUP(LOG(H47,2),0)+IF(OR($H$2=1,$H$2=2,$H$2=4,$H$2=8,$H$2=16,$H$2=32,$H$2=64,$H$2=128,$H$2=256),0,1) -> -4 | K47: =J47*$J$2 -> -40 | M47: =IF(I47<>"",K47+I47+L47,0) -> 0
B48: =IF(H48>$H$2,"",(ROW()-5)) | H48: 43 | I48: =IF(H48<$H$2+1,($I$2-($I$2-1)*(LOG(H48)/LOG($H$2))),"") | J48: =INT(LOG($H$2,2))-ROUNDUP(LOG(H48,2),0)+IF(OR($H$2=1,$H$2=2,$H$2=4,$H$2=8,$H$2=16,$H$2=32,$H$2=64,$H$2=128,$H$2=256),0,1) -> -4 | K48: =J48*$J$2 -> -40 | M48: =IF(I48<>"",K48+I48+L48,0) -> 0
B49: =IF(H49>$H$2,"",(ROW()-5)) | H49: 44 | I49: =IF(H49<$H$2+1,($I$2-($I$2-1)*(LOG(H49)/LOG($H$2))),"") | J49: =INT(LOG($H$2,2))-ROUNDUP(LOG(H49,2),0)+IF(OR($H$2=1,$H$2=2,$H$2=4,$H$2=8,$H$2=16,$H$2=32,$H$2=64,$H$2=128,$H$2=256),0,1) -> -4 | K49: =J49*$J$2 -> -40 | M49: =IF(I49<>"",K49+I49+L49,0) -> 0
B50: =IF(H50>$H$2,"",(ROW()-5)) | H50: 45 | I50: =IF(H50<$H$2+1,($I$2-($I$2-1)*(LOG(H50)/LOG($H$2))),"") | J50: =INT(LOG($H$2,2))-ROUNDUP(LOG(H50,2),0)+IF(OR($H$2=1,$H$2=2,$H$2=4,$H$2=8,$H$2=16,$H$2=32,$H$2=64,$H$2=128,$H$2=256),0,1) -> -4 | K50: =J50*$J$2 -> -40 | M50: =IF(I50<>"",K50+I50+L50,0) -> 0
B51: =IF(H51>$H$2,"",(ROW()-5)) | H51: 46 | I51: =IF(H51<$H$2+1,($I$2-($I$2-1)*(LOG(H51)/LOG($H$2))),"") | J51: =INT(LOG($H$2,2))-ROUNDUP(LOG(H51,2),0)+IF(OR($H$2=1,$H$2=2,$H$2=4,$H$2=8,$H$2=16,$H$2=32,$H$2=64,$H$2=128,$H$2=256),0,1) -> -4 | K51: =J51*$J$2 -> -40 | M51: =IF(I51<>"",K51+I51+L51,0) -> 0
B52: =IF(H52>$H$2,"",(ROW()-5)) | H52: 47 | I52: =IF(H52<$H$2+1,($I$2-($I$2-1)*(LOG(H52)/LOG($H$2))),"") | J52: =INT(LOG($H$2,2))-ROUNDUP(LOG(H52,2),0)+IF(OR($H$2=1,$H$2=2,$H$2=4,$H$2=8,$H$2=16,$H$2=32,$H$2=64,$H$2=128,$H$2=256),0,1) -> -4 | K52: =J52*$J$2 -> -40 | M52: =IF(I52<>"",K52+I52+L52,0) -> 0
B53: =IF(H53>$H$2,"",(ROW()-5)) | H53: 48 | I53: =IF(H53<$H$2+1,($I$2-($I$2-1)*(LOG(H53)/LOG($H$2))),"") | J53: =INT(LOG($H$2,2))-ROUNDUP(LOG(H53,2),0)+IF(OR($H$2=1,$H$2=2,$H$2=4,$H$2=8,$H$2=16,$H$2=32,$H$2=64,$H$2=128,$H$2=256),0,1) -> -4 | K53: =J53*$J$2 -> -40 | M53: =IF(I53<>"",K53+I53+L53,0) -> 0
B54: =IF(H54>$H$2,"",(ROW()-5)) | H54: 49 | I54: =IF(H54<$H$2+1,($I$2-($I$2-1)*(LOG(H54)/LOG($H$2))),"") | J54: =INT(LOG($H$2,2))-ROUNDUP(LOG(H54,2),0)+IF(OR($H$2=1,$H$2=2,$H$2=4,$H$2=8,$H$2=16,$H$2=32,$H$2=64,$H$2=128,$H$2=256),0,1) -> -4 | K54: =J54*$J$2 -> -40 | M54: =IF(I54<>"",K54+I54+L54,0) -> 0
B55: =IF(H55>$H$2,"",(ROW()-5)) | H55: 50 | I55: =IF(H55<$H$2+1,($I$2-($I$2-1)*(LOG(H55)/LOG($H$2))),"") | J55: =INT(LOG($H$2,2))-ROUNDUP(LOG(H55,2),0)+IF(OR($H$2=1,$H$2=2,$H$2=4,$H$2=8,$H$2=16,$H$2=32,$H$2=64,$H$2=128,$H$2=256),0,1) -> -4 | K55: =J55*$J$2 -> -40 | M55: =IF(I55<>"",K55+I55+L55,0) -> 0
B56: =IF(H56>$H$2,"",(ROW()-5)) | H56: 51 | I56: =IF(H56<$H$2+1,($I$2-($I$2-1)*(LOG(H56)/LOG($H$2))),"") | J56: =INT(LOG($H$2,2))-ROUNDUP(LOG(H56,2),0)+IF(OR($H$2=1,$H$2=2,$H$2=4,$H$2=8,$H$2=16,$H$2=32,$H$2=64,$H$2=128,$H$2=256),0,1) -> -4 | K56: =J56*$J$2 -> -40 | M56: =IF(I56<>"",K56+I56+L56,0) -> 0
B57: =IF(H57>$H$2,"",(ROW()-5)) | H57: 52 | I57: =IF(H57<$H$2+1,($I$2-($I$2-1)*(LOG(H57)/LOG($H$2))),"") | J57: =INT(LOG($H$2,2))-ROUNDUP(LOG(H57,2),0)+IF(OR($H$2=1,$H$2=2,$H$2=4,$H$2=8,$H$2=16,$H$2=32,$H$2=64,$H$2=128,$H$2=256),0,1) -> -4 | K57: =J57*$J$2 -> -40 | M57: =IF(I57<>"",K57+I57+L57,0) -> 0
B58: =IF(H58>$H$2,"",(ROW()-5)) | H58: 53 | I58: =IF(H58<$H$2+1,($I$2-($I$2-1)*(LOG(H58)/LOG($H$2))),"") | J58: =INT(LOG($H$2,2))-ROUNDUP(LOG(H58,2),0)+IF(OR($H$2=1,$H$2=2,$H$2=4,$H$2=8,$H$2=16,$H$2=32,$H$2=64,$H$2=128,$H$2=256),0,1) -> -4 | K58: =J58*$J$2 -> -40 | M58: =IF(I58<>"",K58+I58+L58,0) -> 0
... B65: =IF(H65>$H$2,"",(ROW()-5)) | H65: 60 | I65: =IF(H65<$H$2+1,($I$2-($I$2-1)*(LOG(H65)/LOG($H$2))),"") | J65: =INT(LOG($H$2,2))-ROUNDUP(LOG(H65,2),0)+IF(OR($H$2=1,$H$2=2,$H$2=4,$H$2=8,$H$2=16,$H$2=32,$H$2=64,$H$2=128,$H$2=256),0,1) -> -4 | K65: =J65*$J$2 -> -40 | M65: =IF(I65<>"",K65+I65+L65,0) -> 0
H66: 61 | I66: =IF(H66<$H$2+1,($I$2-($I$2-1)*(LOG(H66)/LOG($H$2))),"") | J66: =INT(LOG($H$2,2))-ROUNDUP(LOG(H66,2),0)+IF(OR($H$2=1,$H$2=2,$H$2=4,$H$2=8,$H$2=16,$H$2=32,$H$2=64,$H$2=128,$H$2=256),0,1) -> -4 | K66: =J66*$J$2 -> -40 | M66: =IF(I66<>"",K66+I66+L66,0) -> 0
H67: 62 | I67: =IF(H67<$H$2+1,($I$2-($I$2-1)*(LOG(H67)/LOG($H$2))),"") | J67: =INT(LOG($H$2,2))-ROUNDUP(LOG(H67,2),0)+IF(OR($H$2=1,$H$2=2,$H$2=4,$H$2=8,$H$2=16,$H$2=32,$H$2=64,$H$2=128,$H$2=256),0,1) -> -4 | K67: =J67*$J$2 -> -40 | M67: =IF(I67<>"",K67+I67+L67,0) -> 0
H68: 63 | I68: =IF(H68<$H$2+1,($I$2-($I$2-1)*(LOG(H68)/LOG($H$2))),"") | J68: =INT(LOG($H$2,2))-ROUNDUP(LOG(H68,2),0)+IF(OR($H$2=1,$H$2=2,$H$2=4,$H$2=8,$H$2=16,$H$2=32,$H$2=64,$H$2=128,$H$2=256),0,1) -> -4 | K68: =J68*$J$2 -> -40 | M68: =IF(I68<>"",K68+I68+L68,0) -> 0
H69: 64 | I69: =IF(H69<$H$2+1,($I$2-($I$2-1)*(LOG(H69)/LOG($H$2))),"") | J69: =INT(LOG($H$2,2))-ROUNDUP(LOG(H69,2),0)+IF(OR($H$2=1,$H$2=2,$H$2=4,$H$2=8,$H$2=16,$H$2=32,$H$2=64,$H$2=128,$H$2=256),0,1) -> -4 | K69: =J69*$J$2 -> -40 | M69: =IF(I69<>"",K69+I69+L69,0) -> 0
H70: 65 | I70: =IF(H70<$H$2+1,($I$2-($I$2-1)*(LOG(H70)/LOG($H$2))),"") | J70: =INT(LOG($H$2,2))-ROUNDUP(LOG(H70,2),0)+IF(OR($H$2=1,$H$2=2,$H$2=4,$H$2=8,$H$2=16,$H$2=32,$H$2=64,$H$2=128,$H$2=256),0,1) -> -5 | K70: =J70*$J$2 -> -50 | M70: =IF(I70<>"",K70+I70+L70,0) -> 0
H71: 66 | I71: =IF(H71<$H$2+1,($I$2-($I$2-1)*(LOG(H71)/LOG($H$2))),"") | J71: =INT(LOG($H$2,2))-ROUNDUP(LOG(H71,2),0)+IF(OR($H$2=1,$H$2=2,$H$2=4,$H$2=8,$H$2=16,$H$2=32,$H$2=64,$H$2=128,$H$2=256),0,1) -> -5 | K71: =J71*$J$2 -> -50 | M71: =IF(I71<>"",K71+I71+L71,0) -> 0
H72: 67 | I72: =IF(H72<$H$2+1,($I$2-($I$2-1)*(LOG(H72)/LOG($H$2))),"") | J72: =INT(LOG($H$2,2))-ROUNDUP(LOG(H72,2),0)+IF(OR($H$2=1,$H$2=2,$H$2=4,$H$2=8,$H$2=16,$H$2=32,$H$2=64,$H$2=128,$H$2=256),0,1) -> -5 | K72: =J72*$J$2 -> -50 | M72: =IF(I72<>"",K72+I72+L72,0) -> 0
H73: 68 | I73: =IF(H73<$H$2+1,($I$2-($I$2-1)*(LOG(H73)/LOG($H$2))),"") | J73: =INT(LOG($H$2,2))-ROUNDUP(LOG(H73,2),0)+IF(OR($H$2=1,$H$2=2,$H$2=4,$H$2=8,$H$2=16,$H$2=32,$H$2=64,$H$2=128,$H$2=256),0,1) -> -5 | K73: =J73*$J$2 -> -50 | M73: =IF(I73<>"",K73+I73+L73,0) -> 0
H74: 69 | I74: =IF(H74<$H$2+1,($I$2-($I$2-1)*(LOG(H74)/LOG($H$2))),"") | J74: =INT(LOG($H$2,2))-ROUNDUP(LOG(H74,2),0)+IF(OR($H$2=1,$H$2=2,$H$2=4,$H$2=8,$H$2=16,$H$2=32,$H$2=64,$H$2=128,$H$2=256),0,1) -> -5 | K74: =J74*$J$2 -> -50 | M74: =IF(I74<>"",K74+I74+L74,0) -> 0
H75: 70 | I75: =IF(H75<$H$2+1,($I$2-($I$2-1)*(LOG(H75)/LOG($H$2))),"") | J75: =INT(LOG($H$2,2))-ROUNDUP(LOG(H75,2),0)+IF(OR($H$2=1,$H$2=2,$H$2=4,$H$2=8,$H$2=16,$H$2=32,$H$2=64,$H$2=128,$H$2=256),0,1) -> -5 | K75: =J75*$J$2 -> -50 | M75: =IF(I75<>"",K75+I75+L75,0) -> 0
H76: 71 | I76: =IF(H76<$H$2+1,($I$2-($I$2-1)*(LOG(H76)/LOG($H$2))),"") | J76: =INT(LOG($H$2,2))-ROUNDUP(LOG(H76,2),0)+IF(OR($H$2=1,$H$2=2,$H$2=4,$H$2=8,$H$2=16,$H$2=32,$H$2=64,$H$2=128,$H$2=256),0,1) -> -5 | K76: =J76*$J$2 -> -50 | M76: =IF(I76<>"",K76+I76+L76,0) -> 0
H77: 72 | I77: =IF(H77<$H$2+1,($I$2-($I$2-1)*(LOG(H77)/LOG($H$2))),"") | J77: =INT(LOG($H$2,2))-ROUNDUP(LOG(H77,2),0)+IF(OR($H$2=1,$H$2=2,$H$2=4,$H$2=8,$H$2=16,$H$2=32,$H$2=64,$H$2=128,$H$2=256),0,1) -> -5 | K77: =J77*$J$2 -> -50 | M77: =IF(I77<>"",K77+I77+L77,0) -> 0
... H305: 300 | I305: =IF(H305<$H$2+1,($I$2-($I$2-1)*(LOG(H305)/LOG($H$2))),"") | J305: =INT(LOG($H$2,2))-ROUNDUP(LOG(H305,2),0)+IF(OR($H$2=1,$H$2=2,$H$2=4,$H$2=8,$H$2=16,$H$2=32,$H$2=64,$H$2=128,$H$2=256),0,1) -> -7 | K305: =J305*$J$2 -> -70 | M305: =IF(I305<>"",K305+I305+L305,0) -> 0

Sheet PP5
H1: Liczba uczestników: | I1: GP Punkty | J1: Bonus za rundę | K1: Mnożnik za podium
B2: miejsce: | C2: SZCZECIN | H2: 1 | I2: 50 | J2: 10 | K2: =3*H2^(1/3) -> 3
B3: data: | C3: 26.04.2025
A5: Punkty | B5: Miejsce Place | C5: Nazwisko Imię Name | D5: Klub Club(s) | E5: Okręg Division | F5: Państwo Country | H5: Miejsce | I5: Punkty za miejsce | J5: awans do kolejnej rundy pucharowej | K5: bonus za rundy pucharowe | L5: punkty za podium | M5: Suma
A6: =M6 -> 59 | B6: =IF(H6>$H$2,"",(ROW()-5)) -> 1 | C6: GANSZCZYK Anna | D6: AZS AWF KATOWICE | H6: 1 | I6: =IF(H2=1,50,IF(H6<$H$2+1,($I$2-($I$2-1)*(LOG(H6)/LOG($H$2))),"")) -> 50 | J6: =INT(LOG($H$2,2))-ROUNDUP(LOG(H6,2),0)+IF(OR($H$2=1,$H$2=2,$H$2=4,$H$2=8,$H$2=16,$H$2=32,$H$2=64,$H$2=128,$H$2=256),0,1) -> 0 | K6: =J6*$J$2 -> 0 | L6: =3*K2 -> 9 | M6: =IF(I6<>"",K6+I6+L6,0) -> 59
A7: =M7 -> 0 | B7: =IF(H7>$H$2,"",(ROW()-5)) | H7: 2 | I7: =IF(H7<$H$2+1,($I$2-($I$2-1)*(LOG(H7)/LOG($H$2))),"") | J7: =INT(LOG($H$2,2))-ROUNDUP(LOG(H7,2),0)+IF(OR($H$2=1,$H$2=2,$H$2=4,$H$2=8,$H$2=16,$H$2=32,$H$2=64,$H$2=128,$H$2=256),0,1) -> -1 | K7: =J7*$J$2 -> -10 | L7: =2*K2 -> 6 | M7: =IF(I7<>"",K7+I7+L7,0) -> 0
A8: =M8 -> 0 | B8: =IF(H8>$H$2,"",(ROW()-5)) | H8: 3 | I8: =IF(H8<$H$2+1,($I$2-($I$2-1)*(LOG(H8)/LOG($H$2))),"") | J8: =INT(LOG($H$2,2))-ROUNDUP(LOG(H8,2),0)+IF(OR($H$2=1,$H$2=2,$H$2=4,$H$2=8,$H$2=16,$H$2=32,$H$2=64,$H$2=128,$H$2=256),0,1) -> -2 | K8: =J8*$J$2 -> -20 | L8: =K2 -> 3 | M8: =IF(I8<>"",K8+I8+L8,0) -> 0
A9: =M9 -> 0 | B9: =IF(H9>$H$2,"",(ROW()-5)) | H9: 4 | I9: =IF(H9<$H$2+1,($I$2-($I$2-1)*(LOG(H9)/LOG($H$2))),"") | J9: =INT(LOG($H$2,2))-ROUNDUP(LOG(H9,2),0)+IF(OR($H$2=1,$H$2=2,$H$2=4,$H$2=8,$H$2=16,$H$2=32,$H$2=64,$H$2=128,$H$2=256),0,1) -> -2 | K9: =J9*$J$2 -> -20 | M9: =IF(I9<>"",K9+I9+L9,0) -> 0 | AH9: x | AI9: 23
A10: =M10 -> 0 | B10: =IF(H10>$H$2,"",(ROW()-5)) | H10: 5 | I10: =IF(H10<$H$2+1,($I$2-($I$2-1)*(LOG(H10)/LOG($H$2))),"") | J10: =INT(LOG($H$2,2))-ROUNDUP(LOG(H10,2),0)+IF(OR($H$2=1,$H$2=2,$H$2=4,$H$2=8,$H$2=16,$H$2=32,$H$2=64,$H$2=128,$H$2=256),0,1) -> -3 | K10: =J10*$J$2 -> -30 | M10: =IF(I10<>"",K10+I10+L10,0) -> 0 | AH10: N | AI10: 45
A11: =M11 -> 0 | B11: =IF(H11>$H$2,"",(ROW()-5)) | H11: 6 | I11: =IF(H11<$H$2+1,($I$2-($I$2-1)*(LOG(H11)/LOG($H$2))),"") | J11: =INT(LOG($H$2,2))-ROUNDUP(LOG(H11,2),0)+IF(OR($H$2=1,$H$2=2,$H$2=4,$H$2=8,$H$2=16,$H$2=32,$H$2=64,$H$2=128,$H$2=256),0,1) -> -3 | K11: =J11*$J$2 -> -30 | M11: =IF(I11<>"",K11+I11+L11,0) -> 0 | AH11: MP | AI11: 50
A12: =M12 -> 0 | B12: =IF(H12>$H$2,"",(ROW()-5)) | H12: 7 | I12: =IF(H12<$H$2+1,($I$2-($I$2-1)*(LOG(H12)/LOG($H$2))),"") | J12: =INT(LOG($H$2,2))-ROUNDUP(LOG(H12,2),0)+IF(OR($H$2=1,$H$2=2,$H$2=4,$H$2=8,$H$2=16,$H$2=32,$H$2=64,$H$2=128,$H$2=256),0,1) -> -3 | K12: =J12*$J$2 -> -30 | M12: =IF(I12<>"",K12+I12+L12,0) -> 0 | AH12: MP-1 | AI12: =AI11-1 -> 49
A13: =M13 -> 0 | B13: =IF(H13>$H$2,"",(ROW()-5)) | H13: 8 | I13: =IF(H13<$H$2+1,($I$2-($I$2-1)*(LOG(H13)/LOG($H$2))),"") | J13: =INT(LOG($H$2,2))-ROUNDUP(LOG(H13,2),0)+IF(OR($H$2=1,$H$2=2,$H$2=4,$H$2=8,$H$2=16,$H$2=32,$H$2=64,$H$2=128,$H$2=256),0,1) -> -3 | K13: =J13*$J$2 -> -30 | M13: =IF(I13<>"",K13+I13+L13,0) -> 0 | AH13: log(x) | AI13: =LOG(AI9) -> 1.3617278
A14: =M14 -> 0 | B14: =IF(H14>$H$2,"",(ROW()-5)) | H14: 9 | I14: =IF(H14<$H$2+1,($I$2-($I$2-1)*(LOG(H14)/LOG($H$2))),"") | J14: =INT(LOG($H$2,2))-ROUNDUP(LOG(H14,2),0)+IF(OR($H$2=1,$H$2=2,$H$2=4,$H$2=8,$H$2=16,$H$2=32,$H$2=64,$H$2=128,$H$2=256),0,1) -> -4 | K14: =J14*$J$2 -> -40 | M14: =IF(I14<>"",K14+I14+L14,0) -> 0 | AH14: Log(N) | AI14: =LOG(AI10) -> 1.6532125
A15: =M15 -> 0 | B15: =IF(H15>$H$2,"",(ROW()-5)) | H15: 10 | I15: =IF(H15<$H$2+1,($I$2-($I$2-1)*(LOG(H15)/LOG($H$2))),"") | J15: =INT(LOG($H$2,2))-ROUNDUP(LOG(H15,2),0)+IF(OR($H$2=1,$H$2=2,$H$2=4,$H$2=8,$H$2=16,$H$2=32,$H$2=64,$H$2=128,$H$2=256),0,1) -> -4 | K15: =J15*$J$2 -> -40 | M15: =IF(I15<>"",K15+I15+L15,0) -> 0
A16: =M16 -> 0 | B16: =IF(H16>$H$2,"",(ROW()-5)) | H16: 11 | I16: =IF(H16<$H$2+1,($I$2-($I$2-1)*(LOG(H16)/LOG($H$2))),"") | J16: =INT(LOG($H$2,2))-ROUNDUP(LOG(H16,2),0)+IF(OR($H$2=1,$H$2=2,$H$2=4,$H$2=8,$H$2=16,$H$2=32,$H$2=64,$H$2=128,$H$2=256),0,1) -> -4 | K16: =J16*$J$2 -> -40 | M16: =IF(I16<>"",K16+I16+L16,0) -> 0 | AH16: MP - (MP-1)*LOG(x)/LOG(N) | AI16: =AI11-AI12*AI13/AI14 -> 9.6393909 | AJ16: points
A17: =M17 -> 0 | B17: =IF(H17>$H$2,"",(ROW()-5)) | H17: 12 | I17: =IF(H17<$H$2+1,($I$2-($I$2-1)*(LOG(H17)/LOG($H$2))),"") | J17: =INT(LOG($H$2,2))-ROUNDUP(LOG(H17,2),0)+IF(OR($H$2=1,$H$2=2,$H$2=4,$H$2=8,$H$2=16,$H$2=32,$H$2=64,$H$2=128,$H$2=256),0,1) -> -4 | K17: =J17*$J$2 -> -40 | M17: =IF(I17<>"",K17+I17+L17,0) -> 0
A18: =M18 -> 0 | B18: =IF(H18>$H$2,"",(ROW()-5)) | H18: 13 | I18: =IF(H18<$H$2+1,($I$2-($I$2-1)*(LOG(H18)/LOG($H$2))),"") | J18: =INT(LOG($H$2,2))-ROUNDUP(LOG(H18,2),0)+IF(OR($H$2=1,$H$2=2,$H$2=4,$H$2=8,$H$2=16,$H$2=32,$H$2=64,$H$2=128,$H$2=256),0,1) -> -4 | K18: =J18*$J$2 -> -40 | M18: =IF(I18<>"",K18+I18+L18,0) -> 0
A19: =M19 -> 0 | B19: =IF(H19>$H$2,"",(ROW()-5)) | H19: 14 | I19: =IF(H19<$H$2+1,($I$2-($I$2-1)*(LOG(H19)/LOG($H$2))),"") | J19: =INT(LOG($H$2,2))-ROUNDUP(LOG(H19,2),0)+IF(OR($H$2=1,$H$2=2,$H$2=4,$H$2=8,$H$2=16,$H$2=32,$H$2=64,$H$2=128,$H$2=256),0,1) -> -4 | K19: =J19*$J$2 -> -40 | M19: =IF(I19<>"",K19+I19+L19,0) -> 0
A20: =M20 -> 0 | B20: =IF(H20>$H$2,"",(ROW()-5)) | H20: 15 | I20: =IF(H20<$H$2+1,($I$2-($I$2-1)*(LOG(H20)/LOG($H$2))),"") | J20: =INT(LOG($H$2,2))-ROUNDUP(LOG(H20,2),0)+IF(OR($H$2=1,$H$2=2,$H$2=4,$H$2=8,$H$2=16,$H$2=32,$H$2=64,$H$2=128,$H$2=256),0,1) -> -4 | K20: =J20*$J$2 -> -40 | M20: =IF(I20<>"",K20+I20+L20,0) -> 0
A21: =M21 -> 0 | B21: =IF(H21>$H$2,"",(ROW()-5)) | H21: 16 | I21: =IF(H21<$H$2+1,($I$2-($I$2-1)*(LOG(H21)/LOG($H$2))),"") | J21: =INT(LOG($H$2,2))-ROUNDUP(LOG(H21,2),0)+IF(OR($H$2=1,$H$2=2,$H$2=4,$H$2=8,$H$2=16,$H$2=32,$H$2=64,$H$2=128,$H$2=256),0,1) -> -4 | K21: =J21*$J$2 -> -40 | M21: =IF(I21<>"",K21+I21+L21,0) -> 0
A22: =M22 -> 0 | B22: =IF(H22>$H$2,"",(ROW()-5)) | H22: 17 | I22: =IF(H22<$H$2+1,($I$2-($I$2-1)*(LOG(H22)/LOG($H$2))),"") | J22: =INT(LOG($H$2,2))-ROUNDUP(LOG(H22,2),0)+IF(OR($H$2=1,$H$2=2,$H$2=4,$H$2=8,$H$2=16,$H$2=32,$H$2=64,$H$2=128,$H$2=256),0,1) -> -5 | K22: =J22*$J$2 -> -50 | M22: =IF(I22<>"",K22+I22+L22,0) -> 0
A23: =M23 -> 0 | B23: =IF(H23>$H$2,"",(ROW()-5)) | H23: 18 | I23: =IF(H23<$H$2+1,($I$2-($I$2-1)*(LOG(H23)/LOG($H$2))),"") | J23: =INT(LOG($H$2,2))-ROUNDUP(LOG(H23,2),0)+IF(OR($H$2=1,$H$2=2,$H$2=4,$H$2=8,$H$2=16,$H$2=32,$H$2=64,$H$2=128,$H$2=256),0,1) -> -5 | K23: =J23*$J$2 -> -50 | M23: =IF(I23<>"",K23+I23+L23,0) -> 0
A24: =M24 -> 0 | B24: =IF(H24>$H$2,"",(ROW()-5)) | H24: 19 | I24: =IF(H24<$H$2+1,($I$2-($I$2-1)*(LOG(H24)/LOG($H$2))),"") | J24: =INT(LOG($H$2,2))-ROUNDUP(LOG(H24,2),0)+IF(OR($H$2=1,$H$2=2,$H$2=4,$H$2=8,$H$2=16,$H$2=32,$H$2=64,$H$2=128,$H$2=256),0,1) -> -5 | K24: =J24*$J$2 -> -50 | M24: =IF(I24<>"",K24+I24+L24,0) -> 0
A25: =M25 -> 0 | B25: =IF(H25>$H$2,"",(ROW()-5)) | H25: 20 | I25: =IF(H25<$H$2+1,($I$2-($I$2-1)*(LOG(H25)/LOG($H$2))),"") | J25: =INT(LOG($H$2,2))-ROUNDUP(LOG(H25,2),0)+IF(OR($H$2=1,$H$2=2,$H$2=4,$H$2=8,$H$2=16,$H$2=32,$H$2=64,$H$2=128,$H$2=256),0,1) -> -5 | K25: =J25*$J$2 -> -50 | M25: =IF(I25<>"",K25+I25+L25,0) -> 0
A26: =M26 -> 0 | B26: =IF(H26>$H$2,"",(ROW()-5)) | H26: 21 | I26: =IF(H26<$H$2+1,($I$2-($I$2-1)*(LOG(H26)/LOG($H$2))),"") | J26: =INT(LOG($H$2,2))-ROUNDUP(LOG(H26,2),0)+IF(OR($H$2=1,$H$2=2,$H$2=4,$H$2=8,$H$2=16,$H$2=32,$H$2=64,$H$2=128,$H$2=256),0,1) -> -5 | K26: =J26*$J$2 -> -50 | M26: =IF(I26<>"",K26+I26+L26,0) -> 0
A27: =M27 -> 0 | B27: =IF(H27>$H$2,"",(ROW()-5)) | H27: 22 | I27: =IF(H27<$H$2+1,($I$2-($I$2-1)*(LOG(H27)/LOG($H$2))),"") | J27: =INT(LOG($H$2,2))-ROUNDUP(LOG(H27,2),0)+IF(OR($H$2=1,$H$2=2,$H$2=4,$H$2=8,$H$2=16,$H$2=32,$H$2=64,$H$2=128,$H$2=256),0,1) -> -5 | K27: =J27*$J$2 -> -50 | M27: =IF(I27<>"",K27+I27+L27,0) -> 0
A28: =M28 -> 0 | B28: =IF(H28>$H$2,"",(ROW()-5)) | H28: 23 | I28: =IF(H28<$H$2+1,($I$2-($I$2-1)*(LOG(H28)/LOG($H$2))),"") | J28: =INT(LOG($H$2,2))-ROUNDUP(LOG(H28,2),0)+IF(OR($H$2=1,$H$2=2,$H$2=4,$H$2=8,$H$2=16,$H$2=32,$H$2=64,$H$2=128,$H$2=256),0,1) -> -5 | K28: =J28*$J$2 -> -50 | M28: =IF(I28<>"",K28+I28+L28,0) -> 0
... A37: =M37 -> 0 | B37: =IF(H37>$H$2,"",(ROW()-5)) | H37: 32 | I37: =IF(H37<$H$2+1,($I$2-($I$2-1)*(LOG(H37)/LOG($H$2))),"") | J37: =INT(LOG($H$2,2))-ROUNDUP(LOG(H37,2),0)+IF(OR($H$2=1,$H$2=2,$H$2=4,$H$2=8,$H$2=16,$H$2=32,$H$2=64,$H$2=128,$H$2=256),0,1) -> -5 | K37: =J37*$J$2 -> -50 | M37: =IF(I37<>"",K37+I37+L37,0) -> 0
B38: =IF(H38>$H$2,"",(ROW()-5)) | H38: 33 | I38: =IF(H38<$H$2+1,($I$2-($I$2-1)*(LOG(H38)/LOG($H$2))),"") | J38: =INT(LOG($H$2,2))-ROUNDUP(LOG(H38,2),0)+IF(OR($H$2=1,$H$2=2,$H$2=4,$H$2=8,$H$2=16,$H$2=32,$H$2=64,$H$2=128,$H$2=256),0,1) -> -6 | K38: =J38*$J$2 -> -60 | M38: =IF(I38<>"",K38+I38+L38,0) -> 0
B39: =IF(H39>$H$2,"",(ROW()-5)) | H39: 34 | I39: =IF(H39<$H$2+1,($I$2-($I$2-1)*(LOG(H39)/LOG($H$2))),"") | J39: =INT(LOG($H$2,2))-ROUNDUP(LOG(H39,2),0)+IF(OR($H$2=1,$H$2=2,$H$2=4,$H$2=8,$H$2=16,$H$2=32,$H$2=64,$H$2=128,$H$2=256),0,1) -> -6 | K39: =J39*$J$2 -> -60 | M39: =IF(I39<>"",K39+I39+L39,0) -> 0
B40: =IF(H40>$H$2,"",(ROW()-5)) | H40: 35 | I40: =IF(H40<$H$2+1,($I$2-($I$2-1)*(LOG(H40)/LOG($H$2))),"") | J40: =INT(LOG($H$2,2))-ROUNDUP(LOG(H40,2),0)+IF(OR($H$2=1,$H$2=2,$H$2=4,$H$2=8,$H$2=16,$H$2=32,$H$2=64,$H$2=128,$H$2=256),0,1) -> -6 | K40: =J40*$J$2 -> -60 | M40: =IF(I40<>"",K40+I40+L40,0) -> 0
B41: =IF(H41>$H$2,"",(ROW()-5)) | H41: 36 | I41: =IF(H41<$H$2+1,($I$2-($I$2-1)*(LOG(H41)/LOG($H$2))),"") | J41: =INT(LOG($H$2,2))-ROUNDUP(LOG(H41,2),0)+IF(OR($H$2=1,$H$2=2,$H$2=4,$H$2=8,$H$2=16,$H$2=32,$H$2=64,$H$2=128,$H$2=256),0,1) -> -6 | K41: =J41*$J$2 -> -60 | M41: =IF(I41<>"",K41+I41+L41,0) -> 0
B42: =IF(H42>$H$2,"",(ROW()-5)) | H42: 37 | I42: =IF(H42<$H$2+1,($I$2-($I$2-1)*(LOG(H42)/LOG($H$2))),"") | J42: =INT(LOG($H$2,2))-ROUNDUP(LOG(H42,2),0)+IF(OR($H$2=1,$H$2=2,$H$2=4,$H$2=8,$H$2=16,$H$2=32,$H$2=64,$H$2=128,$H$2=256),0,1) -> -6 | K42: =J42*$J$2 -> -60 | M42: =IF(I42<>"",K42+I42+L42,0) -> 0
B43: =IF(H43>$H$2,"",(ROW()-5)) | H43: 38 | I43: =IF(H43<$H$2+1,($I$2-($I$2-1)*(LOG(H43)/LOG($H$2))),"") | J43: =INT(LOG($H$2,2))-ROUNDUP(LOG(H43,2),0)+IF(OR($H$2=1,$H$2=2,$H$2=4,$H$2=8,$H$2=16,$H$2=32,$H$2=64,$H$2=128,$H$2=256),0,1) -> -6 | K43: =J43*$J$2 -> -60 | M43: =IF(I43<>"",K43+I43+L43,0) -> 0
B44: =IF(H44>$H$2,"",(ROW()-5)) | H44: 39 | I44: =IF(H44<$H$2+1,($I$2-($I$2-1)*(LOG(H44)/LOG($H$2))),"") | J44: =INT(LOG($H$2,2))-ROUNDUP(LOG(H44,2),0)+IF(OR($H$2=1,$H$2=2,$H$2=4,$H$2=8,$H$2=16,$H$2=32,$H$2=64,$H$2=128,$H$2=256),0,1) -> -6 | K44: =J44*$J$2 -> -60 | M44: =IF(I44<>"",K44+I44+L44,0) -> 0
B45: =IF(H45>$H$2,"",(ROW()-5)) | H45: 40 | I45: =IF(H45<$H$2+1,($I$2-($I$2-1)*(LOG(H45)/LOG($H$2))),"") | J45: =INT(LOG($H$2,2))-ROUNDUP(LOG(H45,2),0)+IF(OR($H$2=1,$H$2=2,$H$2=4,$H$2=8,$H$2=16,$H$2=32,$H$2=64,$H$2=128,$H$2=256),0,1) -> -6 | K45: =J45*$J$2 -> -60 | M45: =IF(I45<>"",K45+I45+L45,0) -> 0
B46: =IF(H46>$H$2,"",(ROW()-5)) | H46: 41 | I46: =IF(H46<$H$2+1,($I$2-($I$2-1)*(LOG(H46)/LOG($H$2))),"") | J46: =INT(LOG($H$2,2))-ROUNDUP(LOG(H46,2),0)+IF(OR($H$2=1,$H$2=2,$H$2=4,$H$2=8,$H$2=16,$H$2=32,$H$2=64,$H$2=128,$H$2=256),0,1) -> -6 | K46: =J46*$J$2 -> -60 | M46: =IF(I46<>"",K46+I46+L46,0) -> 0 | R46: =LOG($H$2,2) -> 0 | T46: =LOG(H38,2) -> 5.0443941 | U46: =R46-T46 -> -5.0443941
B47: =IF(H47>$H$2,"",(ROW()-5)) | H47: 42 | I47: =IF(H47<$H$2+1,($I$2-($I$2-1)*(LOG(H47)/LOG($H$2))),"") | J47: =INT(LOG($H$2,2))-ROUNDUP(LOG(H47,2),0)+IF(OR($H$2=1,$H$2=2,$H$2=4,$H$2=8,$H$2=16,$H$2=32,$H$2=64,$H$2=128,$H$2=256),0,1) -> -6 | K47: =J47*$J$2 -> -60 | M47: =IF(I47<>"",K47+I47+L47,0) -> 0
B48: =IF(H48>$H$2,"",(ROW()-5)) | H48: 43 | I48: =IF(H48<$H$2+1,($I$2-($I$2-1)*(LOG(H48)/LOG($H$2))),"") | J48: =INT(LOG($H$2,2))-ROUNDUP(LOG(H48,2),0)+IF(OR($H$2=1,$H$2=2,$H$2=4,$H$2=8,$H$2=16,$H$2=32,$H$2=64,$H$2=128,$H$2=256),0,1) -> -6 | K48: =J48*$J$2 -> -60 | M48: =IF(I48<>"",K48+I48+L48,0) -> 0
B49: =IF(H49>$H$2,"",(ROW()-5)) | H49: 44 | I49: =IF(H49<$H$2+1,($I$2-($I$2-1)*(LOG(H49)/LOG($H$2))),"") | J49: =INT(LOG($H$2,2))-ROUNDUP(LOG(H49,2),0)+IF(OR($H$2=1,$H$2=2,$H$2=4,$H$2=8,$H$2=16,$H$2=32,$H$2=64,$H$2=128,$H$2=256),0,1) -> -6 | K49: =J49*$J$2 -> -60 | M49: =IF(I49<>"",K49+I49+L49,0) -> 0
B50: =IF(H50>$H$2,"",(ROW()-5)) | H50: 45 | I50: =IF(H50<$H$2+1,($I$2-($I$2-1)*(LOG(H50)/LOG($H$2))),"") | J50: =INT(LOG($H$2,2))-ROUNDUP(LOG(H50,2),0)+IF(OR($H$2=1,$H$2=2,$H$2=4,$H$2=8,$H$2=16,$H$2=32,$H$2=64,$H$2=128,$H$2=256),0,1) -> -6 | K50: =J50*$J$2 -> -60 | M50: =IF(I50<>"",K50+I50+L50,0) -> 0
B51: =IF(H51>$H$2,"",(ROW()-5)) | H51: 46 | I51: =IF(H51<$H$2+1,($I$2-($I$2-1)*(LOG(H51)/LOG($H$2))),"") | J51: =INT(LOG($H$2,2))-ROUNDUP(LOG(H51,2),0)+IF(OR($H$2=1,$H$2=2,$H$2=4,$H$2=8,$H$2=16,$H$2=32,$H$2=64,$H$2=128,$H$2=256),0,1) -> -6 | K51: =J51*$J$2 -> -60 | M51: =IF(I51<>"",K51+I51+L51,0) -> 0
B52: =IF(H52>$H$2,"",(ROW()-5)) | H52: 47 | I52: =IF(H52<$H$2+1,($I$2-($I$2-1)*(LOG(H52)/LOG($H$2))),"") | J52: =INT(LOG($H$2,2))-ROUNDUP(LOG(H52,2),0)+IF(OR($H$2=1,$H$2=2,$H$2=4,$H$2=8,$H$2=16,$H$2=32,$H$2=64,$H$2=128,$H$2=256),0,1) -> -6 | K52: =J52*$J$2 -> -60 | M52: =IF(I52<>"",K52+I52+L52,0) -> 0
B53: =IF(H53>$H$2,"",(ROW()-5)) | H53: 48 | I53: =IF(H53<$H$2+1,($I$2-($I$2-1)*(LOG(H53)/LOG($H$2))),"") | J53: =INT(LOG($H$2,2))-ROUNDUP(LOG(H53,2),0)+IF(OR($H$2=1,$H$2=2,$H$2=4,$H$2=8,$H$2=16,$H$2=32,$H$2=64,$H$2=128,$H$2=256),0,1) -> -6 | K53: =J53*$J$2 -> -60 | M53: =IF(I53<>"",K53+I53+L53,0) -> 0
B54: =IF(H54>$H$2,"",(ROW()-5)) | H54: 49 | I54: =IF(H54<$H$2+1,($I$2-($I$2-1)*(LOG(H54)/LOG($H$2))),"") | J54: =INT(LOG($H$2,2))-ROUNDUP(LOG(H54,2),0)+IF(OR($H$2=1,$H$2=2,$H$2=4,$H$2=8,$H$2=16,$H$2=32,$H$2=64,$H$2=128,$H$2=256),0,1) -> -6 | K54: =J54*$J$2 -> -60 | M54: =IF(I54<>"",K54+I54+L54,0) -> 0
B55: =IF(H55>$H$2,"",(ROW()-5)) | H55: 50 | I55: =IF(H55<$H$2+1,($I$2-($I$2-1)*(LOG(H55)/LOG($H$2))),"") | J55: =INT(LOG($H$2,2))-ROUNDUP(LOG(H55,2),0)+IF(OR($H$2=1,$H$2=2,$H$2=4,$H$2=8,$H$2=16,$H$2=32,$H$2=64,$H$2=128,$H$2=256),0,1) -> -6 | K55: =J55*$J$2 -> -60 | M55: =IF(I55<>"",K55+I55+L55,0) -> 0
B56: =IF(H56>$H$2,"",(ROW()-5)) | H56: 51 | I56: =IF(H56<$H$2+1,($I$2-($I$2-1)*(LOG(H56)/LOG($H$2))),"") | J56: =INT(LOG($H$2,2))-ROUNDUP(LOG(H56,2),0)+IF(OR($H$2=1,$H$2=2,$H$2=4,$H$2=8,$H$2=16,$H$2=32,$H$2=64,$H$2=128,$H$2=256),0,1) -> -6 | K56: =J56*$J$2 -> -60 | M56: =IF(I56<>"",K56+I56+L56,0) -> 0
B57: =IF(H57>$H$2,"",(ROW()-5)) | H57: 52 | I57: =IF(H57<$H$2+1,($I$2-($I$2-1)*(LOG(H57)/LOG($H$2))),"") | J57: =INT(LOG($H$2,2))-ROUNDUP(LOG(H57,2),0)+IF(OR($H$2=1,$H$2=2,$H$2=4,$H$2=8,$H$2=16,$H$2=32,$H$2=64,$H$2=128,$H$2=256),0,1) -> -6 | K57: =J57*$J$2 -> -60 | M57: =IF(I57<>"",K57+I57+L57,0) -> 0
B58: =IF(H58>$H$2,"",(ROW()-5)) | H58: 53 | I58: =IF(H58<$H$2+1,($I$2-($I$2-1)*(LOG(H58)/LOG($H$2))),"") | J58: =INT(LOG($H$2,2))-ROUNDUP(LOG(H58,2),0)+IF(OR($H$2=1,$H$2=2,$H$2=4,$H$2=8,$H$2=16,$H$2=32,$H$2=64,$H$2=128,$H$2=256),0,1) -> -6 | K58: =J58*$J$2 -> -60 | M58: =IF(I58<>"",K58+I58+L58,0) -> 0
... B65: =IF(H65>$H$2,"",(ROW()-5)) | H65: 60 | I65: =IF(H65<$H$2+1,($I$2-($I$2-1)*(LOG(H65)/LOG($H$2))),"") | J65: =INT(LOG($H$2,2))-ROUNDUP(LOG(H65,2),0)+IF(OR($H$2=1,$H$2=2,$H$2=4,$H$2=8,$H$2=16,$H$2=32,$H$2=64,$H$2=128,$H$2=256),0,1) -> -6 | K65: =J65*$J$2 -> -60 | M65: =IF(I65<>"",K65+I65+L65,0) -> 0
H66: 61 | I66: =IF(H66<$H$2+1,($I$2-($I$2-1)*(LOG(H66)/LOG($H$2))),"") | J66: =INT(LOG($H$2,2))-ROUNDUP(LOG(H66,2),0)+IF(OR($H$2=1,$H$2=2,$H$2=4,$H$2=8,$H$2=16,$H$2=32,$H$2=64,$H$2=128,$H$2=256),0,1) -> -6 | K66: =J66*$J$2 -> -60 | M66: =IF(I66<>"",K66+I66+L66,0) -> 0
H67: 62 | I67: =IF(H67<$H$2+1,($I$2-($I$2-1)*(LOG(H67)/LOG($H$2))),"") | J67: =INT(LOG($H$2,2))-ROUNDUP(LOG(H67,2),0)+IF(OR($H$2=1,$H$2=2,$H$2=4,$H$2=8,$H$2=16,$H$2=32,$H$2=64,$H$2=128,$H$2=256),0,1) -> -6 | K67: =J67*$J$2 -> -60 | M67: =IF(I67<>"",K67+I67+L67,0) -> 0
H68: 63 | I68: =IF(H68<$H$2+1,($I$2-($I$2-1)*(LOG(H68)/LOG($H$2))),"") | J68: =INT(LOG($H$2,2))-ROUNDUP(LOG(H68,2),0)+IF(OR($H$2=1,$H$2=2,$H$2=4,$H$2=8,$H$2=16,$H$2=32,$H$2=64,$H$2=128,$H$2=256),0,1) -> -6 | K68: =J68*$J$2 -> -60 | M68: =IF(I68<>"",K68+I68+L68,0) -> 0
H69: 64 | I69: =IF(H69<$H$2+1,($I$2-($I$2-1)*(LOG(H69)/LOG($H$2))),"") | J69: =INT(LOG($H$2,2))-ROUNDUP(LOG(H69,2),0)+IF(OR($H$2=1,$H$2=2,$H$2=4,$H$2=8,$H$2=16,$H$2=32,$H$2=64,$H$2=128,$H$2=256),0,1) -> -6 | K69: =J69*$J$2 -> -60 | M69: =IF(I69<>"",K69+I69+L69,0) -> 0
H70: 65 | I70: =IF(H70<$H$2+1,($I$2-($I$2-1)*(LOG(H70)/LOG($H$2))),"") | J70: =INT(LOG($H$2,2))-ROUNDUP(LOG(H70,2),0)+IF(OR($H$2=1,$H$2=2,$H$2=4,$H$2=8,$H$2=16,$H$2=32,$H$2=64,$H$2=128,$H$2=256),0,1) -> -7 | K70: =J70*$J$2 -> -70 | M70: =IF(I70<>"",K70+I70+L70,0) -> 0
H71: 66 | I71: =IF(H71<$H$2+1,($I$2-($I$2-1)*(LOG(H71)/LOG($H$2))),"") | J71: =INT(LOG($H$2,2))-ROUNDUP(LOG(H71,2),0)+IF(OR($H$2=1,$H$2=2,$H$2=4,$H$2=8,$H$2=16,$H$2=32,$H$2=64,$H$2=128,$H$2=256),0,1) -> -7 | K71: =J71*$J$2 -> -70 | M71: =IF(I71<>"",K71+I71+L71,0) -> 0
H72: 67 | I72: =IF(H72<$H$2+1,($I$2-($I$2-1)*(LOG(H72)/LOG($H$2))),"") | J72: =INT(LOG($H$2,2))-ROUNDUP(LOG(H72,2),0)+IF(OR($H$2=1,$H$2=2,$H$2=4,$H$2=8,$H$2=16,$H$2=32,$H$2=64,$H$2=128,$H$2=256),0,1) -> -7 | K72: =J72*$J$2 -> -70 | M72: =IF(I72<>"",K72+I72+L72,0) -> 0
H73: 68 | I73: =IF(H73<$H$2+1,($I$2-($I$2-1)*(LOG(H73)/LOG($H$2))),"") | J73: =INT(LOG($H$2,2))-ROUNDUP(LOG(H73,2),0)+IF(OR($H$2=1,$H$2=2,$H$2=4,$H$2=8,$H$2=16,$H$2=32,$H$2=64,$H$2=128,$H$2=256),0,1) -> -7 | K73: =J73*$J$2 -> -70 | M73: =IF(I73<>"",K73+I73+L73,0) -> 0
H74: 69 | I74: =IF(H74<$H$2+1,($I$2-($I$2-1)*(LOG(H74)/LOG($H$2))),"") | J74: =INT(LOG($H$2,2))-ROUNDUP(LOG(H74,2),0)+IF(OR($H$2=1,$H$2=2,$H$2=4,$H$2=8,$H$2=16,$H$2=32,$H$2=64,$H$2=128,$H$2=256),0,1) -> -7 | K74: =J74*$J$2 -> -70 | M74: =IF(I74<>"",K74+I74+L74,0) -> 0
H75: 70 | I75: =IF(H75<$H$2+1,($I$2-($I$2-1)*(LOG(H75)/LOG($H$2))),"") | J75: =INT(LOG($H$2,2))-ROUNDUP(LOG(H75,2),0)+IF(OR($H$2=1,$H$2=2,$H$2=4,$H$2=8,$H$2=16,$H$2=32,$H$2=64,$H$2=128,$H$2=256),0,1) -> -7 | K75: =J75*$J$2 -> -70 | M75: =IF(I75<>"",K75+I75+L75,0) -> 0
H76: 71 | I76: =IF(H76<$H$2+1,($I$2-($I$2-1)*(LOG(H76)/LOG($H$2))),"") | J76: =INT(LOG($H$2,2))-ROUNDUP(LOG(H76,2),0)+IF(OR($H$2=1,$H$2=2,$H$2=4,$H$2=8,$H$2=16,$H$2=32,$H$2=64,$H$2=128,$H$2=256),0,1) -> -7 | K76: =J76*$J$2 -> -70 | M76: =IF(I76<>"",K76+I76+L76,0) -> 0
H77: 72 | I77: =IF(H77<$H$2+1,($I$2-($I$2-1)*(LOG(H77)/LOG($H$2))),"") | J77: =INT(LOG($H$2,2))-ROUNDUP(LOG(H77,2),0)+IF(OR($H$2=1,$H$2=2,$H$2=4,$H$2=8,$H$2=16,$H$2=32,$H$2=64,$H$2=128,$H$2=256),0,1) -> -7 | K77: =J77*$J$2 -> -70 | M77: =IF(I77<>"",K77+I77+L77,0) -> 0
... H305: 300 | I305: =IF(H305<$H$2+1,($I$2-($I$2-1)*(LOG(H305)/LOG($H$2))),"") | J305: =INT(LOG($H$2,2))-ROUNDUP(LOG(H305,2),0)+IF(OR($H$2=1,$H$2=2,$H$2=4,$H$2=8,$H$2=16,$H$2=32,$H$2=64,$H$2=128,$H$2=256),0,1) -> -9 | K305: =J305*$J$2 -> -90 | M305: =IF(I305<>"",K305+I305+L305,0) -> 0

Sheet MPW
H1: Liczba uczestników: | I1: GP Punkty | J1: Bonus za rundę | K1: Podium | L1: Współczynnik MPW
B2: miejsce: | C2: PABIANICE | H2: 4 | I2: 50 | J2: 10 | K2: =3*H2^(1/3) -> 4.7622032 | L2: =1.2 -> 1.2
B3: data: | C3: 7.06.2025
A5: Punkty | B5: Miejsce Place | C5: Nazwisko Imię Name | D5: Klub Club(s) | E5: Okręg Division | F5: Państwo Country | H5: Miejsce | I5: Punkty za miejsce | J5: awans do kolejnej rundy pucharowej | K5: bonus za rundy pucharowe | L5: punkty za podium | M5: Suma | N5: Punkty MPW | P5: MIEJSCE | Q5: NAZWISKO | R5: RUNDA | S5: PKTY
A6: =N6 -> 113.14393 | B6: =IF(H6>$H$2,"",(ROW()-5)) -> 1 | C6: WASILCZUK Beata | D6: IKS AZS WARSZAWA | E6: POL | H6: 1 | I6: =IF(H2=1,50,IF(H6<$H$2+1,($I$2-($I$2-1)*(LOG(H6)/LOG($H$2))),"")) -> 50 | J6: 3 | K6: =J6*$J$2 -> 30 | L6: =3*K2 -> 14.286609 | M6: =IF(I6<>"",K6+I6+L6,0) -> 94.286609 | N6: =IF(I6<>"",M6*L$2,0) -> 113.14393 | P6: 1 | Q6: WASILCZUK Beata (2) | R6: 3 | S6: 30
A7: =N7 -> 66.029288 | B7: =IF(H7>$H$2,"",(ROW()-5)) -> 2 | C7: GANSZCZYK Anna | D7: AZS AWF KATOWICE | E7: POL | H7: 2 | I7: =IF(H7<$H$2+1,($I$2-($I$2-1)*(LOG(H7)/LOG($H$2))),"") -> 25.5 | J7: 2 | K7: =J7*$J$2 -> 20 | L7: =2*K2 -> 9.5244063 | M7: =IF(I7<>"",K7+I7+L7,0) -> 55.024406 | N7: =IF(I7<>"",M7*L$2,0) -> 66.029288 | P7: 2 | Q7: GANSZCZYK Anna (2) | R7: 2 | S7: 20
A8: =N8 -> 31.116746 | B8: =IF(H8>$H$2,"",(ROW()-5)) -> 3 | C8: SADOWIŃSKA Adriana | D8: AZS AWF KRAKÓW | E8: POL | H8: 3 | I8: =IF(H8<$H$2+1,($I$2-($I$2-1)*(LOG(H8)/LOG($H$2))),"") -> 11.168419 | J8: 1 | K8: =J8*$J$2 -> 10 | L8: =K2 -> 4.7622032 | M8: =IF(I8<>"",K8+I8+L8,0) -> 25.930622 | N8: =IF(I8<>"",M8*L$2,0) -> 31.116746 | P8: 3 | Q8: SADOWIŃSKA Adriana (2) | R8: 1 | S8: 10
A9: =N9 -> 1.2 | B9: =IF(H9>$H$2,"",(ROW()-5)) -> 4 | C9: WALECKA Wanda | D9: Fenix | E9: POL | H9: 4 | I9: =IF(H9<$H$2+1,($I$2-($I$2-1)*(LOG(H9)/LOG($H$2))),"") -> 1 | J9: =INT(LOG($H$2,2))-ROUNDUP(LOG(H9,2),0)+IF(OR($H$2=1,$H$2=2,$H$2=4,$H$2=8,$H$2=16,$H$2=32,$H$2=64,$H$2=128,$H$2=256),0,1) -> 0 | K9: =J9*$J$2 -> 0 | M9: =IF(I9<>"",K9+I9+L9,0) -> 1 | N9: =IF(I9<>"",M9*L$2,0) -> 1.2 | P9: 4 | Q9: SOSNOWSKA Aniela (4) | R9: 1 | S9: 10 | AI9: x | AJ9: 23
A10: =N10 -> 0 | B10: =IF(H10>$H$2,"",(ROW()-5)) | H10: 5 | I10: =IF(H10<$H$2+1,($I$2-($I$2-1)*(LOG(H10)/LOG($H$2))),"") | J10: =INT(LOG($H$2,2))-ROUNDUP(LOG(H10,2),0)+IF(OR($H$2=1,$H$2=2,$H$2=4,$H$2=8,$H$2=16,$H$2=32,$H$2=64,$H$2=128,$H$2=256),0,1) -> -1 | K10: =J10*$J$2 -> -10 | M10: =IF(I10<>"",K10+I10+L10,0) -> 0 | N10: =IF(I10<>"",M10*L$2,0) -> 0 | P10: 5 | Q10: WALECKA Wanda (2) | R10: 0 | S10: 0 | AI10: N | AJ10: 45
A11: =N11 -> 0 | B11: =IF(H11>$H$2,"",(ROW()-5)) | H11: 6 | I11: =IF(H11<$H$2+1,($I$2-($I$2-1)*(LOG(H11)/LOG($H$2))),"") | J11: =INT(LOG($H$2,2))-ROUNDUP(LOG(H11,2),0)+IF(OR($H$2=1,$H$2=2,$H$2=4,$H$2=8,$H$2=16,$H$2=32,$H$2=64,$H$2=128,$H$2=256),0,1) -> -1 | K11: =J11*$J$2 -> -10 | M11: =IF(I11<>"",K11+I11+L11,0) -> 0 | N11: =IF(I11<>"",M11*L$2,0) -> 0 | AI11: MP | AJ11: 50
A12: =N12 -> 0 | B12: =IF(H12>$H$2,"",(ROW()-5)) | H12: 7 | I12: =IF(H12<$H$2+1,($I$2-($I$2-1)*(LOG(H12)/LOG($H$2))),"") | J12: =INT(LOG($H$2,2))-ROUNDUP(LOG(H12,2),0)+IF(OR($H$2=1,$H$2=2,$H$2=4,$H$2=8,$H$2=16,$H$2=32,$H$2=64,$H$2=128,$H$2=256),0,1) -> -1 | K12: =J12*$J$2 -> -10 | M12: =IF(I12<>"",K12+I12+L12,0) -> 0 | N12: =IF(I12<>"",M12*L$2,0) -> 0 | AI12: MP-1 | AJ12: =AJ11-1 -> 49
A13: =N13 -> 0 | B13: =IF(H13>$H$2,"",(ROW()-5)) | H13: 8 | I13: =IF(H13<$H$2+1,($I$2-($I$2-1)*(LOG(H13)/LOG($H$2))),"") | J13: =INT(LOG($H$2,2))-ROUNDUP(LOG(H13,2),0)+IF(OR($H$2=1,$H$2=2,$H$2=4,$H$2=8,$H$2=16,$H$2=32,$H$2=64,$H$2=128,$H$2=256),0,1) -> -1 | K13: =J13*$J$2 -> -10 | M13: =IF(I13<>"",K13+I13+L13,0) -> 0 | N13: =IF(I13<>"",M13*L$2,0) -> 0 | AI13: log(x) | AJ13: =LOG(AJ9) -> 1.3617278
A14: =N14 -> 0 | B14: =IF(H14>$H$2,"",(ROW()-5)) | H14: 9 | I14: =IF(H14<$H$2+1,($I$2-($I$2-1)*(LOG(H14)/LOG($H$2))),"") | J14: =INT(LOG($H$2,2))-ROUNDUP(LOG(H14,2),0)+IF(OR($H$2=1,$H$2=2,$H$2=4,$H$2=8,$H$2=16,$H$2=32,$H$2=64,$H$2=128,$H$2=256),0,1) -> -2 | K14: =J14*$J$2 -> -20 | M14: =IF(I14<>"",K14+I14+L14,0) -> 0 | N14: =IF(I14<>"",M14*L$2,0) -> 0 | AI14: Log(N) | AJ14: =LOG(AJ10) -> 1.6532125
A15: =N15 -> 0 | B15: =IF(H15>$H$2,"",(ROW()-5)) | H15: 10 | I15: =IF(H15<$H$2+1,($I$2-($I$2-1)*(LOG(H15)/LOG($H$2))),"") | J15: =INT(LOG($H$2,2))-ROUNDUP(LOG(H15,2),0)+IF(OR($H$2=1,$H$2=2,$H$2=4,$H$2=8,$H$2=16,$H$2=32,$H$2=64,$H$2=128,$H$2=256),0,1) -> -2 | K15: =J15*$J$2 -> -20 | M15: =IF(I15<>"",K15+I15+L15,0) -> 0 | N15: =IF(I15<>"",M15*L$2,0) -> 0
A16: =N16 -> 0 | B16: =IF(H16>$H$2,"",(ROW()-5)) | H16: 11 | I16: =IF(H16<$H$2+1,($I$2-($I$2-1)*(LOG(H16)/LOG($H$2))),"") | J16: =INT(LOG($H$2,2))-ROUNDUP(LOG(H16,2),0)+IF(OR($H$2=1,$H$2=2,$H$2=4,$H$2=8,$H$2=16,$H$2=32,$H$2=64,$H$2=128,$H$2=256),0,1) -> -2 | K16: =J16*$J$2 -> -20 | M16: =IF(I16<>"",K16+I16+L16,0) -> 0 | N16: =IF(I16<>"",M16*L$2,0) -> 0 | AI16: MP - (MP-1)*LOG(x)/LOG(N) | AJ16: =AJ11-AJ12*AJ13/AJ14 -> 9.6393909 | AK16: points
A17: =N17 -> 0 | B17: =IF(H17>$H$2,"",(ROW()-5)) | H17: 12 | I17: =IF(H17<$H$2+1,($I$2-($I$2-1)*(LOG(H17)/LOG($H$2))),"") | J17: =INT(LOG($H$2,2))-ROUNDUP(LOG(H17,2),0)+IF(OR($H$2=1,$H$2=2,$H$2=4,$H$2=8,$H$2=16,$H$2=32,$H$2=64,$H$2=128,$H$2=256),0,1) -> -2 | K17: =J17*$J$2 -> -20 | M17: =IF(I17<>"",K17+I17+L17,0) -> 0 | N17: =IF(I17<>"",M17*L$2,0) -> 0
A18: =N18 -> 0 | B18: =IF(H18>$H$2,"",(ROW()-5)) | H18: 13 | I18: =IF(H18<$H$2+1,($I$2-($I$2-1)*(LOG(H18)/LOG($H$2))),"") | J18: =INT(LOG($H$2,2))-ROUNDUP(LOG(H18,2),0)+IF(OR($H$2=1,$H$2=2,$H$2=4,$H$2=8,$H$2=16,$H$2=32,$H$2=64,$H$2=128,$H$2=256),0,1) -> -2 | K18: =J18*$J$2 -> -20 | M18: =IF(I18<>"",K18+I18+L18,0) -> 0 | N18: =IF(I18<>"",M18*L$2,0) -> 0
A19: =N19 -> 0 | B19: =IF(H19>$H$2,"",(ROW()-5)) | H19: 14 | I19: =IF(H19<$H$2+1,($I$2-($I$2-1)*(LOG(H19)/LOG($H$2))),"") | J19: =INT(LOG($H$2,2))-ROUNDUP(LOG(H19,2),0)+IF(OR($H$2=1,$H$2=2,$H$2=4,$H$2=8,$H$2=16,$H$2=32,$H$2=64,$H$2=128,$H$2=256),0,1) -> -2 | K19: =J19*$J$2 -> -20 | M19: =IF(I19<>"",K19+I19+L19,0) -> 0 | N19: =IF(I19<>"",M19*L$2,0) -> 0
A20: =N20 -> 0 | B20: =IF(H20>$H$2,"",(ROW()-5)) | H20: 15 | I20: =IF(H20<$H$2+1,($I$2-($I$2-1)*(LOG(H20)/LOG($H$2))),"") | J20: =INT(LOG($H$2,2))-ROUNDUP(LOG(H20,2),0)+IF(OR($H$2=1,$H$2=2,$H$2=4,$H$2=8,$H$2=16,$H$2=32,$H$2=64,$H$2=128,$H$2=256),0,1) -> -2 | K20: =J20*$J$2 -> -20 | M20: =IF(I20<>"",K20+I20+L20,0) -> 0 | N20: =IF(I20<>"",M20*L$2,0) -> 0
A21: =N21 -> 0 | B21: =IF(H21>$H$2,"",(ROW()-5)) | H21: 16 | I21: =IF(H21<$H$2+1,($I$2-($I$2-1)*(LOG(H21)/LOG($H$2))),"") | J21: =INT(LOG($H$2,2))-ROUNDUP(LOG(H21,2),0)+IF(OR($H$2=1,$H$2=2,$H$2=4,$H$2=8,$H$2=16,$H$2=32,$H$2=64,$H$2=128,$H$2=256),0,1) -> -2 | K21: =J21*$J$2 -> -20 | M21: =IF(I21<>"",K21+I21+L21,0) -> 0 | N21: =IF(I21<>"",M21*L$2,0) -> 0
A22: =N22 -> 0 | B22: =IF(H22>$H$2,"",(ROW()-5)) | H22: 17 | I22: =IF(H22<$H$2+1,($I$2-($I$2-1)*(LOG(H22)/LOG($H$2))),"") | J22: =INT(LOG($H$2,2))-ROUNDUP(LOG(H22,2),0)+IF(OR($H$2=1,$H$2=2,$H$2=4,$H$2=8,$H$2=16,$H$2=32,$H$2=64,$H$2=128,$H$2=256),0,1) -> -3 | K22: =J22*$J$2 -> -30 | M22: =IF(I22<>"",K22+I22+L22,0) -> 0 | N22: =IF(I22<>"",M22*L$2,0) -> 0
A23: =N23 -> 0 | B23: =IF(H23>$H$2,"",(ROW()-5)) | H23: 18 | I23: =IF(H23<$H$2+1,($I$2-($I$2-1)*(LOG(H23)/LOG($H$2))),"") | J23: =INT(LOG($H$2,2))-ROUNDUP(LOG(H23,2),0)+IF(OR($H$2=1,$H$2=2,$H$2=4,$H$2=8,$H$2=16,$H$2=32,$H$2=64,$H$2=128,$H$2=256),0,1) -> -3 | K23: =J23*$J$2 -> -30 | M23: =IF(I23<>"",K23+I23+L23,0) -> 0 | N23: =IF(I23<>"",M23*L$2,0) -> 0
A24: =N24 -> 0 | B24: =IF(H24>$H$2,"",(ROW()-5)) | H24: 19 | I24: =IF(H24<$H$2+1,($I$2-($I$2-1)*(LOG(H24)/LOG($H$2))),"") | J24: =INT(LOG($H$2,2))-ROUNDUP(LOG(H24,2),0)+IF(OR($H$2=1,$H$2=2,$H$2=4,$H$2=8,$H$2=16,$H$2=32,$H$2=64,$H$2=128,$H$2=256),0,1) -> -3 | K24: =J24*$J$2 -> -30 | M24: =IF(I24<>"",K24+I24+L24,0) -> 0 | N24: =IF(I24<>"",M24*L$2,0) -> 0
A25: =N25 -> 0 | B25: =IF(H25>$H$2,"",(ROW()-5)) | H25: 20 | I25: =IF(H25<$H$2+1,($I$2-($I$2-1)*(LOG(H25)/LOG($H$2))),"") | J25: =INT(LOG($H$2,2))-ROUNDUP(LOG(H25,2),0)+IF(OR($H$2=1,$H$2=2,$H$2=4,$H$2=8,$H$2=16,$H$2=32,$H$2=64,$H$2=128,$H$2=256),0,1) -> -3 | K25: =J25*$J$2 -> -30 | M25: =IF(I25<>"",K25+I25+L25,0) -> 0 | N25: =IF(I25<>"",M25*L$2,0) -> 0
A26: =N26 -> 0 | B26: =IF(H26>$H$2,"",(ROW()-5)) | H26: 21 | I26: =IF(H26<$H$2+1,($I$2-($I$2-1)*(LOG(H26)/LOG($H$2))),"") | J26: =INT(LOG($H$2,2))-ROUNDUP(LOG(H26,2),0)+IF(OR($H$2=1,$H$2=2,$H$2=4,$H$2=8,$H$2=16,$H$2=32,$H$2=64,$H$2=128,$H$2=256),0,1) -> -3 | K26: =J26*$J$2 -> -30 | M26: =IF(I26<>"",K26+I26+L26,0) -> 0 | N26: =IF(I26<>"",M26*L$2,0) -> 0
A27: =N27 -> 0 | B27: =IF(H27>$H$2,"",(ROW()-5)) | H27: 22 | I27: =IF(H27<$H$2+1,($I$2-($I$2-1)*(LOG(H27)/LOG($H$2))),"") | J27: =INT(LOG($H$2,2))-ROUNDUP(LOG(H27,2),0)+IF(OR($H$2=1,$H$2=2,$H$2=4,$H$2=8,$H$2=16,$H$2=32,$H$2=64,$H$2=128,$H$2=256),0,1) -> -3 | K27: =J27*$J$2 -> -30 | M27: =IF(I27<>"",K27+I27+L27,0) -> 0 | N27: =IF(I27<>"",M27*L$2,0) -> 0
A28: =N28 -> 0 | B28: =IF(H28>$H$2,"",(ROW()-5)) | H28: 23 | I28: =IF(H28<$H$2+1,($I$2-($I$2-1)*(LOG(H28)/LOG($H$2))),"") | J28: =INT(LOG($H$2,2))-ROUNDUP(LOG(H28,2),0)+IF(OR($H$2=1,$H$2=2,$H$2=4,$H$2=8,$H$2=16,$H$2=32,$H$2=64,$H$2=128,$H$2=256),0,1) -> -3 | K28: =J28*$J$2 -> -30 | M28: =IF(I28<>"",K28+I28+L28,0) -> 0 | N28: =IF(I28<>"",M28*L$2,0) -> 0
... A45: =N45 -> 0 | B45: =IF(H45>$H$2,"",(ROW()-5)) | H45: 40 | I45: =IF(H45<$H$2+1,($I$2-($I$2-1)*(LOG(H45)/LOG($H$2))),"") | J45: =INT(LOG($H$2,2))-ROUNDUP(LOG(H45,2),0)+IF(OR($H$2=1,$H$2=2,$H$2=4,$H$2=8,$H$2=16,$H$2=32,$H$2=64,$H$2=128,$H$2=256),0,1) -> -4 | K45: =J45*$J$2 -> -40 | M45: =IF(I45<>"",K45+I45+L45,0) -> 0 | N45: =IF(I45<>"",M45*L$2,0) -> 0
A46: =N46 -> 0 | B46: =IF(H46>$H$2,"",(ROW()-5)) | H46: 41 | I46: =IF(H46<$H$2+1,($I$2-($I$2-1)*(LOG(H46)/LOG($H$2))),"") | J46: =INT(LOG($H$2,2))-ROUNDUP(LOG(H46,2),0)+IF(OR($H$2=1,$H$2=2,$H$2=4,$H$2=8,$H$2=16,$H$2=32,$H$2=64,$H$2=128,$H$2=256),0,1) -> -4 | K46: =J46*$J$2 -> -40 | M46: =IF(I46<>"",K46+I46+L46,0) -> 0 | N46: =IF(I46<>"",M46*L$2,0) -> 0 | S46: =LOG($H$2,2) -> 2 | U46: =LOG(H38,2) -> 5.0443941 | V46: =S46-U46 -> -3.0443941
A47: =N47 -> 0 | B47: =IF(H47>$H$2,"",(ROW()-5)) | H47: 42 | I47: =IF(H47<$H$2+1,($I$2-($I$2-1)*(LOG(H47)/LOG($H$2))),"") | J47: =INT(LOG($H$2,2))-ROUNDUP(LOG(H47,2),0)+IF(OR($H$2=1,$H$2=2,$H$2=4,$H$2=8,$H$2=16,$H$2=32,$H$2=64,$H$2=128,$H$2=256),0,1) -> -4 | K47: =J47*$J$2 -> -40 | M47: =IF(I47<>"",K47+I47+L47,0) -> 0 | N47: =IF(I47<>"",M47*L$2,0) -> 0
A48: =N48 -> 0 | B48: =IF(H48>$H$2,"",(ROW()-5)) | H48: 43 | I48: =IF(H48<$H$2+1,($I$2-($I$2-1)*(LOG(H48)/LOG($H$2))),"") | J48: =INT(LOG($H$2,2))-ROUNDUP(LOG(H48,2),0)+IF(OR($H$2=1,$H$2=2,$H$2=4,$H$2=8,$H$2=16,$H$2=32,$H$2=64,$H$2=128,$H$2=256),0,1) -> -4 | K48: =J48*$J$2 -> -40 | M48: =IF(I48<>"",K48+I48+L48,0) -> 0 | N48: =IF(I48<>"",M48*L$2,0) -> 0
A49: =N49 -> 0 | B49: =IF(H49>$H$2,"",(ROW()-5)) | H49: 44 | I49: =IF(H49<$H$2+1,($I$2-($I$2-1)*(LOG(H49)/LOG($H$2))),"") | J49: =INT(LOG($H$2,2))-ROUNDUP(LOG(H49,2),0)+IF(OR($H$2=1,$H$2=2,$H$2=4,$H$2=8,$H$2=16,$H$2=32,$H$2=64,$H$2=128,$H$2=256),0,1) -> -4 | K49: =J49*$J$2 -> -40 | M49: =IF(I49<>"",K49+I49+L49,0) -> 0 | N49: =IF(I49<>"",M49*L$2,0) -> 0
A50: =N50 -> 0 | B50: =IF(H50>$H$2,"",(ROW()-5)) | H50: 45 | I50: =IF(H50<$H$2+1,($I$2-($I$2-1)*(LOG(H50)/LOG($H$2))),"") | J50: =INT(LOG($H$2,2))-ROUNDUP(LOG(H50,2),0)+IF(OR($H$2=1,$H$2=2,$H$2=4,$H$2=8,$H$2=16,$H$2=32,$H$2=64,$H$2=128,$H$2=256),0,1) -> -4 | K50: =J50*$J$2 -> -40 | M50: =IF(I50<>"",K50+I50+L50,0) -> 0 | N50: =IF(I50<>"",M50*L$2,0) -> 0
A51: =N51 -> 0 | B51: =IF(H51>$H$2,"",(ROW()-5)) | H51: 46 | I51: =IF(H51<$H$2+1,($I$2-($I$2-1)*(LOG(H51)/LOG($H$2))),"") | J51: =INT(LOG($H$2,2))-ROUNDUP(LOG(H51,2),0)+IF(OR($H$2=1,$H$2=2,$H$2=4,$H$2=8,$H$2=16,$H$2=32,$H$2=64,$H$2=128,$H$2=256),0,1) -> -4 | K51: =J51*$J$2 -> -40 | M51: =IF(I51<>"",K51+I51+L51,0) -> 0 | N51: =IF(I51<>"",M51*L$2,0) -> 0
A52: =N52 -> 0 | B52: =IF(H52>$H$2,"",(ROW()-5)) | H52: 47 | I52: =IF(H52<$H$2+1,($I$2-($I$2-1)*(LOG(H52)/LOG($H$2))),"") | J52: =INT(LOG($H$2,2))-ROUNDUP(LOG(H52,2),0)+IF(OR($H$2=1,$H$2=2,$H$2=4,$H$2=8,$H$2=16,$H$2=32,$H$2=64,$H$2=128,$H$2=256),0,1) -> -4 | K52: =J52*$J$2 -> -40 | M52: =IF(I52<>"",K52+I52+L52,0) -> 0 | N52: =IF(I52<>"",M52*L$2,0) -> 0
A53: =N53 -> 0 | B53: =IF(H53>$H$2,"",(ROW()-5)) | H53: 48 | I53: =IF(H53<$H$2+1,($I$2-($I$2-1)*(LOG(H53)/LOG($H$2))),"") | J53: =INT(LOG($H$2,2))-ROUNDUP(LOG(H53,2),0)+IF(OR($H$2=1,$H$2=2,$H$2=4,$H$2=8,$H$2=16,$H$2=32,$H$2=64,$H$2=128,$H$2=256),0,1) -> -4 | K53: =J53*$J$2 -> -40 | M53: =IF(I53<>"",K53+I53+L53,0) -> 0 | N53: =IF(I53<>"",M53*L$2,0) -> 0
A54: =N54 -> 0 | B54: =IF(H54>$H$2,"",(ROW()-5)) | H54: 49 | I54: =IF(H54<$H$2+1,($I$2-($I$2-1)*(LOG(H54)/LOG($H$2))),"") | J54: =INT(LOG($H$2,2))-ROUNDUP(LOG(H54,2),0)+IF(OR($H$2=1,$H$2=2,$H$2=4,$H$2=8,$H$2=16,$H$2=32,$H$2=64,$H$2=128,$H$2=256),0,1) -> -4 | K54: =J54*$J$2 -> -40 | M54: =IF(I54<>"",K54+I54+L54,0) -> 0 | N54: =IF(I54<>"",M54*L$2,0) -> 0
A55: =N55 -> 0 | B55: =IF(H55>$H$2,"",(ROW()-5)) | H55: 50 | I55: =IF(H55<$H$2+1,($I$2-($I$2-1)*(LOG(H55)/LOG($H$2))),"") | J55: =INT(LOG($H$2,2))-ROUNDUP(LOG(H55,2),0)+IF(OR($H$2=1,$H$2=2,$H$2=4,$H$2=8,$H$2=16,$H$2=32,$H$2=64,$H$2=128,$H$2=256),0,1) -> -4 | K55: =J55*$J$2 -> -40 | M55: =IF(I55<>"",K55+I55+L55,0) -> 0 | N55: =IF(I55<>"",M55*L$2,0) -> 0
A56: =N56 -> 0 | B56: =IF(H56>$H$2,"",(ROW()-5)) | H56: 51 | I56: =IF(H56<$H$2+1,($I$2-($I$2-1)*(LOG(H56)/LOG($H$2))),"") | J56: =INT(LOG($H$2,2))-ROUNDUP(LOG(H56,2),0)+IF(OR($H$2=1,$H$2=2,$H$2=4,$H$2=8,$H$2=16,$H$2=32,$H$2=64,$H$2=128,$H$2=256),0,1) -> -4 | K56: =J56*$J$2 -> -40 | M56: =IF(I56<>"",K56+I56+L56,0) -> 0 | N56: =IF(I56<>"",M56*L$2,0) -> 0
A57: =N57 -> 0 | B57: =IF(H57>$H$2,"",(ROW()-5)) | H57: 52 | I57: =IF(H57<$H$2+1,($I$2-($I$2-1)*(LOG(H57)/LOG($H$2))),"") | J57: =INT(LOG($H$2,2))-ROUNDUP(LOG(H57,2),0)+IF(OR($H$2=1,$H$2=2,$H$2=4,$H$2=8,$H$2=16,$H$2=32,$H$2=64,$H$2=128,$H$2=256),0,1) -> -4 | K57: =J57*$J$2 -> -40 | M57: =IF(I57<>"",K57+I57+L57,0) -> 0 | N57: =IF(I57<>"",M57*L$2,0) -> 0
A58: =N58 -> 0 | B58: =IF(H58>$H$2,"",(ROW()-5)) | H58: 53 | I58: =IF(H58<$H$2+1,($I$2-($I$2-1)*(LOG(H58)/LOG($H$2))),"") | J58: =INT(LOG($H$2,2))-ROUNDUP(LOG(H58,2),0)+IF(OR($H$2=1,$H$2=2,$H$2=4,$H$2=8,$H$2=16,$H$2=32,$H$2=64,$H$2=128,$H$2=256),0,1) -> -4 | K58: =J58*$J$2 -> -40 | M58: =IF(I58<>"",K58+I58+L58,0) -> 0 | N58: =IF(I58<>"",M58*L$2,0) -> 0
... A65: =N65 -> 0 | B65: =IF(H65>$H$2,"",(ROW()-5)) | H65: 60 | I65: =IF(H65<$H$2+1,($I$2-($I$2-1)*(LOG(H65)/LOG($H$2))),"") | J65: =INT(LOG($H$2,2))-ROUNDUP(LOG(H65,2),0)+IF(OR($H$2=1,$H$2=2,$H$2=4,$H$2=8,$H$2=16,$H$2=32,$H$2=64,$H$2=128,$H$2=256),0,1) -> -4 | K65: =J65*$J$2 -> -40 | M65: =IF(I65<>"",K65+I65+L65,0) -> 0 | N65: =IF(I65<>"",M65*L$2,0) -> 0
A66: =N66 -> 0 | H66: 61 | I66: =IF(H66<$H$2+1,($I$2-($I$2-1)*(LOG(H66)/LOG($H$2))),"") | J66: =INT(LOG($H$2,2))-ROUNDUP(LOG(H66,2),0)+IF(OR($H$2=1,$H$2=2,$H$2=4,$H$2=8,$H$2=16,$H$2=32,$H$2=64,$H$2=128,$H$2=256),0,1) -> -4 | K66: =J66*$J$2 -> -40 | M66: =IF(I66<>"",K66+I66+L66,0) -> 0 | N66: =IF(I66<>"",M66*L$2,0) -> 0
A67: =N67 -> 0 | H67: 62 | I67: =IF(H67<$H$2+1,($I$2-($I$2-1)*(LOG(H67)/LOG($H$2))),"") | J67: =INT(LOG($H$2,2))-ROUNDUP(LOG(H67,2),0)+IF(OR($H$2=1,$H$2=2,$H$2=4,$H$2=8,$H$2=16,$H$2=32,$H$2=64,$H$2=128,$H$2=256),0,1) -> -4 | K67: =J67*$J$2 -> -40 | M67: =IF(I67<>"",K67+I67+L67,0) -> 0 | N67: =IF(I67<>"",M67*L$2,0) -> 0
A68: =N68 -> 0 | H68: 63 | I68: =IF(H68<$H$2+1,($I$2-($I$2-1)*(LOG(H68)/LOG($H$2))),"") | J68: =INT(LOG($H$2,2))-ROUNDUP(LOG(H68,2),0)+IF(OR($H$2=1,$H$2=2,$H$2=4,$H$2=8,$H$2=16,$H$2=32,$H$2=64,$H$2=128,$H$2=256),0,1) -> -4 | K68: =J68*$J$2 -> -40 | M68: =IF(I68<>"",K68+I68+L68,0) -> 0 | N68: =IF(I68<>"",M68*L$2,0) -> 0
A69: =N69 -> 0 | H69: 64 | I69: =IF(H69<$H$2+1,($I$2-($I$2-1)*(LOG(H69)/LOG($H$2))),"") | J69: =INT(LOG($H$2,2))-ROUNDUP(LOG(H69,2),0)+IF(OR($H$2=1,$H$2=2,$H$2=4,$H$2=8,$H$2=16,$H$2=32,$H$2=64,$H$2=128,$H$2=256),0,1) -> -4 | K69: =J69*$J$2 -> -40 | M69: =IF(I69<>"",K69+I69+L69,0) -> 0 | N69: =IF(I69<>"",M69*L$2,0) -> 0
A70: =N70 -> 0 | H70: 65 | I70: =IF(H70<$H$2+1,($I$2-($I$2-1)*(LOG(H70)/LOG($H$2))),"") | J70: =INT(LOG($H$2,2))-ROUNDUP(LOG(H70,2),0)+IF(OR($H$2=1,$H$2=2,$H$2=4,$H$2=8,$H$2=16,$H$2=32,$H$2=64,$H$2=128,$H$2=256),0,1) -> -5 | K70: =J70*$J$2 -> -50 | M70: =IF(I70<>"",K70+I70+L70,0) -> 0 | N70: =IF(I70<>"",M70*L$2,0) -> 0
A71: =N71 -> 0 | H71: 66 | I71: =IF(H71<$H$2+1,($I$2-($I$2-1)*(LOG(H71)/LOG($H$2))),"") | J71: =INT(LOG($H$2,2))-ROUNDUP(LOG(H71,2),0)+IF(OR($H$2=1,$H$2=2,$H$2=4,$H$2=8,$H$2=16,$H$2=32,$H$2=64,$H$2=128,$H$2=256),0,1) -> -5 | K71: =J71*$J$2 -> -50 | M71: =IF(I71<>"",K71+I71+L71,0) -> 0 | N71: =IF(I71<>"",M71*L$2,0) -> 0
A72: =N72 -> 0 | H72: 67 | I72: =IF(H72<$H$2+1,($I$2-($I$2-1)*(LOG(H72)/LOG($H$2))),"") | J72: =INT(LOG($H$2,2))-ROUNDUP(LOG(H72,2),0)+IF(OR($H$2=1,$H$2=2,$H$2=4,$H$2=8,$H$2=16,$H$2=32,$H$2=64,$H$2=128,$H$2=256),0,1) -> -5 | K72: =J72*$J$2 -> -50 | M72: =IF(I72<>"",K72+I72+L72,0) -> 0 | N72: =IF(I72<>"",M72*L$2,0) -> 0
A73: =N73 -> 0 | H73: 68 | I73: =IF(H73<$H$2+1,($I$2-($I$2-1)*(LOG(H73)/LOG($H$2))),"") | J73: =INT(LOG($H$2,2))-ROUNDUP(LOG(H73,2),0)+IF(OR($H$2=1,$H$2=2,$H$2=4,$H$2=8,$H$2=16,$H$2=32,$H$2=64,$H$2=128,$H$2=256),0,1) -> -5 | K73: =J73*$J$2 -> -50 | M73: =IF(I73<>"",K73+I73+L73,0) -> 0 | N73: =IF(I73<>"",M73*L$2,0) -> 0
A74: =N74 -> 0 | H74: 69 | I74: =IF(H74<$H$2+1,($I$2-($I$2-1)*(LOG(H74)/LOG($H$2))),"") | J74: =INT(LOG($H$2,2))-ROUNDUP(LOG(H74,2),0)+IF(OR($H$2=1,$H$2=2,$H$2=4,$H$2=8,$H$2=16,$H$2=32,$H$2=64,$H$2=128,$H$2=256),0,1) -> -5 | K74: =J74*$J$2 -> -50 | M74: =IF(I74<>"",K74+I74+L74,0) -> 0 | N74: =IF(I74<>"",M74*L$2,0) -> 0
A75: =N75 -> 0 | H75: 70 | I75: =IF(H75<$H$2+1,($I$2-($I$2-1)*(LOG(H75)/LOG($H$2))),"") | J75: =INT(LOG($H$2,2))-ROUNDUP(LOG(H75,2),0)+IF(OR($H$2=1,$H$2=2,$H$2=4,$H$2=8,$H$2=16,$H$2=32,$H$2=64,$H$2=128,$H$2=256),0,1) -> -5 | K75: =J75*$J$2 -> -50 | M75: =IF(I75<>"",K75+I75+L75,0) -> 0 | N75: =IF(I75<>"",M75*L$2,0) -> 0
A76: =N76 -> 0 | H76: 71 | I76: =IF(H76<$H$2+1,($I$2-($I$2-1)*(LOG(H76)/LOG($H$2))),"") | J76: =INT(LOG($H$2,2))-ROUNDUP(LOG(H76,2),0)+IF(OR($H$2=1,$H$2=2,$H$2=4,$H$2=8,$H$2=16,$H$2=32,$H$2=64,$H$2=128,$H$2=256),0,1) -> -5 | K76: =J76*$J$2 -> -50 | M76: =IF(I76<>"",K76+I76+L76,0) -> 0 | N76: =IF(I76<>"",M76*L$2,0) -> 0
A77: =N77 -> 0 | H77: 72 | I77: =IF(H77<$H$2+1,($I$2-($I$2-1)*(LOG(H77)/LOG($H$2))),"") | J77: =INT(LOG($H$2,2))-ROUNDUP(LOG(H77,2),0)+IF(OR($H$2=1,$H$2=2,$H$2=4,$H$2=8,$H$2=16,$H$2=32,$H$2=64,$H$2=128,$H$2=256),0,1) -> -5 | K77: =J77*$J$2 -> -50 | M77: =IF(I77<>"",K77+I77+L77,0) -> 0 | N77: =IF(I77<>"",M77*L$2,0) -> 0
... A305: =N305 -> 0 | H305: 300 | I305: =IF(H305<$H$2+1,($I$2-($I$2-1)*(LOG(H305)/LOG($H$2))),"") | J305: =INT(LOG($H$2,2))-ROUNDUP(LOG(H305,2),0)+IF(OR($H$2=1,$H$2=2,$H$2=4,$H$2=8,$H$2=16,$H$2=32,$H$2=64,$H$2=128,$H$2=256),0,1) -> -7 | K305: =J305*$J$2 -> -70 | M305: =IF(I305<>"",K305+I305+L305,0) -> 0 | N305: =IF(I305<>"",M305*L$2,0) -> 0

Sheet Kadra
D1: Klasyfikacja będą podstawą do rekomendacji dla PZSZERM powołań do kadry na międzynarodowe zawody rangi mistrzowskiej. | R1: Na sumę punktów w rankingu skłądają się 4 najlepsze wyniki (z 5 możliwych) w turniejach PP Weteranów, wynik z Mistrzostw Polski Weteranów, 3 najlepsze wyniki z PEW i PS w ciągu roku (krocząco) oraz punkty zdobyte w IMEW.
B2: Dołączył/a do kategorii w tym roku
D3: KOBIETY Kat.2
A4: L.P. | B4: NAZWISKO Imię | C4: KLUB | D4: PUNKTY | E4: I PP | G4: II PP | I4: III PP | K4: IV PP | M4: V PP | O4: MPW | R4: I PEW | T4: II PEW | V4: III PEW | X4: IV PEW | Z4: V PEW | AB4: VI PEW | AD4: VII PEW | AF4: PS | AH4: IMEW
E5: M | F5: P | G5: M | H5: P | I5: M | J5: P | K5: M | L5: P | M5: M | N5: P | O5: M | P5: P | R5: M | S5: P | T5: M | U5: P | V5: M | W5: P | X5: M | Y5: P | Z5: M | AA5: P | AB5: M | AC5: P | AD5: M | AE5: P | AF5: M | AG5: P | AH5: M | AI5: P
A6: =ROW()-5 -> 1 | B6: WASILCZUK Beata | D6: =SUM(F6,H6,J6,L6,N6,P6)-MIN(F6,H6,J6,L6,N6)+SUM(LARGE((S6,U6,W6,Y6,AA6,AC6,AE6,AG6),1),LARGE((S6,U6,W6,Y6,AA6,AC6,AE6,AG6),2),LARGE((S6,U6,W6,Y6,AA6,AC6,AE6,AG6),3),AI6) -> 599.19671 | E6: =_xlfn.XLOOKUP($B6,'PP1'!$C$6:$C$101,'PP1'!$B$6:$B$101,"") -> 1 | F6: =_xlfn.XLOOKUP(E6,'PP1'!$B$6:$B$55,'PP1'!$A$6:$A$55,0) -> 95.389784 | G6: =_xlfn.XLOOKUP($B6,'PP2'!$C$6:$C$101,'PP2'!$B$6:$B$101,"") -> 1 | H6: =_xlfn.XLOOKUP(G6,'PP2'!$B$6:$B$55,'PP2'!$A$6:$A$55,0) -> 95.389784 | I6: =_xlfn.XLOOKUP($B6,'PP3'!$C$6:$C$101,'PP3'!$B$6:$B$101,"") -> 1 | J6: =_xlfn.XLOOKUP(I6,'PP3'!$B$6:$B$55,'PP3'!$A$6:$A$55,0) -> 96.354085 | K6: =_xlfn.XLOOKUP($B6,'PP4'!$C$6:$C$101,'PP4'!$B$6:$B$101,"") -> 1 | L6: =_xlfn.XLOOKUP(K6,'PP4'!$B$6:$B$55,'PP4'!$A$6:$A$55,0) -> 94.286609 | M6: =_xlfn.XLOOKUP($B6,'PP5'!$C$6:$C$101,'PP5'!$B$6:$B$101,"") | N6: =_xlfn.XLOOKUP(M6,'PP5'!$B$6:$B$55,'PP5'!$A$6:$A$55,0) -> 0 | O6: =_xlfn.XLOOKUP(B6,MPW!C$6:C$101,MPW!B$6:B$101,"") -> 1 | P6: =_xlfn.XLOOKUP(O6,MPW!$B$6:$B$55,MPW!$A$6:$A$55,0) -> 113.14393 | R6: =_xlfn.XLOOKUP($B6,'PEW1'!$C$6:$C$101,'PEW1'!$B$6:$B$101,"") -> 8 | S6: =_xlfn.XLOOKUP(R6,'PEW1'!$B$6:$B$55,'PEW1'!$A$6:$A$55,0) -> 35.39489 | T6: =_xlfn.XLOOKUP($B6,'PEW2'!$C$6:$C$101,'PEW2'!$B$6:$B$101,"") | U6: =_xlfn.XLOOKUP(T6,'PEW2'!$B$6:$B$55,'PEW2'!$A$6:$A$55,0) -> 0 | V6: =_xlfn.XLOOKUP($B6,'PEW3'!$C$6:$C$101,'PEW3'!$B$6:$B$101,"") | W6: =_xlfn.XLOOKUP(V6,'PEW3'!$B$6:$B$55,'PEW3'!$A$6:$A$55,0) -> 0 | X6: =_xlfn.XLOOKUP($B6,'PEW4'!$C$6:$C$101,'PEW4'!$B$6:$B$101,"") | Y6: =_xlfn.XLOOKUP(X6,'PEW4'!$B$6:$B$55,'PEW4'!$A$6:$A$55,0) -> 0 | Z6: =_xlfn.XLOOKUP($B6,'PEW5'!$C$6:$C$101,'PEW5'!$B$6:$B$101,"") | AA6: =_xlfn.XLOOKUP(Z6,'PEW5'!$B$6:$B$55,'PEW5'!$A$6:$A$55,0) -> 0 | AB6: =_xlfn.XLOOKUP($B6,'PEW6'!$C$6:$C$101,'PEW6'!$B$6:$B$101,"") -> 3 | AC6: =_xlfn.XLOOKUP(AB6,'PEW6'!$B$6:$B$55,'PEW6'!$A$6:$A$55,0) -> 69.23763 | AD6: =_xlfn.XLOOKUP($B6,'PEW7'!$C$6:$C$101,'PEW7'!$B$6:$B$101,"") | AE6: =_xlfn.XLOOKUP(AD6,'PEW7'!$B$6:$B$55,'PEW7'!$A$6:$A$55,0) -> 0 | AF6: =_xlfn.XLOOKUP($B6,PS!$C$6:$C$101,PS!$B$6:$B$101,"") | AG6: =_xlfn.XLOOKUP(AF6,PS!$B$6:$B$55,PS!$A$6:$A$55,0) -> 0 | AH6: {=_xlfn.XLOOKUP($B6,IMEW!C$6:C$200,IMEW!$B$6:B$200,"")} | AI6: =_xlfn.XLOOKUP(AH6,IMEW!$B$6:$B$200,IMEW!$A$6:$A$200,0) -> 0
A7: =ROW()-5 -> 2 | B7: GANSZCZYK Anna | D7: =SUM(F7,H7,J7,L7,N7,P7)-MIN(F7,H7,J7,L7,N7)+SUM(LARGE((S7,U7,W7,Y7,AA7,AC7,AE7,AG7),1),LARGE((S7,U7,W7,Y7,AA7,AC7,AE7,AG7),2),LARGE((S7,U7,W7,Y7,AA7,AC7,AE7,AG7),3),AI7) -> 319.66653 | E7: =_xlfn.XLOOKUP($B7,'PP1'!$C$6:$C$101,'PP1'!$B$6:$B$101,"") -> 2 | F7: =_xlfn.XLOOKUP(E7,'PP1'!$B$6:$B$55,'PP1'!$A$6:$A$55,0) -> 59.156704 | G7: =_xlfn.XLOOKUP($B7,'PP2'!$C$6:$C$101,'PP2'!$B$6:$B$101,"") -> 4 | H7: =_xlfn.XLOOKUP(G7,'PP2'!$B$6:$B$55,'PP2'!$A$6:$A$55,0) -> 17.793697 | I7: =_xlfn.XLOOKUP($B7,'PP3'!$C$6:$C$101,'PP3'!$B$6:$B$101,"") -> 3 | J7: =_xlfn.XLOOKUP(I7,'PP3'!$B$6:$B$55,'PP3'!$A$6:$A$55,0) -> 35.407149 | K7: =_xlfn.XLOOKUP($B7,'PP4'!$C$6:$C$101,'PP4'!$B$6:$B$101,"") -> 2 | L7: =_xlfn.XLOOKUP(K7,'PP4'!$B$6:$B$55,'PP4'!$A$6:$A$55,0) -> 55.024406 | M7: =_xlfn.XLOOKUP($B7,'PP5'!$C$6:$C$101,'PP5'!$B$6:$B$101,"") -> 1 | N7: =_xlfn.XLOOKUP(M7,'PP5'!$B$6:$B$55,'PP5'!$A$6:$A$55,0) -> 59 | O7: =_xlfn.XLOOKUP(B7,MPW!C$6:C$101,MPW!B$6:B$101,"") -> 2 | P7: =_xlfn.XLOOKUP(O7,MPW!$B$6:$B$55,MPW!$A$6:$A$55,0) -> 66.029288 | R7: =_xlfn.XLOOKUP($B7,'PEW1'!$C$6:$C$101,'PEW1'!$B$6:$B$101,"") -> 17 | S7: =_xlfn.XLOOKUP(R7,'PEW1'!$B$6:$B$55,'PEW1'!$A$6:$A$55,0) -> 2.8509659 | T7: =_xlfn.XLOOKUP($B7,'PEW2'!$C$6:$C$101,'PEW2'!$B$6:$B$101,"") -> 22 | U7: =_xlfn.XLOOKUP(T7,'PEW2'!$B$6:$B$55,'PEW2'!$A$6:$A$55,0) -> 5.4683062 | V7: =_xlfn.XLOOKUP($B7,'PEW3'!$C$6:$C$101,'PEW3'!$B$6:$B$101,"") | W7: =_xlfn.XLOOKUP(V7,'PEW3'!$B$6:$B$55,'PEW3'!$A$6:$A$55,0) -> 0 | X7: =_xlfn.XLOOKUP($B7,'PEW4'!$C$6:$C$101,'PEW4'!$B$6:$B$101,"") | Y7: =_xlfn.XLOOKUP(X7,'PEW4'!$B$6:$B$55,'PEW4'!$A$6:$A$55,0) -> 0 | Z7: =_xlfn.XLOOKUP($B7,'PEW5'!$C$6:$C$101,'PEW5'!$B$6:$B$101,"") | AA7: =_xlfn.XLOOKUP(Z7,'PEW5'!$B$6:$B$55,'PEW5'!$A$6:$A$55,0) -> 0 | AB7: =_xlfn.XLOOKUP($B7,'PEW6'!$C$6:$C$101,'PEW6'!$B$6:$B$101,"") -> 13 | AC7: =_xlfn.XLOOKUP(AB7,'PEW6'!$B$6:$B$55,'PEW6'!$A$6:$A$55,0) -> 16.516833 | AD7: =_xlfn.XLOOKUP($B7,'PEW7'!$C$6:$C$101,'PEW7'!$B$6:$B$101,"") | AE7: =_xlfn.XLOOKUP(AD7,'PEW7'!$B$6:$B$55,'PEW7'!$A$6:$A$55,0) -> 0 | AF7: =_xlfn.XLOOKUP($B7,PS!$C$6:$C$101,PS!$B$6:$B$101,"") | AG7: =_xlfn.XLOOKUP(AF7,PS!$B$6:$B$55,PS!$A$6:$A$55,0) -> 0 | AH7: {=_xlfn.XLOOKUP($B7,IMEW!C$6:C$200,IMEW!$B$6:B$200,"")} -> 49 | AI7: =_xlfn.XLOOKUP(AH7,IMEW!$B$6:$B$200,IMEW!$A$6:$A$200,0) -> 20.212879
A8: =ROW()-5 -> 3 | B8: STAŃCZYK Agnieszka | D8: =SUM(F8,H8,J8,L8,N8,P8)-MIN(F8,H8,J8,L8,N8)+SUM(LARGE((S8,U8,W8,Y8,AA8,AC8,AE8,AG8),1),LARGE((S8,U8,W8,Y8,AA8,AC8,AE8,AG8),2),LARGE((S8,U8,W8,Y8,AA8,AC8,AE8,AG8),3),AI8) -> 121.10364 | E8: =_xlfn.XLOOKUP($B8,'PP1'!$C$6:$C$101,'PP1'!$B$6:$B$101,"") | F8: =_xlfn.XLOOKUP(E8,'PP1'!$B$6:$B$55,'PP1'!$A$6:$A$55,0) -> 0 | G8: =_xlfn.XLOOKUP($B8,'PP2'!$C$6:$C$101,'PP2'!$B$6:$B$101,"") -> 2 | H8: =_xlfn.XLOOKUP(G8,'PP2'!$B$6:$B$55,'PP2'!$A$6:$A$55,0) -> 59.156704 | I8: =_xlfn.XLOOKUP($B8,'PP3'!$C$6:$C$101,'PP3'!$B$6:$B$101,"") -> 2 | J8: =_xlfn.XLOOKUP(I8,'PP3'!$B$6:$B$55,'PP3'!$A$6:$A$55,0) -> 61.946936 | K8: =_xlfn.XLOOKUP($B8,'PP4'!$C$6:$C$101,'PP4'!$B$6:$B$101,"") | L8: =_xlfn.XLOOKUP(K8,'PP4'!$B$6:$B$55,'PP4'!$A$6:$A$55,0) -> 0 | M8: =_xlfn.XLOOKUP($B8,'PP5'!$C$6:$C$101,'PP5'!$B$6:$B$101,"") | N8: =_xlfn.XLOOKUP(M8,'PP5'!$B$6:$B$55,'PP5'!$A$6:$A$55,0) -> 0 | O8: =_xlfn.XLOOKUP(B8,MPW!C$6:C$101,MPW!B$6:B$101,"") | P8: =_xlfn.XLOOKUP(O8,MPW!$B$6:$B$55,MPW!$A$6:$A$55,0) -> 0 | R8: =_xlfn.XLOOKUP($B8,'PEW1'!$C$6:$C$101,'PEW1'!$B$6:$B$101,"") | S8: =_xlfn.XLOOKUP(R8,'PEW1'!$B$6:$B$55,'PEW1'!$A$6:$A$55,0) -> 0 | T8: =_xlfn.XLOOKUP($B8,'PEW2'!$C$6:$C$101,'PEW2'!$B$6:$B$101,"") | U8: =_xlfn.XLOOKUP(T8,'PEW2'!$B$6:$B$55,'PEW2'!$A$6:$A$55,0) -> 0 | V8: =_xlfn.XLOOKUP($B8,'PEW3'!$C$6:$C$101,'PEW3'!$B$6:$B$101,"") | W8: =_xlfn.XLOOKUP(V8,'PEW3'!$B$6:$B$55,'PEW3'!$A$6:$A$55,0) -> 0 | X8: =_xlfn.XLOOKUP($B8,'PEW4'!$C$6:$C$101,'PEW4'!$B$6:$B$101,"") | Y8: =_xlfn.XLOOKUP(X8,'PEW4'!$B$6:$B$55,'PEW4'!$A$6:$A$55,0) -> 0 | Z8: =_xlfn.XLOOKUP($B8,'PEW5'!$C$6:$C$101,'PEW5'!$B$6:$B$101,"") | AA8: =_xlfn.XLOOKUP(Z8,'PEW5'!$B$6:$B$55,'PEW5'!$A$6:$A$55,0) -> 0 | AB8: =_xlfn.XLOOKUP($B8,'PEW6'!$C$6:$C$101,'PEW6'!$B$6:$B$101,"") | AC8: =_xlfn.XLOOKUP(AB8,'PEW6'!$B$6:$B$55,'PEW6'!$A$6:$A$55,0) -> 0 | AD8: =_xlfn.XLOOKUP($B8,'PEW7'!$C$6:$C$101,'PEW7'!$B$6:$B$101,"") | AE8: =_xlfn.XLOOKUP(AD8,'PEW7'!$B$6:$B$55,'PEW7'!$A$6:$A$55,0) -> 0 | AF8: =_xlfn.XLOOKUP($B8,PS!$C$6:$C$101,PS!$B$6:$B$101,"") | AG8: =_xlfn.XLOOKUP(AF8,PS!$B$6:$B$55,PS!$A$6:$A$55,0) -> 0 | AH8: {=_xlfn.XLOOKUP($B8,IMEW!C$6:C$200,IMEW!$B$6:B$200,"")} | AI8: =_xlfn.XLOOKUP(AH8,IMEW!$B$6:$B$200,IMEW!$A$6:$A$200,0) -> 0
A9: =ROW()-5 -> 4 | B9: SADOWIŃSKA Adriana | D9: =SUM(F9,H9,J9,L9,N9,P9)-MIN(F9,H9,J9,L9,N9)+SUM(LARGE((S9,U9,W9,Y9,AA9,AC9,AE9,AG9),1),LARGE((S9,U9,W9,Y9,AA9,AC9,AE9,AG9),2),LARGE((S9,U9,W9,Y9,AA9,AC9,AE9,AG9),3),AI9) -> 78.293885 | E9: =_xlfn.XLOOKUP($B9,'PP1'!$C$6:$C$101,'PP1'!$B$6:$B$101,"") | F9: =_xlfn.XLOOKUP(E9,'PP1'!$B$6:$B$55,'PP1'!$A$6:$A$55,0) -> 0 | G9: =_xlfn.XLOOKUP($B9,'PP2'!$C$6:$C$101,'PP2'!$B$6:$B$101,"") | H9: =_xlfn.XLOOKUP(G9,'PP2'!$B$6:$B$55,'PP2'!$A$6:$A$55,0) -> 0 | I9: =_xlfn.XLOOKUP($B9,'PP3'!$C$6:$C$101,'PP3'!$B$6:$B$101,"") -> 5 | J9: =_xlfn.XLOOKUP(I9,'PP3'!$B$6:$B$55,'PP3'!$A$6:$A$55,0) -> 5.9860243 | K9: =_xlfn.XLOOKUP($B9,'PP4'!$C$6:$C$101,'PP4'!$B$6:$B$101,"") -> 3 | L9: =_xlfn.XLOOKUP(K9,'PP4'!$B$6:$B$55,'PP4'!$A$6:$A$55,0) -> 25.930622 | M9: =_xlfn.XLOOKUP($B9,'PP5'!$C$6:$C$101,'PP5'!$B$6:$B$101,"") | N9: =_xlfn.XLOOKUP(M9,'PP5'!$B$6:$B$55,'PP5'!$A$6:$A$55,0) -> 0 | O9: =_xlfn.XLOOKUP(B9,MPW!C$6:C$101,MPW!B$6:B$101,"") -> 3 | P9: =_xlfn.XLOOKUP(O9,MPW!$B$6:$B$55,MPW!$A$6:$A$55,0) -> 31.116746 | R9: =_xlfn.XLOOKUP($B9,'PEW1'!$C$6:$C$101,'PEW1'!$B$6:$B$101,"") | S9: =_xlfn.XLOOKUP(R9,'PEW1'!$B$6:$B$55,'PEW1'!$A$6:$A$55,0) -> 0 | T9: =_xlfn.XLOOKUP($B9,'PEW2'!$C$6:$C$101,'PEW2'!$B$6:$B$101,"") | U9: =_xlfn.XLOOKUP(T9,'PEW2'!$B$6:$B$55,'PEW2'!$A$6:$A$55,0) -> 0 | V9: =_xlfn.XLOOKUP($B9,'PEW3'!$C$6:$C$101,'PEW3'!$B$6:$B$101,"") | W9: =_xlfn.XLOOKUP(V9,'PEW3'!$B$6:$B$55,'PEW3'!$A$6:$A$55,0) -> 0 | X9: =_xlfn.XLOOKUP($B9,'PEW4'!$C$6:$C$101,'PEW4'!$B$6:$B$101,"") | Y9: =_xlfn.XLOOKUP(X9,'PEW4'!$B$6:$B$55,'PEW4'!$A$6:$A$55,0) -> 0 | Z9: =_xlfn.XLOOKUP($B9,'PEW5'!$C$6:$C$101,'PEW5'!$B$6:$B$101,"") | AA9: =_xlfn.XLOOKUP(Z9,'PEW5'!$B$6:$B$55,'PEW5'!$A$6:$A$55,0) -> 0 | AB9: =_xlfn.XLOOKUP($B9,'PEW6'!$C$6:$C$101,'PEW6'!$B$6:$B$101,"") -> 14 | AC9: =_xlfn.XLOOKUP(AB9,'PEW6'!$B$6:$B$55,'PEW6'!$A$6:$A$55,0) -> 15.260492 | AD9: =_xlfn.XLOOKUP($B9,'PEW7'!$C$6:$C$101,'PEW7'!$B$6:$B$101,"") | AE9: =_xlfn.XLOOKUP(AD9,'PEW7'!$B$6:$B$55,'PEW7'!$A$6:$A$55,0) -> 0 | AF9: =_xlfn.XLOOKUP($B9,PS!$C$6:$C$101,PS!$B$6:$B$101,"") | AG9: =_xlfn.XLOOKUP(AF9,PS!$B$6:$B$55,PS!$A$6:$A$55,0) -> 0 | AH9: {=_xlfn.XLOOKUP($B9,IMEW!C$6:C$200,IMEW!$B$6:B$200,"")} | AI9: =_xlfn.XLOOKUP(AH9,IMEW!$B$6:$B$200,IMEW!$A$6:$A$200,0) -> 0
A10: =ROW()-5 -> 5 | B10: SZURLEJ Agata | D10: =SUM(F10,H10,J10,L10,N10,P10)-MIN(F10,H10,J10,L10,N10)+SUM(LARGE((S10,U10,W10,Y10,AA10,AC10,AE10,AG10),1),LARGE((S10,U10,W10,Y10,AA10,AC10,AE10,AG10),2),LARGE((S10,U10,W10,Y10,AA10,AC10,AE10,AG10),3),AI10) -> 74.082243 | E10: =_xlfn.XLOOKUP($B10,'PP1'!$C$6:$C$101,'PP1'!$B$6:$B$101,"") -> 4 | F10: =_xlfn.XLOOKUP(E10,'PP1'!$B$6:$B$55,'PP1'!$A$6:$A$55,0) -> 17.793697 | G10: =_xlfn.XLOOKUP($B10,'PP2'!$C$6:$C$101,'PP2'!$B$6:$B$101,"") -> 3 | H10: =_xlfn.XLOOKUP(G10,'PP2'!$B$6:$B$55,'PP2'!$A$6:$A$55,0) -> 31.682224 | I10: =_xlfn.XLOOKUP($B10,'PP3'!$C$6:$C$101,'PP3'!$B$6:$B$101,"") -> 4 | J10: =_xlfn.XLOOKUP(I10,'PP3'!$B$6:$B$55,'PP3'!$A$6:$A$55,0) -> 22.088425 | K10: =_xlfn.XLOOKUP($B10,'PP4'!$C$6:$C$101,'PP4'!$B$6:$B$101,"") | L10: =_xlfn.XLOOKUP(K10,'PP4'!$B$6:$B$55,'PP4'!$A$6:$A$55,0) -> 0 | M10: =_xlfn.XLOOKUP($B10,'PP5'!$C$6:$C$101,'PP5'!$B$6:$B$101,"") | N10: =_xlfn.XLOOKUP(M10,'PP5'!$B$6:$B$55,'PP5'!$A$6:$A$55,0) -> 0 | O10: =_xlfn.XLOOKUP(B10,MPW!C$6:C$101,MPW!B$6:B$101,"") | P10: =_xlfn.XLOOKUP(O10,MPW!$B$6:$B$55,MPW!$A$6:$A$55,0) -> 0 | R10: =_xlfn.XLOOKUP($B10,'PEW1'!$C$6:$C$101,'PEW1'!$B$6:$B$101,"") | S10: =_xlfn.XLOOKUP(R10,'PEW1'!$B$6:$B$55,'PEW1'!$A$6:$A$55,0) -> 0 | T10: =_xlfn.XLOOKUP($B10,'PEW2'!$C$6:$C$101,'PEW2'!$B$6:$B$101,"") -> 27 | U10: =_xlfn.XLOOKUP(T10,'PEW2'!$B$6:$B$55,'PEW2'!$A$6:$A$55,0) -> 2.5178964 | V10: =_xlfn.XLOOKUP($B10,'PEW3'!$C$6:$C$101,'PEW3'!$B$6:$B$101,"") | W10: =_xlfn.XLOOKUP(V10,'PEW3'!$B$6:$B$55,'PEW3'!$A$6:$A$55,0) -> 0 | X10: =_xlfn.XLOOKUP($B10,'PEW4'!$C$6:$C$101,'PEW4'!$B$6:$B$101,"") | Y10: =_xlfn.XLOOKUP(X10,'PEW4'!$B$6:$B$55,'PEW4'!$A$6:$A$55,0) -> 0 | Z10: =_xlfn.XLOOKUP($B10,'PEW5'!$C$6:$C$101,'PEW5'!$B$6:$B$101,"") | AA10: =_xlfn.XLOOKUP(Z10,'PEW5'!$B$6:$B$55,'PEW5'!$A$6:$A$55,0) -> 0 | AB10: =_xlfn.XLOOKUP($B10,'PEW6'!$C$6:$C$101,'PEW6'!$B$6:$B$101,"") | AC10: =_xlfn.XLOOKUP(AB10,'PEW6'!$B$6:$B$55,'PEW6'!$A$6:$A$55,0) -> 0 | AD10: =_xlfn.XLOOKUP($B10,'PEW7'!$C$6:$C$101,'PEW7'!$B$6:$B$101,"") | AE10: =_xlfn.XLOOKUP(AD10,'PEW7'!$B$6:$B$55,'PEW7'!$A$6:$A$55,0) -> 0 | AF10: =_xlfn.XLOOKUP($B10,PS!$C$6:$C$101,PS!$B$6:$B$101,"") | AG10: =_xlfn.XLOOKUP(AF10,PS!$B$6:$B$55,PS!$A$6:$A$55,0) -> 0 | AH10: {=_xlfn.XLOOKUP($B10,IMEW!C$6:C$200,IMEW!$B$6:B$200,"")} | AI10: =_xlfn.XLOOKUP(AH10,IMEW!$B$6:$B$200,IMEW!$A$6:$A$200,0) -> 0
A11: =ROW()-5 -> 6 | B11: LASKUS KRYSTYNA | D11: =SUM(F11,H11,J11,L11,N11,P11)-MIN(F11,H11,J11,L11,N11)+SUM(LARGE((S11,U11,W11,Y11,AA11,AC11,AE11,AG11),1),LARGE((S11,U11,W11,Y11,AA11,AC11,AE11,AG11),2),LARGE((S11,U11,W11,Y11,AA11,AC11,AE11,AG11),3),AI11) -> 13.996757 | E11: =_xlfn.XLOOKUP($B11,'PP1'!$C$6:$C$101,'PP1'!$B$6:$B$101,"") | F11: =_xlfn.XLOOKUP(E11,'PP1'!$B$6:$B$55,'PP1'!$A$6:$A$55,0) -> 0 | G11: =_xlfn.XLOOKUP($B11,'PP2'!$C$6:$C$101,'PP2'!$B$6:$B$101,"") | H11: =_xlfn.XLOOKUP(G11,'PP2'!$B$6:$B$55,'PP2'!$A$6:$A$55,0) -> 0 | I11: =_xlfn.XLOOKUP($B11,'PP3'!$C$6:$C$101,'PP3'!$B$6:$B$101,"") -> 6 | J11: =_xlfn.XLOOKUP(I11,'PP3'!$B$6:$B$55,'PP3'!$A$6:$A$55,0) -> 1 | K11: =_xlfn.XLOOKUP($B11,'PP4'!$C$6:$C$101,'PP4'!$B$6:$B$101,"") | L11: =_xlfn.XLOOKUP(K11,'PP4'!$B$6:$B$55,'PP4'!$A$6:$A$55,0) -> 0 | M11: =_xlfn.XLOOKUP($B11,'PP5'!$C$6:$C$101,'PP5'!$B$6:$B$101,"") | N11: =_xlfn.XLOOKUP(M11,'PP5'!$B$6:$B$55,'PP5'!$A$6:$A$55,0) -> 0 | O11: =_xlfn.XLOOKUP(B11,MPW!C$6:C$101,MPW!B$6:B$101,"") | P11: =_xlfn.XLOOKUP(O11,MPW!$B$6:$B$55,MPW!$A$6:$A$55,0) -> 0 | R11: =_xlfn.XLOOKUP($B11,'PEW1'!$C$6:$C$101,'PEW1'!$B$6:$B$101,"") | S11: =_xlfn.XLOOKUP(R11,'PEW1'!$B$6:$B$55,'PEW1'!$A$6:$A$55,0) -> 0 | T11: =_xlfn.XLOOKUP($B11,'PEW2'!$C$6:$C$101,'PEW2'!$B$6:$B$101,"") | U11: =_xlfn.XLOOKUP(T11,'PEW2'!$B$6:$B$55,'PEW2'!$A$6:$A$55,0) -> 0 | V11: =_xlfn.XLOOKUP($B11,'PEW3'!$C$6:$C$101,'PEW3'!$B$6:$B$101,"") | W11: =_xlfn.XLOOKUP(V11,'PEW3'!$B$6:$B$55,'PEW3'!$A$6:$A$55,0) -> 0 | X11: =_xlfn.XLOOKUP($B11,'PEW4'!$C$6:$C$101,'PEW4'!$B$6:$B$101,"") | Y11: =_xlfn.XLOOKUP(X11,'PEW4'!$B$6:$B$55,'PEW4'!$A$6:$A$55,0) -> 0 | Z11: =_xlfn.XLOOKUP($B11,'PEW5'!$C$6:$C$101,'PEW5'!$B$6:$B$101,"") | AA11: =_xlfn.XLOOKUP(Z11,'PEW5'!$B$6:$B$55,'PEW5'!$A$6:$A$55,0) -> 0 | AB11: =_xlfn.XLOOKUP($B11,'PEW6'!$C$6:$C$101,'PEW6'!$B$6:$B$101,"") -> 16 | AC11: =_xlfn.XLOOKUP(AB11,'PEW6'!$B$6:$B$55,'PEW6'!$A$6:$A$55,0) -> 12.996757 | AD11: =_xlfn.XLOOKUP($B11,'PEW7'!$C$6:$C$101,'PEW7'!$B$6:$B$101,"") | AE11: =_xlfn.XLOOKUP(AD11,'PEW7'!$B$6:$B$55,'PEW7'!$A$6:$A$55,0) -> 0 | AF11: =_xlfn.XLOOKUP($B11,PS!$C$6:$C$101,PS!$B$6:$B$101,"") | AG11: =_xlfn.XLOOKUP(AF11,PS!$B$6:$B$55,PS!$A$6:$A$55,0) -> 0 | AH11: {=_xlfn.XLOOKUP($B11,IMEW!C$6:C$200,IMEW!$B$6:B$200,"")} | AI11: =_xlfn.XLOOKUP(AH11,IMEW!$B$6:$B$200,IMEW!$A$6:$A$200,0) -> 0
A12: =ROW()-5 -> 7 | B12: WALECKA Wanda | D12: =SUM(F12,H12,J12,L12,N12,P12)-MIN(F12,H12,J12,L12,N12)+SUM(LARGE((S12,U12,W12,Y12,AA12,AC12,AE12,AG12),1),LARGE((S12,U12,W12,Y12,AA12,AC12,AE12,AG12),2),LARGE((S12,U12,W12,Y12,AA12,AC12,AE12,AG12),3),AI12) -> 6.1689972 | E12: =_xlfn.XLOOKUP($B12,'PP1'!$C$6:$C$101,'PP1'!$B$6:$B$101,"") -> 5 | F12: =_xlfn.XLOOKUP(E12,'PP1'!$B$6:$B$55,'PP1'!$A$6:$A$55,0) -> 1 | G12: =_xlfn.XLOOKUP($B12,'PP2'!$C$6:$C$101,'PP2'!$B$6:$B$101,"") -> 5 | H12: =_xlfn.XLOOKUP(G12,'PP2'!$B$6:$B$55,'PP2'!$A$6:$A$55,0) -> 1 | I12: =_xlfn.XLOOKUP($B12,'PP3'!$C$6:$C$101,'PP3'!$B$6:$B$101,"") | J12: =_xlfn.XLOOKUP(I12,'PP3'!$B$6:$B$55,'PP3'!$A$6:$A$55,0) -> 0 | K12: =_xlfn.XLOOKUP($B12,'PP4'!$C$6:$C$101,'PP4'!$B$6:$B$101,"") -> 4 | L12: =_xlfn.XLOOKUP(K12,'PP4'!$B$6:$B$55,'PP4'!$A$6:$A$55,0) -> 1 | M12: =_xlfn.XLOOKUP($B12,'PP5'!$C$6:$C$101,'PP5'!$B$6:$B$101,"") | N12: =_xlfn.XLOOKUP(M12,'PP5'!$B$6:$B$55,'PP5'!$A$6:$A$55,0) -> 0 | O12: =_xlfn.XLOOKUP(B12,MPW!C$6:C$101,MPW!B$6:B$101,"") -> 4 | P12: =_xlfn.XLOOKUP(O12,MPW!$B$6:$B$55,MPW!$A$6:$A$55,0) -> 1.2 | R12: =_xlfn.XLOOKUP($B12,'PEW1'!$C$6:$C$101,'PEW1'!$B$6:$B$101,"") | S12: =_xlfn.XLOOKUP(R12,'PEW1'!$B$6:$B$55,'PEW1'!$A$6:$A$55,0) -> 0 | T12: =_xlfn.XLOOKUP($B12,'PEW2'!$C$6:$C$101,'PEW2'!$B$6:$B$101,"") | U12: =_xlfn.XLOOKUP(T12,'PEW2'!$B$6:$B$55,'PEW2'!$A$6:$A$55,0) -> 0 | V12: =_xlfn.XLOOKUP($B12,'PEW3'!$C$6:$C$101,'PEW3'!$B$6:$B$101,"") | W12: =_xlfn.XLOOKUP(V12,'PEW3'!$B$6:$B$55,'PEW3'!$A$6:$A$55,0) -> 0 | X12: =_xlfn.XLOOKUP($B12,'PEW4'!$C$6:$C$101,'PEW4'!$B$6:$B$101,"") | Y12: =_xlfn.XLOOKUP(X12,'PEW4'!$B$6:$B$55,'PEW4'!$A$6:$A$55,0) -> 0 | Z12: =_xlfn.XLOOKUP($B12,'PEW5'!$C$6:$C$101,'PEW5'!$B$6:$B$101,"") | AA12: =_xlfn.XLOOKUP(Z12,'PEW5'!$B$6:$B$55,'PEW5'!$A$6:$A$55,0) -> 0 | AB12: =_xlfn.XLOOKUP($B12,'PEW6'!$C$6:$C$101,'PEW6'!$B$6:$B$101,"") -> 17 | AC12: =_xlfn.XLOOKUP(AB12,'PEW6'!$B$6:$B$55,'PEW6'!$A$6:$A$55,0) -> 1.9689972 | AD12: =_xlfn.XLOOKUP($B12,'PEW7'!$C$6:$C$101,'PEW7'!$B$6:$B$101,"") | AE12: =_xlfn.XLOOKUP(AD12,'PEW7'!$B$6:$B$55,'PEW7'!$A$6:$A$55,0) -> 0 | AF12: =_xlfn.XLOOKUP($B12,PS!$C$6:$C$101,PS!$B$6:$B$101,"") | AG12: =_xlfn.XLOOKUP(AF12,PS!$B$6:$B$55,PS!$A$6:$A$55,0) -> 0 | AH12: {=_xlfn.XLOOKUP($B12,IMEW!C$6:C$200,IMEW!$B$6:B$200,"")} | AI12: =_xlfn.XLOOKUP(AH12,IMEW!$B$6:$B$200,IMEW!$A$6:$A$200,0) -> 0
A13: =ROW()-5 -> 8 | D13: =SUM(F13,H13,J13,L13,N13,P13)-MIN(F13,H13,J13,L13,N13)+SUM(LARGE((S13,U13,W13,Y13,AA13,AC13,AE13,AG13),1),LARGE((S13,U13,W13,Y13,AA13,AC13,AE13,AG13),2),LARGE((S13,U13,W13,Y13,AA13,AC13,AE13,AG13),3),AI13) -> 0 | E13: =_xlfn.XLOOKUP($B13,'PP1'!$C$6:$C$101,'PP1'!$B$6:$B$101,"") | F13: =_xlfn.XLOOKUP(E13,'PP1'!$B$6:$B$55,'PP1'!$A$6:$A$55,0) -> 0 | G13: =_xlfn.XLOOKUP($B13,'PP2'!$C$6:$C$101,'PP2'!$B$6:$B$101,"") | H13: =_xlfn.XLOOKUP(G13,'PP2'!$B$6:$B$55,'PP2'!$A$6:$A$55,0) -> 0 | I13: =_xlfn.XLOOKUP($B13,'PP3'!$C$6:$C$101,'PP3'!$B$6:$B$101,"") | J13: =_xlfn.XLOOKUP(I13,'PP3'!$B$6:$B$55,'PP3'!$A$6:$A$55,0) -> 0 | K13: =_xlfn.XLOOKUP($B13,'PP4'!$C$6:$C$101,'PP4'!$B$6:$B$101,"") | L13: =_xlfn.XLOOKUP(K13,'PP4'!$B$6:$B$55,'PP4'!$A$6:$A$55,0) -> 0 | M13: =_xlfn.XLOOKUP($B13,'PP5'!$C$6:$C$101,'PP5'!$B$6:$B$101,"") | N13: =_xlfn.XLOOKUP(M13,'PP5'!$B$6:$B$55,'PP5'!$A$6:$A$55,0) -> 0 | O13: =_xlfn.XLOOKUP(B13,MPW!C$6:C$101,MPW!B$6:B$101,"") | P13: =_xlfn.XLOOKUP(O13,MPW!$B$6:$B$55,MPW!$A$6:$A$55,0) -> 0 | R13: =_xlfn.XLOOKUP($B13,'PEW1'!$C$6:$C$101,'PEW1'!$B$6:$B$101,"") | S13: =_xlfn.XLOOKUP(R13,'PEW1'!$B$6:$B$55,'PEW1'!$A$6:$A$55,0) -> 0 | T13: =_xlfn.XLOOKUP($B13,'PEW2'!$C$6:$C$101,'PEW2'!$B$6:$B$101,"") | U13: =_xlfn.XLOOKUP(T13,'PEW2'!$B$6:$B$55,'PEW2'!$A$6:$A$55,0) -> 0 | V13: =_xlfn.XLOOKUP($B13,'PEW3'!$C$6:$C$101,'PEW3'!$B$6:$B$101,"") | W13: =_xlfn.XLOOKUP(V13,'PEW3'!$B$6:$B$55,'PEW3'!$A$6:$A$55,0) -> 0 | X13: =_xlfn.XLOOKUP($B13,'PEW4'!$C$6:$C$101,'PEW4'!$B$6:$B$101,"") | Y13: =_xlfn.XLOOKUP(X13,'PEW4'!$B$6:$B$55,'PEW4'!$A$6:$A$55,0) -> 0 | Z13: =_xlfn.XLOOKUP($B13,'PEW5'!$C$6:$C$101,'PEW5'!$B$6:$B$101,"") | AA13: =_xlfn.XLOOKUP(Z13,'PEW5'!$B$6:$B$55,'PEW5'!$A$6:$A$55,0) -> 0 | AB13: =_xlfn.XLOOKUP($B13,'PEW6'!$C$6:$C$101,'PEW6'!$B$6:$B$101,"") | AC13: =_xlfn.XLOOKUP(AB13,'PEW6'!$B$6:$B$55,'PEW6'!$A$6:$A$55,0) -> 0 | AD13: =_xlfn.XLOOKUP($B13,'PEW7'!$C$6:$C$101,'PEW7'!$B$6:$B$101,"") | AE13: =_xlfn.XLOOKUP(AD13,'PEW7'!$B$6:$B$55,'PEW7'!$A$6:$A$55,0) -> 0 | AF13: =_xlfn.XLOOKUP($B13,PS!$C$6:$C$101,PS!$B$6:$B$101,"") | AG13: =_xlfn.XLOOKUP(AF13,PS!$B$6:$B$55,PS!$A$6:$A$55,0) -> 0 | AH13: {=_xlfn.XLOOKUP($B13,IMEW!C$6:C$200,IMEW!$B$6:B$200,"")} | AI13: =_xlfn.XLOOKUP(AH13,IMEW!$B$6:$B$200,IMEW!$A$6:$A$200,0) -> 0
A14: =ROW()-5 -> 9 | D14: =SUM(F14,H14,J14,L14,N14,P14)-MIN(F14,H14,J14,L14,N14)+SUM(LARGE((S14,U14,W14,Y14,AA14,AC14,AE14,AG14),1),LARGE((S14,U14,W14,Y14,AA14,AC14,AE14,AG14),2),LARGE((S14,U14,W14,Y14,AA14,AC14,AE14,AG14),3),AI14) -> 0 | E14: =_xlfn.XLOOKUP($B14,'PP1'!$C$6:$C$101,'PP1'!$B$6:$B$101,"") | F14: =_xlfn.XLOOKUP(E14,'PP1'!$B$6:$B$55,'PP1'!$A$6:$A$55,0) -> 0 | G14: =_xlfn.XLOOKUP($B14,'PP2'!$C$6:$C$101,'PP2'!$B$6:$B$101,"") | H14: =_xlfn.XLOOKUP(G14,'PP2'!$B$6:$B$55,'PP2'!$A$6:$A$55,0) -> 0 | I14: =_xlfn.XLOOKUP($B14,'PP3'!$C$6:$C$101,'PP3'!$B$6:$B$101,"") | J14: =_xlfn.XLOOKUP(I14,'PP3'!$B$6:$B$55,'PP3'!$A$6:$A$55,0) -> 0 | K14: =_xlfn.XLOOKUP($B14,'PP4'!$C$6:$C$101,'PP4'!$B$6:$B$101,"") | L14: =_xlfn.XLOOKUP(K14,'PP4'!$B$6:$B$55,'PP4'!$A$6:$A$55,0) -> 0 | M14: =_xlfn.XLOOKUP($B14,'PP5'!$C$6:$C$101,'PP5'!$B$6:$B$101,"") | N14: =_xlfn.XLOOKUP(M14,'PP5'!$B$6:$B$55,'PP5'!$A$6:$A$55,0) -> 0 | O14: =_xlfn.XLOOKUP(B14,MPW!C$6:C$101,MPW!B$6:B$101,"") | P14: =_xlfn.XLOOKUP(O14,MPW!$B$6:$B$55,MPW!$A$6:$A$55,0) -> 0 | R14: =_xlfn.XLOOKUP($B14,'PEW1'!$C$6:$C$101,'PEW1'!$B$6:$B$101,"") | S14: =_xlfn.XLOOKUP(R14,'PEW1'!$B$6:$B$55,'PEW1'!$A$6:$A$55,0) -> 0 | T14: =_xlfn.XLOOKUP($B14,'PEW2'!$C$6:$C$101,'PEW2'!$B$6:$B$101,"") | U14: =_xlfn.XLOOKUP(T14,'PEW2'!$B$6:$B$55,'PEW2'!$A$6:$A$55,0) -> 0 | V14: =_xlfn.XLOOKUP($B14,'PEW3'!$C$6:$C$101,'PEW3'!$B$6:$B$101,"") | W14: =_xlfn.XLOOKUP(V14,'PEW3'!$B$6:$B$55,'PEW3'!$A$6:$A$55,0) -> 0 | X14: =_xlfn.XLOOKUP($B14,'PEW4'!$C$6:$C$101,'PEW4'!$B$6:$B$101,"") | Y14: =_xlfn.XLOOKUP(X14,'PEW4'!$B$6:$B$55,'PEW4'!$A$6:$A$55,0) -> 0 | Z14: =_xlfn.XLOOKUP($B14,'PEW5'!$C$6:$C$101,'PEW5'!$B$6:$B$101,"") | AA14: =_xlfn.XLOOKUP(Z14,'PEW5'!$B$6:$B$55,'PEW5'!$A$6:$A$55,0) -> 0 | AB14: =_xlfn.XLOOKUP($B14,'PEW6'!$C$6:$C$101,'PEW6'!$B$6:$B$101,"") | AC14: =_xlfn.XLOOKUP(AB14,'PEW6'!$B$6:$B$55,'PEW6'!$A$6:$A$55,0) -> 0 | AD14: =_xlfn.XLOOKUP($B14,'PEW7'!$C$6:$C$101,'PEW7'!$B$6:$B$101,"") | AE14: =_xlfn.XLOOKUP(AD14,'PEW7'!$B$6:$B$55,'PEW7'!$A$6:$A$55,0) -> 0 | AF14: =_xlfn.XLOOKUP($B14,PS!$C$6:$C$101,PS!$B$6:$B$101,"") | AG14: =_xlfn.XLOOKUP(AF14,PS!$B$6:$B$55,PS!$A$6:$A$55,0) -> 0 | AH14: {=_xlfn.XLOOKUP($B14,IMEW!C$6:C$200,IMEW!$B$6:B$200,"")} | AI14: =_xlfn.XLOOKUP(AH14,IMEW!$B$6:$B$200,IMEW!$A$6:$A$200,0) -> 0
A15: =ROW()-5 -> 10 | D15: =SUM(F15,H15,J15,L15,N15,P15)-MIN(F15,H15,J15,L15,N15)+SUM(LARGE((S15,U15,W15,Y15,AA15,AC15,AE15,AG15),1),LARGE((S15,U15,W15,Y15,AA15,AC15,AE15,AG15),2),LARGE((S15,U15,W15,Y15,AA15,AC15,AE15,AG15),3),AI15) -> 0 | E15: =_xlfn.XLOOKUP($B15,'PP1'!$C$6:$C$101,'PP1'!$B$6:$B$101,"") | F15: =_xlfn.XLOOKUP(E15,'PP1'!$B$6:$B$55,'PP1'!$A$6:$A$55,0) -> 0 | G15: =_xlfn.XLOOKUP($B15,'PP2'!$C$6:$C$101,'PP2'!$B$6:$B$101,"") | H15: =_xlfn.XLOOKUP(G15,'PP2'!$B$6:$B$55,'PP2'!$A$6:$A$55,0) -> 0 | I15: =_xlfn.XLOOKUP($B15,'PP3'!$C$6:$C$101,'PP3'!$B$6:$B$101,"") | J15: =_xlfn.XLOOKUP(I15,'PP3'!$B$6:$B$55,'PP3'!$A$6:$A$55,0) -> 0 | K15: =_xlfn.XLOOKUP($B15,'PP4'!$C$6:$C$101,'PP4'!$B$6:$B$101,"") | L15: =_xlfn.XLOOKUP(K15,'PP4'!$B$6:$B$55,'PP4'!$A$6:$A$55,0) -> 0 | M15: =_xlfn.XLOOKUP($B15,'PP5'!$C$6:$C$101,'PP5'!$B$6:$B$101,"") | N15: =_xlfn.XLOOKUP(M15,'PP5'!$B$6:$B$55,'PP5'!$A$6:$A$55,0) -> 0 | O15: =_xlfn.XLOOKUP(B15,MPW!C$6:C$101,MPW!B$6:B$101,"") | P15: =_xlfn.XLOOKUP(O15,MPW!$B$6:$B$55,MPW!$A$6:$A$55,0) -> 0 | R15: =_xlfn.XLOOKUP($B15,'PEW1'!$C$6:$C$101,'PEW1'!$B$6:$B$101,"") | S15: =_xlfn.XLOOKUP(R15,'PEW1'!$B$6:$B$55,'PEW1'!$A$6:$A$55,0) -> 0 | T15: =_xlfn.XLOOKUP($B15,'PEW2'!$C$6:$C$101,'PEW2'!$B$6:$B$101,"") | U15: =_xlfn.XLOOKUP(T15,'PEW2'!$B$6:$B$55,'PEW2'!$A$6:$A$55,0) -> 0 | V15: =_xlfn.XLOOKUP($B15,'PEW3'!$C$6:$C$101,'PEW3'!$B$6:$B$101,"") | W15: =_xlfn.XLOOKUP(V15,'PEW3'!$B$6:$B$55,'PEW3'!$A$6:$A$55,0) -> 0 | X15: =_xlfn.XLOOKUP($B15,'PEW4'!$C$6:$C$101,'PEW4'!$B$6:$B$101,"") | Y15: =_xlfn.XLOOKUP(X15,'PEW4'!$B$6:$B$55,'PEW4'!$A$6:$A$55,0) -> 0 | Z15: =_xlfn.XLOOKUP($B15,'PEW5'!$C$6:$C$101,'PEW5'!$B$6:$B$101,"") | AA15: =_xlfn.XLOOKUP(Z15,'PEW5'!$B$6:$B$55,'PEW5'!$A$6:$A$55,0) -> 0 | AB15: =_xlfn.XLOOKUP($B15,'PEW6'!$C$6:$C$101,'PEW6'!$B$6:$B$101,"") | AC15: =_xlfn.XLOOKUP(AB15,'PEW6'!$B$6:$B$55,'PEW6'!$A$6:$A$55,0) -> 0 | AD15: =_xlfn.XLOOKUP($B15,'PEW7'!$C$6:$C$101,'PEW7'!$B$6:$B$101,"") | AE15: =_xlfn.XLOOKUP(AD15,'PEW7'!$B$6:$B$55,'PEW7'!$A$6:$A$55,0) -> 0 | AF15: =_xlfn.XLOOKUP($B15,PS!$C$6:$C$101,PS!$B$6:$B$101,"") | AG15: =_xlfn.XLOOKUP(AF15,PS!$B$6:$B$55,PS!$A$6:$A$55,0) -> 0 | AH15: {=_xlfn.XLOOKUP($B15,IMEW!C$6:C$200,IMEW!$B$6:B$200,"")} | AI15: =_xlfn.XLOOKUP(AH15,IMEW!$B$6:$B$200,IMEW!$A$6:$A$200,0) -> 0
A16: =ROW()-5 -> 11 | D16: =SUM(F16,H16,J16,L16,N16,P16)-MIN(F16,H16,J16,L16,N16)+SUM(LARGE((S16,U16,W16,Y16,AA16,AC16,AE16,AG16),1),LARGE((S16,U16,W16,Y16,AA16,AC16,AE16,AG16),2),LARGE((S16,U16,W16,Y16,AA16,AC16,AE16,AG16),3),AI16) -> 0 | E16: =_xlfn.XLOOKUP($B16,'PP1'!$C$6:$C$101,'PP1'!$B$6:$B$101,"") | F16: =_xlfn.XLOOKUP(E16,'PP1'!$B$6:$B$55,'PP1'!$A$6:$A$55,0) -> 0 | G16: =_xlfn.XLOOKUP($B16,'PP2'!$C$6:$C$101,'PP2'!$B$6:$B$101,"") | H16: =_xlfn.XLOOKUP(G16,'PP2'!$B$6:$B$55,'PP2'!$A$6:$A$55,0) -> 0 | I16: =_xlfn.XLOOKUP($B16,'PP3'!$C$6:$C$101,'PP3'!$B$6:$B$101,"") | J16: =_xlfn.XLOOKUP(I16,'PP3'!$B$6:$B$55,'PP3'!$A$6:$A$55,0) -> 0 | K16: =_xlfn.XLOOKUP($B16,'PP4'!$C$6:$C$101,'PP4'!$B$6:$B$101,"") | L16: =_xlfn.XLOOKUP(K16,'PP4'!$B$6:$B$55,'PP4'!$A$6:$A$55,0) -> 0 | M16: =_xlfn.XLOOKUP($B16,'PP5'!$C$6:$C$101,'PP5'!$B$6:$B$101,"") | N16: =_xlfn.XLOOKUP(M16,'PP5'!$B$6:$B$55,'PP5'!$A$6:$A$55,0) -> 0 | O16: =_xlfn.XLOOKUP(B16,MPW!C$6:C$101,MPW!B$6:B$101,"") | P16: =_xlfn.XLOOKUP(O16,MPW!$B$6:$B$55,MPW!$A$6:$A$55,0) -> 0 | R16: =_xlfn.XLOOKUP($B16,'PEW1'!$C$6:$C$101,'PEW1'!$B$6:$B$101,"") | S16: =_xlfn.XLOOKUP(R16,'PEW1'!$B$6:$B$55,'PEW1'!$A$6:$A$55,0) -> 0 | T16: =_xlfn.XLOOKUP($B16,'PEW2'!$C$6:$C$101,'PEW2'!$B$6:$B$101,"") | U16: =_xlfn.XLOOKUP(T16,'PEW2'!$B$6:$B$55,'PEW2'!$A$6:$A$55,0) -> 0 | V16: =_xlfn.XLOOKUP($B16,'PEW3'!$C$6:$C$101,'PEW3'!$B$6:$B$101,"") | W16: =_xlfn.XLOOKUP(V16,'PEW3'!$B$6:$B$55,'PEW3'!$A$6:$A$55,0) -> 0 | X16: =_xlfn.XLOOKUP($B16,'PEW4'!$C$6:$C$101,'PEW4'!$B$6:$B$101,"") | Y16: =_xlfn.XLOOKUP(X16,'PEW4'!$B$6:$B$55,'PEW4'!$A$6:$A$55,0) -> 0 | Z16: =_xlfn.XLOOKUP($B16,'PEW5'!$C$6:$C$101,'PEW5'!$B$6:$B$101,"") | AA16: =_xlfn.XLOOKUP(Z16,'PEW5'!$B$6:$B$55,'PEW5'!$A$6:$A$55,0) -> 0 | AB16: =_xlfn.XLOOKUP($B16,'PEW6'!$C$6:$C$101,'PEW6'!$B$6:$B$101,"") | AC16: =_xlfn.XLOOKUP(AB16,'PEW6'!$B$6:$B$55,'PEW6'!$A$6:$A$55,0) -> 0 | AD16: =_xlfn.XLOOKUP($B16,'PEW7'!$C$6:$C$101,'PEW7'!$B$6:$B$101,"") | AE16: =_xlfn.XLOOKUP(AD16,'PEW7'!$B$6:$B$55,'PEW7'!$A$6:$A$55,0) -> 0 | AF16: =_xlfn.XLOOKUP($B16,PS!$C$6:$C$101,PS!$B$6:$B$101,"") | AG16: =_xlfn.XLOOKUP(AF16,PS!$B$6:$B$55,PS!$A$6:$A$55,0) -> 0 | AH16: {=_xlfn.XLOOKUP($B16,IMEW!C$6:C$200,IMEW!$B$6:B$200,"")} | AI16: =_xlfn.XLOOKUP(AH16,IMEW!$B$6:$B$200,IMEW!$A$6:$A$200,0) -> 0
A17: =ROW()-5 -> 12 | D17: =SUM(F17,H17,J17,L17,N17,P17)-MIN(F17,H17,J17,L17,N17)+SUM(LARGE((S17,U17,W17,Y17,AA17,AC17,AE17,AG17),1),LARGE((S17,U17,W17,Y17,AA17,AC17,AE17,AG17),2),LARGE((S17,U17,W17,Y17,AA17,AC17,AE17,AG17),3),AI17) -> 0 | E17: =_xlfn.XLOOKUP($B17,'PP1'!$C$6:$C$101,'PP1'!$B$6:$B$101,"") | F17: =_xlfn.XLOOKUP(E17,'PP1'!$B$6:$B$55,'PP1'!$A$6:$A$55,0) -> 0 | G17: =_xlfn.XLOOKUP($B17,'PP2'!$C$6:$C$101,'PP2'!$B$6:$B$101,"") | H17: =_xlfn.XLOOKUP(G17,'PP2'!$B$6:$B$55,'PP2'!$A$6:$A$55,0) -> 0 | I17: =_xlfn.XLOOKUP($B17,'PP3'!$C$6:$C$101,'PP3'!$B$6:$B$101,"") | J17: =_xlfn.XLOOKUP(I17,'PP3'!$B$6:$B$55,'PP3'!$A$6:$A$55,0) -> 0 | K17: =_xlfn.XLOOKUP($B17,'PP4'!$C$6:$C$101,'PP4'!$B$6:$B$101,"") | L17: =_xlfn.XLOOKUP(K17,'PP4'!$B$6:$B$55,'PP4'!$A$6:$A$55,0) -> 0 | M17: =_xlfn.XLOOKUP($B17,'PP5'!$C$6:$C$101,'PP5'!$B$6:$B$101,"") | N17: =_xlfn.XLOOKUP(M17,'PP5'!$B$6:$B$55,'PP5'!$A$6:$A$55,0) -> 0 | O17: =_xlfn.XLOOKUP(B17,MPW!C$6:C$101,MPW!B$6:B$101,"") | P17: =_xlfn.XLOOKUP(O17,MPW!$B$6:$B$55,MPW!$A$6:$A$55,0) -> 0 | R17: =_xlfn.XLOOKUP($B17,'PEW1'!$C$6:$C$101,'PEW1'!$B$6:$B$101,"") | S17: =_xlfn.XLOOKUP(R17,'PEW1'!$B$6:$B$55,'PEW1'!$A$6:$A$55,0) -> 0 | T17: =_xlfn.XLOOKUP($B17,'PEW2'!$C$6:$C$101,'PEW2'!$B$6:$B$101,"") | U17: =_xlfn.XLOOKUP(T17,'PEW2'!$B$6:$B$55,'PEW2'!$A$6:$A$55,0) -> 0 | V17: =_xlfn.XLOOKUP($B17,'PEW3'!$C$6:$C$101,'PEW3'!$B$6:$B$101,"") | W17: =_xlfn.XLOOKUP(V17,'PEW3'!$B$6:$B$55,'PEW3'!$A$6:$A$55,0) -> 0 | X17: =_xlfn.XLOOKUP($B17,'PEW4'!$C$6:$C$101,'PEW4'!$B$6:$B$101,"") | Y17: =_xlfn.XLOOKUP(X17,'PEW4'!$B$6:$B$55,'PEW4'!$A$6:$A$55,0) -> 0 | Z17: =_xlfn.XLOOKUP($B17,'PEW5'!$C$6:$C$101,'PEW5'!$B$6:$B$101,"") | AA17: =_xlfn.XLOOKUP(Z17,'PEW5'!$B$6:$B$55,'PEW5'!$A$6:$A$55,0) -> 0 | AB17: =_xlfn.XLOOKUP($B17,'PEW6'!$C$6:$C$101,'PEW6'!$B$6:$B$101,"") | AC17: =_xlfn.XLOOKUP(AB17,'PEW6'!$B$6:$B$55,'PEW6'!$A$6:$A$55,0) -> 0 | AD17: =_xlfn.XLOOKUP($B17,'PEW7'!$C$6:$C$101,'PEW7'!$B$6:$B$101,"") | AE17: =_xlfn.XLOOKUP(AD17,'PEW7'!$B$6:$B$55,'PEW7'!$A$6:$A$55,0) -> 0 | AF17: =_xlfn.XLOOKUP($B17,PS!$C$6:$C$101,PS!$B$6:$B$101,"") | AG17: =_xlfn.XLOOKUP(AF17,PS!$B$6:$B$55,PS!$A$6:$A$55,0) -> 0 | AH17: {=_xlfn.XLOOKUP($B17,IMEW!C$6:C$200,IMEW!$B$6:B$200,"")} | AI17: =_xlfn.XLOOKUP(AH17,IMEW!$B$6:$B$200,IMEW!$A$6:$A$200,0) -> 0
A18: =ROW()-5 -> 13 | D18: =SUM(F18,H18,J18,L18,N18,P18)-MIN(F18,H18,J18,L18,N18)+SUM(LARGE((S18,U18,W18,Y18,AA18,AC18,AE18,AG18),1),LARGE((S18,U18,W18,Y18,AA18,AC18,AE18,AG18),2),LARGE((S18,U18,W18,Y18,AA18,AC18,AE18,AG18),3),AI18) -> 0 | E18: =_xlfn.XLOOKUP($B18,'PP1'!$C$6:$C$101,'PP1'!$B$6:$B$101,"") | F18: =_xlfn.XLOOKUP(E18,'PP1'!$B$6:$B$55,'PP1'!$A$6:$A$55,0) -> 0 | G18: =_xlfn.XLOOKUP($B18,'PP2'!$C$6:$C$101,'PP2'!$B$6:$B$101,"") | H18: =_xlfn.XLOOKUP(G18,'PP2'!$B$6:$B$55,'PP2'!$A$6:$A$55,0) -> 0 | I18: =_xlfn.XLOOKUP($B18,'PP3'!$C$6:$C$101,'PP3'!$B$6:$B$101,"") | J18: =_xlfn.XLOOKUP(I18,'PP3'!$B$6:$B$55,'PP3'!$A$6:$A$55,0) -> 0 | K18: =_xlfn.XLOOKUP($B18,'PP4'!$C$6:$C$101,'PP4'!$B$6:$B$101,"") | L18: =_xlfn.XLOOKUP(K18,'PP4'!$B$6:$B$55,'PP4'!$A$6:$A$55,0) -> 0 | M18: =_xlfn.XLOOKUP($B18,'PP5'!$C$6:$C$101,'PP5'!$B$6:$B$101,"") | N18: =_xlfn.XLOOKUP(M18,'PP5'!$B$6:$B$55,'PP5'!$A$6:$A$55,0) -> 0 | O18: =_xlfn.XLOOKUP(B18,MPW!C$6:C$101,MPW!B$6:B$101,"") | P18: =_xlfn.XLOOKUP(O18,MPW!$B$6:$B$55,MPW!$A$6:$A$55,0) -> 0 | R18: =_xlfn.XLOOKUP($B18,'PEW1'!$C$6:$C$101,'PEW1'!$B$6:$B$101,"") | S18: =_xlfn.XLOOKUP(R18,'PEW1'!$B$6:$B$55,'PEW1'!$A$6:$A$55,0) -> 0 | T18: =_xlfn.XLOOKUP($B18,'PEW2'!$C$6:$C$101,'PEW2'!$B$6:$B$101,"") | U18: =_xlfn.XLOOKUP(T18,'PEW2'!$B$6:$B$55,'PEW2'!$A$6:$A$55,0) -> 0 | V18: =_xlfn.XLOOKUP($B18,'PEW3'!$C$6:$C$101,'PEW3'!$B$6:$B$101,"") | W18: =_xlfn.XLOOKUP(V18,'PEW3'!$B$6:$B$55,'PEW3'!$A$6:$A$55,0) -> 0 | X18: =_xlfn.XLOOKUP($B18,'PEW4'!$C$6:$C$101,'PEW4'!$B$6:$B$101,"") | Y18: =_xlfn.XLOOKUP(X18,'PEW4'!$B$6:$B$55,'PEW4'!$A$6:$A$55,0) -> 0 | Z18: =_xlfn.XLOOKUP($B18,'PEW5'!$C$6:$C$101,'PEW5'!$B$6:$B$101,"") | AA18: =_xlfn.XLOOKUP(Z18,'PEW5'!$B$6:$B$55,'PEW5'!$A$6:$A$55,0) -> 0 | AB18: =_xlfn.XLOOKUP($B18,'PEW6'!$C$6:$C$101,'PEW6'!$B$6:$B$101,"") | AC18: =_xlfn.XLOOKUP(AB18,'PEW6'!$B$6:$B$55,'PEW6'!$A$6:$A$55,0) -> 0 | AD18: =_xlfn.XLOOKUP($B18,'PEW7'!$C$6:$C$101,'PEW7'!$B$6:$B$101,"") | AE18: =_xlfn.XLOOKUP(AD18,'PEW7'!$B$6:$B$55,'PEW7'!$A$6:$A$55,0) -> 0 | AF18: =_xlfn.XLOOKUP($B18,PS!$C$6:$C$101,PS!$B$6:$B$101,"") | AG18: =_xlfn.XLOOKUP(AF18,PS!$B$6:$B$55,PS!$A$6:$A$55,0) -> 0 | AH18: {=_xlfn.XLOOKUP($B18,IMEW!C$6:C$200,IMEW!$B$6:B$200,"")} | AI18: =_xlfn.XLOOKUP(AH18,IMEW!$B$6:$B$200,IMEW!$A$6:$A$200,0) -> 0
A19: =ROW()-5 -> 14 | D19: =SUM(F19,H19,J19,L19,N19,P19)-MIN(F19,H19,J19,L19,N19)+SUM(LARGE((S19,U19,W19,Y19,AA19,AC19,AE19,AG19),1),LARGE((S19,U19,W19,Y19,AA19,AC19,AE19,AG19),2),LARGE((S19,U19,W19,Y19,AA19,AC19,AE19,AG19),3),AI19) -> 0 | E19: =_xlfn.XLOOKUP($B19,'PP1'!$C$6:$C$101,'PP1'!$B$6:$B$101,"") | F19: =_xlfn.XLOOKUP(E19,'PP1'!$B$6:$B$55,'PP1'!$A$6:$A$55,0) -> 0 | G19: =_xlfn.XLOOKUP($B19,'PP2'!$C$6:$C$101,'PP2'!$B$6:$B$101,"") | H19: =_xlfn.XLOOKUP(G19,'PP2'!$B$6:$B$55,'PP2'!$A$6:$A$55,0) -> 0 | I19: =_xlfn.XLOOKUP($B19,'PP3'!$C$6:$C$101,'PP3'!$B$6:$B$101,"") | J19: =_xlfn.XLOOKUP(I19,'PP3'!$B$6:$B$55,'PP3'!$A$6:$A$55,0) -> 0 | K19: =_xlfn.XLOOKUP($B19,'PP4'!$C$6:$C$101,'PP4'!$B$6:$B$101,"") | L19: =_xlfn.XLOOKUP(K19,'PP4'!$B$6:$B$55,'PP4'!$A$6:$A$55,0) -> 0 | M19: =_xlfn.XLOOKUP($B19,'PP5'!$C$6:$C$101,'PP5'!$B$6:$B$101,"") | N19: =_xlfn.XLOOKUP(M19,'PP5'!$B$6:$B$55,'PP5'!$A$6:$A$55,0) -> 0 | O19: =_xlfn.XLOOKUP(B19,MPW!C$6:C$101,MPW!B$6:B$101,"") | P19: =_xlfn.XLOOKUP(O19,MPW!$B$6:$B$55,MPW!$A$6:$A$55,0) -> 0 | R19: =_xlfn.XLOOKUP($B19,'PEW1'!$C$6:$C$101,'PEW1'!$B$6:$B$101,"") | S19: =_xlfn.XLOOKUP(R19,'PEW1'!$B$6:$B$55,'PEW1'!$A$6:$A$55,0) -> 0 | T19: =_xlfn.XLOOKUP($B19,'PEW2'!$C$6:$C$101,'PEW2'!$B$6:$B$101,"") | U19: =_xlfn.XLOOKUP(T19,'PEW2'!$B$6:$B$55,'PEW2'!$A$6:$A$55,0) -> 0 | V19: =_xlfn.XLOOKUP($B19,'PEW3'!$C$6:$C$101,'PEW3'!$B$6:$B$101,"") | W19: =_xlfn.XLOOKUP(V19,'PEW3'!$B$6:$B$55,'PEW3'!$A$6:$A$55,0) -> 0 | X19: =_xlfn.XLOOKUP($B19,'PEW4'!$C$6:$C$101,'PEW4'!$B$6:$B$101,"") | Y19: =_xlfn.XLOOKUP(X19,'PEW4'!$B$6:$B$55,'PEW4'!$A$6:$A$55,0) -> 0 | Z19: =_xlfn.XLOOKUP($B19,'PEW5'!$C$6:$C$101,'PEW5'!$B$6:$B$101,"") | AA19: =_xlfn.XLOOKUP(Z19,'PEW5'!$B$6:$B$55,'PEW5'!$A$6:$A$55,0) -> 0 | AB19: =_xlfn.XLOOKUP($B19,'PEW6'!$C$6:$C$101,'PEW6'!$B$6:$B$101,"") | AC19: =_xlfn.XLOOKUP(AB19,'PEW6'!$B$6:$B$55,'PEW6'!$A$6:$A$55,0) -> 0 | AD19: =_xlfn.XLOOKUP($B19,'PEW7'!$C$6:$C$101,'PEW7'!$B$6:$B$101,"") | AE19: =_xlfn.XLOOKUP(AD19,'PEW7'!$B$6:$B$55,'PEW7'!$A$6:$A$55,0) -> 0 | AF19: =_xlfn.XLOOKUP($B19,PS!$C$6:$C$101,PS!$B$6:$B$101,"") | AG19: =_xlfn.XLOOKUP(AF19,PS!$B$6:$B$55,PS!$A$6:$A$55,0) -> 0 | AH19: {=_xlfn.XLOOKUP($B19,IMEW!C$6:C$200,IMEW!$B$6:B$200,"")} | AI19: =_xlfn.XLOOKUP(AH19,IMEW!$B$6:$B$200,IMEW!$A$6:$A$200,0) -> 0
A20: =ROW()-5 -> 15 | D20: =SUM(F20,H20,J20,L20,N20,P20)-MIN(F20,H20,J20,L20,N20)+SUM(LARGE((S20,U20,W20,Y20,AA20,AC20,AE20,AG20),1),LARGE((S20,U20,W20,Y20,AA20,AC20,AE20,AG20),2),LARGE((S20,U20,W20,Y20,AA20,AC20,AE20,AG20),3),AI20) -> 0 | E20: =_xlfn.XLOOKUP($B20,'PP1'!$C$6:$C$101,'PP1'!$B$6:$B$101,"") | F20: =_xlfn.XLOOKUP(E20,'PP1'!$B$6:$B$55,'PP1'!$A$6:$A$55,0) -> 0 | G20: =_xlfn.XLOOKUP($B20,'PP2'!$C$6:$C$101,'PP2'!$B$6:$B$101,"") | H20: =_xlfn.XLOOKUP(G20,'PP2'!$B$6:$B$55,'PP2'!$A$6:$A$55,0) -> 0 | I20: =_xlfn.XLOOKUP($B20,'PP3'!$C$6:$C$101,'PP3'!$B$6:$B$101,"") | J20: =_xlfn.XLOOKUP(I20,'PP3'!$B$6:$B$55,'PP3'!$A$6:$A$55,0) -> 0 | K20: =_xlfn.XLOOKUP($B20,'PP4'!$C$6:$C$101,'PP4'!$B$6:$B$101,"") | L20: =_xlfn.XLOOKUP(K20,'PP4'!$B$6:$B$55,'PP4'!$A$6:$A$55,0) -> 0 | M20: =_xlfn.XLOOKUP($B20,'PP5'!$C$6:$C$101,'PP5'!$B$6:$B$101,"") | N20: =_xlfn.XLOOKUP(M20,'PP5'!$B$6:$B$55,'PP5'!$A$6:$A$55,0) -> 0 | O20: =_xlfn.XLOOKUP(B20,MPW!C$6:C$101,MPW!B$6:B$101,"") | P20: =_xlfn.XLOOKUP(O20,MPW!$B$6:$B$55,MPW!$A$6:$A$55,0) -> 0 | R20: =_xlfn.XLOOKUP($B20,'PEW1'!$C$6:$C$101,'PEW1'!$B$6:$B$101,"") | S20: =_xlfn.XLOOKUP(R20,'PEW1'!$B$6:$B$55,'PEW1'!$A$6:$A$55,0) -> 0 | T20: =_xlfn.XLOOKUP($B20,'PEW2'!$C$6:$C$101,'PEW2'!$B$6:$B$101,"") | U20: =_xlfn.XLOOKUP(T20,'PEW2'!$B$6:$B$55,'PEW2'!$A$6:$A$55,0) -> 0 | V20: =_xlfn.XLOOKUP($B20,'PEW3'!$C$6:$C$101,'PEW3'!$B$6:$B$101,"") | W20: =_xlfn.XLOOKUP(V20,'PEW3'!$B$6:$B$55,'PEW3'!$A$6:$A$55,0) -> 0 | X20: =_xlfn.XLOOKUP($B20,'PEW4'!$C$6:$C$101,'PEW4'!$B$6:$B$101,"") | Y20: =_xlfn.XLOOKUP(X20,'PEW4'!$B$6:$B$55,'PEW4'!$A$6:$A$55,0) -> 0 | Z20: =_xlfn.XLOOKUP($B20,'PEW5'!$C$6:$C$101,'PEW5'!$B$6:$B$101,"") | AA20: =_xlfn.XLOOKUP(Z20,'PEW5'!$B$6:$B$55,'PEW5'!$A$6:$A$55,0) -> 0 | AB20: =_xlfn.XLOOKUP($B20,'PEW6'!$C$6:$C$101,'PEW6'!$B$6:$B$101,"") | AC20: =_xlfn.XLOOKUP(AB20,'PEW6'!$B$6:$B$55,'PEW6'!$A$6:$A$55,0) -> 0 | AD20: =_xlfn.XLOOKUP($B20,'PEW7'!$C$6:$C$101,'PEW7'!$B$6:$B$101,"") | AE20: =_xlfn.XLOOKUP(AD20,'PEW7'!$B$6:$B$55,'PEW7'!$A$6:$A$55,0) -> 0 | AF20: =_xlfn.XLOOKUP($B20,PS!$C$6:$C$101,PS!$B$6:$B$101,"") | AG20: =_xlfn.XLOOKUP(AF20,PS!$B$6:$B$55,PS!$A$6:$A$55,0) -> 0 | AH20: {=_xlfn.XLOOKUP($B20,IMEW!C$6:C$200,IMEW!$B$6:B$200,"")} | AI20: =_xlfn.XLOOKUP(AH20,IMEW!$B$6:$B$200,IMEW!$A$6:$A$200,0) -> 0
A21: =ROW()-5 -> 16 | D21: =SUM(F21,H21,J21,L21,N21,P21)-MIN(F21,H21,J21,L21,N21)+SUM(LARGE((S21,U21,W21,Y21,AA21,AC21,AE21,AG21),1),LARGE((S21,U21,W21,Y21,AA21,AC21,AE21,AG21),2),LARGE((S21,U21,W21,Y21,AA21,AC21,AE21,AG21),3),AI21) -> 0 | E21: =_xlfn.XLOOKUP($B21,'PP1'!$C$6:$C$101,'PP1'!$B$6:$B$101,"") | F21: =_xlfn.XLOOKUP(E21,'PP1'!$B$6:$B$55,'PP1'!$A$6:$A$55,0) -> 0 | G21: =_xlfn.XLOOKUP($B21,'PP2'!$C$6:$C$101,'PP2'!$B$6:$B$101,"") | H21: =_xlfn.XLOOKUP(G21,'PP2'!$B$6:$B$55,'PP2'!$A$6:$A$55,0) -> 0 | I21: =_xlfn.XLOOKUP($B21,'PP3'!$C$6:$C$101,'PP3'!$B$6:$B$101,"") | J21: =_xlfn.XLOOKUP(I21,'PP3'!$B$6:$B$55,'PP3'!$A$6:$A$55,0) -> 0 | K21: =_xlfn.XLOOKUP($B21,'PP4'!$C$6:$C$101,'PP4'!$B$6:$B$101,"") | L21: =_xlfn.XLOOKUP(K21,'PP4'!$B$6:$B$55,'PP4'!$A$6:$A$55,0) -> 0 | M21: =_xlfn.XLOOKUP($B21,'PP5'!$C$6:$C$101,'PP5'!$B$6:$B$101,"") | N21: =_xlfn.XLOOKUP(M21,'PP5'!$B$6:$B$55,'PP5'!$A$6:$A$55,0) -> 0 | O21: =_xlfn.XLOOKUP(B21,MPW!C$6:C$101,MPW!B$6:B$101,"") | P21: =_xlfn.XLOOKUP(O21,MPW!$B$6:$B$55,MPW!$A$6:$A$55,0) -> 0 | R21: =_xlfn.XLOOKUP($B21,'PEW1'!$C$6:$C$101,'PEW1'!$B$6:$B$101,"") | S21: =_xlfn.XLOOKUP(R21,'PEW1'!$B$6:$B$55,'PEW1'!$A$6:$A$55,0) -> 0 | T21: =_xlfn.XLOOKUP($B21,'PEW2'!$C$6:$C$101,'PEW2'!$B$6:$B$101,"") | U21: =_xlfn.XLOOKUP(T21,'PEW2'!$B$6:$B$55,'PEW2'!$A$6:$A$55,0) -> 0 | V21: =_xlfn.XLOOKUP($B21,'PEW3'!$C$6:$C$101,'PEW3'!$B$6:$B$101,"") | W21: =_xlfn.XLOOKUP(V21,'PEW3'!$B$6:$B$55,'PEW3'!$A$6:$A$55,0) -> 0 | X21: =_xlfn.XLOOKUP($B21,'PEW4'!$C$6:$C$101,'PEW4'!$B$6:$B$101,"") | Y21: =_xlfn.XLOOKUP(X21,'PEW4'!$B$6:$B$55,'PEW4'!$A$6:$A$55,0) -> 0 | Z21: =_xlfn.XLOOKUP($B21,'PEW5'!$C$6:$C$101,'PEW5'!$B$6:$B$101,"") | AA21: =_xlfn.XLOOKUP(Z21,'PEW5'!$B$6:$B$55,'PEW5'!$A$6:$A$55,0) -> 0 | AB21: =_xlfn.XLOOKUP($B21,'PEW6'!$C$6:$C$101,'PEW6'!$B$6:$B$101,"") | AC21: =_xlfn.XLOOKUP(AB21,'PEW6'!$B$6:$B$55,'PEW6'!$A$6:$A$55,0) -> 0 | AD21: =_xlfn.XLOOKUP($B21,'PEW7'!$C$6:$C$101,'PEW7'!$B$6:$B$101,"") | AE21: =_xlfn.XLOOKUP(AD21,'PEW7'!$B$6:$B$55,'PEW7'!$A$6:$A$55,0) -> 0 | AF21: =_xlfn.XLOOKUP($B21,PS!$C$6:$C$101,PS!$B$6:$B$101,"") | AG21: =_xlfn.XLOOKUP(AF21,PS!$B$6:$B$55,PS!$A$6:$A$55,0) -> 0 | AH21: {=_xlfn.XLOOKUP($B21,IMEW!C$6:C$200,IMEW!$B$6:B$200,"")} | AI21: =_xlfn.XLOOKUP(AH21,IMEW!$B$6:$B$200,IMEW!$A$6:$A$200,0) -> 0
A22: =ROW()-5 -> 17 | D22: =SUM(F22,H22,J22,L22,N22,P22)-MIN(F22,H22,J22,L22,N22)+SUM(LARGE((S22,U22,W22,Y22,AA22,AC22,AE22,AG22),1),LARGE((S22,U22,W22,Y22,AA22,AC22,AE22,AG22),2),LARGE((S22,U22,W22,Y22,AA22,AC22,AE22,AG22),3),AI22) -> 0 | E22: =_xlfn.XLOOKUP($B22,'PP1'!$C$6:$C$101,'PP1'!$B$6:$B$101,"") | F22: =_xlfn.XLOOKUP(E22,'PP1'!$B$6:$B$55,'PP1'!$A$6:$A$55,0) -> 0 | G22: =_xlfn.XLOOKUP($B22,'PP2'!$C$6:$C$101,'PP2'!$B$6:$B$101,"") | H22: =_xlfn.XLOOKUP(G22,'PP2'!$B$6:$B$55,'PP2'!$A$6:$A$55,0) -> 0 | I22: =_xlfn.XLOOKUP($B22,'PP3'!$C$6:$C$101,'PP3'!$B$6:$B$101,"") | J22: =_xlfn.XLOOKUP(I22,'PP3'!$B$6:$B$55,'PP3'!$A$6:$A$55,0) -> 0 | K22: =_xlfn.XLOOKUP($B22,'PP4'!$C$6:$C$101,'PP4'!$B$6:$B$101,"") | L22: =_xlfn.XLOOKUP(K22,'PP4'!$B$6:$B$55,'PP4'!$A$6:$A$55,0) -> 0 | M22: =_xlfn.XLOOKUP($B22,'PP5'!$C$6:$C$101,'PP5'!$B$6:$B$101,"") | N22: =_xlfn.XLOOKUP(M22,'PP5'!$B$6:$B$55,'PP5'!$A$6:$A$55,0) -> 0 | O22: =_xlfn.XLOOKUP(B22,MPW!C$6:C$101,MPW!B$6:B$101,"") | P22: =_xlfn.XLOOKUP(O22,MPW!$B$6:$B$55,MPW!$A$6:$A$55,0) -> 0 | R22: =_xlfn.XLOOKUP($B22,'PEW1'!$C$6:$C$101,'PEW1'!$B$6:$B$101,"") | S22: =_xlfn.XLOOKUP(R22,'PEW1'!$B$6:$B$55,'PEW1'!$A$6:$A$55,0) -> 0 | T22: =_xlfn.XLOOKUP($B22,'PEW2'!$C$6:$C$101,'PEW2'!$B$6:$B$101,"") | U22: =_xlfn.XLOOKUP(T22,'PEW2'!$B$6:$B$55,'PEW2'!$A$6:$A$55,0) -> 0 | V22: =_xlfn.XLOOKUP($B22,'PEW3'!$C$6:$C$101,'PEW3'!$B$6:$B$101,"") | W22: =_xlfn.XLOOKUP(V22,'PEW3'!$B$6:$B$55,'PEW3'!$A$6:$A$55,0) -> 0 | X22: =_xlfn.XLOOKUP($B22,'PEW4'!$C$6:$C$101,'PEW4'!$B$6:$B$101,"") | Y22: =_xlfn.XLOOKUP(X22,'PEW4'!$B$6:$B$55,'PEW4'!$A$6:$A$55,0) -> 0 | Z22: =_xlfn.XLOOKUP($B22,'PEW5'!$C$6:$C$101,'PEW5'!$B$6:$B$101,"") | AA22: =_xlfn.XLOOKUP(Z22,'PEW5'!$B$6:$B$55,'PEW5'!$A$6:$A$55,0) -> 0 | AB22: =_xlfn.XLOOKUP($B22,'PEW6'!$C$6:$C$101,'PEW6'!$B$6:$B$101,"") | AC22: =_xlfn.XLOOKUP(AB22,'PEW6'!$B$6:$B$55,'PEW6'!$A$6:$A$55,0) -> 0 | AD22: =_xlfn.XLOOKUP($B22,'PEW7'!$C$6:$C$101,'PEW7'!$B$6:$B$101,"") | AE22: =_xlfn.XLOOKUP(AD22,'PEW7'!$B$6:$B$55,'PEW7'!$A$6:$A$55,0) -> 0 | AF22: =_xlfn.XLOOKUP($B22,PS!$C$6:$C$101,PS!$B$6:$B$101,"") | AG22: =_xlfn.XLOOKUP(AF22,PS!$B$6:$B$55,PS!$A$6:$A$55,0) -> 0 | AH22: {=_xlfn.XLOOKUP($B22,IMEW!C$6:C$200,IMEW!$B$6:B$200,"")} | AI22: =_xlfn.XLOOKUP(AH22,IMEW!$B$6:$B$200,IMEW!$A$6:$A$200,0) -> 0
A23: =ROW()-5 -> 18 | D23: =SUM(F23,H23,J23,L23,N23,P23)-MIN(F23,H23,J23,L23,N23)+SUM(LARGE((S23,U23,W23,Y23,AA23,AC23,AE23,AG23),1),LARGE((S23,U23,W23,Y23,AA23,AC23,AE23,AG23),2),LARGE((S23,U23,W23,Y23,AA23,AC23,AE23,AG23),3),AI23) -> 0 | E23: =_xlfn.XLOOKUP($B23,'PP1'!$C$6:$C$101,'PP1'!$B$6:$B$101,"") | F23: =_xlfn.XLOOKUP(E23,'PP1'!$B$6:$B$55,'PP1'!$A$6:$A$55,0) -> 0 | G23: =_xlfn.XLOOKUP($B23,'PP2'!$C$6:$C$101,'PP2'!$B$6:$B$101,"") | H23: =_xlfn.XLOOKUP(G23,'PP2'!$B$6:$B$55,'PP2'!$A$6:$A$55,0) -> 0 | I23: =_xlfn.XLOOKUP($B23,'PP3'!$C$6:$C$101,'PP3'!$B$6:$B$101,"") | J23: =_xlfn.XLOOKUP(I23,'PP3'!$B$6:$B$55,'PP3'!$A$6:$A$55,0) -> 0 | K23: =_xlfn.XLOOKUP($B23,'PP4'!$C$6:$C$101,'PP4'!$B$6:$B$101,"") | L23: =_xlfn.XLOOKUP(K23,'PP4'!$B$6:$B$55,'PP4'!$A$6:$A$55,0) -> 0 | M23: =_xlfn.XLOOKUP($B23,'PP5'!$C$6:$C$101,'PP5'!$B$6:$B$101,"") | N23: =_xlfn.XLOOKUP(M23,'PP5'!$B$6:$B$55,'PP5'!$A$6:$A$55,0) -> 0 | O23: =_xlfn.XLOOKUP(B23,MPW!C$6:C$101,MPW!B$6:B$101,"") | P23: =_xlfn.XLOOKUP(O23,MPW!$B$6:$B$55,MPW!$A$6:$A$55,0) -> 0 | R23: =_xlfn.XLOOKUP($B23,'PEW1'!$C$6:$C$101,'PEW1'!$B$6:$B$101,"") | S23: =_xlfn.XLOOKUP(R23,'PEW1'!$B$6:$B$55,'PEW1'!$A$6:$A$55,0) -> 0 | T23: =_xlfn.XLOOKUP($B23,'PEW2'!$C$6:$C$101,'PEW2'!$B$6:$B$101,"") | U23: =_xlfn.XLOOKUP(T23,'PEW2'!$B$6:$B$55,'PEW2'!$A$6:$A$55,0) -> 0 | V23: =_xlfn.XLOOKUP($B23,'PEW3'!$C$6:$C$101,'PEW3'!$B$6:$B$101,"") | W23: =_xlfn.XLOOKUP(V23,'PEW3'!$B$6:$B$55,'PEW3'!$A$6:$A$55,0) -> 0 | X23: =_xlfn.XLOOKUP($B23,'PEW4'!$C$6:$C$101,'PEW4'!$B$6:$B$101,"") | Y23: =_xlfn.XLOOKUP(X23,'PEW4'!$B$6:$B$55,'PEW4'!$A$6:$A$55,0) -> 0 | Z23: =_xlfn.XLOOKUP($B23,'PEW5'!$C$6:$C$101,'PEW5'!$B$6:$B$101,"") | AA23: =_xlfn.XLOOKUP(Z23,'PEW5'!$B$6:$B$55,'PEW5'!$A$6:$A$55,0) -> 0 | AB23: =_xlfn.XLOOKUP($B23,'PEW6'!$C$6:$C$101,'PEW6'!$B$6:$B$101,"") | AC23: =_xlfn.XLOOKUP(AB23,'PEW6'!$B$6:$B$55,'PEW6'!$A$6:$A$55,0) -> 0 | AD23: =_xlfn.XLOOKUP($B23,'PEW7'!$C$6:$C$101,'PEW7'!$B$6:$B$101,"") | AE23: =_xlfn.XLOOKUP(AD23,'PEW7'!$B$6:$B$55,'PEW7'!$A$6:$A$55,0) -> 0 | AF23: =_xlfn.XLOOKUP($B23,PS!$C$6:$C$101,PS!$B$6:$B$101,"") | AG23: =_xlfn.XLOOKUP(AF23,PS!$B$6:$B$55,PS!$A$6:$A$55,0) -> 0 | AH23: {=_xlfn.XLOOKUP($B23,IMEW!C$6:C$200,IMEW!$B$6:B$200,"")} | AI23: =_xlfn.XLOOKUP(AH23,IMEW!$B$6:$B$200,IMEW!$A$6:$A$200,0) -> 0

Sheet PEW1
H1: Liczba uczestników: | I1: GP Punkty | J1: Bonus za rundę | K1: Bonus za podium
B2: miejsce: | C2: Budapeszt | H2: 19 | I2: 50 | J2: 10 | K2: =3*H2^(1/3) -> 8.0052049
B3: data: | C3: 21.09.2024
A5: Punkty | B5: Miejsce Place | C5: Nazwisko Imię Name | D5: Klub Club(s) | E5: Okręg Division | F5: Państwo Country | H5: Miejsce | I5: Punkty za miejsce | J5: awans do kolejnej rundy pucharowej | K5: bonus za rundy pucharowe | L5: punkty za podium | M5: Suma
A6: =M6 -> 124.01561 | B6: =IF(H6>$H$2,"",(ROW()-5)) -> 1 | C6: x | H6: 1 | I6: =IF(H6<$H$2+1,($I$2-($I$2-1)*(LOG(H6)/LOG($H$2))),"") -> 50 | J6: =INT(LOG($H$2,2))-ROUNDUP(LOG(H6,2),0)+IF(OR($H$2=1,$H$2=2,$H$2=4,$H$2=8,$H$2=16,$H$2=32,$H$2=64,$H$2=128,$H$2=256),0,1) -> 5 | K6: =J6*$J$2 -> 50 | L6: =3*K2 -> 24.015615 | M6: =IF(I6<>"",K6+I6+L6,0) -> 124.01561
A7: =M7 -> 94.475373 | B7: =IF(H7>$H$2,"",(ROW()-5)) -> 2 | C7: x | H7: 2 | I7: =IF(H7<$H$2+1,($I$2-($I$2-1)*(LOG(H7)/LOG($H$2))),"") -> 38.464963 | J7: =INT(LOG($H$2,2))-ROUNDUP(LOG(H7,2),0)+IF(OR($H$2=1,$H$2=2,$H$2=4,$H$2=8,$H$2=16,$H$2=32,$H$2=64,$H$2=128,$H$2=256),0,1) -> 4 | K7: =J7*$J$2 -> 40 | L7: =2*K2 -> 16.01041 | M7: =IF(I7<>"",K7+I7+L7,0) -> 94.475373
A8: =M8 -> 69.722604 | B8: =IF(H8>$H$2,"",(ROW()-5)) -> 3 | C8: x | H8: 3 | I8: =IF(H8<$H$2+1,($I$2-($I$2-1)*(LOG(H8)/LOG($H$2))),"") -> 31.717399 | J8: =INT(LOG($H$2,2))-ROUNDUP(LOG(H8,2),0)+IF(OR($H$2=1,$H$2=2,$H$2=4,$H$2=8,$H$2=16,$H$2=32,$H$2=64,$H$2=128,$H$2=256),0,1) -> 3 | K8: =J8*$J$2 -> 30 | L8: =K2 -> 8.0052049 | M8: =IF(I8<>"",K8+I8+L8,0) -> 69.722604
A9: =M9 -> 69.722604 | B9: =IF(H9>$H$2,"",3) -> 3 | C9: x | H9: 3 | I9: =IF(H9<$H$2+1,($I$2-($I$2-1)*(LOG(H9)/LOG($H$2))),"") -> 31.717399 | J9: =INT(LOG($H$2,2))-ROUNDUP(LOG(H9,2),0)+IF(OR($H$2=1,$H$2=2,$H$2=4,$H$2=8,$H$2=16,$H$2=32,$H$2=64,$H$2=128,$H$2=256),0,1) -> 3 | K9: =J9*$J$2 -> 30 | L9: =K2 -> 8.0052049 | M9: =IF(I9<>"",K9+I9+L9,0) -> 69.722604 | AH9: x | AI9: 23
A10: =M10 -> 43.216474 | B10: =IF(H10>$H$2,"",(ROW()-5)) -> 5 | C10: x | H10: 5 | I10: =IF(H10<$H$2+1,($I$2-($I$2-1)*(LOG(H10)/LOG($H$2))),"") -> 23.216474 | J10: =INT(LOG($H$2,2))-ROUNDUP(LOG(H10,2),0)+IF(OR($H$2=1,$H$2=2,$H$2=4,$H$2=8,$H$2=16,$H$2=32,$H$2=64,$H$2=128,$H$2=256),0,1) -> 2 | K10: =J10*$J$2 -> 20 | M10: =IF(I10<>"",K10+I10+L10,0) -> 43.216474 | AH10: N | AI10: 45
A11: =M11 -> 40.182363 | B11: =IF(H11>$H$2,"",(ROW()-5)) -> 6 | C11: x | H11: 6 | I11: =IF(H11<$H$2+1,($I$2-($I$2-1)*(LOG(H11)/LOG($H$2))),"") -> 20.182363 | J11: =INT(LOG($H$2,2))-ROUNDUP(LOG(H11,2),0)+IF(OR($H$2=1,$H$2=2,$H$2=4,$H$2=8,$H$2=16,$H$2=32,$H$2=64,$H$2=128,$H$2=256),0,1) -> 2 | K11: =J11*$J$2 -> 20 | M11: =IF(I11<>"",K11+I11+L11,0) -> 40.182363 | AH11: MP | AI11: 50
A12: =M12 -> 37.617058 | B12: =IF(H12>$H$2,"",(ROW()-5)) -> 7 | C12: x | H12: 7 | I12: =IF(H12<$H$2+1,($I$2-($I$2-1)*(LOG(H12)/LOG($H$2))),"") -> 17.617058 | J12: =INT(LOG($H$2,2))-ROUNDUP(LOG(H12,2),0)+IF(OR($H$2=1,$H$2=2,$H$2=4,$H$2=8,$H$2=16,$H$2=32,$H$2=64,$H$2=128,$H$2=256),0,1) -> 2 | K12: =J12*$J$2 -> 20 | M12: =IF(I12<>"",K12+I12+L12,0) -> 37.617058 | AH12: MP-1 | AI12: =AI11-1 -> 49
A13: =M13 -> 35.39489 | B13: =IF(H13>$H$2,"",(ROW()-5)) -> 8 | C13: WASILCZUK Beata | H13: 8 | I13: =IF(H13<$H$2+1,($I$2-($I$2-1)*(LOG(H13)/LOG($H$2))),"") -> 15.39489 | J13: =INT(LOG($H$2,2))-ROUNDUP(LOG(H13,2),0)+IF(OR($H$2=1,$H$2=2,$H$2=4,$H$2=8,$H$2=16,$H$2=32,$H$2=64,$H$2=128,$H$2=256),0,1) -> 2 | K13: =J13*$J$2 -> 20 | M13: =IF(I13<>"",K13+I13+L13,0) -> 35.39489 | AH13: log(x) | AI13: =LOG(AI9) -> 1.3617278
A14: =M14 -> 23.434799 | B14: =IF(H14>$H$2,"",(ROW()-5)) -> 9 | C14: x | H14: 9 | I14: =IF(H14<$H$2+1,($I$2-($I$2-1)*(LOG(H14)/LOG($H$2))),"") -> 13.434799 | J14: =INT(LOG($H$2,2))-ROUNDUP(LOG(H14,2),0)+IF(OR($H$2=1,$H$2=2,$H$2=4,$H$2=8,$H$2=16,$H$2=32,$H$2=64,$H$2=128,$H$2=256),0,1) -> 1 | K14: =J14*$J$2 -> 10 | M14: =IF(I14<>"",K14+I14+L14,0) -> 23.434799 | AH14: Log(N) | AI14: =LOG(AI10) -> 1.6532125
A15: =M15 -> 21.681437 | B15: =IF(H15>$H$2,"",(ROW()-5)) -> 10 | C15: x | H15: 10 | I15: =IF(H15<$H$2+1,($I$2-($I$2-1)*(LOG(H15)/LOG($H$2))),"") -> 11.681437 | J15: =INT(LOG($H$2,2))-ROUNDUP(LOG(H15,2),0)+IF(OR($H$2=1,$H$2=2,$H$2=4,$H$2=8,$H$2=16,$H$2=32,$H$2=64,$H$2=128,$H$2=256),0,1) -> 1 | K15: =J15*$J$2 -> 10 | M15: =IF(I15<>"",K15+I15+L15,0) -> 21.681437
A16: =M16 -> 20.095329 | B16: =IF(H16>$H$2,"",(ROW()-5)) -> 11 | C16: x | H16: 11 | I16: =IF(H16<$H$2+1,($I$2-($I$2-1)*(LOG(H16)/LOG($H$2))),"") -> 10.095329 | J16: =INT(LOG($H$2,2))-ROUNDUP(LOG(H16,2),0)+IF(OR($H$2=1,$H$2=2,$H$2=4,$H$2=8,$H$2=16,$H$2=32,$H$2=64,$H$2=128,$H$2=256),0,1) -> 1 | K16: =J16*$J$2 -> 10 | M16: =IF(I16<>"",K16+I16+L16,0) -> 20.095329 | AH16: MP - (MP-1)*LOG(x)/LOG(N) | AI16: =AI11-AI12*AI13/AI14 -> 9.6393909 | AJ16: points
A17: =M17 -> 18.647326 | B17: =IF(H17>$H$2,"",(ROW()-5)) -> 12 | C17: x | H17: 12 | I17: =IF(H17<$H$2+1,($I$2-($I$2-1)*(LOG(H17)/LOG($H$2))),"") -> 8.6473258 | J17: =INT(LOG($H$2,2))-ROUNDUP(LOG(H17,2),0)+IF(OR($H$2=1,$H$2=2,$H$2=4,$H$2=8,$H$2=16,$H$2=32,$H$2=64,$H$2=128,$H$2=256),0,1) -> 1 | K17: =J17*$J$2 -> 10 | M17: =IF(I17<>"",K17+I17+L17,0) -> 18.647326
A18: =M18 -> 17.315292 | B18: =IF(H18>$H$2,"",(ROW()-5)) -> 13 | C18: x | H18: 13 | I18: =IF(H18<$H$2+1,($I$2-($I$2-1)*(LOG(H18)/LOG($H$2))),"") -> 7.3152918 | J18: =INT(LOG($H$2,2))-ROUNDUP(LOG(H18,2),0)+IF(OR($H$2=1,$H$2=2,$H$2=4,$H$2=8,$H$2=16,$H$2=32,$H$2=64,$H$2=128,$H$2=256),0,1) -> 1 | K18: =J18*$J$2 -> 10 | M18: =IF(I18<>"",K18+I18+L18,0) -> 17.315292
A19: =M19 -> 16.082021 | B19: =IF(H19>$H$2,"",(ROW()-5)) -> 14 | C19: x | H19: 14 | I19: =IF(H19<$H$2+1,($I$2-($I$2-1)*(LOG(H19)/LOG($H$2))),"") -> 6.082021 | J19: =INT(LOG($H$2,2))-ROUNDUP(LOG(H19,2),0)+IF(OR($H$2=1,$H$2=2,$H$2=4,$H$2=8,$H$2=16,$H$2=32,$H$2=64,$H$2=128,$H$2=256),0,1) -> 1 | K19: =J19*$J$2 -> 10 | M19: =IF(I19<>"",K19+I19+L19,0) -> 16.082021
A20: =M20 -> 14.933873 | B20: =IF(H20>$H$2,"",(ROW()-5)) -> 15 | C20: x | H20: 15 | I20: =IF(H20<$H$2+1,($I$2-($I$2-1)*(LOG(H20)/LOG($H$2))),"") -> 4.9338734 | J20: =INT(LOG($H$2,2))-ROUNDUP(LOG(H20,2),0)+IF(OR($H$2=1,$H$2=2,$H$2=4,$H$2=8,$H$2=16,$H$2=32,$H$2=64,$H$2=128,$H$2=256),0,1) -> 1 | K20: =J20*$J$2 -> 10 | M20: =IF(I20<>"",K20+I20+L20,0) -> 14.933873
A21: =M21 -> 13.859853 | B21: =IF(H21>$H$2,"",(ROW()-5)) -> 16 | C21: x | H21: 16 | I21: =IF(H21<$H$2+1,($I$2-($I$2-1)*(LOG(H21)/LOG($H$2))),"") -> 3.859853 | J21: =INT(LOG($H$2,2))-ROUNDUP(LOG(H21,2),0)+IF(OR($H$2=1,$H$2=2,$H$2=4,$H$2=8,$H$2=16,$H$2=32,$H$2=64,$H$2=128,$H$2=256),0,1) -> 1 | K21: =J21*$J$2 -> 10 | M21: =IF(I21<>"",K21+I21+L21,0) -> 13.859853
A22: =M22 -> 2.8509659 | B22: =IF(H22>$H$2,"",(ROW()-5)) -> 17 | C22: GANSZCZYK Anna | H22: 17 | I22: =IF(H22<$H$2+1,($I$2-($I$2-1)*(LOG(H22)/LOG($H$2))),"") -> 2.8509659 | J22: =INT(LOG($H$2,2))-ROUNDUP(LOG(H22,2),0)+IF(OR($H$2=1,$H$2=2,$H$2=4,$H$2=8,$H$2=16,$H$2=32,$H$2=64,$H$2=128,$H$2=256),0,1) -> 0 | K22: =J22*$J$2 -> 0 | M22: =IF(I22<>"",K22+I22+L22,0) -> 2.8509659
A23: =M23 -> 1.8997618 | B23: =IF(H23>$H$2,"",(ROW()-5)) -> 18 | C23: x | H23: 18 | I23: =IF(H23<$H$2+1,($I$2-($I$2-1)*(LOG(H23)/LOG($H$2))),"") -> 1.8997618 | J23: =INT(LOG($H$2,2))-ROUNDUP(LOG(H23,2),0)+IF(OR($H$2=1,$H$2=2,$H$2=4,$H$2=8,$H$2=16,$H$2=32,$H$2=64,$H$2=128,$H$2=256),0,1) -> 0 | K23: =J23*$J$2 -> 0 | M23: =IF(I23<>"",K23+I23+L23,0) -> 1.8997618
A24: =M24 -> 1 | B24: =IF(H24>$H$2,"",(ROW()-5)) -> 19 | C24: x | H24: 19 | I24: =IF(H24<$H$2+1,($I$2-($I$2-1)*(LOG(H24)/LOG($H$2))),"") -> 1 | J24: =INT(LOG($H$2,2))-ROUNDUP(LOG(H24,2),0)+IF(OR($H$2=1,$H$2=2,$H$2=4,$H$2=8,$H$2=16,$H$2=32,$H$2=64,$H$2=128,$H$2=256),0,1) -> 0 | K24: =J24*$J$2 -> 0 | M24: =IF(I24<>"",K24+I24+L24,0) -> 1
A25: =M25 -> 0 | B25: =IF(H25>$H$2,"",(ROW()-5)) | H25: 20 | I25: =IF(H25<$H$2+1,($I$2-($I$2-1)*(LOG(H25)/LOG($H$2))),"") | J25: =INT(LOG($H$2,2))-ROUNDUP(LOG(H25,2),0)+IF(OR($H$2=1,$H$2=2,$H$2=4,$H$2=8,$H$2=16,$H$2=32,$H$2=64,$H$2=128,$H$2=256),0,1) -> 0 | K25: =J25*$J$2 -> 0 | M25: =IF(I25<>"",K25+I25+L25,0) -> 0
A26: =M26 -> 0 | B26: =IF(H26>$H$2,"",(ROW()-5)) | H26: 21 | I26: =IF(H26<$H$2+1,($I$2-($I$2-1)*(LOG(H26)/LOG($H$2))),"") | J26: =INT(LOG($H$2,2))-ROUNDUP(LOG(H26,2),0)+IF(OR($H$2=1,$H$2=2,$H$2=4,$H$2=8,$H$2=16,$H$2=32,$H$2=64,$H$2=128,$H$2=256),0,1) -> 0 | K26: =J26*$J$2 -> 0 | M26: =IF(I26<>"",K26+I26+L26,0) -> 0
A27: =M27 -> 0 | B27: =IF(H27>$H$2,"",(ROW()-5)) | H27: 22 | I27: =IF(H27<$H$2+1,($I$2-($I$2-1)*(LOG(H27)/LOG($H$2))),"") | J27: =INT(LOG($H$2,2))-ROUNDUP(LOG(H27,2),0)+IF(OR($H$2=1,$H$2=2,$H$2=4,$H$2=8,$H$2=16,$H$2=32,$H$2=64,$H$2=128,$H$2=256),0,1) -> 0 | K27: =J27*$J$2 -> 0 | M27: =IF(I27<>"",K27+I27+L27,0) -> 0
A28: =M28 -> 0 | B28: =IF(H28>$H$2,"",(ROW()-5)) | H28: 23 | I28: =IF(H28<$H$2+1,($I$2-($I$2-1)*(LOG(H28)/LOG($H$2))),"") | J28: =INT(LOG($H$2,2))-ROUNDUP(LOG(H28,2),0)+IF(OR($H$2=1,$H$2=2,$H$2=4,$H$2=8,$H$2=16,$H$2=32,$H$2=64,$H$2=128,$H$2=256),0,1) -> 0 | K28: =J28*$J$2 -> 0 | M28: =IF(I28<>"",K28+I28+L28,0) -> 0
A29: =M29 -> 0 | B29: =IF(H29>$H$2,"",(ROW()-5)) | H29: 24 | I29: =IF(H29<$H$2+1,($I$2-($I$2-1)*(LOG(H29)/LOG($H$2))),"") | J29: =INT(LOG($H$2,2))-ROUNDUP(LOG(H29,2),0)+IF(OR($H$2=1,$H$2=2,$H$2=4,$H$2=8,$H$2=16,$H$2=32,$H$2=64,$H$2=128,$H$2=256),0,1) -> 0 | K29: =J29*$J$2 -> 0 | M29: =IF(I29<>"",K29+I29+L29,0) -> 0
A30: =M30 -> 0 | B30: =IF(H30>$H$2,"",(ROW()-5)) | H30: 25 | I30: =IF(H30<$H$2+1,($I$2-($I$2-1)*(LOG(H30)/LOG($H$2))),"") | J30: =INT(LOG($H$2,2))-ROUNDUP(LOG(H30,2),0)+IF(OR($H$2=1,$H$2=2,$H$2=4,$H$2=8,$H$2=16,$H$2=32,$H$2=64,$H$2=128,$H$2=256),0,1) -> 0 | K30: =J30*$J$2 -> 0 | M30: =IF(I30<>"",K30+I30+L30,0) -> 0
A31: =M31 -> 0 | B31: =IF(H31>$H$2,"",(ROW()-5)) | H31: 26 | I31: =IF(H31<$H$2+1,($I$2-($I$2-1)*(LOG(H31)/LOG($H$2))),"") | J31: =INT(LOG($H$2,2))-ROUNDUP(LOG(H31,2),0)+IF(OR($H$2=1,$H$2=2,$H$2=4,$H$2=8,$H$2=16,$H$2=32,$H$2=64,$H$2=128,$H$2=256),0,1) -> 0 | K31: =J31*$J$2 -> 0 | M31: =IF(I31<>"",K31+I31+L31,0) -> 0
A32: =M32 -> 0 | B32: =IF(H32>$H$2,"",(ROW()-5)) | H32: 27 | I32: =IF(H32<$H$2+1,($I$2-($I$2-1)*(LOG(H32)/LOG($H$2))),"") | J32: =INT(LOG($H$2,2))-ROUNDUP(LOG(H32,2),0)+IF(OR($H$2=1,$H$2=2,$H$2=4,$H$2=8,$H$2=16,$H$2=32,$H$2=64,$H$2=128,$H$2=256),0,1) -> 0 | K32: =J32*$J$2 -> 0 | M32: =IF(I32<>"",K32+I32+L32,0) -> 0
A33: =M33 -> 0 | B33: =IF(H33>$H$2,"",(ROW()-5)) | H33: 28 | I33: =IF(H33<$H$2+1,($I$2-($I$2-1)*(LOG(H33)/LOG($H$2))),"") | J33: =INT(LOG($H$2,2))-ROUNDUP(LOG(H33,2),0)+IF(OR($H$2=1,$H$2=2,$H$2=4,$H$2=8,$H$2=16,$H$2=32,$H$2=64,$H$2=128,$H$2=256),0,1) -> 0 | K33: =J33*$J$2 -> 0 | M33: =IF(I33<>"",K33+I33+L33,0) -> 0
A34: =M34 -> 0 | B34: =IF(H34>$H$2,"",(ROW()-5)) | H34: 29 | I34: =IF(H34<$H$2+1,($I$2-($I$2-1)*(LOG(H34)/LOG($H$2))),"") | J34: =INT(LOG($H$2,2))-ROUNDUP(LOG(H34,2),0)+IF(OR($H$2=1,$H$2=2,$H$2=4,$H$2=8,$H$2=16,$H$2=32,$H$2=64,$H$2=128,$H$2=256),0,1) -> 0 | K34: =J34*$J$2 -> 0 | M34: =IF(I34<>"",K34+I34+L34,0) -> 0
A35: =M35 -> 0 | B35: =IF(H35>$H$2,"",(ROW()-5)) | H35: 30 | I35: =IF(H35<$H$2+1,($I$2-($I$2-1)*(LOG(H35)/LOG($H$2))),"") | J35: =INT(LOG($H$2,2))-ROUNDUP(LOG(H35,2),0)+IF(OR($H$2=1,$H$2=2,$H$2=4,$H$2=8,$H$2=16,$H$2=32,$H$2=64,$H$2=128,$H$2=256),0,1) -> 0 | K35: =J35*$J$2 -> 0 | M35: =IF(I35<>"",K35+I35+L35,0) -> 0
A36: =M36 -> 0 | B36: =IF(H36>$H$2,"",(ROW()-5)) | H36: 31 | I36: =IF(H36<$H$2+1,($I$2-($I$2-1)*(LOG(H36)/LOG($H$2))),"") | J36: =INT(LOG($H$2,2))-ROUNDUP(LOG(H36,2),0)+IF(OR($H$2=1,$H$2=2,$H$2=4,$H$2=8,$H$2=16,$H$2=32,$H$2=64,$H$2=128,$H$2=256),0,1) -> 0 | K36: =J36*$J$2 -> 0 | M36: =IF(I36<>"",K36+I36+L36,0) -> 0
A37: =M37 -> 0 | B37: =IF(H37>$H$2,"",(ROW()-5)) | H37: 32 | I37: =IF(H37<$H$2+1,($I$2-($I$2-1)*(LOG(H37)/LOG($H$2))),"") | J37: =INT(LOG($H$2,2))-ROUNDUP(LOG(H37,2),0)+IF(OR($H$2=1,$H$2=2,$H$2=4,$H$2=8,$H$2=16,$H$2=32,$H$2=64,$H$2=128,$H$2=256),0,1) -> 0 | K37: =J37*$J$2 -> 0 | M37: =IF(I37<>"",K37+I37+L37,0) -> 0
B38: =IF(H38>$H$2,"",(ROW()-5)) | H38: 33 | I38: =IF(H38<$H$2+1,($I$2-($I$2-1)*(LOG(H38)/LOG($H$2))),"") | J38: =INT(LOG($H$2,2))-ROUNDUP(LOG(H38,2),0)+IF(OR($H$2=1,$H$2=2,$H$2=4,$H$2=8,$H$2=16,$H$2=32,$H$2=64,$H$2=128,$H$2=256),0,1) -> -1 | K38: =J38*$J$2 -> -10 | M38: =IF(I38<>"",K38+I38+L38,0) -> 0
B39: =IF(H39>$H$2,"",(ROW()-5)) | H39: 34 | I39: =IF(H39<$H$2+1,($I$2-($I$2-1)*(LOG(H39)/LOG($H$2))),"") | J39: =INT(LOG($H$2,2))-ROUNDUP(LOG(H39,2),0)+IF(OR($H$2=1,$H$2=2,$H$2=4,$H$2=8,$H$2=16,$H$2=32,$H$2=64,$H$2=128,$H$2=256),0,1) -> -1 | K39: =J39*$J$2 -> -10 | M39: =IF(I39<>"",K39+I39+L39,0) -> 0
B40: =IF(H40>$H$2,"",(ROW()-5)) | H40: 35 | I40: =IF(H40<$H$2+1,($I$2-($I$2-1)*(LOG(H40)/LOG($H$2))),"") | J40: =INT(LOG($H$2,2))-ROUNDUP(LOG(H40,2),0)+IF(OR($H$2=1,$H$2=2,$H$2=4,$H$2=8,$H$2=16,$H$2=32,$H$2=64,$H$2=128,$H$2=256),0,1) -> -1 | K40: =J40*$J$2 -> -10 | M40: =IF(I40<>"",K40+I40+L40,0) -> 0
B41: =IF(H41>$H$2,"",(ROW()-5)) | H41: 36 | I41: =IF(H41<$H$2+1,($I$2-($I$2-1)*(LOG(H41)/LOG($H$2))),"") | J41: =INT(LOG($H$2,2))-ROUNDUP(LOG(H41,2),0)+IF(OR($H$2=1,$H$2=2,$H$2=4,$H$2=8,$H$2=16,$H$2=32,$H$2=64,$H$2=128,$H$2=256),0,1) -> -1 | K41: =J41*$J$2 -> -10 | M41: =IF(I41<>"",K41+I41+L41,0) -> 0
B42: =IF(H42>$H$2,"",(ROW()-5)) | H42: 37 | I42: =IF(H42<$H$2+1,($I$2-($I$2-1)*(LOG(H42)/LOG($H$2))),"") | J42: =INT(LOG($H$2,2))-ROUNDUP(LOG(H42,2),0)+IF(OR($H$2=1,$H$2=2,$H$2=4,$H$2=8,$H$2=16,$H$2=32,$H$2=64,$H$2=128,$H$2=256),0,1) -> -1 | K42: =J42*$J$2 -> -10 | M42: =IF(I42<>"",K42+I42+L42,0) -> 0
B43: =IF(H43>$H$2,"",(ROW()-5)) | H43: 38 | I43: =IF(H43<$H$2+1,($I$2-($I$2-1)*(LOG(H43)/LOG($H$2))),"") | J43: =INT(LOG($H$2,2))-ROUNDUP(LOG(H43,2),0)+IF(OR($H$2=1,$H$2=2,$H$2=4,$H$2=8,$H$2=16,$H$2=32,$H$2=64,$H$2=128,$H$2=256),0,1) -> -1 | K43: =J43*$J$2 -> -10 | M43: =IF(I43<>"",K43+I43+L43,0) -> 0
B44: =IF(H44>$H$2,"",(ROW()-5)) | H44: 39 | I44: =IF(H44<$H$2+1,($I$2-($I$2-1)*(LOG(H44)/LOG($H$2))),"") | J44: =INT(LOG($H$2,2))-ROUNDUP(LOG(H44,2),0)+IF(OR($H$2=1,$H$2=2,$H$2=4,$H$2=8,$H$2=16,$H$2=32,$H$2=64,$H$2=128,$H$2=256),0,1) -> -1 | K44: =J44*$J$2 -> -10 | M44: =IF(I44<>"",K44+I44+L44,0) -> 0
B45: =IF(H45>$H$2,"",(ROW()-5)) | H45: 40 | I45: =IF(H45<$H$2+1,($I$2-($I$2-1)*(LOG(H45)/LOG($H$2))),"") | J45: =INT(LOG($H$2,2))-ROUNDUP(LOG(H45,2),0)+IF(OR($H$2=1,$H$2=2,$H$2=4,$H$2=8,$H$2=16,$H$2=32,$H$2=64,$H$2=128,$H$2=256),0,1) -> -1 | K45: =J45*$J$2 -> -10 | M45: =IF(I45<>"",K45+I45+L45,0) -> 0
B46: =IF(H46>$H$2,"",(ROW()-5)) | H46: 41 | I46: =IF(H46<$H$2+1,($I$2-($I$2-1)*(LOG(H46)/LOG($H$2))),"") | J46: =INT(LOG($H$2,2))-ROUNDUP(LOG(H46,2),0)+IF(OR($H$2=1,$H$2=2,$H$2=4,$H$2=8,$H$2=16,$H$2=32,$H$2=64,$H$2=128,$H$2=256),0,1) -> -1 | K46: =J46*$J$2 -> -10 | M46: =IF(I46<>"",K46+I46+L46,0) -> 0 | R46: =LOG($H$2,2) -> 4.2479275 | T46: =LOG(H38,2) -> 5.0443941 | U46: =R46-T46 -> -0.79646661
B47: =IF(H47>$H$2,"",(ROW()-5)) | H47: 42 | I47: =IF(H47<$H$2+1,($I$2-($I$2-1)*(LOG(H47)/LOG($H$2))),"") | J47: =INT(LOG($H$2,2))-ROUNDUP(LOG(H47,2),0)+IF(OR($H$2=1,$H$2=2,$H$2=4,$H$2=8,$H$2=16,$H$2=32,$H$2=64,$H$2=128,$H$2=256),0,1) -> -1 | K47: =J47*$J$2 -> -10 | M47: =IF(I47<>"",K47+I47+L47,0) -> 0
B48: =IF(H48>$H$2,"",(ROW()-5)) | H48: 43 | I48: =IF(H48<$H$2+1,($I$2-($I$2-1)*(LOG(H48)/LOG($H$2))),"") | J48: =INT(LOG($H$2,2))-ROUNDUP(LOG(H48,2),0)+IF(OR($H$2=1,$H$2=2,$H$2=4,$H$2=8,$H$2=16,$H$2=32,$H$2=64,$H$2=128,$H$2=256),0,1) -> -1 | K48: =J48*$J$2 -> -10 | M48: =IF(I48<>"",K48+I48+L48,0) -> 0
B49: =IF(H49>$H$2,"",(ROW()-5)) | H49: 44 | I49: =IF(H49<$H$2+1,($I$2-($I$2-1)*(LOG(H49)/LOG($H$2))),"") | J49: =INT(LOG($H$2,2))-ROUNDUP(LOG(H49,2),0)+IF(OR($H$2=1,$H$2=2,$H$2=4,$H$2=8,$H$2=16,$H$2=32,$H$2=64,$H$2=128,$H$2=256),0,1) -> -1 | K49: =J49*$J$2 -> -10 | M49: =IF(I49<>"",K49+I49+L49,0) -> 0
B50: =IF(H50>$H$2,"",(ROW()-5)) | H50: 45 | I50: =IF(H50<$H$2+1,($I$2-($I$2-1)*(LOG(H50)/LOG($H$2))),"") | J50: =INT(LOG($H$2,2))-ROUNDUP(LOG(H50,2),0)+IF(OR($H$2=1,$H$2=2,$H$2=4,$H$2=8,$H$2=16,$H$2=32,$H$2=64,$H$2=128,$H$2=256),0,1) -> -1 | K50: =J50*$J$2 -> -10 | M50: =IF(I50<>"",K50+I50+L50,0) -> 0
B51: =IF(H51>$H$2,"",(ROW()-5)) | H51: 46 | I51: =IF(H51<$H$2+1,($I$2-($I$2-1)*(LOG(H51)/LOG($H$2))),"") | J51: =INT(LOG($H$2,2))-ROUNDUP(LOG(H51,2),0)+IF(OR($H$2=1,$H$2=2,$H$2=4,$H$2=8,$H$2=16,$H$2=32,$H$2=64,$H$2=128,$H$2=256),0,1) -> -1 | K51: =J51*$J$2 -> -10 | M51: =IF(I51<>"",K51+I51+L51,0) -> 0
B52: =IF(H52>$H$2,"",(ROW()-5)) | H52: 47 | I52: =IF(H52<$H$2+1,($I$2-($I$2-1)*(LOG(H52)/LOG($H$2))),"") | J52: =INT(LOG($H$2,2))-ROUNDUP(LOG(H52,2),0)+IF(OR($H$2=1,$H$2=2,$H$2=4,$H$2=8,$H$2=16,$H$2=32,$H$2=64,$H$2=128,$H$2=256),0,1) -> -1 | K52: =J52*$J$2 -> -10 | M52: =IF(I52<>"",K52+I52+L52,0) -> 0
B53: =IF(H53>$H$2,"",(ROW()-5)) | H53: 48 | I53: =IF(H53<$H$2+1,($I$2-($I$2-1)*(LOG(H53)/LOG($H$2))),"") | J53: =INT(LOG($H$2,2))-ROUNDUP(LOG(H53,2),0)+IF(OR($H$2=1,$H$2=2,$H$2=4,$H$2=8,$H$2=16,$H$2=32,$H$2=64,$H$2=128,$H$2=256),0,1) -> -1 | K53: =J53*$J$2 -> -10 | M53: =IF(I53<>"",K53+I53+L53,0) -> 0
B54: =IF(H54>$H$2,"",(ROW()-5)) | H54: 49 | I54: =IF(H54<$H$2+1,($I$2-($I$2-1)*(LOG(H54)/LOG($H$2))),"") | J54: =INT(LOG($H$2,2))-ROUNDUP(LOG(H54,2),0)+IF(OR($H$2=1,$H$2=2,$H$2=4,$H$2=8,$H$2=16,$H$2=32,$H$2=64,$H$2=128,$H$2=256),0,1) -> -1 | K54: =J54*$J$2 -> -10 | M54: =IF(I54<>"",K54+I54+L54,0) -> 0
B55: =IF(H55>$H$2,"",(ROW()-5)) | H55: 50 | I55: =IF(H55<$H$2+1,($I$2-($I$2-1)*(LOG(H55)/LOG($H$2))),"") | J55: =INT(LOG($H$2,2))-ROUNDUP(LOG(H55,2),0)+IF(OR($H$2=1,$H$2=2,$H$2=4,$H$2=8,$H$2=16,$H$2=32,$H$2=64,$H$2=128,$H$2=256),0,1) -> -1 | K55: =J55*$J$2 -> -10 | M55: =IF(I55<>"",K55+I55+L55,0) -> 0
B56: =IF(H56>$H$2,"",(ROW()-5)) | H56: 51 | I56: =IF(H56<$H$2+1,($I$2-($I$2-1)*(LOG(H56)/LOG($H$2))),"") | J56: =INT(LOG($H$2,2))-ROUNDUP(LOG(H56,2),0)+IF(OR($H$2=1,$H$2=2,$H$2=4,$H$2=8,$H$2=16,$H$2=32,$H$2=64,$H$2=128,$H$2=256),0,1) -> -1 | K56: =J56*$J$2 -> -10 | M56: =IF(I56<>"",K56+I56+L56,0) -> 0
B57: =IF(H57>$H$2,"",(ROW()-5)) | H57: 52 | I57: =IF(H57<$H$2+1,($I$2-($I$2-1)*(LOG(H57)/LOG($H$2))),"") | J57: =INT(LOG($H$2,2))-ROUNDUP(LOG(H57,2),0)+IF(OR($H$2=1,$H$2=2,$H$2=4,$H$2=8,$H$2=16,$H$2=32,$H$2=64,$H$2=128,$H$2=256),0,1) -> -1 | K57: =J57*$J$2 -> -10 | M57: =IF(I57<>"",K57+I57+L57,0) -> 0
B58: =IF(H58>$H$2,"",(ROW()-5)) | H58: 53 | I58: =IF(H58<$H$2+1,($I$2-($I$2-1)*(LOG(H58)/LOG($H$2))),"") | J58: =INT(LOG($H$2,2))-ROUNDUP(LOG(H58,2),0)+IF(OR($H$2=1,$H$2=2,$H$2=4,$H$2=8,$H$2=16,$H$2=32,$H$2=64,$H$2=128,$H$2=256),0,1) -> -1 | K58: =J58*$J$2 -> -10 | M58: =IF(I58<>"",K58+I58+L58,0) -> 0
... B65: =IF(H65>$H$2,"",(ROW()-5)) | H65: 60 | I65: =IF(H65<$H$2+1,($I$2-($I$2-1)*(LOG(H65)/LOG($H$2))),"") | J65: =INT(LOG($H$2,2))-ROUNDUP(LOG(H65,2),0)+IF(OR($H$2=1,$H$2=2,$H$2=4,$H$2=8,$H$2=16,$H$2=32,$H$2=64,$H$2=128,$H$2=256),0,1) -> -1 | K65: =J65*$J$2 -> -10 | M65: =IF(I65<>"",K65+I65+L65,0) -> 0
H66: 61 | I66: =IF(H66<$H$2+1,($I$2-($I$2-1)*(LOG(H66)/LOG($H$2))),"") | J66: =INT(LOG($H$2,2))-ROUNDUP(LOG(H66,2),0)+IF(OR($H$2=1,$H$2=2,$H$2=4,$H$2=8,$H$2=16,$H$2=32,$H$2=64,$H$2=128,$H$2=256),0,1) -> -1 | K66: =J66*$J$2 -> -10 | M66: =IF(I66<>"",K66+I66+L66,0) -> 0
H67: 62 | I67: =IF(H67<$H$2+1,($I$2-($I$2-1)*(LOG(H67)/LOG($H$2))),"") | J67: =INT(LOG($H$2,2))-ROUNDUP(LOG(H67,2),0)+IF(OR($H$2=1,$H$2=2,$H$2=4,$H$2=8,$H$2=16,$H$2=32,$H$2=64,$H$2=128,$H$2=256),0,1) -> -1 | K67: =J67*$J$2 -> -10 | M67: =IF(I67<>"",K67+I67+L67,0) -> 0
H68: 63 | I68: =IF(H68<$H$2+1,($I$2-($I$2-1)*(LOG(H68)/LOG($H$2))),"") | J68: =INT(LOG($H$2,2))-ROUNDUP(LOG(H68,2),0)+IF(OR($H$2=1,$H$2=2,$H$2=4,$H$2=8,$H$2=16,$H$2=32,$H$2=64,$H$2=128,$H$2=256),0,1) -> -1 | K68: =J68*$J$2 -> -10 | M68: =IF(I68<>"",K68+I68+L68,0) -> 0
H69: 64 | I69: =IF(H69<$H$2+1,($I$2-($I$2-1)*(LOG(H69)/LOG($H$2))),"") | J69: =INT(LOG($H$2,2))-ROUNDUP(LOG(H69,2),0)+IF(OR($H$2=1,$H$2=2,$H$2=4,$H$2=8,$H$2=16,$H$2=32,$H$2=64,$H$2=128,$H$2=256),0,1) -> -1 | K69: =J69*$J$2 -> -10 | M69: =IF(I69<>"",K69+I69+L69,0) -> 0
H70: 65 | I70: =IF(H70<$H$2+1,($I$2-($I$2-1)*(LOG(H70)/LOG($H$2))),"") | J70: =INT(LOG($H$2,2))-ROUNDUP(LOG(H70,2),0)+IF(OR($H$2=1,$H$2=2,$H$2=4,$H$2=8,$H$2=16,$H$2=32,$H$2=64,$H$2=128,$H$2=256),0,1) -> -2 | K70: =J70*$J$2 -> -20 | M70: =IF(I70<>"",K70+I70+L70,0) -> 0
H71: 66 | I71: =IF(H71<$H$2+1,($I$2-($I$2-1)*(LOG(H71)/LOG($H$2))),"") | J71: =INT(LOG($H$2,2))-ROUNDUP(LOG(H71,2),0)+IF(OR($H$2=1,$H$2=2,$H$2=4,$H$2=8,$H$2=16,$H$2=32,$H$2=64,$H$2=128,$H$2=256),0,1) -> -2 | K71: =J71*$J$2 -> -20 | M71: =IF(I71<>"",K71+I71+L71,0) -> 0
H72: 67 | I72: =IF(H72<$H$2+1,($I$2-($I$2-1)*(LOG(H72)/LOG($H$2))),"") | J72: =INT(LOG($H$2,2))-ROUNDUP(LOG(H72,2),0)+IF(OR($H$2=1,$H$2=2,$H$2=4,$H$2=8,$H$2=16,$H$2=32,$H$2=64,$H$2=128,$H$2=256),0,1) -> -2 | K72: =J72*$J$2 -> -20 | M72: =IF(I72<>"",K72+I72+L72,0) -> 0
H73: 68 | I73: =IF(H73<$H$2+1,($I$2-($I$2-1)*(LOG(H73)/LOG($H$2))),"") | J73: =INT(LOG($H$2,2))-ROUNDUP(LOG(H73,2),0)+IF(OR($H$2=1,$H$2=2,$H$2=4,$H$2=8,$H$2=16,$H$2=32,$H$2=64,$H$2=128,$H$2=256),0,1) -> -2 | K73: =J73*$J$2 -> -20 | M73: =IF(I73<>"",K73+I73+L73,0) -> 0
H74: 69 | I74: =IF(H74<$H$2+1,($I$2-($I$2-1)*(LOG(H74)/LOG($H$2))),"") | J74: =INT(LOG($H$2,2))-ROUNDUP(LOG(H74,2),0)+IF(OR($H$2=1,$H$2=2,$H$2=4,$H$2=8,$H$2=16,$H$2=32,$H$2=64,$H$2=128,$H$2=256),0,1) -> -2 | K74: =J74*$J$2 -> -20 | M74: =IF(I74<>"",K74+I74+L74,0) -> 0
H75: 70 | I75: =IF(H75<$H$2+1,($I$2-($I$2-1)*(LOG(H75)/LOG($H$2))),"") | J75: =INT(LOG($H$2,2))-ROUNDUP(LOG(H75,2),0)+IF(OR($H$2=1,$H$2=2,$H$2=4,$H$2=8,$H$2=16,$H$2=32,$H$2=64,$H$2=128,$H$2=256),0,1) -> -2 | K75: =J75*$J$2 -> -20 | M75: =IF(I75<>"",K75+I75+L75,0) -> 0
H76: 71 | I76: =IF(H76<$H$2+1,($I$2-($I$2-1)*(LOG(H76)/LOG($H$2))),"") | J76: =INT(LOG($H$2,2))-ROUNDUP(LOG(H76,2),0)+IF(OR($H$2=1,$H$2=2,$H$2=4,$H$2=8,$H$2=16,$H$2=32,$H$2=64,$H$2=128,$H$2=256),0,1) -> -2 | K76: =J76*$J$2 -> -20 | M76: =IF(I76<>"",K76+I76+L76,0) -> 0
H77: 72 | I77: =IF(H77<$H$2+1,($I$2-($I$2-1)*(LOG(H77)/LOG($H$2))),"") | J77: =INT(LOG($H$2,2))-ROUNDUP(LOG(H77,2),0)+IF(OR($H$2=1,$H$2=2,$H$2=4,$H$2=8,$H$2=16,$H$2=32,$H$2=64,$H$2=128,$H$2=256),0,1) -> -2 | K77: =J77*$J$2 -> -20 | M77: =IF(I77<>"",K77+I77+L77,0) -> 0
... H305: 300 | I305: =IF(H305<$H$2+1,($I$2-($I$2-1)*(LOG(H305)/LOG($H$2))),"") | J305: =INT(LOG($H$2,2))-ROUNDUP(LOG(H305,2),0)+IF(OR($H$2=1,$H$2=2,$H$2=4,$H$2=8,$H$2=16,$H$2=32,$H$2=64,$H$2=128,$H$2=256),0,1) -> -4 | K305: =J305*$J$2 -> -40 | M305: =IF(I305<>"",K305+I305+L305,0) -> 0

Sheet PEW2
H1: Liczba uczestników: | I1: GP Punkty | J1: Bonus za rundę | K1: Bonus za podium
B2: miejsce: | C2: Madrid | H2: 30 | I2: 50 | J2: 10 | K2: =3*H2^(1/3) -> 9.3216975
B3: data: | C3: 16.11.2024
A5: Punkty | B5: Miejsce Place | C5: Nazwisko Imię Name | D5: Klub Club(s) | E5: Okręg Division | F5: Państwo Country | H5: Miejsce | I5: Punkty za miejsce | J5: awans do kolejnej rundy pucharowej | K5: bonus za rundy pucharowe | L5: punkty za podium | M5: Suma
A6: =M6 -> 127.96509 | B6: =IF(H6>$H$2,"",(ROW()-5)) -> 1 | C6: x | H6: 1 | I6: =IF(H6<$H$2+1,($I$2-($I$2-1)*(LOG(H6)/LOG($H$2))),"") -> 50 | J6: =INT(LOG($H$2,2))-ROUNDUP(LOG(H6,2),0)+IF(OR($H$2=1,$H$2=2,$H$2=4,$H$2=8,$H$2=16,$H$2=32,$H$2=64,$H$2=128,$H$2=256),0,1) -> 5 | K6: =J6*$J$2 -> 50 | L6: =3*K2 -> 27.965093 | M6: =IF(I6<>"",K6+I6+L6,0) -> 127.96509
A7: =M7 -> 98.657438 | B7: =IF(H7>$H$2,"",(ROW()-5)) -> 2 | C7: x | H7: 2 | I7: =IF(H7<$H$2+1,($I$2-($I$2-1)*(LOG(H7)/LOG($H$2))),"") -> 40.014043 | J7: =INT(LOG($H$2,2))-ROUNDUP(LOG(H7,2),0)+IF(OR($H$2=1,$H$2=2,$H$2=4,$H$2=8,$H$2=16,$H$2=32,$H$2=64,$H$2=128,$H$2=256),0,1) -> 4 | K7: =J7*$J$2 -> 40 | L7: =2*K2 -> 18.643395 | M7: =IF(I7<>"",K7+I7+L7,0) -> 98.657438
A8: =M8 -> 73.49433 | B8: =IF(H8>$H$2,"",(ROW()-5)) -> 3 | C8: x | H8: 3 | I8: =IF(H8<$H$2+1,($I$2-($I$2-1)*(LOG(H8)/LOG($H$2))),"") -> 34.172632 | J8: =INT(LOG($H$2,2))-ROUNDUP(LOG(H8,2),0)+IF(OR($H$2=1,$H$2=2,$H$2=4,$H$2=8,$H$2=16,$H$2=32,$H$2=64,$H$2=128,$H$2=256),0,1) -> 3 | K8: =J8*$J$2 -> 30 | L8: =K2 -> 9.3216975 | M8: =IF(I8<>"",K8+I8+L8,0) -> 73.49433
A9: =M9 -> 73.49433 | B9: =IF(H9>$H$2,"",3) -> 3 | C9: x | H9: 3 | I9: =IF(H9<$H$2+1,($I$2-($I$2-1)*(LOG(H9)/LOG($H$2))),"") -> 34.172632 | J9: =INT(LOG($H$2,2))-ROUNDUP(LOG(H9,2),0)+IF(OR($H$2=1,$H$2=2,$H$2=4,$H$2=8,$H$2=16,$H$2=32,$H$2=64,$H$2=128,$H$2=256),0,1) -> 3 | K9: =J9*$J$2 -> 30 | L9: =K2 -> 9.3216975 | M9: =IF(I9<>"",K9+I9+L9,0) -> 73.49433 | AH9: x | AI9: 23
A10: =M10 -> 46.813325 | B10: =IF(H10>$H$2,"",(ROW()-5)) -> 5 | C10: x | H10: 5 | I10: =IF(H10<$H$2+1,($I$2-($I$2-1)*(LOG(H10)/LOG($H$2))),"") -> 26.813325 | J10: =INT(LOG($H$2,2))-ROUNDUP(LOG(H10,2),0)+IF(OR($H$2=1,$H$2=2,$H$2=4,$H$2=8,$H$2=16,$H$2=32,$H$2=64,$H$2=128,$H$2=256),0,1) -> 2 | K10: =J10*$J$2 -> 20 | M10: =IF(I10<>"",K10+I10+L10,0) -> 46.813325 | AH10: N | AI10: 45
A11: =M11 -> 44.186675 | B11: =IF(H11>$H$2,"",(ROW()-5)) -> 6 | C11: x | H11: 6 | I11: =IF(H11<$H$2+1,($I$2-($I$2-1)*(LOG(H11)/LOG($H$2))),"") -> 24.186675 | J11: =INT(LOG($H$2,2))-ROUNDUP(LOG(H11,2),0)+IF(OR($H$2=1,$H$2=2,$H$2=4,$H$2=8,$H$2=16,$H$2=32,$H$2=64,$H$2=128,$H$2=256),0,1) -> 2 | K11: =J11*$J$2 -> 20 | M11: =IF(I11<>"",K11+I11+L11,0) -> 44.186675 | AH11: MP | AI11: 50
A12: =M12 -> 41.965874 | B12: =IF(H12>$H$2,"",(ROW()-5)) -> 7 | C12: x | H12: 7 | I12: =IF(H12<$H$2+1,($I$2-($I$2-1)*(LOG(H12)/LOG($H$2))),"") -> 21.965874 | J12: =INT(LOG($H$2,2))-ROUNDUP(LOG(H12,2),0)+IF(OR($H$2=1,$H$2=2,$H$2=4,$H$2=8,$H$2=16,$H$2=32,$H$2=64,$H$2=128,$H$2=256),0,1) -> 2 | K12: =J12*$J$2 -> 20 | M12: =IF(I12<>"",K12+I12+L12,0) -> 41.965874 | AH12: MP-1 | AI12: =AI11-1 -> 49
A13: =M13 -> 40.042128 | B13: =IF(H13>$H$2,"",(ROW()-5)) -> 8 | C13: x | H13: 8 | I13: =IF(H13<$H$2+1,($I$2-($I$2-1)*(LOG(H13)/LOG($H$2))),"") -> 20.042128 | J13: =INT(LOG($H$2,2))-ROUNDUP(LOG(H13,2),0)+IF(OR($H$2=1,$H$2=2,$H$2=4,$H$2=8,$H$2=16,$H$2=32,$H$2=64,$H$2=128,$H$2=256),0,1) -> 2 | K13: =J13*$J$2 -> 20 | M13: =IF(I13<>"",K13+I13+L13,0) -> 40.042128 | AH13: log(x) | AI13: =LOG(AI9) -> 1.3617278
A14: =M14 -> 28.345264 | B14: =IF(H14>$H$2,"",(ROW()-5)) -> 9 | C14: x | H14: 9 | I14: =IF(H14<$H$2+1,($I$2-($I$2-1)*(LOG(H14)/LOG($H$2))),"") -> 18.345264 | J14: =INT(LOG($H$2,2))-ROUNDUP(LOG(H14,2),0)+IF(OR($H$2=1,$H$2=2,$H$2=4,$H$2=8,$H$2=16,$H$2=32,$H$2=64,$H$2=128,$H$2=256),0,1) -> 1 | K14: =J14*$J$2 -> 10 | M14: =IF(I14<>"",K14+I14+L14,0) -> 28.345264 | AH14: Log(N) | AI14: =LOG(AI10) -> 1.6532125
A15: =M15 -> 26.827368 | B15: =IF(H15>$H$2,"",(ROW()-5)) -> 10 | C15: x | H15: 10 | I15: =IF(H15<$H$2+1,($I$2-($I$2-1)*(LOG(H15)/LOG($H$2))),"") -> 16.827368 | J15: =INT(LOG($H$2,2))-ROUNDUP(LOG(H15,2),0)+IF(OR($H$2=1,$H$2=2,$H$2=4,$H$2=8,$H$2=16,$H$2=32,$H$2=64,$H$2=128,$H$2=256),0,1) -> 1 | K15: =J15*$J$2 -> 10 | M15: =IF(I15<>"",K15+I15+L15,0) -> 26.827368
A16: =M16 -> 25.454264 | B16: =IF(H16>$H$2,"",(ROW()-5)) -> 11 | C16: x | H16: 11 | I16: =IF(H16<$H$2+1,($I$2-($I$2-1)*(LOG(H16)/LOG($H$2))),"") -> 15.454264 | J16: =INT(LOG($H$2,2))-ROUNDUP(LOG(H16,2),0)+IF(OR($H$2=1,$H$2=2,$H$2=4,$H$2=8,$H$2=16,$H$2=32,$H$2=64,$H$2=128,$H$2=256),0,1) -> 1 | K16: =J16*$J$2 -> 10 | M16: =IF(I16<>"",K16+I16+L16,0) -> 25.454264 | AH16: MP - (MP-1)*LOG(x)/LOG(N) | AI16: =AI11-AI12*AI13/AI14 -> 9.6393909 | AJ16: points
A17: =M17 -> 24.200718 | B17: =IF(H17>$H$2,"",(ROW()-5)) -> 12 | C17: x | H17: 12 | I17: =IF(H17<$H$2+1,($I$2-($I$2-1)*(LOG(H17)/LOG($H$2))),"") -> 14.200718 | J17: =INT(LOG($H$2,2))-ROUNDUP(LOG(H17,2),0)+IF(OR($H$2=1,$H$2=2,$H$2=4,$H$2=8,$H$2=16,$H$2=32,$H$2=64,$H$2=128,$H$2=256),0,1) -> 1 | K17: =J17*$J$2 -> 10 | M17: =IF(I17<>"",K17+I17+L17,0) -> 24.200718
A18: =M18 -> 23.047567 | B18: =IF(H18>$H$2,"",(ROW()-5)) -> 13 | C18: x | H18: 13 | I18: =IF(H18<$H$2+1,($I$2-($I$2-1)*(LOG(H18)/LOG($H$2))),"") -> 13.047567 | J18: =INT(LOG($H$2,2))-ROUNDUP(LOG(H18,2),0)+IF(OR($H$2=1,$H$2=2,$H$2=4,$H$2=8,$H$2=16,$H$2=32,$H$2=64,$H$2=128,$H$2=256),0,1) -> 1 | K18: =J18*$J$2 -> 10 | M18: =IF(I18<>"",K18+I18+L18,0) -> 23.047567
A19: =M19 -> 21.979916 | B19: =IF(H19>$H$2,"",(ROW()-5)) -> 14 | C19: x | H19: 14 | I19: =IF(H19<$H$2+1,($I$2-($I$2-1)*(LOG(H19)/LOG($H$2))),"") -> 11.979916 | J19: =INT(LOG($H$2,2))-ROUNDUP(LOG(H19,2),0)+IF(OR($H$2=1,$H$2=2,$H$2=4,$H$2=8,$H$2=16,$H$2=32,$H$2=64,$H$2=128,$H$2=256),0,1) -> 1 | K19: =J19*$J$2 -> 10 | M19: =IF(I19<>"",K19+I19+L19,0) -> 21.979916
A20: =M20 -> 20.985957 | B20: =IF(H20>$H$2,"",(ROW()-5)) -> 15 | C20: x | H20: 15 | I20: =IF(H20<$H$2+1,($I$2-($I$2-1)*(LOG(H20)/LOG($H$2))),"") -> 10.985957 | J20: =INT(LOG($H$2,2))-ROUNDUP(LOG(H20,2),0)+IF(OR($H$2=1,$H$2=2,$H$2=4,$H$2=8,$H$2=16,$H$2=32,$H$2=64,$H$2=128,$H$2=256),0,1) -> 1 | K20: =J20*$J$2 -> 10 | M20: =IF(I20<>"",K20+I20+L20,0) -> 20.985957
A21: =M21 -> 20.056171 | B21: =IF(H21>$H$2,"",(ROW()-5)) -> 16 | C21: x | H21: 16 | I21: =IF(H21<$H$2+1,($I$2-($I$2-1)*(LOG(H21)/LOG($H$2))),"") -> 10.056171 | J21: =INT(LOG($H$2,2))-ROUNDUP(LOG(H21,2),0)+IF(OR($H$2=1,$H$2=2,$H$2=4,$H$2=8,$H$2=16,$H$2=32,$H$2=64,$H$2=128,$H$2=256),0,1) -> 1 | K21: =J21*$J$2 -> 10 | M21: =IF(I21<>"",K21+I21+L21,0) -> 20.056171
