Workbook

Sheet All
A2: L.P. | B2: kat | C2: IMIĘ NAZWISKO | D2: V/M | E2: V/M | Q2: TS | R2: TS | AD2: Ind | AE2: Ind | AR2: ma mniej niż 30 lat
E3: MP | G3: GP1 | I3: GP2 | K3: GP3 | M3: GP4 | O3: GP5 | R3: MP | T3: GP1 | V3: GP2 | X3: GP3 | Z3: GP4 | AB3: GP5 | AE3: MP | AG3: GP1 | AI3: GP2 | AK3: GP3 | AM3: GP4 | AO3: GP5 | AR3: odeszła/odszedł w tym roku
E4: 1 | F4: 2 | G4: 1 | H4: 2 | I4: 1 | J4: 2 | K4: 1 | L4: 2 | M4: 1 | N4: 2 | O4: 1 | P4: 2 | R4: 1 | S4: 2 | T4: 1 | U4: 2 | V4: 1 | W4: 2 | X4: 1 | Y4: 2 | Z4: 1 | AA4: 2 | AB4: 1 | AC4: 2 | AE4: 1 | AF4: 2 | AG4: 1 | AH4: 2 | AI4: 1 | AJ4: 2 | AK4: 1 | AL4: 2 | AM4: 1 | AN4: 2 | AO4: 1 | AP4: 2
A5: =ROW()-4 -> 1 | B5: 1 | C5: GANSZCZYK Marcin | D5: =SUM(E5:P5) -> 11.38 | E5: =_xlfn.XLOOKUP($C5,'MP (1)'!$B$6:$B$100,'MP (1)'!$E$6:$E$100,"") -> 1 | F5: =_xlfn.XLOOKUP($C5,'MP (2)'!$B$6:$B$100,'MP (2)'!$E$6:$E$100,"") -> 1 | G5: =_xlfn.XLOOKUP($C5,'GP1 (1)'!$B$6:$B$100,'GP1 (1)'!$E$6:$E$100,"") -> 0.83 | H5: =_xlfn.XLOOKUP($C5,'GP1 (2)'!$B$6:$B$100,'GP1 (2)'!$E$6:$E$100,"") -> 1 | I5: =_xlfn.XLOOKUP($C5,'GP2 (1)'!$B$6:$B$107,'GP2 (1)'!$E$6:$E$107,"") -> 1 | J5: =_xlfn.XLOOKUP($C5,'GP2 (2)'!$B$6:$B$99,'GP2 (2)'!$E$6:$E$99,"") -> 1 | K5: =_xlfn.XLOOKUP($C5,'GP3 (1)'!$B$6:$B$100,'GP3 (1)'!$E$6:$E$100,"") -> 1 | L5: =_xlfn.XLOOKUP($C5,'GP3 (2)'!$B$6:$B$100,'GP3 (2)'!$E$6:$E$100,"") -> 1 | M5: =_xlfn.XLOOKUP($C5,'GP4 (1)'!$B$6:$B$86,'GP4 (1)'!$E$6:$E$86,"") -> 1 | N5: =_xlfn.XLOOKUP($C5,'GP4 (2)'!$B$6:$B$100,'GP4 (2)'!$E$6:$E$100,"") -> 0.8 | O5: =_xlfn.XLOOKUP($C5,'GP5 (1)'!$B$6:$B$100,'GP5 (1)'!$E$6:$E$100,"") -> 1 | P5: =_xlfn.XLOOKUP($C5,'GP5 (2)'!$B$6:$B$100,'GP5 (2)'!$E$6:$E$100,"") -> 0.75 | Q5: =SUM(R5:AC5) -> 284 | R5: =_xlfn.XLOOKUP($C5,'MP (1)'!$B$6:$B$100,'MP (1)'!$F$6:$F$100,"") -> 30 | S5: =_xlfn.XLOOKUP($C5,'MP (2)'!$B$6:$B$100,'MP (2)'!$F$6:$F$100,"") -> 30 | T5: =_xlfn.XLOOKUP($C5,'GP1 (1)'!$B$6:$B$100,'GP1 (1)'!$F$6:$F$100,"") -> 29 | U5: =_xlfn.XLOOKUP($C5,'GP1 (2)'!$B$6:$B$100,'GP1 (2)'!$F$6:$F$100,"") -> 25 | V5: =_xlfn.XLOOKUP($C5,'GP2 (1)'!$B$8:$B$107,'GP2 (1)'!$F$8:$F$107,"") | W5: =_xlfn.XLOOKUP($C5,'GP2 (2)'!$B$6:$B$99,'GP2 (2)'!$F$6:$F$99,"") -> 30 | X5: =_xlfn.XLOOKUP($C5,'GP3 (1)'!$B$6:$B$100,'GP3 (1)'!$F$6:$F$100,"") -> 25 | Y5: =_xlfn.XLOOKUP($C5,'GP3 (2)'!$B$6:$B$100,'GP3 (2)'!$F$6:$F$100,"") -> 30 | Z5: =_xlfn.XLOOKUP($C5,'GP4 (1)'!$B$6:$B$86,'GP4 (1)'!$F$6:$F$86,"") -> 25 | AA5: =_xlfn.XLOOKUP($C5,'GP4 (2)'!$B$6:$B$100,'GP4 (2)'!$F$6:$F$100,"") -> 22 | AB5: =_xlfn.XLOOKUP($C5,'GP5 (1)'!$B$6:$B$100,'GP5 (1)'!$F$6:$F$100,"") -> 20 | AC5: =_xlfn.XLOOKUP($C5,'GP5 (2)'!$B$6:$B$100,'GP5 (2)'!$F$6:$F$100,"") -> 18 | AD5: =SUM(AE5:AO5) -> 177 | AE5: =_xlfn.XLOOKUP($C5,'MP (1)'!$B$6:$B$100,'MP (1)'!$H$6:$H$100,"") -> 21 | AF5: =_xlfn.XLOOKUP($C5,'MP (2)'!$B$6:$B$100,'MP (2)'!$H$6:$H$100,"") -> 27 | AG5: =_xlfn.XLOOKUP($C5,'GP1 (1)'!$B$6:$B$100,'GP1 (1)'!$H$6:$H$100,"") -> 15 | AH5: =_xlfn.XLOOKUP($C5,'GP1 (2)'!$B$6:$B$100,'GP1 (2)'!$H$6:$H$100,"") -> 18 | AI5: =_xlfn.XLOOKUP($C5,'GP2 (1)'!$B$8:$B$107,'GP2 (1)'!$H$8:$H$107,"") | AJ5: =_xlfn.XLOOKUP($C5,'GP2 (2)'!$B$6:$B$99,'GP2 (2)'!$H$6:$H$99,"") -> 23 | AK5: =_xlfn.XLOOKUP($C5,'GP3 (1)'!$B$6:$B$100,'GP3 (1)'!$H$6:$H$100,"") -> 17 | AL5: =_xlfn.XLOOKUP($C5,'GP3 (2)'!$B$6:$B$100,'GP3 (2)'!$H$6:$H$100,"") -> 17 | AM5: =_xlfn.XLOOKUP($C5,'GP4 (1)'!$B$6:$B$86,'GP4 (1)'!$H$6:$H$86,"") -> 16 | AN5: =_xlfn.XLOOKUP($C5,'GP4 (2)'!$B$6:$B$100,'GP4 (2)'!$H$6:$H$100,"") -> 7 | AO5: =_xlfn.XLOOKUP($C5,'GP5 (1)'!$B$6:$B$100,'GP5 (1)'!$H$6:$H$100,"") -> 16 | AP5: =_xlfn.XLOOKUP($C5,'GP5 (2)'!$B$6:$B$100,'GP5 (2)'!$H$6:$H$100,"") -> 11
A6: =ROW()-4 -> 2 | B6: 2 | C6: GAJDA Leszek | D6: =SUM(E6:P6) -> 10.86 | E6: =_xlfn.XLOOKUP($C6,'MP (1)'!$B$6:$B$100,'MP (1)'!$E$6:$E$100,"") -> 1 | F6: =_xlfn.XLOOKUP($C6,'MP (2)'!$B$6:$B$100,'MP (2)'!$E$6:$E$100,"") -> 1 | G6: =_xlfn.XLOOKUP($C6,'GP1 (1)'!$B$6:$B$100,'GP1 (1)'!$E$6:$E$100,"") -> 0.83 | H6: =_xlfn.XLOOKUP($C6,'GP1 (2)'!$B$6:$B$100,'GP1 (2)'!$E$6:$E$100,"") -> 0.4 | I6: =_xlfn.XLOOKUP($C6,'GP2 (1)'!$B$6:$B$107,'GP2 (1)'!$E$6:$E$107,"") -> 1 | J6: =_xlfn.XLOOKUP($C6,'GP2 (2)'!$B$6:$B$99,'GP2 (2)'!$E$6:$E$99,"") -> 0.8 | K6: =_xlfn.XLOOKUP($C6,'GP3 (1)'!$B$6:$B$100,'GP3 (1)'!$E$6:$E$100,"") -> 1 | L6: =_xlfn.XLOOKUP($C6,'GP3 (2)'!$B$6:$B$100,'GP3 (2)'!$E$6:$E$100,"") -> 0.83 | M6: =_xlfn.XLOOKUP($C6,'GP4 (1)'!$B$6:$B$86,'GP4 (1)'!$E$6:$E$86,"") -> 1 | N6: =_xlfn.XLOOKUP($C6,'GP4 (2)'!$B$6:$B$100,'GP4 (2)'!$E$6:$E$100,"") -> 1 | O6: =_xlfn.XLOOKUP($C6,'GP5 (1)'!$B$6:$B$100,'GP5 (1)'!$E$6:$E$100,"") -> 1 | P6: =_xlfn.XLOOKUP($C6,'GP5 (2)'!$B$6:$B$100,'GP5 (2)'!$E$6:$E$100,"") -> 1 | Q6: =SUM(R6:AC6) -> 277 | R6: =_xlfn.XLOOKUP($C6,'MP (1)'!$B$6:$B$100,'MP (1)'!$F$6:$F$100,"") -> 30 | S6: =_xlfn.XLOOKUP($C6,'MP (2)'!$B$6:$B$100,'MP (2)'!$F$6:$F$100,"") -> 30 | T6: =_xlfn.XLOOKUP($C6,'GP1 (1)'!$B$6:$B$100,'GP1 (1)'!$F$6:$F$100,"") -> 28 | U6: =_xlfn.XLOOKUP($C6,'GP1 (2)'!$B$6:$B$100,'GP1 (2)'!$F$6:$F$100,"") -> 21 | V6: =_xlfn.XLOOKUP($C6,'GP2 (1)'!$B$8:$B$107,'GP2 (1)'!$F$8:$F$107,"") | W6: =_xlfn.XLOOKUP($C6,'GP2 (2)'!$B$6:$B$99,'GP2 (2)'!$F$6:$F$99,"") -> 24 | X6: =_xlfn.XLOOKUP($C6,'GP3 (1)'!$B$6:$B$100,'GP3 (1)'!$F$6:$F$100,"") -> 25 | Y6: =_xlfn.XLOOKUP($C6,'GP3 (2)'!$B$6:$B$100,'GP3 (2)'!$F$6:$F$100,"") -> 29 | Z6: =_xlfn.XLOOKUP($C6,'GP4 (1)'!$B$6:$B$86,'GP4 (1)'!$F$6:$F$86,"") -> 25 | AA6: =_xlfn.XLOOKUP($C6,'GP4 (2)'!$B$6:$B$100,'GP4 (2)'!$F$6:$F$100,"") -> 25 | AB6: =_xlfn.XLOOKUP($C6,'GP5 (1)'!$B$6:$B$100,'GP5 (1)'!$F$6:$F$100,"") -> 20 | AC6: =_xlfn.XLOOKUP($C6,'GP5 (2)'!$B$6:$B$100,'GP5 (2)'!$F$6:$F$100,"") -> 20 | AD6: =SUM(AE6:AO6) -> 149 | AE6: =_xlfn.XLOOKUP($C6,'MP (1)'!$B$6:$B$100,'MP (1)'!$H$6:$H$100,"") -> 19 | AF6: =_xlfn.XLOOKUP($C6,'MP (2)'!$B$6:$B$100,'MP (2)'!$H$6:$H$100,"") -> 17 | AG6: =_xlfn.XLOOKUP($C6,'GP1 (1)'!$B$6:$B$100,'GP1 (1)'!$H$6:$H$100,"") -> 14 | AH6: =_xlfn.XLOOKUP($C6,'GP1 (2)'!$B$6:$B$100,'GP1 (2)'!$H$6:$H$100,"") -> 1 | AI6: =_xlfn.XLOOKUP($C6,'GP2 (1)'!$B$8:$B$107,'GP2 (1)'!$H$8:$H$107,"") | AJ6: =_xlfn.XLOOKUP($C6,'GP2 (2)'!$B$6:$B$99,'GP2 (2)'!$H$6:$H$99,"") -> 10 | AK6: =_xlfn.XLOOKUP($C6,'GP3 (1)'!$B$6:$B$100,'GP3 (1)'!$H$6:$H$100,"") -> 23 | AL6: =_xlfn.XLOOKUP($C6,'GP3 (2)'!$B$6:$B$100,'GP3 (2)'!$H$6:$H$100,"") -> 20 | AM6: =_xlfn.XLOOKUP($C6,'GP4 (1)'!$B$6:$B$86,'GP4 (1)'!$H$6:$H$86,"") -> 14 | AN6: =_xlfn.XLOOKUP($C6,'GP4 (2)'!$B$6:$B$100,'GP4 (2)'!$H$6:$H$100,"") -> 14 | AO6: =_xlfn.XLOOKUP($C6,'GP5 (1)'!$B$6:$B$100,'GP5 (1)'!$H$6:$H$100,"") -> 17 | AP6: =_xlfn.XLOOKUP($C6,'GP5 (2)'!$B$6:$B$100,'GP5 (2)'!$H$6:$H$100,"") -> 13
A7: =ROW()-4 -> 3 | B7: 2 | C7: NOWICKI Robert | D7: =SUM(E7:P7) -> 10.45 | E7: =_xlfn.XLOOKUP($C7,'MP (1)'!$B$6:$B$100,'MP (1)'!$E$6:$E$100,"") -> 0.83 | F7: =_xlfn.XLOOKUP($C7,'MP (2)'!$B$6:$B$100,'MP (2)'!$E$6:$E$100,"") -> 0.8 | G7: =_xlfn.XLOOKUP($C7,'GP1 (1)'!$B$6:$B$100,'GP1 (1)'!$E$6:$E$100,"") -> 1 | H7: =_xlfn.XLOOKUP($C7,'GP1 (2)'!$B$6:$B$100,'GP1 (2)'!$E$6:$E$100,"") -> 0.6 | I7: =_xlfn.XLOOKUP($C7,'GP2 (1)'!$B$6:$B$107,'GP2 (1)'!$E$6:$E$107,"") -> 1 | J7: =_xlfn.XLOOKUP($C7,'GP2 (2)'!$B$6:$B$99,'GP2 (2)'!$E$6:$E$99,"") -> 1 | K7: =_xlfn.XLOOKUP($C7,'GP3 (1)'!$B$6:$B$100,'GP3 (1)'!$E$6:$E$100,"") -> 1 | L7: =_xlfn.XLOOKUP($C7,'GP3 (2)'!$B$6:$B$100,'GP3 (2)'!$E$6:$E$100,"") -> 1 | M7: =_xlfn.XLOOKUP($C7,'GP4 (1)'!$B$6:$B$86,'GP4 (1)'!$E$6:$E$86,"") -> 0.67 | N7: =_xlfn.XLOOKUP($C7,'GP4 (2)'!$B$6:$B$100,'GP4 (2)'!$E$6:$E$100,"") -> 0.8 | O7: =_xlfn.XLOOKUP($C7,'GP5 (1)'!$B$6:$B$100,'GP5 (1)'!$E$6:$E$100,"") -> 0.75 | P7: =_xlfn.XLOOKUP($C7,'GP5 (2)'!$B$6:$B$100,'GP5 (2)'!$E$6:$E$100,"") -> 1 | Q7: =SUM(R7:AC7) -> 288 | R7: =_xlfn.XLOOKUP($C7,'MP (1)'!$B$6:$B$100,'MP (1)'!$F$6:$F$100,"") -> 29 | S7: =_xlfn.XLOOKUP($C7,'MP (2)'!$B$6:$B$100,'MP (2)'!$F$6:$F$100,"") -> 23 | T7: =_xlfn.XLOOKUP($C7,'GP1 (1)'!$B$6:$B$100,'GP1 (1)'!$F$6:$F$100,"") -> 25 | U7: =_xlfn.XLOOKUP($C7,'GP1 (2)'!$B$6:$B$100,'GP1 (2)'!$F$6:$F$100,"") -> 23 | V7: =_xlfn.XLOOKUP($C7,'GP2 (1)'!$B$8:$B$107,'GP2 (1)'!$F$8:$F$107,"") -> 25 | W7: =_xlfn.XLOOKUP($C7,'GP2 (2)'!$B$6:$B$99,'GP2 (2)'!$F$6:$F$99,"") -> 25 | X7: =_xlfn.XLOOKUP($C7,'GP3 (1)'!$B$6:$B$100,'GP3 (1)'!$F$6:$F$100,"") -> 20 | Y7: =_xlfn.XLOOKUP($C7,'GP3 (2)'!$B$6:$B$100,'GP3 (2)'!$F$6:$F$100,"") -> 30 | Z7: =_xlfn.XLOOKUP($C7,'GP4 (1)'!$B$6:$B$86,'GP4 (1)'!$F$6:$F$86,"") -> 28 | AA7: =_xlfn.XLOOKUP($C7,'GP4 (2)'!$B$6:$B$100,'GP4 (2)'!$F$6:$F$100,"") -> 23 | AB7: =_xlfn.XLOOKUP($C7,'GP5 (1)'!$B$6:$B$100,'GP5 (1)'!$F$6:$F$100,"") -> 17 | AC7: =_xlfn.XLOOKUP($C7,'GP5 (2)'!$B$6:$B$100,'GP5 (2)'!$F$6:$F$100,"") -> 20 | AD7: =SUM(AE7:AO7) -> 153 | AE7: =_xlfn.XLOOKUP($C7,'MP (1)'!$B$6:$B$100,'MP (1)'!$H$6:$H$100,"") -> 18 | AF7: =_xlfn.XLOOKUP($C7,'MP (2)'!$B$6:$B$100,'MP (2)'!$H$6:$H$100,"") -> 12 | AG7: =_xlfn.XLOOKUP($C7,'GP1 (1)'!$B$6:$B$100,'GP1 (1)'!$H$6:$H$100,"") -> 16 | AH7: =_xlfn.XLOOKUP($C7,'GP1 (2)'!$B$6:$B$100,'GP1 (2)'!$H$6:$H$100,"") -> 8 | AI7: =_xlfn.XLOOKUP($C7,'GP2 (1)'!$B$8:$B$107,'GP2 (1)'!$H$8:$H$107,"") -> 15 | AJ7: =_xlfn.XLOOKUP($C7,'GP2 (2)'!$B$6:$B$99,'GP2 (2)'!$H$6:$H$99,"") -> 15 | AK7: =_xlfn.XLOOKUP($C7,'GP3 (1)'!$B$6:$B$100,'GP3 (1)'!$H$6:$H$100,"") -> 14 | AL7: =_xlfn.XLOOKUP($C7,'GP3 (2)'!$B$6:$B$100,'GP3 (2)'!$H$6:$H$100,"") -> 22 | AM7: =_xlfn.XLOOKUP($C7,'GP4 (1)'!$B$6:$B$86,'GP4 (1)'!$H$6:$H$86,"") -> 12 | AN7: =_xlfn.XLOOKUP($C7,'GP4 (2)'!$B$6:$B$100,'GP4 (2)'!$H$6:$H$100,"") -> 13 | AO7: =_xlfn.XLOOKUP($C7,'GP5 (1)'!$B$6:$B$100,'GP5 (1)'!$H$6:$H$100,"") -> 8 | AP7: =_xlfn.XLOOKUP($C7,'GP5 (2)'!$B$6:$B$100,'GP5 (2)'!$H$6:$H$100,"") -> 11
A8: =ROW()-4 -> 4 | B8: 2 | C8: MAZIK Aleksander | D8: =SUM(E8:P8) -> 8.75 | E8: =_xlfn.XLOOKUP($C8,'MP (1)'!$B$6:$B$100,'MP (1)'!$E$6:$E$100,"") -> 0.8 | F8: =_xlfn.XLOOKUP($C8,'MP (2)'!$B$6:$B$100,'MP (2)'!$E$6:$E$100,"") -> 0.8 | G8: =_xlfn.XLOOKUP($C8,'GP1 (1)'!$B$6:$B$100,'GP1 (1)'!$E$6:$E$100,"") -> 0.83 | H8: =_xlfn.XLOOKUP($C8,'GP1 (2)'!$B$6:$B$100,'GP1 (2)'!$E$6:$E$100,"") -> 0.8 | I8: =_xlfn.XLOOKUP($C8,'GP2 (1)'!$B$6:$B$107,'GP2 (1)'!$E$6:$E$107,"") -> 0.4 | J8: =_xlfn.XLOOKUP($C8,'GP2 (2)'!$B$6:$B$99,'GP2 (2)'!$E$6:$E$99,"") -> 0.8 | K8: =_xlfn.XLOOKUP($C8,'GP3 (1)'!$B$6:$B$100,'GP3 (1)'!$E$6:$E$100,"") -> 0.75 | L8: =_xlfn.XLOOKUP($C8,'GP3 (2)'!$B$6:$B$100,'GP3 (2)'!$E$6:$E$100,"") -> 0.67 | M8: =_xlfn.XLOOKUP($C8,'GP4 (1)'!$B$6:$B$86,'GP4 (1)'!$E$6:$E$86,"") -> 0.8 | N8: =_xlfn.XLOOKUP($C8,'GP4 (2)'!$B$6:$B$100,'GP4 (2)'!$E$6:$E$100,"") -> 0.6 | O8: =_xlfn.XLOOKUP($C8,'GP5 (1)'!$B$6:$B$100,'GP5 (1)'!$E$6:$E$100,"") -> 0.75 | P8: =_xlfn.XLOOKUP($C8,'GP5 (2)'!$B$6:$B$100,'GP5 (2)'!$E$6:$E$100,"") -> 0.75 | Q8: =SUM(R8:AC8) -> 253 | R8: =_xlfn.XLOOKUP($C8,'MP (1)'!$B$6:$B$100,'MP (1)'!$F$6:$F$100,"") -> 22 | S8: =_xlfn.XLOOKUP($C8,'MP (2)'!$B$6:$B$100,'MP (2)'!$F$6:$F$100,"") -> 22 | T8: =_xlfn.XLOOKUP($C8,'GP1 (1)'!$B$6:$B$100,'GP1 (1)'!$F$6:$F$100,"") -> 29 | U8: =_xlfn.XLOOKUP($C8,'GP1 (2)'!$B$6:$B$100,'GP1 (2)'!$F$6:$F$100,"") -> 24 | V8: =_xlfn.XLOOKUP($C8,'GP2 (1)'!$B$8:$B$107,'GP2 (1)'!$F$8:$F$107,"") -> 20 | W8: =_xlfn.XLOOKUP($C8,'GP2 (2)'!$B$6:$B$99,'GP2 (2)'!$F$6:$F$99,"") -> 22 | X8: =_xlfn.XLOOKUP($C8,'GP3 (1)'!$B$6:$B$100,'GP3 (1)'!$F$6:$F$100,"") -> 16 | Y8: =_xlfn.XLOOKUP($C8,'GP3 (2)'!$B$6:$B$100,'GP3 (2)'!$F$6:$F$100,"") -> 21 | Z8: =_xlfn.XLOOKUP($C8,'GP4 (1)'!$B$6:$B$86,'GP4 (1)'!$F$6:$F$86,"") -> 21 | AA8: =_xlfn.XLOOKUP($C8,'GP4 (2)'!$B$6:$B$100,'GP4 (2)'!$F$6:$F$100,"") -> 21 | AB8: =_xlfn.XLOOKUP($C8,'GP5 (1)'!$B$6:$B$100,'GP5 (1)'!$F$6:$F$100,"") -> 17 | AC8: =_xlfn.XLOOKUP($C8,'GP5 (2)'!$B$6:$B$100,'GP5 (2)'!$F$6:$F$100,"") -> 18 | AD8: =SUM(AE8:AO8) -> 68 | AE8: =_xlfn.XLOOKUP($C8,'MP (1)'!$B$6:$B$100,'MP (1)'!$H$6:$H$100,"") -> 14 | AF8: =_xlfn.XLOOKUP($C8,'MP (2)'!$B$6:$B$100,'MP (2)'!$H$6:$H$100,"") -> 6 | AG8: =_xlfn.XLOOKUP($C8,'GP1 (1)'!$B$6:$B$100,'GP1 (1)'!$H$6:$H$100,"") -> 11 | AH8: =_xlfn.XLOOKUP($C8,'GP1 (2)'!$B$6:$B$100,'GP1 (2)'!$H$6:$H$100,"") -> 6 | AI8: =_xlfn.XLOOKUP($C8,'GP2 (1)'!$B$8:$B$107,'GP2 (1)'!$H$8:$H$107,"") -> 3 | AJ8: =_xlfn.XLOOKUP($C8,'GP2 (2)'!$B$6:$B$99,'GP2 (2)'!$H$6:$H$99,"") -> 7 | AK8: =_xlfn.XLOOKUP($C8,'GP3 (1)'!$B$6:$B$100,'GP3 (1)'!$H$6:$H$100,"") -> 5 | AL8: =_xlfn.XLOOKUP($C8,'GP3 (2)'!$B$6:$B$100,'GP3 (2)'!$H$6:$H$100,"") -> 3 | AM8: =_xlfn.XLOOKUP($C8,'GP4 (1)'!$B$6:$B$86,'GP4 (1)'!$H$6:$H$86,"") -> 2 | AN8: =_xlfn.XLOOKUP($C8,'GP4 (2)'!$B$6:$B$100,'GP4 (2)'!$H$6:$H$100,"") -> 5 | AO8: =_xlfn.XLOOKUP($C8,'GP5 (1)'!$B$6:$B$100,'GP5 (1)'!$H$6:$H$100,"") -> 6 | AP8: =_xlfn.XLOOKUP($C8,'GP5 (2)'!$B$6:$B$100,'GP5 (2)'!$H$6:$H$100,"") -> 9
A9: =ROW()-4 -> 5 | B9: 1 | C9: KOSIŃSKI Łukasz | D9: =SUM(E9:P9) -> 8.56 | E9: =_xlfn.XLOOKUP($C9,'MP (1)'!$B$6:$B$100,'MP (1)'!$E$6:$E$100,"") -> 0.83 | F9: =_xlfn.XLOOKUP($C9,'MP (2)'!$B$6:$B$100,'MP (2)'!$E$6:$E$100,"") -> 1 | G9: =_xlfn.XLOOKUP($C9,'GP1 (1)'!$B$6:$B$100,'GP1 (1)'!$E$6:$E$100,"") -> 1 | H9: =_xlfn.XLOOKUP($C9,'GP1 (2)'!$B$6:$B$100,'GP1 (2)'!$E$6:$E$100,"") -> 1 | I9: =_xlfn.XLOOKUP($C9,'GP2 (1)'!$B$6:$B$107,'GP2 (1)'!$E$6:$E$107,"") -> 0.8 | J9: =_xlfn.XLOOKUP($C9,'GP2 (2)'!$B$6:$B$99,'GP2 (2)'!$E$6:$E$99,"") -> 0.6 | K9: =_xlfn.XLOOKUP($C9,'GP3 (1)'!$B$6:$B$100,'GP3 (1)'!$E$6:$E$100,"") -> 0.5 | L9: =_xlfn.XLOOKUP($C9,'GP3 (2)'!$B$6:$B$100,'GP3 (2)'!$E$6:$E$100,"") -> 0.83 | M9: =_xlfn.XLOOKUP($C9,'GP4 (1)'!$B$6:$B$86,'GP4 (1)'!$E$6:$E$86,"") -> 1 | N9: =_xlfn.XLOOKUP($C9,'GP4 (2)'!$B$6:$B$100,'GP4 (2)'!$E$6:$E$100,"") -> 1 | O9: =_xlfn.XLOOKUP($C9,'GP5 (1)'!$B$6:$B$100,'GP5 (1)'!$E$6:$E$100,"") | P9: =_xlfn.XLOOKUP($C9,'GP5 (2)'!$B$6:$B$100,'GP5 (2)'!$E$6:$E$100,"") | Q9: =SUM(R9:AC9) -> 251 | R9: =_xlfn.XLOOKUP($C9,'MP (1)'!$B$6:$B$100,'MP (1)'!$F$6:$F$100,"") -> 28 | S9: =_xlfn.XLOOKUP($C9,'MP (2)'!$B$6:$B$100,'MP (2)'!$F$6:$F$100,"") -> 25 | T9: =_xlfn.XLOOKUP($C9,'GP1 (1)'!$B$6:$B$100,'GP1 (1)'!$F$6:$F$100,"") -> 30 | U9: =_xlfn.XLOOKUP($C9,'GP1 (2)'!$B$6:$B$100,'GP1 (2)'!$F$6:$F$100,"") -> 30 | V9: =_xlfn.XLOOKUP($C9,'GP2 (1)'!$B$8:$B$107,'GP2 (1)'!$F$8:$F$107,"") -> 24 | W9: =_xlfn.XLOOKUP($C9,'GP2 (2)'!$B$6:$B$99,'GP2 (2)'!$F$6:$F$99,"") -> 23 | X9: =_xlfn.XLOOKUP($C9,'GP3 (1)'!$B$6:$B$100,'GP3 (1)'!$F$6:$F$100,"") -> 14 | Y9: =_xlfn.XLOOKUP($C9,'GP3 (2)'!$B$6:$B$100,'GP3 (2)'!$F$6:$F$100,"") -> 27 | Z9: =_xlfn.XLOOKUP($C9,'GP4 (1)'!$B$6:$B$86,'GP4 (1)'!$F$6:$F$86,"") -> 25 | AA9: =_xlfn.XLOOKUP($C9,'GP4 (2)'!$B$6:$B$100,'GP4 (2)'!$F$6:$F$100,"") -> 25 | AB9: =_xlfn.XLOOKUP($C9,'GP5 (1)'!$B$6:$B$100,'GP5 (1)'!$F$6:$F$100,"") | AC9: =_xlfn.XLOOKUP($C9,'GP5 (2)'!$B$6:$B$100,'GP5 (2)'!$F$6:$F$100,"") | AD9: =SUM(AE9:AO9) -> 155 | AE9: =_xlfn.XLOOKUP($C9,'MP (1)'!$B$6:$B$100,'MP (1)'!$H$6:$H$100,"") -> 14 | AF9: =_xlfn.XLOOKUP($C9,'MP (2)'!$B$6:$B$100,'MP (2)'!$H$6:$H$100,"") -> 20 | AG9: =_xlfn.XLOOKUP($C9,'GP1 (1)'!$B$6:$B$100,'GP1 (1)'!$H$6:$H$100,"") -> 18 | AH9: =_xlfn.XLOOKUP($C9,'GP1 (2)'!$B$6:$B$100,'GP1 (2)'!$H$6:$H$100,"") -> 20 | AI9: =_xlfn.XLOOKUP($C9,'GP2 (1)'!$B$8:$B$107,'GP2 (1)'!$H$8:$H$107,"") -> 11 | AJ9: =_xlfn.XLOOKUP($C9,'GP2 (2)'!$B$6:$B$99,'GP2 (2)'!$H$6:$H$99,"") -> 8 | AK9: =_xlfn.XLOOKUP($C9,'GP3 (1)'!$B$6:$B$100,'GP3 (1)'!$H$6:$H$100,"") -> 2 | AL9: =_xlfn.XLOOKUP($C9,'GP3 (2)'!$B$6:$B$100,'GP3 (2)'!$H$6:$H$100,"") -> 20 | AM9: =_xlfn.XLOOKUP($C9,'GP4 (1)'!$B$6:$B$86,'GP4 (1)'!$H$6:$H$86,"") -> 23 | AN9: =_xlfn.XLOOKUP($C9,'GP4 (2)'!$B$6:$B$100,'GP4 (2)'!$H$6:$H$100,"") -> 19 | AO9: =_xlfn.XLOOKUP($C9,'GP5 (1)'!$B$6:$B$100,'GP5 (1)'!$H$6:$H$100,"") | AP9: =_xlfn.XLOOKUP($C9,'GP5 (2)'!$B$6:$B$100,'GP5 (2)'!$H$6:$H$100,"")
A10: =ROW()-4 -> 6 | B10: 1 | C10: KROCHMALSKI Jakub | D10: =SUM(E10:P10) -> 7.8 | E10: =_xlfn.XLOOKUP($C10,'MP (1)'!$B$6:$B$100,'MP (1)'!$E$6:$E$100,"") -> 0.8 | F10: =_xlfn.XLOOKUP($C10,'MP (2)'!$B$6:$B$100,'MP (2)'!$E$6:$E$100,"") -> 1 | G10: =_xlfn.XLOOKUP($C10,'GP1 (1)'!$B$6:$B$100,'GP1 (1)'!$E$6:$E$100,"") -> 1 | H10: =_xlfn.XLOOKUP($C10,'GP1 (2)'!$B$6:$B$100,'GP1 (2)'!$E$6:$E$100,"") -> 1 | I10: =_xlfn.XLOOKUP($C10,'GP2 (1)'!$B$6:$B$107,'GP2 (1)'!$E$6:$E$107,"") -> 1 | J10: =_xlfn.XLOOKUP($C10,'GP2 (2)'!$B$6:$B$99,'GP2 (2)'!$E$6:$E$99,"") -> 1 | K10: =_xlfn.XLOOKUP($C10,'GP3 (1)'!$B$6:$B$100,'GP3 (1)'!$E$6:$E$100,"") | L10: =_xlfn.XLOOKUP($C10,'GP3 (2)'!$B$6:$B$100,'GP3 (2)'!$E$6:$E$100,"") | M10: =_xlfn.XLOOKUP($C10,'GP4 (1)'!$B$6:$B$86,'GP4 (1)'!$E$6:$E$86,"") -> 1 | N10: =_xlfn.XLOOKUP($C10,'GP4 (2)'!$B$6:$B$100,'GP4 (2)'!$E$6:$E$100,"") -> 1 | O10: =_xlfn.XLOOKUP($C10,'GP5 (1)'!$B$6:$B$100,'GP5 (1)'!$E$6:$E$100,"") | P10: =_xlfn.XLOOKUP($C10,'GP5 (2)'!$B$6:$B$100,'GP5 (2)'!$E$6:$E$100,"") | Q10: =SUM(R10:AC10) -> 204 | R10: =_xlfn.XLOOKUP($C10,'MP (1)'!$B$6:$B$100,'MP (1)'!$F$6:$F$100,"") -> 24 | S10: =_xlfn.XLOOKUP($C10,'MP (2)'!$B$6:$B$100,'MP (2)'!$F$6:$F$100,"") -> 25 | T10: =_xlfn.XLOOKUP($C10,'GP1 (1)'!$B$6:$B$100,'GP1 (1)'!$F$6:$F$100,"") -> 25 | U10: =_xlfn.XLOOKUP($C10,'GP1 (2)'!$B$6:$B$100,'GP1 (2)'!$F$6:$F$100,"") -> 30 | V10: =_xlfn.XLOOKUP($C10,'GP2 (1)'!$B$8:$B$107,'GP2 (1)'!$F$8:$F$107,"") -> 25 | W10: =_xlfn.XLOOKUP($C10,'GP2 (2)'!$B$6:$B$99,'GP2 (2)'!$F$6:$F$99,"") -> 25 | X10: =_xlfn.XLOOKUP($C10,'GP3 (1)'!$B$6:$B$100,'GP3 (1)'!$F$6:$F$100,"") | Y10: =_xlfn.XLOOKUP($C10,'GP3 (2)'!$B$6:$B$100,'GP3 (2)'!$F$6:$F$100,"") | Z10: =_xlfn.XLOOKUP($C10,'GP4 (1)'!$B$6:$B$86,'GP4 (1)'!$F$6:$F$86,"") -> 25 | AA10: =_xlfn.XLOOKUP($C10,'GP4 (2)'!$B$6:$B$100,'GP4 (2)'!$F$6:$F$100,"") -> 25 | AB10: =_xlfn.XLOOKUP($C10,'GP5 (1)'!$B$6:$B$100,'GP5 (1)'!$F$6:$F$100,"") | AC10: =_xlfn.XLOOKUP($C10,'GP5 (2)'!$B$6:$B$100,'GP5 (2)'!$F$6:$F$100,"") | AD10: =SUM(AE10:AO10) -> 149 | AE10: =_xlfn.XLOOKUP($C10,'MP (1)'!$B$6:$B$100,'MP (1)'!$H$6:$H$100,"") -> 14 | AF10: =_xlfn.XLOOKUP($C10,'MP (2)'!$B$6:$B$100,'MP (2)'!$H$6:$H$100,"") -> 21 | AG10: =_xlfn.XLOOKUP($C10,'GP1 (1)'!$B$6:$B$100,'GP1 (1)'!$H$6:$H$100,"") -> 21 | AH10: =_xlfn.XLOOKUP($C10,'GP1 (2)'!$B$6:$B$100,'GP1 (2)'!$H$6:$H$100,"") -> 24 | AI10: =_xlfn.XLOOKUP($C10,'GP2 (1)'!$B$8:$B$107,'GP2 (1)'!$H$8:$H$107,"") -> 12 | AJ10: =_xlfn.XLOOKUP($C10,'GP2 (2)'!$B$6:$B$99,'GP2 (2)'!$H$6:$H$99,"") -> 19 | AK10: =_xlfn.XLOOKUP($C10,'GP3 (1)'!$B$6:$B$100,'GP3 (1)'!$H$6:$H$100,"") | AL10: =_xlfn.XLOOKUP($C10,'GP3 (2)'!$B$6:$B$100,'GP3 (2)'!$H$6:$H$100,"") | AM10: =_xlfn.XLOOKUP($C10,'GP4 (1)'!$B$6:$B$86,'GP4 (1)'!$H$6:$H$86,"") -> 23 | AN10: =_xlfn.XLOOKUP($C10,'GP4 (2)'!$B$6:$B$100,'GP4 (2)'!$H$6:$H$100,"") -> 15 | AO10: =_xlfn.XLOOKUP($C10,'GP5 (1)'!$B$6:$B$100,'GP5 (1)'!$H$6:$H$100,"") | AP10: =_xlfn.XLOOKUP($C10,'GP5 (2)'!$B$6:$B$100,'GP5 (2)'!$H$6:$H$100,"")
A11: =ROW()-4 -> 7 | B11: 1 | C11: ZAWROTNIAK Przemysław | D11: =SUM(E11:P11) -> 6.85 | E11: =_xlfn.XLOOKUP($C11,'MP (1)'!$B$6:$B$100,'MP (1)'!$E$6:$E$100,"") -> 1 | F11: =_xlfn.XLOOKUP($C11,'MP (2)'!$B$6:$B$100,'MP (2)'!$E$6:$E$100,"") -> 1 | G11: =_xlfn.XLOOKUP($C11,'GP1 (1)'!$B$6:$B$100,'GP1 (1)'!$E$6:$E$100,"") -> 0.8 | H11: =_xlfn.XLOOKUP($C11,'GP1 (2)'!$B$6:$B$100,'GP1 (2)'!$E$6:$E$100,"") -> 0.83 | I11: =_xlfn.XLOOKUP($C11,'GP2 (1)'!$B$6:$B$107,'GP2 (1)'!$E$6:$E$107,"") | J11: =_xlfn.XLOOKUP($C11,'GP2 (2)'!$B$6:$B$99,'GP2 (2)'!$E$6:$E$99,"") | K11: =_xlfn.XLOOKUP($C11,'GP3 (1)'!$B$6:$B$100,'GP3 (1)'!$E$6:$E$100,"") -> 0.75 | L11: =_xlfn.XLOOKUP($C11,'GP3 (2)'!$B$6:$B$100,'GP3 (2)'!$E$6:$E$100,"") -> 1 | M11: =_xlfn.XLOOKUP($C11,'GP4 (1)'!$B$6:$B$86,'GP4 (1)'!$E$6:$E$86,"") -> 0.67 | N11: =_xlfn.XLOOKUP($C11,'GP4 (2)'!$B$6:$B$100,'GP4 (2)'!$E$6:$E$100,"") -> 0.8 | O11: =_xlfn.XLOOKUP($C11,'GP5 (1)'!$B$6:$B$100,'GP5 (1)'!$E$6:$E$100,"") | P11: =_xlfn.XLOOKUP($C11,'GP5 (2)'!$B$6:$B$100,'GP5 (2)'!$E$6:$E$100,"") | Q11: =SUM(R11:AC11) -> 190 | R11: =_xlfn.XLOOKUP($C11,'MP (1)'!$B$6:$B$100,'MP (1)'!$F$6:$F$100,"") -> 25 | S11: =_xlfn.XLOOKUP($C11,'MP (2)'!$B$6:$B$100,'MP (2)'!$F$6:$F$100,"") -> 25 | T11: =_xlfn.XLOOKUP($C11,'GP1 (1)'!$B$6:$B$100,'GP1 (1)'!$F$6:$F$100,"") -> 21 | U11: =_xlfn.XLOOKUP($C11,'GP1 (2)'!$B$6:$B$100,'GP1 (2)'!$F$6:$F$100,"") -> 26 | V11: =_xlfn.XLOOKUP($C11,'GP2 (1)'!$B$8:$B$107,'GP2 (1)'!$F$8:$F$107,"") | W11: =_xlfn.XLOOKUP($C11,'GP2 (2)'!$B$6:$B$99,'GP2 (2)'!$F$6:$F$99,"") | X11: =_xlfn.XLOOKUP($C11,'GP3 (1)'!$B$6:$B$100,'GP3 (1)'!$F$6:$F$100,"") -> 18 | Y11: =_xlfn.XLOOKUP($C11,'GP3 (2)'!$B$6:$B$100,'GP3 (2)'!$F$6:$F$100,"") -> 30 | Z11: =_xlfn.XLOOKUP($C11,'GP4 (1)'!$B$6:$B$86,'GP4 (1)'!$F$6:$F$86,"") -> 24 | AA11: =_xlfn.XLOOKUP($C11,'GP4 (2)'!$B$6:$B$100,'GP4 (2)'!$F$6:$F$100,"") -> 21 | AB11: =_xlfn.XLOOKUP($C11,'GP5 (1)'!$B$6:$B$100,'GP5 (1)'!$F$6:$F$100,"") | AC11: =_xlfn.XLOOKUP($C11,'GP5 (2)'!$B$6:$B$100,'GP5 (2)'!$F$6:$F$100,"") | AD11: =SUM(AE11:AO11) -> 96 | AE11: =_xlfn.XLOOKUP($C11,'MP (1)'!$B$6:$B$100,'MP (1)'!$H$6:$H$100,"") -> 16 | AF11: =_xlfn.XLOOKUP($C11,'MP (2)'!$B$6:$B$100,'MP (2)'!$H$6:$H$100,"") -> 16 | AG11: =_xlfn.XLOOKUP($C11,'GP1 (1)'!$B$6:$B$100,'GP1 (1)'!$H$6:$H$100,"") -> 6 | AH11: =_xlfn.XLOOKUP($C11,'GP1 (2)'!$B$6:$B$100,'GP1 (2)'!$H$6:$H$100,"") -> 15 | AI11: =_xlfn.XLOOKUP($C11,'GP2 (1)'!$B$8:$B$107,'GP2 (1)'!$H$8:$H$107,"") | AJ11: =_xlfn.XLOOKUP($C11,'GP2 (2)'!$B$6:$B$99,'GP2 (2)'!$H$6:$H$99,"") | AK11: =_xlfn.XLOOKUP($C11,'GP3 (1)'!$B$6:$B$100,'GP3 (1)'!$H$6:$H$100,"") -> 7 | AL11: =_xlfn.XLOOKUP($C11,'GP3 (2)'!$B$6:$B$100,'GP3 (2)'!$H$6:$H$100,"") -> 23 | AM11: =_xlfn.XLOOKUP($C11,'GP4 (1)'!$B$6:$B$86,'GP4 (1)'!$H$6:$H$86,"") -> 4 | AN11: =_xlfn.XLOOKUP($C11,'GP4 (2)'!$B$6:$B$100,'GP4 (2)'!$H$6:$H$100,"") -> 9 | AO11: =_xlfn.XLOOKUP($C11,'GP5 (1)'!$B$6:$B$100,'GP5 (1)'!$H$6:$H$100,"") | AP11: =_xlfn.XLOOKUP($C11,'GP5 (2)'!$B$6:$B$100,'GP5 (2)'!$H$6:$H$100,"")
A12: =ROW()-4 -> 8 | B12: 0 | C12: SAJEWICZ Izabela | D12: =SUM(E12:P12) -> 6.63 | E12: =_xlfn.XLOOKUP($C12,'MP (1)'!$B$6:$B$100,'MP (1)'!$E$6:$E$100,"") -> 0.4 | F12: =_xlfn.XLOOKUP($C12,'MP (2)'!$B$6:$B$100,'MP (2)'!$E$6:$E$100,"") -> 1 | G12: =_xlfn.XLOOKUP($C12,'GP1 (1)'!$B$6:$B$100,'GP1 (1)'!$E$6:$E$100,"") | H12: =_xlfn.XLOOKUP($C12,'GP1 (2)'!$B$6:$B$100,'GP1 (2)'!$E$6:$E$100,"") | I12: =_xlfn.XLOOKUP($C12,'GP2 (1)'!$B$6:$B$107,'GP2 (1)'!$E$6:$E$107,"") -> 1 | J12: =_xlfn.XLOOKUP($C12,'GP2 (2)'!$B$6:$B$99,'GP2 (2)'!$E$6:$E$99,"") -> 1 | K12: =_xlfn.XLOOKUP($C12,'GP3 (1)'!$B$6:$B$100,'GP3 (1)'!$E$6:$E$100,"") -> 0.8 | L12: =_xlfn.XLOOKUP($C12,'GP3 (2)'!$B$6:$B$100,'GP3 (2)'!$E$6:$E$100,"") -> 0.83 | M12: =_xlfn.XLOOKUP($C12,'GP4 (1)'!$B$6:$B$86,'GP4 (1)'!$E$6:$E$86,"") -> 0.8 | N12: =_xlfn.XLOOKUP($C12,'GP4 (2)'!$B$6:$B$100,'GP4 (2)'!$E$6:$E$100,"") -> 0.8 | O12: =_xlfn.XLOOKUP($C12,'GP5 (1)'!$B$6:$B$100,'GP5 (1)'!$E$6:$E$100,"") | P12: =_xlfn.XLOOKUP($C12,'GP5 (2)'!$B$6:$B$100,'GP5 (2)'!$E$6:$E$100,"") | Q12: =SUM(R12:AC12) -> 190 | R12: =_xlfn.XLOOKUP($C12,'MP (1)'!$B$6:$B$100,'MP (1)'!$F$6:$F$100,"") -> 18 | S12: =_xlfn.XLOOKUP($C12,'MP (2)'!$B$6:$B$100,'MP (2)'!$F$6:$F$100,"") -> 25 | T12: =_xlfn.XLOOKUP($C12,'GP1 (1)'!$B$6:$B$100,'GP1 (1)'!$F$6:$F$100,"") | U12: =_xlfn.XLOOKUP($C12,'GP1 (2)'!$B$6:$B$100,'GP1 (2)'!$F$6:$F$100,"") | V12: =_xlfn.XLOOKUP($C12,'GP2 (1)'!$B$8:$B$107,'GP2 (1)'!$F$8:$F$107,"") -> 25 | W12: =_xlfn.XLOOKUP($C12,'GP2 (2)'!$B$6:$B$99,'GP2 (2)'!$F$6:$F$99,"") -> 25 | X12: =_xlfn.XLOOKUP($C12,'GP3 (1)'!$B$6:$B$100,'GP3 (1)'!$F$6:$F$100,"") -> 22 | Y12: =_xlfn.XLOOKUP($C12,'GP3 (2)'!$B$6:$B$100,'GP3 (2)'!$F$6:$F$100,"") -> 28 | Z12: =_xlfn.XLOOKUP($C12,'GP4 (1)'!$B$6:$B$86,'GP4 (1)'!$F$6:$F$86,"") -> 24 | AA12: =_xlfn.XLOOKUP($C12,'GP4 (2)'!$B$6:$B$100,'GP4 (2)'!$F$6:$F$100,"") -> 23 | AB12: =_xlfn.XLOOKUP($C12,'GP5 (1)'!$B$6:$B$100,'GP5 (1)'!$F$6:$F$100,"") | AC12: =_xlfn.XLOOKUP($C12,'GP5 (2)'!$B$6:$B$100,'GP5 (2)'!$F$6:$F$100,"") | AD12: =SUM(AE12:AO12) -> 94 | AE12: =_xlfn.XLOOKUP($C12,'MP (1)'!$B$6:$B$100,'MP (1)'!$H$6:$H$100,"") -> -1 | AF12: =_xlfn.XLOOKUP($C12,'MP (2)'!$B$6:$B$100,'MP (2)'!$H$6:$H$100,"") -> 16 | AG12: =_xlfn.XLOOKUP($C12,'GP1 (1)'!$B$6:$B$100,'GP1 (1)'!$H$6:$H$100,"") | AH12: =_xlfn.XLOOKUP($C12,'GP1 (2)'!$B$6:$B$100,'GP1 (2)'!$H$6:$H$100,"") | AI12: =_xlfn.XLOOKUP($C12,'GP2 (1)'!$B$8:$B$107,'GP2 (1)'!$H$8:$H$107,"") -> 16 | AJ12: =_xlfn.XLOOKUP($C12,'GP2 (2)'!$B$6:$B$99,'GP2 (2)'!$H$6:$H$99,"") -> 17 | AK12: =_xlfn.XLOOKUP($C12,'GP3 (1)'!$B$6:$B$100,'GP3 (1)'!$H$6:$H$100,"") -> 11 | AL12: =_xlfn.XLOOKUP($C12,'GP3 (2)'!$B$6:$B$100,'GP3 (2)'!$H$6:$H$100,"") -> 7 | AM12: =_xlfn.XLOOKUP($C12,'GP4 (1)'!$B$6:$B$86,'GP4 (1)'!$H$6:$H$86,"") -> 13 | AN12: =_xlfn.XLOOKUP($C12,'GP4 (2)'!$B$6:$B$100,'GP4 (2)'!$H$6:$H$100,"") -> 15 | AO12: =_xlfn.XLOOKUP($C12,'GP5 (1)'!$B$6:$B$100,'GP5 (1)'!$H$6:$H$100,"") | AP12: =_xlfn.XLOOKUP($C12,'GP5 (2)'!$B$6:$B$100,'GP5 (2)'!$H$6:$H$100,"")
A13: =ROW()-4 -> 9 | B13: 2 | C13: RUDY Andrzej | D13: =SUM(E13:P13) -> 6.1 | E13: =_xlfn.XLOOKUP($C13,'MP (1)'!$B$6:$B$100,'MP (1)'!$E$6:$E$100,"") -> 0.6 | F13: =_xlfn.XLOOKUP($C13,'MP (2)'!$B$6:$B$100,'MP (2)'!$E$6:$E$100,"") -> 0.8 | G13: =_xlfn.XLOOKUP($C13,'GP1 (1)'!$B$6:$B$100,'GP1 (1)'!$E$6:$E$100,"") | H13: =_xlfn.XLOOKUP($C13,'GP1 (2)'!$B$6:$B$100,'GP1 (2)'!$E$6:$E$100,"") | I13: =_xlfn.XLOOKUP($C13,'GP2 (1)'!$B$6:$B$107,'GP2 (1)'!$E$6:$E$107,"") -> 0.8 | J13: =_xlfn.XLOOKUP($C13,'GP2 (2)'!$B$6:$B$99,'GP2 (2)'!$E$6:$E$99,"") -> 0.8 | K13: =_xlfn.XLOOKUP($C13,'GP3 (1)'!$B$6:$B$100,'GP3 (1)'!$E$6:$E$100,"") | L13: =_xlfn.XLOOKUP($C13,'GP3 (2)'!$B$6:$B$100,'GP3 (2)'!$E$6:$E$100,"") | M13: =_xlfn.XLOOKUP($C13,'GP4 (1)'!$B$6:$B$86,'GP4 (1)'!$E$6:$E$86,"") -> 0.8 | N13: =_xlfn.XLOOKUP($C13,'GP4 (2)'!$B$6:$B$100,'GP4 (2)'!$E$6:$E$100,"") -> 0.8 | O13: =_xlfn.XLOOKUP($C13,'GP5 (1)'!$B$6:$B$100,'GP5 (1)'!$E$6:$E$100,"") -> 0.75 | P13: =_xlfn.XLOOKUP($C13,'GP5 (2)'!$B$6:$B$100,'GP5 (2)'!$E$6:$E$100,"") -> 0.75 | Q13: =SUM(R13:AC13) -> 173 | R13: =_xlfn.XLOOKUP($C13,'MP (1)'!$B$6:$B$100,'MP (1)'!$F$6:$F$100,"") -> 23 | S13: =_xlfn.XLOOKUP($C13,'MP (2)'!$B$6:$B$100,'MP (2)'!$F$6:$F$100,"") -> 22 | T13: =_xlfn.XLOOKUP($C13,'GP1 (1)'!$B$6:$B$100,'GP1 (1)'!$F$6:$F$100,"") | U13: =_xlfn.XLOOKUP($C13,'GP1 (2)'!$B$6:$B$100,'GP1 (2)'!$F$6:$F$100,"") | V13: =_xlfn.XLOOKUP($C13,'GP2 (1)'!$B$8:$B$107,'GP2 (1)'!$F$8:$F$107,"") -> 22 | W13: =_xlfn.XLOOKUP($C13,'GP2 (2)'!$B$6:$B$99,'GP2 (2)'!$F$6:$F$99,"") -> 24 | X13: =_xlfn.XLOOKUP($C13,'GP3 (1)'!$B$6:$B$100,'GP3 (1)'!$F$6:$F$100,"") | Y13: =_xlfn.XLOOKUP($C13,'GP3 (2)'!$B$6:$B$100,'GP3 (2)'!$F$6:$F$100,"") | Z13: =_xlfn.XLOOKUP($C13,'GP4 (1)'!$B$6:$B$86,'GP4 (1)'!$F$6:$F$86,"") -> 24 | AA13: =_xlfn.XLOOKUP($C13,'GP4 (2)'!$B$6:$B$100,'GP4 (2)'!$F$6:$F$100,"") -> 24 | AB13: =_xlfn.XLOOKUP($C13,'GP5 (1)'!$B$6:$B$100,'GP5 (1)'!$F$6:$F$100,"") -> 18 | AC13: =_xlfn.XLOOKUP($C13,'GP5 (2)'!$B$6:$B$100,'GP5 (2)'!$F$6:$F$100,"") -> 16 | AD13: =SUM(AE13:AO13) -> 57 | AE13: =_xlfn.XLOOKUP($C13,'MP (1)'!$B$6:$B$100,'MP (1)'!$H$6:$H$100,"") -> 7 | AF13: =_xlfn.XLOOKUP($C13,'MP (2)'!$B$6:$B$100,'MP (2)'!$H$6:$H$100,"") -> 11 | AG13: =_xlfn.XLOOKUP($C13,'GP1 (1)'!$B$6:$B$100,'GP1 (1)'!$H$6:$H$100,"") | AH13: =_xlfn.XLOOKUP($C13,'GP1 (2)'!$B$6:$B$100,'GP1 (2)'!$H$6:$H$100,"") | AI13: =_xlfn.XLOOKUP($C13,'GP2 (1)'!$B$8:$B$107,'GP2 (1)'!$H$8:$H$107,"") -> 6 | AJ13: =_xlfn.XLOOKUP($C13,'GP2 (2)'!$B$6:$B$99,'GP2 (2)'!$H$6:$H$99,"") -> 6 | AK13: =_xlfn.XLOOKUP($C13,'GP3 (1)'!$B$6:$B$100,'GP3 (1)'!$H$6:$H$100,"") | AL13: =_xlfn.XLOOKUP($C13,'GP3 (2)'!$B$6:$B$100,'GP3 (2)'!$H$6:$H$100,"") | AM13: =_xlfn.XLOOKUP($C13,'GP4 (1)'!$B$6:$B$86,'GP4 (1)'!$H$6:$H$86,"") -> 13 | AN13: =_xlfn.XLOOKUP($C13,'GP4 (2)'!$B$6:$B$100,'GP4 (2)'!$H$6:$H$100,"") -> 9 | AO13: =_xlfn.XLOOKUP($C13,'GP5 (1)'!$B$6:$B$100,'GP5 (1)'!$H$6:$H$100,"") -> 5 | AP13: =_xlfn.XLOOKUP($C13,'GP5 (2)'!$B$6:$B$100,'GP5 (2)'!$H$6:$H$100,"") -> 6
A14: =ROW()-4 -> 10 | B14: 2 | C14: GAJDA Zbigniew | D14: =SUM(E14:P14) -> 5.77 | E14: =_xlfn.XLOOKUP($C14,'MP (1)'!$B$6:$B$100,'MP (1)'!$E$6:$E$100,"") -> 0.8 | F14: =_xlfn.XLOOKUP($C14,'MP (2)'!$B$6:$B$100,'MP (2)'!$E$6:$E$100,"") -> 0.6 | G14: =_xlfn.XLOOKUP($C14,'GP1 (1)'!$B$6:$B$100,'GP1 (1)'!$E$6:$E$100,"") -> 0.6 | H14: =_xlfn.XLOOKUP($C14,'GP1 (2)'!$B$6:$B$100,'GP1 (2)'!$E$6:$E$100,"") -> 0.67 | I14: =_xlfn.XLOOKUP($C14,'GP2 (1)'!$B$6:$B$107,'GP2 (1)'!$E$6:$E$107,"") | J14: =_xlfn.XLOOKUP($C14,'GP2 (2)'!$B$6:$B$99,'GP2 (2)'!$E$6:$E$99,"") | K14: =_xlfn.XLOOKUP($C14,'GP3 (1)'!$B$6:$B$100,'GP3 (1)'!$E$6:$E$100,"") | L14: =_xlfn.XLOOKUP($C14,'GP3 (2)'!$B$6:$B$100,'GP3 (2)'!$E$6:$E$100,"") | M14: =_xlfn.XLOOKUP($C14,'GP4 (1)'!$B$6:$B$86,'GP4 (1)'!$E$6:$E$86,"") -> 0.8 | N14: =_xlfn.XLOOKUP($C14,'GP4 (2)'!$B$6:$B$100,'GP4 (2)'!$E$6:$E$100,"") -> 0.8 | O14: =_xlfn.XLOOKUP($C14,'GP5 (1)'!$B$6:$B$100,'GP5 (1)'!$E$6:$E$100,"") -> 0.75 | P14: =_xlfn.XLOOKUP($C14,'GP5 (2)'!$B$6:$B$100,'GP5 (2)'!$E$6:$E$100,"") -> 0.75 | Q14: =SUM(R14:AC14) -> 169 | R14: =_xlfn.XLOOKUP($C14,'MP (1)'!$B$6:$B$100,'MP (1)'!$F$6:$F$100,"") -> 23 | S14: =_xlfn.XLOOKUP($C14,'MP (2)'!$B$6:$B$100,'MP (2)'!$F$6:$F$100,"") -> 17 | T14: =_xlfn.XLOOKUP($C14,'GP1 (1)'!$B$6:$B$100,'GP1 (1)'!$F$6:$F$100,"") -> 20 | U14: =_xlfn.XLOOKUP($C14,'GP1 (2)'!$B$6:$B$100,'GP1 (2)'!$F$6:$F$100,"") -> 27 | V14: =_xlfn.XLOOKUP($C14,'GP2 (1)'!$B$8:$B$107,'GP2 (1)'!$F$8:$F$107,"") | W14: =_xlfn.XLOOKUP($C14,'GP2 (2)'!$B$6:$B$99,'GP2 (2)'!$F$6:$F$99,"") | X14: =_xlfn.XLOOKUP($C14,'GP3 (1)'!$B$6:$B$100,'GP3 (1)'!$F$6:$F$100,"") | Y14: =_xlfn.XLOOKUP($C14,'GP3 (2)'!$B$6:$B$100,'GP3 (2)'!$F$6:$F$100,"") | Z14: =_xlfn.XLOOKUP($C14,'GP4 (1)'!$B$6:$B$86,'GP4 (1)'!$F$6:$F$86,"") -> 24 | AA14: =_xlfn.XLOOKUP($C14,'GP4 (2)'!$B$6:$B$100,'GP4 (2)'!$F$6:$F$100,"") -> 23 | AB14: =_xlfn.XLOOKUP($C14,'GP5 (1)'!$B$6:$B$100,'GP5 (1)'!$F$6:$F$100,"") -> 17 | AC14: =_xlfn.XLOOKUP($C14,'GP5 (2)'!$B$6:$B$100,'GP5 (2)'!$F$6:$F$100,"") -> 18 | AD14: =SUM(AE14:AO14) -> 61 | AE14: =_xlfn.XLOOKUP($C14,'MP (1)'!$B$6:$B$100,'MP (1)'!$H$6:$H$100,"") -> 10 | AF14: =_xlfn.XLOOKUP($C14,'MP (2)'!$B$6:$B$100,'MP (2)'!$H$6:$H$100,"") -> 2 | AG14: =_xlfn.XLOOKUP($C14,'GP1 (1)'!$B$6:$B$100,'GP1 (1)'!$H$6:$H$100,"") -> 3 | AH14: =_xlfn.XLOOKUP($C14,'GP1 (2)'!$B$6:$B$100,'GP1 (2)'!$H$6:$H$100,"") -> 12 | AI14: =_xlfn.XLOOKUP($C14,'GP2 (1)'!$B$8:$B$107,'GP2 (1)'!$H$8:$H$107,"") | AJ14: =_xlfn.XLOOKUP($C14,'GP2 (2)'!$B$6:$B$99,'GP2 (2)'!$H$6:$H$99,"") | AK14: =_xlfn.XLOOKUP($C14,'GP3 (1)'!$B$6:$B$100,'GP3 (1)'!$H$6:$H$100,"") | AL14: =_xlfn.XLOOKUP($C14,'GP3 (2)'!$B$6:$B$100,'GP3 (2)'!$H$6:$H$100,"") | AM14: =_xlfn.XLOOKUP($C14,'GP4 (1)'!$B$6:$B$86,'GP4 (1)'!$H$6:$H$86,"") -> 14 | AN14: =_xlfn.XLOOKUP($C14,'GP4 (2)'!$B$6:$B$100,'GP4 (2)'!$H$6:$H$100,"") -> 9 | AO14: =_xlfn.XLOOKUP($C14,'GP5 (1)'!$B$6:$B$100,'GP5 (1)'!$H$6:$H$100,"") -> 11 | AP14: =_xlfn.XLOOKUP($C14,'GP5 (2)'!$B$6:$B$100,'GP5 (2)'!$H$6:$H$100,"") -> 12
A15: =ROW()-4 -> 11 | B15: 2 | C15: WINGROWICZ Mariusz | D15: =SUM(E15:P15) -> 5.53 | E15: =_xlfn.XLOOKUP($C15,'MP (1)'!$B$6:$B$100,'MP (1)'!$E$6:$E$100,"") -> 0.67 | F15: =_xlfn.XLOOKUP($C15,'MP (2)'!$B$6:$B$100,'MP (2)'!$E$6:$E$100,"") -> 0.83 | G15: =_xlfn.XLOOKUP($C15,'GP1 (1)'!$B$6:$B$100,'GP1 (1)'!$E$6:$E$100,"") -> 0.33 | H15: =_xlfn.XLOOKUP($C15,'GP1 (2)'!$B$6:$B$100,'GP1 (2)'!$E$6:$E$100,"") -> 0.5 | I15: =_xlfn.XLOOKUP($C15,'GP2 (1)'!$B$6:$B$107,'GP2 (1)'!$E$6:$E$107,"") -> 0.8 | J15: =_xlfn.XLOOKUP($C15,'GP2 (2)'!$B$6:$B$99,'GP2 (2)'!$E$6:$E$99,"") -> 0.8 | K15: =_xlfn.XLOOKUP($C15,'GP3 (1)'!$B$6:$B$100,'GP3 (1)'!$E$6:$E$100,"") | L15: =_xlfn.XLOOKUP($C15,'GP3 (2)'!$B$6:$B$100,'GP3 (2)'!$E$6:$E$100,"") | M15: =_xlfn.XLOOKUP($C15,'GP4 (1)'!$B$6:$B$86,'GP4 (1)'!$E$6:$E$86,"") -> 0.8 | N15: =_xlfn.XLOOKUP($C15,'GP4 (2)'!$B$6:$B$100,'GP4 (2)'!$E$6:$E$100,"") -> 0.8 | O15: =_xlfn.XLOOKUP($C15,'GP5 (1)'!$B$6:$B$100,'GP5 (1)'!$E$6:$E$100,"") | P15: =_xlfn.XLOOKUP($C15,'GP5 (2)'!$B$6:$B$100,'GP5 (2)'!$E$6:$E$100,"") | Q15: =SUM(R15:AC15) -> 177 | R15: =_xlfn.XLOOKUP($C15,'MP (1)'!$B$6:$B$100,'MP (1)'!$F$6:$F$100,"") -> 27 | S15: =_xlfn.XLOOKUP($C15,'MP (2)'!$B$6:$B$100,'MP (2)'!$F$6:$F$100,"") -> 27 | T15: =_xlfn.XLOOKUP($C15,'GP1 (1)'!$B$6:$B$100,'GP1 (1)'!$F$6:$F$100,"") -> 16 | U15: =_xlfn.XLOOKUP($C15,'GP1 (2)'!$B$6:$B$100,'GP1 (2)'!$F$6:$F$100,"") -> 20 | V15: =_xlfn.XLOOKUP($C15,'GP2 (1)'!$B$8:$B$107,'GP2 (1)'!$F$8:$F$107,"") -> 24 | W15: =_xlfn.XLOOKUP($C15,'GP2 (2)'!$B$6:$B$99,'GP2 (2)'!$F$6:$F$99,"") -> 21 | X15: =_xlfn.XLOOKUP($C15,'GP3 (1)'!$B$6:$B$100,'GP3 (1)'!$F$6:$F$100,"") | Y15: =_xlfn.XLOOKUP($C15,'GP3 (2)'!$B$6:$B$100,'GP3 (2)'!$F$6:$F$100,"") | Z15: =_xlfn.XLOOKUP($C15,'GP4 (1)'!$B$6:$B$86,'GP4 (1)'!$F$6:$F$86,"") -> 20 | AA15: =_xlfn.XLOOKUP($C15,'GP4 (2)'!$B$6:$B$100,'GP4 (2)'!$F$6:$F$100,"") -> 22 | AB15: =_xlfn.XLOOKUP($C15,'GP5 (1)'!$B$6:$B$100,'GP5 (1)'!$F$6:$F$100,"") | AC15: =_xlfn.XLOOKUP($C15,'GP5 (2)'!$B$6:$B$100,'GP5 (2)'!$F$6:$F$100,"") | AD15: =SUM(AE15:AO15) -> 61 | AE15: =_xlfn.XLOOKUP($C15,'MP (1)'!$B$6:$B$100,'MP (1)'!$H$6:$H$100,"") -> 11 | AF15: =_xlfn.XLOOKUP($C15,'MP (2)'!$B$6:$B$100,'MP (2)'!$H$6:$H$100,"") -> 16 | AG15: =_xlfn.XLOOKUP($C15,'GP1 (1)'!$B$6:$B$100,'GP1 (1)'!$H$6:$H$100,"") -> -6 | AH15: =_xlfn.XLOOKUP($C15,'GP1 (2)'!$B$6:$B$100,'GP1 (2)'!$H$6:$H$100,"") -> 1 | AI15: =_xlfn.XLOOKUP($C15,'GP2 (1)'!$B$8:$B$107,'GP2 (1)'!$H$8:$H$107,"") -> 15 | AJ15: =_xlfn.XLOOKUP($C15,'GP2 (2)'!$B$6:$B$99,'GP2 (2)'!$H$6:$H$99,"") -> 9 | AK15: =_xlfn.XLOOKUP($C15,'GP3 (1)'!$B$6:$B$100,'GP3 (1)'!$H$6:$H$100,"") | AL15: =_xlfn.XLOOKUP($C15,'GP3 (2)'!$B$6:$B$100,'GP3 (2)'!$H$6:$H$100,"") | AM15: =_xlfn.XLOOKUP($C15,'GP4 (1)'!$B$6:$B$86,'GP4 (1)'!$H$6:$H$86,"") -> 7 | AN15: =_xlfn.XLOOKUP($C15,'GP4 (2)'!$B$6:$B$100,'GP4 (2)'!$H$6:$H$100,"") -> 8 | AO15: =_xlfn.XLOOKUP($C15,'GP5 (1)'!$B$6:$B$100,'GP5 (1)'!$H$6:$H$100,"") | AP15: =_xlfn.XLOOKUP($C15,'GP5 (2)'!$B$6:$B$100,'GP5 (2)'!$H$6:$H$100,"")
A16: =ROW()-4 -> 12 | B16: 2 | C16: KACZMAREK Paweł | D16: =SUM(E16:P16) -> 5.2 | E16: =_xlfn.XLOOKUP($C16,'MP (1)'!$B$6:$B$100,'MP (1)'!$E$6:$E$100,"") -> 0.33 | F16: =_xlfn.XLOOKUP($C16,'MP (2)'!$B$6:$B$100,'MP (2)'!$E$6:$E$100,"") -> 0.33 | G16: =_xlfn.XLOOKUP($C16,'GP1 (1)'!$B$6:$B$100,'GP1 (1)'!$E$6:$E$100,"") -> 0.67 | H16: =_xlfn.XLOOKUP($C16,'GP1 (2)'!$B$6:$B$100,'GP1 (2)'!$E$6:$E$100,"") -> 0.5 | I16: =_xlfn.XLOOKUP($C16,'GP2 (1)'!$B$8:$B$107,'GP2 (1)'!$E$8:$E$107,"") -> 0.4 | J16: =_xlfn.XLOOKUP($C16,'GP2 (2)'!$B$6:$B$99,'GP2 (2)'!$E$6:$E$99,"") -> 0.2 | K16: =_xlfn.XLOOKUP($C16,'GP3 (1)'!$B$6:$B$100,'GP3 (1)'!$E$6:$E$100,"") -> 0.6 | L16: =_xlfn.XLOOKUP($C16,'GP3 (2)'!$B$6:$B$100,'GP3 (2)'!$E$6:$E$100,"") -> 0.67 | M16: =_xlfn.XLOOKUP($C16,'GP4 (1)'!$B$6:$B$86,'GP4 (1)'!$E$6:$E$86,"") | N16: =_xlfn.XLOOKUP($C16,'GP4 (2)'!$B$6:$B$100,'GP4 (2)'!$E$6:$E$100,"") | O16: =_xlfn.XLOOKUP($C16,'GP5 (1)'!$B$6:$B$100,'GP5 (1)'!$E$6:$E$100,"") -> 0.75 | P16: =_xlfn.XLOOKUP($C16,'GP5 (2)'!$B$6:$B$100,'GP5 (2)'!$E$6:$E$100,"") -> 0.75 | Q16: =SUM(R16:AC16) -> 194 | R16: =_xlfn.XLOOKUP($C16,'MP (1)'!$B$6:$B$100,'MP (1)'!$F$6:$F$100,"") -> 17 | S16: =_xlfn.XLOOKUP($C16,'MP (2)'!$B$6:$B$100,'MP (2)'!$F$6:$F$100,"") -> 19 | T16: =_xlfn.XLOOKUP($C16,'GP1 (1)'!$B$6:$B$100,'GP1 (1)'!$F$6:$F$100,"") -> 27 | U16: =_xlfn.XLOOKUP($C16,'GP1 (2)'!$B$6:$B$100,'GP1 (2)'!$F$6:$F$100,"") -> 22 | V16: =_xlfn.XLOOKUP($C16,'GP2 (1)'!$B$8:$B$107,'GP2 (1)'!$F$8:$F$107,"") -> 18 | W16: =_xlfn.XLOOKUP($C16,'GP2 (2)'!$B$6:$B$99,'GP2 (2)'!$F$6:$F$99,"") -> 11 | X16: =_xlfn.XLOOKUP($C16,'GP3 (1)'!$B$6:$B$100,'GP3 (1)'!$F$6:$F$100,"") -> 21 | Y16: =_xlfn.XLOOKUP($C16,'GP3 (2)'!$B$6:$B$100,'GP3 (2)'!$F$6:$F$100,"") -> 23 | Z16: =_xlfn.XLOOKUP($C16,'GP4 (1)'!$B$6:$B$86,'GP4 (1)'!$F$6:$F$86,"") | AA16: =_xlfn.XLOOKUP($C16,'GP4 (2)'!$B$6:$B$100,'GP4 (2)'!$F$6:$F$100,"") | AB16: =_xlfn.XLOOKUP($C16,'GP5 (1)'!$B$6:$B$100,'GP5 (1)'!$F$6:$F$100,"") -> 18 | AC16: =_xlfn.XLOOKUP($C16,'GP5 (2)'!$B$6:$B$100,'GP5 (2)'!$F$6:$F$100,"") -> 18 | AD16: =SUM(AE16:AO16) -> 2 | AE16: =_xlfn.XLOOKUP($C16,'MP (1)'!$B$6:$B$100,'MP (1)'!$H$6:$H$100,"") -> -5 | AF16: =_xlfn.XLOOKUP($C16,'MP (2)'!$B$6:$B$100,'MP (2)'!$H$6:$H$100,"") -> -5 | AG16: =_xlfn.XLOOKUP($C16,'GP1 (1)'!$B$6:$B$100,'GP1 (1)'!$H$6:$H$100,"") -> 7 | AH16: =_xlfn.XLOOKUP($C16,'GP1 (2)'!$B$6:$B$100,'GP1 (2)'!$H$6:$H$100,"") -> -2 | AI16: =_xlfn.XLOOKUP($C16,'GP2 (1)'!$B$8:$B$107,'GP2 (1)'!$H$8:$H$107,"") -> -2 | AJ16: =_xlfn.XLOOKUP($C16,'GP2 (2)'!$B$6:$B$99,'GP2 (2)'!$H$6:$H$99,"") -> -10 | AK16: =_xlfn.XLOOKUP($C16,'GP3 (1)'!$B$6:$B$100,'GP3 (1)'!$H$6:$H$100,"") -> 6 | AL16: =_xlfn.XLOOKUP($C16,'GP3 (2)'!$B$6:$B$100,'GP3 (2)'!$H$6:$H$100,"") -> 6 | AM16: =_xlfn.XLOOKUP($C16,'GP4 (1)'!$B$6:$B$86,'GP4 (1)'!$H$6:$H$86,"") | AN16: =_xlfn.XLOOKUP($C16,'GP4 (2)'!$B$6:$B$100,'GP4 (2)'!$H$6:$H$100,"") | AO16: =_xlfn.XLOOKUP($C16,'GP5 (1)'!$B$6:$B$100,'GP5 (1)'!$H$6:$H$100,"") -> 7 | AP16: =_xlfn.XLOOKUP($C16,'GP5 (2)'!$B$6:$B$100,'GP5 (2)'!$H$6:$H$100,"") -> 6
A17: =ROW()-4 -> 13 | B17: 3 | C17: OSSOWSKI Wojciech | D17: =SUM(E17:P17) -> 5.07 | E17: =_xlfn.XLOOKUP($C17,'MP (1)'!$B$6:$B$100,'MP (1)'!$E$6:$E$100,"") -> 0.5 | F17: =_xlfn.XLOOKUP($C17,'MP (2)'!$B$6:$B$100,'MP (2)'!$E$6:$E$100,"") -> 0.4 | G17: =_xlfn.XLOOKUP($C17,'GP1 (1)'!$B$6:$B$100,'GP1 (1)'!$E$6:$E$100,"") -> 0.5 | H17: =_xlfn.XLOOKUP($C17,'GP1 (2)'!$B$6:$B$100,'GP1 (2)'!$E$6:$E$100,"") -> 0.6 | I17: =_xlfn.XLOOKUP($C17,'GP2 (1)'!$B$6:$B$107,'GP2 (1)'!$E$6:$E$107,"") -> 0.5 | J17: =_xlfn.XLOOKUP($C17,'GP2 (2)'!$B$6:$B$99,'GP2 (2)'!$E$6:$E$99,"") -> 0.2 | K17: =_xlfn.XLOOKUP($C17,'GP3 (1)'!$B$6:$B$100,'GP3 (1)'!$E$6:$E$100,"") -> 0.6 | L17: =_xlfn.XLOOKUP($C17,'GP3 (2)'!$B$6:$B$100,'GP3 (2)'!$E$6:$E$100,"") -> 0.5 | M17: =_xlfn.XLOOKUP($C17,'GP4 (1)'!$B$6:$B$86,'GP4 (1)'!$E$6:$E$86,"") -> 0.67 | N17: =_xlfn.XLOOKUP($C17,'GP4 (2)'!$B$6:$B$100,'GP4 (2)'!$E$6:$E$100,"") -> 0.6 | O17: =_xlfn.XLOOKUP($C17,'GP5 (1)'!$B$6:$B$100,'GP5 (1)'!$E$6:$E$100,"") | P17: =_xlfn.XLOOKUP($C17,'GP5 (2)'!$B$6:$B$100,'GP5 (2)'!$E$6:$E$100,"") | Q17: =SUM(R17:AC17) -> 194 | R17: =_xlfn.XLOOKUP($C17,'MP (1)'!$B$6:$B$100,'MP (1)'!$F$6:$F$100,"") -> 21 | S17: =_xlfn.XLOOKUP($C17,'MP (2)'!$B$6:$B$100,'MP (2)'!$F$6:$F$100,"") -> 15 | T17: =_xlfn.XLOOKUP($C17,'GP1 (1)'!$B$6:$B$100,'GP1 (1)'!$F$6:$F$100,"") -> 22 | U17: =_xlfn.XLOOKUP($C17,'GP1 (2)'!$B$6:$B$100,'GP1 (2)'!$F$6:$F$100,"") -> 18 | V17: =_xlfn.XLOOKUP($C17,'GP2 (1)'!$B$8:$B$107,'GP2 (1)'!$F$8:$F$107,"") -> 20 | W17: =_xlfn.XLOOKUP($C17,'GP2 (2)'!$B$6:$B$99,'GP2 (2)'!$F$6:$F$99,"") -> 17 | X17: =_xlfn.XLOOKUP($C17,'GP3 (1)'!$B$6:$B$100,'GP3 (1)'!$F$6:$F$100,"") -> 18 | Y17: =_xlfn.XLOOKUP($C17,'GP3 (2)'!$B$6:$B$100,'GP3 (2)'!$F$6:$F$100,"") -> 17 | Z17: =_xlfn.XLOOKUP($C17,'GP4 (1)'!$B$6:$B$86,'GP4 (1)'!$F$6:$F$86,"") -> 28 | AA17: =_xlfn.XLOOKUP($C17,'GP4 (2)'!$B$6:$B$100,'GP4 (2)'!$F$6:$F$100,"") -> 18 | AB17: =_xlfn.XLOOKUP($C17,'GP5 (1)'!$B$6:$B$100,'GP5 (1)'!$F$6:$F$100,"") | AC17: =_xlfn.XLOOKUP($C17,'GP5 (2)'!$B$6:$B$100,'GP5 (2)'!$F$6:$F$100,"") | AD17: =SUM(AE17:AO17) -> 2 | AE17: =_xlfn.XLOOKUP($C17,'MP (1)'!$B$6:$B$100,'MP (1)'!$H$6:$H$100,"") -> 2 | AF17: =_xlfn.XLOOKUP($C17,'MP (2)'!$B$6:$B$100,'MP (2)'!$H$6:$H$100,"") -> -1 | AG17: =_xlfn.XLOOKUP($C17,'GP1 (1)'!$B$6:$B$100,'GP1 (1)'!$H$6:$H$100,"") -> 2 | AH17: =_xlfn.XLOOKUP($C17,'GP1 (2)'!$B$6:$B$100,'GP1 (2)'!$H$6:$H$100,"") -> -1 | AI17: =_xlfn.XLOOKUP($C17,'GP2 (1)'!$B$8:$B$107,'GP2 (1)'!$H$8:$H$107,"") -> 1 | AJ17: =_xlfn.XLOOKUP($C17,'GP2 (2)'!$B$6:$B$99,'GP2 (2)'!$H$6:$H$99,"") -> -4 | AK17: =_xlfn.XLOOKUP($C17,'GP3 (1)'!$B$6:$B$100,'GP3 (1)'!$H$6:$H$100,"") -> 1 | AL17: =_xlfn.XLOOKUP($C17,'GP3 (2)'!$B$6:$B$100,'GP3 (2)'!$H$6:$H$100,"") -> -4 | AM17: =_xlfn.XLOOKUP($C17,'GP4 (1)'!$B$6:$B$86,'GP4 (1)'!$H$6:$H$86,"") -> 7 | AN17: =_xlfn.XLOOKUP($C17,'GP4 (2)'!$B$6:$B$100,'GP4 (2)'!$H$6:$H$100,"") -> -1 | AO17: =_xlfn.XLOOKUP($C17,'GP5 (1)'!$B$6:$B$100,'GP5 (1)'!$H$6:$H$100,"") | AP17: =_xlfn.XLOOKUP($C17,'GP5 (2)'!$B$6:$B$100,'GP5 (2)'!$H$6:$H$100,"")
A18: =ROW()-4 -> 14 | B18: 3 | C18: JAROSZEK Zbigniew | D18: =SUM(E18:P18) -> 4.71 | E18: =_xlfn.XLOOKUP($C18,'MP (1)'!$B$6:$B$100,'MP (1)'!$E$6:$E$100,"") -> 0.4 | F18: =_xlfn.XLOOKUP($C18,'MP (2)'!$B$6:$B$100,'MP (2)'!$E$6:$E$100,"") -> 0.4 | G18: =_xlfn.XLOOKUP($C18,'GP1 (1)'!$B$6:$B$100,'GP1 (1)'!$E$6:$E$100,"") -> 0.6 | H18: =_xlfn.XLOOKUP($C18,'GP1 (2)'!$B$6:$B$100,'GP1 (2)'!$E$6:$E$100,"") -> 0.33 | I18: =_xlfn.XLOOKUP($C18,'GP2 (1)'!$B$6:$B$107,'GP2 (1)'!$E$6:$E$107,"") -> 0.83 | J18: =_xlfn.XLOOKUP($C18,'GP2 (2)'!$B$6:$B$99,'GP2 (2)'!$E$6:$E$99,"") -> 0.6 | K18: =_xlfn.XLOOKUP($C18,'GP3 (1)'!$B$6:$B$100,'GP3 (1)'!$E$6:$E$100,"") | L18: =_xlfn.XLOOKUP($C18,'GP3 (2)'!$B$6:$B$100,'GP3 (2)'!$E$6:$E$100,"") | M18: =_xlfn.XLOOKUP($C18,'GP4 (1)'!$B$6:$B$86,'GP4 (1)'!$E$6:$E$86,"") -> 0.4 | N18: =_xlfn.XLOOKUP($C18,'GP4 (2)'!$B$6:$B$100,'GP4 (2)'!$E$6:$E$100,"") -> 0.4 | O18: =_xlfn.XLOOKUP($C18,'GP5 (1)'!$B$6:$B$100,'GP5 (1)'!$E$6:$E$100,"") -> 0.25 | P18: =_xlfn.XLOOKUP($C18,'GP5 (2)'!$B$6:$B$100,'GP5 (2)'!$E$6:$E$100,"") -> 0.5 | Q18: =SUM(R18:AC18) -> 173 | R18: =_xlfn.XLOOKUP($C18,'MP (1)'!$B$6:$B$100,'MP (1)'!$F$6:$F$100,"") -> 16 | S18: =_xlfn.XLOOKUP($C18,'MP (2)'!$B$6:$B$100,'MP (2)'!$F$6:$F$100,"") -> 13 | T18: =_xlfn.XLOOKUP($C18,'GP1 (1)'!$B$6:$B$100,'GP1 (1)'!$F$6:$F$100,"") -> 19 | U18: =_xlfn.XLOOKUP($C18,'GP1 (2)'!$B$6:$B$100,'GP1 (2)'!$F$6:$F$100,"") -> 17 | V18: =_xlfn.XLOOKUP($C18,'GP2 (1)'!$B$8:$B$107,'GP2 (1)'!$F$8:$F$107,"") -> 28 | W18: =_xlfn.XLOOKUP($C18,'GP2 (2)'!$B$6:$B$99,'GP2 (2)'!$F$6:$F$99,"") -> 20 | X18: =_xlfn.XLOOKUP($C18,'GP3 (1)'!$B$6:$B$100,'GP3 (1)'!$F$6:$F$100,"") | Y18: =_xlfn.XLOOKUP($C18,'GP3 (2)'!$B$6:$B$100,'GP3 (2)'!$F$6:$F$100,"") | Z18: =_xlfn.XLOOKUP($C18,'GP4 (1)'!$B$6:$B$86,'GP4 (1)'!$F$6:$F$86,"") -> 15 | AA18: =_xlfn.XLOOKUP($C18,'GP4 (2)'!$B$6:$B$100,'GP4 (2)'!$F$6:$F$100,"") -> 16 | AB18: =_xlfn.XLOOKUP($C18,'GP5 (1)'!$B$6:$B$100,'GP5 (1)'!$F$6:$F$100,"") -> 14 | AC18: =_xlfn.XLOOKUP($C18,'GP5 (2)'!$B$6:$B$100,'GP5 (2)'!$F$6:$F$100,"") -> 15 | AD18: =SUM(AE18:AO18) -> -11 | AE18: =_xlfn.XLOOKUP($C18,'MP (1)'!$B$6:$B$100,'MP (1)'!$H$6:$H$100,"") -> -4 | AF18: =_xlfn.XLOOKUP($C18,'MP (2)'!$B$6:$B$100,'MP (2)'!$H$6:$H$100,"") -> -5 | AG18: =_xlfn.XLOOKUP($C18,'GP1 (1)'!$B$6:$B$100,'GP1 (1)'!$H$6:$H$100,"") -> 3 | AH18: =_xlfn.XLOOKUP($C18,'GP1 (2)'!$B$6:$B$100,'GP1 (2)'!$H$6:$H$100,"") -> -8 | AI18: =_xlfn.XLOOKUP($C18,'GP2 (1)'!$B$8:$B$107,'GP2 (1)'!$H$8:$H$107,"") -> 11 | AJ18: =_xlfn.XLOOKUP($C18,'GP2 (2)'!$B$6:$B$99,'GP2 (2)'!$H$6:$H$99,"") -> 1 | AK18: =_xlfn.XLOOKUP($C18,'GP3 (1)'!$B$6:$B$100,'GP3 (1)'!$H$6:$H$100,"") | AL18: =_xlfn.XLOOKUP($C18,'GP3 (2)'!$B$6:$B$100,'GP3 (2)'!$H$6:$H$100,"") | AM18: =_xlfn.XLOOKUP($C18,'GP4 (1)'!$B$6:$B$86,'GP4 (1)'!$H$6:$H$86,"") -> -4 | AN18: =_xlfn.XLOOKUP($C18,'GP4 (2)'!$B$6:$B$100,'GP4 (2)'!$H$6:$H$100,"") -> -2 | AO18: =_xlfn.XLOOKUP($C18,'GP5 (1)'!$B$6:$B$100,'GP5 (1)'!$H$6:$H$100,"") -> -3 | AP18: =_xlfn.XLOOKUP($C18,'GP5 (2)'!$B$6:$B$100,'GP5 (2)'!$H$6:$H$100,"") -> -2
A19: =ROW()-4 -> 15 | B19: 0 | C19: GRACZYK Bogdan | D19: =SUM(E19:P19) -> 4.5 | E19: =_xlfn.XLOOKUP($C19,'MP (1)'!$B$6:$B$100,'MP (1)'!$E$6:$E$100,"") -> 0.67 | F19: =_xlfn.XLOOKUP($C19,'MP (2)'!$B$6:$B$100,'MP (2)'!$E$6:$E$100,"") -> 0.67 | G19: =_xlfn.XLOOKUP($C19,'GP1 (1)'!$B$6:$B$100,'GP1 (1)'!$E$6:$E$100,"") -> 0.33 | H19: =_xlfn.XLOOKUP($C19,'GP1 (2)'!$B$6:$B$100,'GP1 (2)'!$E$6:$E$100,"") -> 0.83 | I19: =_xlfn.XLOOKUP($C19,'GP2 (1)'!$B$8:$B$107,'GP2 (1)'!$E$8:$E$107,"") -> 0.6 | J19: =_xlfn.XLOOKUP($C19,'GP2 (2)'!$B$6:$B$99,'GP2 (2)'!$E$6:$E$99,"") -> 0.2 | K19: =_xlfn.XLOOKUP($C19,'GP3 (1)'!$B$6:$B$100,'GP3 (1)'!$E$6:$E$100,"") | L19: =_xlfn.XLOOKUP($C19,'GP3 (2)'!$B$6:$B$100,'GP3 (2)'!$E$6:$E$100,"") | M19: =_xlfn.XLOOKUP($C19,'GP4 (1)'!$B$6:$B$86,'GP4 (1)'!$E$6:$E$86,"") -> 0.6 | N19: =_xlfn.XLOOKUP($C19,'GP4 (2)'!$B$6:$B$100,'GP4 (2)'!$E$6:$E$100,"") -> 0.6 | O19: =_xlfn.XLOOKUP($C19,'GP5 (1)'!$B$6:$B$100,'GP5 (1)'!$E$6:$E$100,"") | P19: =_xlfn.XLOOKUP($C19,'GP5 (2)'!$B$6:$B$100,'GP5 (2)'!$E$6:$E$100,"") | Q19: =SUM(R19:AC19) -> 166 | R19: =_xlfn.XLOOKUP($C19,'MP (1)'!$B$6:$B$100,'MP (1)'!$F$6:$F$100,"") -> 23 | S19: =_xlfn.XLOOKUP($C19,'MP (2)'!$B$6:$B$100,'MP (2)'!$F$6:$F$100,"") -> 25 | T19: =_xlfn.XLOOKUP($C19,'GP1 (1)'!$B$6:$B$100,'GP1 (1)'!$F$6:$F$100,"") -> 20 | U19: =_xlfn.XLOOKUP($C19,'GP1 (2)'!$B$6:$B$100,'GP1 (2)'!$F$6:$F$100,"") -> 25 | V19: =_xlfn.XLOOKUP($C19,'GP2 (1)'!$B$8:$B$107,'GP2 (1)'!$F$8:$F$107,"") -> 17 | W19: =_xlfn.XLOOKUP($C19,'GP2 (2)'!$B$6:$B$99,'GP2 (2)'!$F$6:$F$99,"") -> 18 | X19: =_xlfn.XLOOKUP($C19,'GP3 (1)'!$B$6:$B$100,'GP3 (1)'!$F$6:$F$100,"") | Y19: =_xlfn.XLOOKUP($C19,'GP3 (2)'!$B$6:$B$100,'GP3 (2)'!$F$6:$F$100,"") | Z19: =_xlfn.XLOOKUP($C19,'GP4 (1)'!$B$6:$B$86,'GP4 (1)'!$F$6:$F$86,"") -> 19 | AA19: =_xlfn.XLOOKUP($C19,'GP4 (2)'!$B$6:$B$100,'GP4 (2)'!$F$6:$F$100,"") -> 19 | AB19: =_xlfn.XLOOKUP($C19,'GP5 (1)'!$B$6:$B$100,'GP5 (1)'!$F$6:$F$100,"") | AC19: =_xlfn.XLOOKUP($C19,'GP5 (2)'!$B$6:$B$100,'GP5 (2)'!$F$6:$F$100,"") | AD19: =SUM(AE19:AO19) -> 22 | AE19: =_xlfn.XLOOKUP($C19,'MP (1)'!$B$6:$B$100,'MP (1)'!$H$6:$H$100,"") -> 2 | AF19: =_xlfn.XLOOKUP($C19,'MP (2)'!$B$6:$B$100,'MP (2)'!$H$6:$H$100,"") -> 6 | AG19: =_xlfn.XLOOKUP($C19,'GP1 (1)'!$B$6:$B$100,'GP1 (1)'!$H$6:$H$100,"") -> -4 | AH19: =_xlfn.XLOOKUP($C19,'GP1 (2)'!$B$6:$B$100,'GP1 (2)'!$H$6:$H$100,"") -> 12 | AI19: =_xlfn.XLOOKUP($C19,'GP2 (1)'!$B$8:$B$107,'GP2 (1)'!$H$8:$H$107,"") -> 2 | AJ19: =_xlfn.XLOOKUP($C19,'GP2 (2)'!$B$6:$B$99,'GP2 (2)'!$H$6:$H$99,"") -> -6 | AK19: =_xlfn.XLOOKUP($C19,'GP3 (1)'!$B$6:$B$100,'GP3 (1)'!$H$6:$H$100,"") | AL19: =_xlfn.XLOOKUP($C19,'GP3 (2)'!$B$6:$B$100,'GP3 (2)'!$H$6:$H$100,"") | AM19: =_xlfn.XLOOKUP($C19,'GP4 (1)'!$B$6:$B$86,'GP4 (1)'!$H$6:$H$86,"") -> 4 | AN19: =_xlfn.XLOOKUP($C19,'GP4 (2)'!$B$6:$B$100,'GP4 (2)'!$H$6:$H$100,"") -> 6 | AO19: =_xlfn.XLOOKUP($C19,'GP5 (1)'!$B$6:$B$100,'GP5 (1)'!$H$6:$H$100,"") | AP19: =_xlfn.XLOOKUP($C19,'GP5 (2)'!$B$6:$B$100,'GP5 (2)'!$H$6:$H$100,"")
A20: =ROW()-4 -> 16 | B20: 0 | C20: GĘZIKIEWICZ Marcin | D20: =SUM(E20:P20) -> 4.46 | E20: =_xlfn.XLOOKUP($C20,'MP (1)'!$B$6:$B$100,'MP (1)'!$E$6:$E$100,"") -> 0.8 | F20: =_xlfn.XLOOKUP($C20,'MP (2)'!$B$6:$B$100,'MP (2)'!$E$6:$E$100,"") -> 0.83 | G20: =_xlfn.XLOOKUP($C20,'GP1 (1)'!$B$6:$B$100,'GP1 (1)'!$E$6:$E$100,"") -> 0.6 | H20: =_xlfn.XLOOKUP($C20,'GP1 (2)'!$B$6:$B$100,'GP1 (2)'!$E$6:$E$100,"") -> 0.8 | I20: =_xlfn.XLOOKUP($C20,'GP2 (1)'!$B$6:$B$107,'GP2 (1)'!$E$6:$E$107,"") -> 0.6 | J20: =_xlfn.XLOOKUP($C20,'GP2 (2)'!$B$6:$B$99,'GP2 (2)'!$E$6:$E$99,"") -> 0.83 | K20: =_xlfn.XLOOKUP($C20,'GP3 (1)'!$B$6:$B$100,'GP3 (1)'!$E$6:$E$100,"") | L20: =_xlfn.XLOOKUP($C20,'GP3 (2)'!$B$6:$B$100,'GP3 (2)'!$E$6:$E$100,"") | M20: =_xlfn.XLOOKUP($C20,'GP4 (1)'!$B$6:$B$86,'GP4 (1)'!$E$6:$E$86,"") | N20: =_xlfn.XLOOKUP($C20,'GP4 (2)'!$B$6:$B$100,'GP4 (2)'!$E$6:$E$100,"") | O20: =_xlfn.XLOOKUP($C20,'GP5 (1)'!$B$6:$B$100,'GP5 (1)'!$E$6:$E$100,"") | P20: =_xlfn.XLOOKUP($C20,'GP5 (2)'!$B$6:$B$100,'GP5 (2)'!$E$6:$E$100,"") | Q20: =SUM(R20:AC20) -> 143 | R20: =_xlfn.XLOOKUP($C20,'MP (1)'!$B$6:$B$100,'MP (1)'!$F$6:$F$100,"") -> 24 | S20: =_xlfn.XLOOKUP($C20,'MP (2)'!$B$6:$B$100,'MP (2)'!$F$6:$F$100,"") -> 28 | T20: =_xlfn.XLOOKUP($C20,'GP1 (1)'!$B$6:$B$100,'GP1 (1)'!$F$6:$F$100,"") -> 20 | U20: =_xlfn.XLOOKUP($C20,'GP1 (2)'!$B$6:$B$100,'GP1 (2)'!$F$6:$F$100,"") -> 23 | V20: =_xlfn.XLOOKUP($C20,'GP2 (1)'!$B$8:$B$107,'GP2 (1)'!$F$8:$F$107,"") -> 20 | W20: =_xlfn.XLOOKUP($C20,'GP2 (2)'!$B$6:$B$99,'GP2 (2)'!$F$6:$F$99,"") -> 28 | X20: =_xlfn.XLOOKUP($C20,'GP3 (1)'!$B$6:$B$100,'GP3 (1)'!$F$6:$F$100,"") | Y20: =_xlfn.XLOOKUP($C20,'GP3 (2)'!$B$6:$B$100,'GP3 (2)'!$F$6:$F$100,"") | Z20: =_xlfn.XLOOKUP($C20,'GP4 (1)'!$B$6:$B$86,'GP4 (1)'!$F$6:$F$86,"") | AA20: =_xlfn.XLOOKUP($C20,'GP4 (2)'!$B$6:$B$100,'GP4 (2)'!$F$6:$F$100,"") | AB20: =_xlfn.XLOOKUP($C20,'GP5 (1)'!$B$6:$B$100,'GP5 (1)'!$F$6:$F$100,"") | AC20: =_xlfn.XLOOKUP($C20,'GP5 (2)'!$B$6:$B$100,'GP5 (2)'!$F$6:$F$100,"") | AD20: =SUM(AE20:AO20) -> 54 | AE20: =_xlfn.XLOOKUP($C20,'MP (1)'!$B$6:$B$100,'MP (1)'!$H$6:$H$100,"") -> 10 | AF20: =_xlfn.XLOOKUP($C20,'MP (2)'!$B$6:$B$100,'MP (2)'!$H$6:$H$100,"") -> 17 | AG20: =_xlfn.XLOOKUP($C20,'GP1 (1)'!$B$6:$B$100,'GP1 (1)'!$H$6:$H$100,"") -> 1 | AH20: =_xlfn.XLOOKUP($C20,'GP1 (2)'!$B$6:$B$100,'GP1 (2)'!$H$6:$H$100,"") -> 6 | AI20: =_xlfn.XLOOKUP($C20,'GP2 (1)'!$B$8:$B$107,'GP2 (1)'!$H$8:$H$107,"") -> 2 | AJ20: =_xlfn.XLOOKUP($C20,'GP2 (2)'!$B$6:$B$99,'GP2 (2)'!$H$6:$H$99,"") -> 18 | AK20: =_xlfn.XLOOKUP($C20,'GP3 (1)'!$B$6:$B$100,'GP3 (1)'!$H$6:$H$100,"") | AL20: =_xlfn.XLOOKUP($C20,'GP3 (2)'!$B$6:$B$100,'GP3 (2)'!$H$6:$H$100,"") | AM20: =_xlfn.XLOOKUP($C20,'GP4 (1)'!$B$6:$B$86,'GP4 (1)'!$H$6:$H$86,"") | AN20: =_xlfn.XLOOKUP($C20,'GP4 (2)'!$B$6:$B$100,'GP4 (2)'!$H$6:$H$100,"") | AO20: =_xlfn.XLOOKUP($C20,'GP5 (1)'!$B$6:$B$100,'GP5 (1)'!$H$6:$H$100,"") | AP20: =_xlfn.XLOOKUP($C20,'GP5 (2)'!$B$6:$B$100,'GP5 (2)'!$H$6:$H$100,"")
A21: =ROW()-4 -> 17 | B21: 0 | C21: SZEPIETOWSKI Rafał | D21: =SUM(E21:P21) -> 4.03 | E21: =_xlfn.XLOOKUP($C21,'MP (1)'!$B$6:$B$100,'MP (1)'!$E$6:$E$100,"") -> 0.83 | F21: =_xlfn.XLOOKUP($C21,'MP (2)'!$B$6:$B$100,'MP (2)'!$E$6:$E$100,"") -> 0.8 | G21: =_xlfn.XLOOKUP($C21,'GP1 (1)'!$B$6:$B$100,'GP1 (1)'!$E$6:$E$100,"") -> 0.2 | H21: =_xlfn.XLOOKUP($C21,'GP1 (2)'!$B$6:$B$100,'GP1 (2)'!$E$6:$E$100,"") -> 0.4 | I21: =_xlfn.XLOOKUP($C21,'GP2 (1)'!$B$8:$B$107,'GP2 (1)'!$E$8:$E$107,"") -> 0.4 | J21: =_xlfn.XLOOKUP($C21,'GP2 (2)'!$B$6:$B$99,'GP2 (2)'!$E$6:$E$99,"") -> 0.5 | K21: =_xlfn.XLOOKUP($C21,'GP3 (1)'!$B$6:$B$100,'GP3 (1)'!$E$6:$E$100,"") -> 0.4 | L21: =_xlfn.XLOOKUP($C21,'GP3 (2)'!$B$6:$B$100,'GP3 (2)'!$E$6:$E$100,"") -> 0.5 | M21: =_xlfn.XLOOKUP($C21,'GP4 (1)'!$B$6:$B$86,'GP4 (1)'!$E$6:$E$86,"") | N21: =_xlfn.XLOOKUP($C21,'GP4 (2)'!$B$6:$B$100,'GP4 (2)'!$E$6:$E$100,"") | O21: =_xlfn.XLOOKUP($C21,'GP5 (1)'!$B$6:$B$100,'GP5 (1)'!$E$6:$E$100,"") | P21: =_xlfn.XLOOKUP($C21,'GP5 (2)'!$B$6:$B$100,'GP5 (2)'!$E$6:$E$100,"") | Q21: =SUM(R21:AC21) -> 154 | R21: =_xlfn.XLOOKUP($C21,'MP (1)'!$B$6:$B$100,'MP (1)'!$F$6:$F$100,"") -> 26 | S21: =_xlfn.XLOOKUP($C21,'MP (2)'!$B$6:$B$100,'MP (2)'!$F$6:$F$100,"") -> 21 | T21: =_xlfn.XLOOKUP($C21,'GP1 (1)'!$B$6:$B$100,'GP1 (1)'!$F$6:$F$100,"") -> 16 | U21: =_xlfn.XLOOKUP($C21,'GP1 (2)'!$B$6:$B$100,'GP1 (2)'!$F$6:$F$100,"") -> 17 | V21: =_xlfn.XLOOKUP($C21,'GP2 (1)'!$B$8:$B$107,'GP2 (1)'!$F$8:$F$107,"") -> 16 | W21: =_xlfn.XLOOKUP($C21,'GP2 (2)'!$B$6:$B$99,'GP2 (2)'!$F$6:$F$99,"") -> 19 | X21: =_xlfn.XLOOKUP($C21,'GP3 (1)'!$B$6:$B$100,'GP3 (1)'!$F$6:$F$100,"") -> 15 | Y21: =_xlfn.XLOOKUP($C21,'GP3 (2)'!$B$6:$B$100,'GP3 (2)'!$F$6:$F$100,"") -> 24 | Z21: =_xlfn.XLOOKUP($C21,'GP4 (1)'!$B$6:$B$86,'GP4 (1)'!$F$6:$F$86,"") | AA21: =_xlfn.XLOOKUP($C21,'GP4 (2)'!$B$6:$B$100,'GP4 (2)'!$F$6:$F$100,"") | AB21: =_xlfn.XLOOKUP($C21,'GP5 (1)'!$B$6:$B$100,'GP5 (1)'!$F$6:$F$100,"") | AC21: =_xlfn.XLOOKUP($C21,'GP5 (2)'!$B$6:$B$100,'GP5 (2)'!$F$6:$F$100,"") | AD21: =SUM(AE21:AO21) -> 16 | AE21: =_xlfn.XLOOKUP($C21,'MP (1)'!$B$6:$B$100,'MP (1)'!$H$6:$H$100,"") -> 14 | AF21: =_xlfn.XLOOKUP($C21,'MP (2)'!$B$6:$B$100,'MP (2)'!$H$6:$H$100,"") -> 12 | AG21: =_xlfn.XLOOKUP($C21,'GP1 (1)'!$B$6:$B$100,'GP1 (1)'!$H$6:$H$100,"") -> -7 | AH21: =_xlfn.XLOOKUP($C21,'GP1 (2)'!$B$6:$B$100,'GP1 (2)'!$H$6:$H$100,"") -> -1 | AI21: =_xlfn.XLOOKUP($C21,'GP2 (1)'!$B$8:$B$107,'GP2 (1)'!$H$8:$H$107,"") -> -5 | AJ21: =_xlfn.XLOOKUP($C21,'GP2 (2)'!$B$6:$B$99,'GP2 (2)'!$H$6:$H$99,"") -> 0 | AK21: =_xlfn.XLOOKUP($C21,'GP3 (1)'!$B$6:$B$100,'GP3 (1)'!$H$6:$H$100,"") -> -2 | AL21: =_xlfn.XLOOKUP($C21,'GP3 (2)'!$B$6:$B$100,'GP3 (2)'!$H$6:$H$100,"") -> 5 | AM21: =_xlfn.XLOOKUP($C21,'GP4 (1)'!$B$6:$B$86,'GP4 (1)'!$H$6:$H$86,"") | AN21: =_xlfn.XLOOKUP($C21,'GP4 (2)'!$B$6:$B$100,'GP4 (2)'!$H$6:$H$100,"") | AO21: =_xlfn.XLOOKUP($C21,'GP5 (1)'!$B$6:$B$100,'GP5 (1)'!$H$6:$H$100,"") | AP21: =_xlfn.XLOOKUP($C21,'GP5 (2)'!$B$6:$B$100,'GP5 (2)'!$H$6:$H$100,"")
A22: =ROW()-4 -> 18 | B22: 1 | C22: SZYMAŃSKI Adam | D22: =SUM(E22:P22) -> 3.4 | E22: =_xlfn.XLOOKUP($C22,'MP (1)'!$B$6:$B$100,'MP (1)'!$E$6:$E$100,"") -> 0.6 | F22: =_xlfn.XLOOKUP($C22,'MP (2)'!$B$6:$B$100,'MP (2)'!$E$6:$E$100,"") -> 0.2 | G22: =_xlfn.XLOOKUP($C22,'GP1 (1)'!$B$6:$B$100,'GP1 (1)'!$E$6:$E$100,"") -> 0 | H22: =_xlfn.XLOOKUP($C22,'GP1 (2)'!$B$6:$B$100,'GP1 (2)'!$E$6:$E$100,"") -> 0.17 | I22: =_xlfn.XLOOKUP($C22,'GP2 (1)'!$B$6:$B$107,'GP2 (1)'!$E$6:$E$107,"") -> 0.6 | J22: =_xlfn.XLOOKUP($C22,'GP2 (2)'!$B$6:$B$99,'GP2 (2)'!$E$6:$E$99,"") -> 0.4 | K22: =_xlfn.XLOOKUP($C22,'GP3 (1)'!$B$6:$B$100,'GP3 (1)'!$E$6:$E$100,"") -> 0.5 | L22: =_xlfn.XLOOKUP($C22,'GP3 (2)'!$B$6:$B$100,'GP3 (2)'!$E$6:$E$100,"") -> 0.33 | M22: =_xlfn.XLOOKUP($C22,'GP4 (1)'!$B$6:$B$86,'GP4 (1)'!$E$6:$E$86,"") -> 0.2 | N22: =_xlfn.XLOOKUP($C22,'GP4 (2)'!$B$6:$B$100,'GP4 (2)'!$E$6:$E$100,"") -> 0.4 | O22: =_xlfn.XLOOKUP($C22,'GP5 (1)'!$B$6:$B$100,'GP5 (1)'!$E$6:$E$100,"") | P22: =_xlfn.XLOOKUP($C22,'GP5 (2)'!$B$6:$B$100,'GP5 (2)'!$E$6:$E$100,"") | Q22: =SUM(R22:AC22) -> 162 | R22: =_xlfn.XLOOKUP($C22,'MP (1)'!$B$6:$B$100,'MP (1)'!$F$6:$F$100,"") -> 15 | S22: =_xlfn.XLOOKUP($C22,'MP (2)'!$B$6:$B$100,'MP (2)'!$F$6:$F$100,"") -> 13 | T22: =_xlfn.XLOOKUP($C22,'GP1 (1)'!$B$6:$B$100,'GP1 (1)'!$F$6:$F$100,"") -> 12 | U22: =_xlfn.XLOOKUP($C22,'GP1 (2)'!$B$6:$B$100,'GP1 (2)'!$F$6:$F$100,"") -> 16 | V22: =_xlfn.XLOOKUP($C22,'GP2 (1)'!$B$8:$B$107,'GP2 (1)'!$F$8:$F$107,"") -> 19 | W22: =_xlfn.XLOOKUP($C22,'GP2 (2)'!$B$6:$B$99,'GP2 (2)'!$F$6:$F$99,"") -> 17 | X22: =_xlfn.XLOOKUP($C22,'GP3 (1)'!$B$6:$B$100,'GP3 (1)'!$F$6:$F$100,"") -> 16 | Y22: =_xlfn.XLOOKUP($C22,'GP3 (2)'!$B$6:$B$100,'GP3 (2)'!$F$6:$F$100,"") -> 18 | Z22: =_xlfn.XLOOKUP($C22,'GP4 (1)'!$B$6:$B$86,'GP4 (1)'!$F$6:$F$86,"") -> 16 | AA22: =_xlfn.XLOOKUP($C22,'GP4 (2)'!$B$6:$B$100,'GP4 (2)'!$F$6:$F$100,"") -> 20 | AB22: =_xlfn.XLOOKUP($C22,'GP5 (1)'!$B$6:$B$100,'GP5 (1)'!$F$6:$F$100,"") | AC22: =_xlfn.XLOOKUP($C22,'GP5 (2)'!$B$6:$B$100,'GP5 (2)'!$F$6:$F$100,"") | AD22: =SUM(AE22:AO22) -> -43 | AE22: =_xlfn.XLOOKUP($C22,'MP (1)'!$B$6:$B$100,'MP (1)'!$H$6:$H$100,"") -> -2 | AF22: =_xlfn.XLOOKUP($C22,'MP (2)'!$B$6:$B$100,'MP (2)'!$H$6:$H$100,"") -> -10 | AG22: =_xlfn.XLOOKUP($C22,'GP1 (1)'!$B$6:$B$100,'GP1 (1)'!$H$6:$H$100,"") -> -13 | AH22: =_xlfn.XLOOKUP($C22,'GP1 (2)'!$B$6:$B$100,'GP1 (2)'!$H$6:$H$100,"") -> -11 | AI22: =_xlfn.XLOOKUP($C22,'GP2 (1)'!$B$8:$B$107,'GP2 (1)'!$H$8:$H$107,"") -> 1 | AJ22: =_xlfn.XLOOKUP($C22,'GP2 (2)'!$B$6:$B$99,'GP2 (2)'!$H$6:$H$99,"") -> 0 | AK22: =_xlfn.XLOOKUP($C22,'GP3 (1)'!$B$6:$B$100,'GP3 (1)'!$H$6:$H$100,"") -> 1 | AL22: =_xlfn.XLOOKUP($C22,'GP3 (2)'!$B$6:$B$100,'GP3 (2)'!$H$6:$H$100,"") -> -7 | AM22: =_xlfn.XLOOKUP($C22,'GP4 (1)'!$B$6:$B$86,'GP4 (1)'!$H$6:$H$86,"") -> -7 | AN22: =_xlfn.XLOOKUP($C22,'GP4 (2)'!$B$6:$B$100,'GP4 (2)'!$H$6:$H$100,"") -> 5 | AO22: =_xlfn.XLOOKUP($C22,'GP5 (1)'!$B$6:$B$100,'GP5 (1)'!$H$6:$H$100,"") | AP22: =_xlfn.XLOOKUP($C22,'GP5 (2)'!$B$6:$B$100,'GP5 (2)'!$H$6:$H$100,"")
A23: =ROW()-4 -> 19 | B23: 4 | C23: PRĘGOWSKI Jerzy | D23: =SUM(E23:P23) -> 2.75 | E23: =_xlfn.XLOOKUP($C23,'MP (1)'!$B$6:$B$100,'MP (1)'!$E$6:$E$100,"") -> 0.33 | F23: =_xlfn.XLOOKUP($C23,'MP (2)'!$B$6:$B$100,'MP (2)'!$E$6:$E$100,"") -> 0.4 | G23: =_xlfn.XLOOKUP($C23,'GP1 (1)'!$B$6:$B$100,'GP1 (1)'!$E$6:$E$100,"") | H23: =_xlfn.XLOOKUP($C23,'GP1 (2)'!$B$6:$B$100,'GP1 (2)'!$E$6:$E$100,"") | I23: =_xlfn.XLOOKUP($C23,'GP2 (1)'!$B$6:$B$107,'GP2 (1)'!$E$6:$E$107,"") -> 0.4 | J23: =_xlfn.XLOOKUP($C23,'GP2 (2)'!$B$6:$B$99,'GP2 (2)'!$E$6:$E$99,"") -> 0.2 | K23: =_xlfn.XLOOKUP($C23,'GP3 (1)'!$B$6:$B$100,'GP3 (1)'!$E$6:$E$100,"") -> 0.25 | L23: =_xlfn.XLOOKUP($C23,'GP3 (2)'!$B$6:$B$100,'GP3 (2)'!$E$6:$E$100,"") -> 0.17 | M23: =_xlfn.XLOOKUP($C23,'GP4 (1)'!$B$6:$B$86,'GP4 (1)'!$E$6:$E$86,"") -> 0.6 | N23: =_xlfn.XLOOKUP($C23,'GP4 (2)'!$B$6:$B$100,'GP4 (2)'!$E$6:$E$100,"") -> 0.4 | O23: =_xlfn.XLOOKUP($C23,'GP5 (1)'!$B$6:$B$100,'GP5 (1)'!$E$6:$E$100,"") | P23: =_xlfn.XLOOKUP($C23,'GP5 (2)'!$B$6:$B$100,'GP5 (2)'!$E$6:$E$100,"") | Q23: =SUM(R23:AC23) -> 116 | R23: =_xlfn.XLOOKUP($C23,'MP (1)'!$B$6:$B$100,'MP (1)'!$F$6:$F$100,"") -> 19 | S23: =_xlfn.XLOOKUP($C23,'MP (2)'!$B$6:$B$100,'MP (2)'!$F$6:$F$100,"") -> 16 | T23: =_xlfn.XLOOKUP($C23,'GP1 (1)'!$B$6:$B$100,'GP1 (1)'!$F$6:$F$100,"") | U23: =_xlfn.XLOOKUP($C23,'GP1 (2)'!$B$6:$B$100,'GP1 (2)'!$F$6:$F$100,"") | V23: =_xlfn.XLOOKUP($C23,'GP2 (1)'!$B$8:$B$107,'GP2 (1)'!$F$8:$F$107,"") -> 17 | W23: =_xlfn.XLOOKUP($C23,'GP2 (2)'!$B$6:$B$99,'GP2 (2)'!$F$6:$F$99,"") -> 14 | X23: =_xlfn.XLOOKUP($C23,'GP3 (1)'!$B$6:$B$100,'GP3 (1)'!$F$6:$F$100,"") -> 11 | Y23: =_xlfn.XLOOKUP($C23,'GP3 (2)'!$B$6:$B$100,'GP3 (2)'!$F$6:$F$100,"") -> 10 | Z23: =_xlfn.XLOOKUP($C23,'GP4 (1)'!$B$6:$B$86,'GP4 (1)'!$F$6:$F$86,"") -> 18 | AA23: =_xlfn.XLOOKUP($C23,'GP4 (2)'!$B$6:$B$100,'GP4 (2)'!$F$6:$F$100,"") -> 11 | AB23: =_xlfn.XLOOKUP($C23,'GP5 (1)'!$B$6:$B$100,'GP5 (1)'!$F$6:$F$100,"") | AC23: =_xlfn.XLOOKUP($C23,'GP5 (2)'!$B$6:$B$100,'GP5 (2)'!$F$6:$F$100,"") | AD23: =SUM(AE23:AO23) -> -51 | AE23: =_xlfn.XLOOKUP($C23,'MP (1)'!$B$6:$B$100,'MP (1)'!$H$6:$H$100,"") -> -8 | AF23: =_xlfn.XLOOKUP($C23,'MP (2)'!$B$6:$B$100,'MP (2)'!$H$6:$H$100,"") -> -4 | AG23: =_xlfn.XLOOKUP($C23,'GP1 (1)'!$B$6:$B$100,'GP1 (1)'!$H$6:$H$100,"") | AH23: =_xlfn.XLOOKUP($C23,'GP1 (2)'!$B$6:$B$100,'GP1 (2)'!$H$6:$H$100,"") | AI23: =_xlfn.XLOOKUP($C23,'GP2 (1)'!$B$8:$B$107,'GP2 (1)'!$H$8:$H$107,"") -> -2 | AJ23: =_xlfn.XLOOKUP($C23,'GP2 (2)'!$B$6:$B$99,'GP2 (2)'!$H$6:$H$99,"") -> -9 | AK23: =_xlfn.XLOOKUP($C23,'GP3 (1)'!$B$6:$B$100,'GP3 (1)'!$H$6:$H$100,"") -> -4 | AL23: =_xlfn.XLOOKUP($C23,'GP3 (2)'!$B$6:$B$100,'GP3 (2)'!$H$6:$H$100,"") -> -17 | AM23: =_xlfn.XLOOKUP($C23,'GP4 (1)'!$B$6:$B$86,'GP4 (1)'!$H$6:$H$86,"") -> 0 | AN23: =_xlfn.XLOOKUP($C23,'GP4 (2)'!$B$6:$B$100,'GP4 (2)'!$H$6:$H$100,"") -> -7 | AO23: =_xlfn.XLOOKUP($C23,'GP5 (1)'!$B$6:$B$100,'GP5 (1)'!$H$6:$H$100,"") | AP23: =_xlfn.XLOOKUP($C23,'GP5 (2)'!$B$6:$B$100,'GP5 (2)'!$H$6:$H$100,"")
A24: =ROW()-4 -> 20 | B24: 2 | C24: WIERZBICKI Jacek | D24: =SUM(E24:P24) -> 2.63 | E24: =_xlfn.XLOOKUP($C24,'MP (1)'!$B$6:$B$100,'MP (1)'!$E$6:$E$100,"") -> 0.33 | F24: =_xlfn.XLOOKUP($C24,'MP (2)'!$B$6:$B$100,'MP (2)'!$E$6:$E$100,"") -> 0.2 | G24: =_xlfn.XLOOKUP($C24,'GP1 (1)'!$B$6:$B$100,'GP1 (1)'!$E$6:$E$100,"") -> 0 | H24: =_xlfn.XLOOKUP($C24,'GP1 (2)'!$B$6:$B$100,'GP1 (2)'!$E$6:$E$100,"") -> 0.33 | I24: =_xlfn.XLOOKUP($C24,'GP2 (1)'!$B$6:$B$107,'GP2 (1)'!$E$6:$E$107,"") | J24: =_xlfn.XLOOKUP($C24,'GP2 (2)'!$B$6:$B$99,'GP2 (2)'!$E$6:$E$99,"") | K24: =_xlfn.XLOOKUP($C24,'GP3 (1)'!$B$6:$B$100,'GP3 (1)'!$E$6:$E$100,"") -> 0.2 | L24: =_xlfn.XLOOKUP($C24,'GP3 (2)'!$B$6:$B$100,'GP3 (2)'!$E$6:$E$100,"") -> 0.5 | M24: =_xlfn.XLOOKUP($C24,'GP4 (1)'!$B$6:$B$86,'GP4 (1)'!$E$6:$E$86,"") -> 0.17 | N24: =_xlfn.XLOOKUP($C24,'GP4 (2)'!$B$6:$B$100,'GP4 (2)'!$E$6:$E$100,"") -> 0.4 | O24: =_xlfn.XLOOKUP($C24,'GP5 (1)'!$B$6:$B$100,'GP5 (1)'!$E$6:$E$100,"") -> 0.25 | P24: =_xlfn.XLOOKUP($C24,'GP5 (2)'!$B$6:$B$100,'GP5 (2)'!$E$6:$E$100,"") -> 0.25 | Q24: =SUM(R24:AC24) -> 126 | R24: =_xlfn.XLOOKUP($C24,'MP (1)'!$B$6:$B$100,'MP (1)'!$F$6:$F$100,"") -> 19 | S24: =_xlfn.XLOOKUP($C24,'MP (2)'!$B$6:$B$100,'MP (2)'!$F$6:$F$100,"") -> 8 | T24: =_xlfn.XLOOKUP($C24,'GP1 (1)'!$B$6:$B$100,'GP1 (1)'!$F$6:$F$100,"") -> 7 | U24: =_xlfn.XLOOKUP($C24,'GP1 (2)'!$B$6:$B$100,'GP1 (2)'!$F$6:$F$100,"") -> 16 | V24: =_xlfn.XLOOKUP($C24,'GP2 (1)'!$B$8:$B$107,'GP2 (1)'!$F$8:$F$107,"") | W24: =_xlfn.XLOOKUP($C24,'GP2 (2)'!$B$6:$B$99,'GP2 (2)'!$F$6:$F$99,"") | X24: =_xlfn.XLOOKUP($C24,'GP3 (1)'!$B$6:$B$100,'GP3 (1)'!$F$6:$F$100,"") -> 10 | Y24: =_xlfn.XLOOKUP($C24,'GP3 (2)'!$B$6:$B$100,'GP3 (2)'!$F$6:$F$100,"") -> 20 | Z24: =_xlfn.XLOOKUP($C24,'GP4 (1)'!$B$6:$B$86,'GP4 (1)'!$F$6:$F$86,"") -> 9 | AA24: =_xlfn.XLOOKUP($C24,'GP4 (2)'!$B$6:$B$100,'GP4 (2)'!$F$6:$F$100,"") -> 19 | AB24: =_xlfn.XLOOKUP($C24,'GP5 (1)'!$B$6:$B$100,'GP5 (1)'!$F$6:$F$100,"") -> 9 | AC24: =_xlfn.XLOOKUP($C24,'GP5 (2)'!$B$6:$B$100,'GP5 (2)'!$F$6:$F$100,"") -> 9 | AD24: =SUM(AE24:AO24) -> -96 | AE24: =_xlfn.XLOOKUP($C24,'MP (1)'!$B$6:$B$100,'MP (1)'!$H$6:$H$100,"") -> -6 | AF24: =_xlfn.XLOOKUP($C24,'MP (2)'!$B$6:$B$100,'MP (2)'!$H$6:$H$100,"") -> -15 | AG24: =_xlfn.XLOOKUP($C24,'GP1 (1)'!$B$6:$B$100,'GP1 (1)'!$H$6:$H$100,"") -> -18 | AH24: =_xlfn.XLOOKUP($C24,'GP1 (2)'!$B$6:$B$100,'GP1 (2)'!$H$6:$H$100,"") -> -10 | AI24: =_xlfn.XLOOKUP($C24,'GP2 (1)'!$B$8:$B$107,'GP2 (1)'!$H$8:$H$107,"") | AJ24: =_xlfn.XLOOKUP($C24,'GP2 (2)'!$B$6:$B$99,'GP2 (2)'!$H$6:$H$99,"") | AK24: =_xlfn.XLOOKUP($C24,'GP3 (1)'!$B$6:$B$100,'GP3 (1)'!$H$6:$H$100,"") -> -14 | AL24: =_xlfn.XLOOKUP($C24,'GP3 (2)'!$B$6:$B$100,'GP3 (2)'!$H$6:$H$100,"") -> -6 | AM24: =_xlfn.XLOOKUP($C24,'GP4 (1)'!$B$6:$B$86,'GP4 (1)'!$H$6:$H$86,"") -> -19 | AN24: =_xlfn.XLOOKUP($C24,'GP4 (2)'!$B$6:$B$100,'GP4 (2)'!$H$6:$H$100,"") -> 2 | AO24: =_xlfn.XLOOKUP($C24,'GP5 (1)'!$B$6:$B$100,'GP5 (1)'!$H$6:$H$100,"") -> -10 | AP24: =_xlfn.XLOOKUP($C24,'GP5 (2)'!$B$6:$B$100,'GP5 (2)'!$H$6:$H$100,"") -> -7
A25: =ROW()-4 -> 21 | B25: 0 | C25: GRACZYK Anna | D25: =SUM(E25:P25) -> 2.6 | E25: =_xlfn.XLOOKUP($C25,'MP (1)'!$B$6:$B$100,'MP (1)'!$E$6:$E$100,"") -> 0.6 | F25: =_xlfn.XLOOKUP($C25,'MP (2)'!$B$6:$B$100,'MP (2)'!$E$6:$E$100,"") -> 0.6 | G25: =_xlfn.XLOOKUP($C25,'GP1 (1)'!$B$6:$B$100,'GP1 (1)'!$E$6:$E$100,"") | H25: =_xlfn.XLOOKUP($C25,'GP1 (2)'!$B$6:$B$100,'GP1 (2)'!$E$6:$E$100,"") | I25: =_xlfn.XLOOKUP($C25,'GP2 (1)'!$B$8:$B$107,'GP2 (1)'!$E$8:$E$107,"") -> 0.2 | J25: =_xlfn.XLOOKUP($C25,'GP2 (2)'!$B$6:$B$99,'GP2 (2)'!$E$6:$E$99,"") -> 0.6 | K25: =_xlfn.XLOOKUP($C25,'GP3 (1)'!$B$6:$B$100,'GP3 (1)'!$E$6:$E$100,"") | L25: =_xlfn.XLOOKUP($C25,'GP3 (2)'!$B$6:$B$100,'GP3 (2)'!$E$6:$E$100,"") | M25: =_xlfn.XLOOKUP($C25,'GP4 (1)'!$B$6:$B$86,'GP4 (1)'!$E$6:$E$86,"") -> 0.4 | N25: =_xlfn.XLOOKUP($C25,'GP4 (2)'!$B$6:$B$100,'GP4 (2)'!$E$6:$E$100,"") -> 0.2 | O25: =_xlfn.XLOOKUP($C25,'GP5 (1)'!$B$6:$B$100,'GP5 (1)'!$E$6:$E$100,"") | P25: =_xlfn.XLOOKUP($C25,'GP5 (2)'!$B$6:$B$100,'GP5 (2)'!$E$6:$E$100,"") | Q25: =SUM(R25:AC25) -> 96 | R25: =_xlfn.XLOOKUP($C25,'MP (1)'!$B$6:$B$100,'MP (1)'!$F$6:$F$100,"") -> 21 | S25: =_xlfn.XLOOKUP($C25,'MP (2)'!$B$6:$B$100,'MP (2)'!$F$6:$F$100,"") -> 16 | T25: =_xlfn.XLOOKUP($C25,'GP1 (1)'!$B$6:$B$100,'GP1 (1)'!$F$6:$F$100,"") | U25: =_xlfn.XLOOKUP($C25,'GP1 (2)'!$B$6:$B$100,'GP1 (2)'!$F$6:$F$100,"") | V25: =_xlfn.XLOOKUP($C25,'GP2 (1)'!$B$8:$B$107,'GP2 (1)'!$F$8:$F$107,"") -> 15 | W25: =_xlfn.XLOOKUP($C25,'GP2 (2)'!$B$6:$B$99,'GP2 (2)'!$F$6:$F$99,"") -> 17 | X25: =_xlfn.XLOOKUP($C25,'GP3 (1)'!$B$6:$B$100,'GP3 (1)'!$F$6:$F$100,"") | Y25: =_xlfn.XLOOKUP($C25,'GP3 (2)'!$B$6:$B$100,'GP3 (2)'!$F$6:$F$100,"") | Z25: =_xlfn.XLOOKUP($C25,'GP4 (1)'!$B$6:$B$86,'GP4 (1)'!$F$6:$F$86,"") -> 18 | AA25: =_xlfn.XLOOKUP($C25,'GP4 (2)'!$B$6:$B$100,'GP4 (2)'!$F$6:$F$100,"") -> 9 | AB25: =_xlfn.XLOOKUP($C25,'GP5 (1)'!$B$6:$B$100,'GP5 (1)'!$F$6:$F$100,"") | AC25: =_xlfn.XLOOKUP($C25,'GP5 (2)'!$B$6:$B$100,'GP5 (2)'!$F$6:$F$100,"") | AD25: =SUM(AE25:AO25) -> -11 | AE25: =_xlfn.XLOOKUP($C25,'MP (1)'!$B$6:$B$100,'MP (1)'!$H$6:$H$100,"") -> 6 | AF25: =_xlfn.XLOOKUP($C25,'MP (2)'!$B$6:$B$100,'MP (2)'!$H$6:$H$100,"") -> -1 | AG25: =_xlfn.XLOOKUP($C25,'GP1 (1)'!$B$6:$B$100,'GP1 (1)'!$H$6:$H$100,"") | AH25: =_xlfn.XLOOKUP($C25,'GP1 (2)'!$B$6:$B$100,'GP1 (2)'!$H$6:$H$100,"") | AI25: =_xlfn.XLOOKUP($C25,'GP2 (1)'!$B$8:$B$107,'GP2 (1)'!$H$8:$H$107,"") -> -5 | AJ25: =_xlfn.XLOOKUP($C25,'GP2 (2)'!$B$6:$B$99,'GP2 (2)'!$H$6:$H$99,"") -> -1 | AK25: =_xlfn.XLOOKUP($C25,'GP3 (1)'!$B$6:$B$100,'GP3 (1)'!$H$6:$H$100,"") | AL25: =_xlfn.XLOOKUP($C25,'GP3 (2)'!$B$6:$B$100,'GP3 (2)'!$H$6:$H$100,"") | AM25: =_xlfn.XLOOKUP($C25,'GP4 (1)'!$B$6:$B$86,'GP4 (1)'!$H$6:$H$86,"") -> 2 | AN25: =_xlfn.XLOOKUP($C25,'GP4 (2)'!$B$6:$B$100,'GP4 (2)'!$H$6:$H$100,"") -> -12 | AO25: =_xlfn.XLOOKUP($C25,'GP5 (1)'!$B$6:$B$100,'GP5 (1)'!$H$6:$H$100,"") | AP25: =_xlfn.XLOOKUP($C25,'GP5 (2)'!$B$6:$B$100,'GP5 (2)'!$H$6:$H$100,"")
A26: =ROW()-4 -> 22 | B26: 2 | C26: GRZEGOREK Norbert | D26: =SUM(E26:P26) -> 2.47 | E26: =_xlfn.XLOOKUP($C26,'MP (1)'!$B$6:$B$100,'MP (1)'!$E$6:$E$100,"") | F26: =_xlfn.XLOOKUP($C26,'MP (2)'!$B$6:$B$100,'MP (2)'!$E$6:$E$100,"") | G26: =_xlfn.XLOOKUP($C26,'GP1 (1)'!$B$6:$B$100,'GP1 (1)'!$E$6:$E$100,"") | H26: =_xlfn.XLOOKUP($C26,'GP1 (2)'!$B$6:$B$100,'GP1 (2)'!$E$6:$E$100,"") | I26: =_xlfn.XLOOKUP($C26,'GP2 (1)'!$B$6:$B$107,'GP2 (1)'!$E$6:$E$107,"") -> 0.6 | J26: =_xlfn.XLOOKUP($C26,'GP2 (2)'!$B$6:$B$99,'GP2 (2)'!$E$6:$E$99,"") -> 0.67 | K26: =_xlfn.XLOOKUP($C26,'GP3 (1)'!$B$6:$B$100,'GP3 (1)'!$E$6:$E$100,"") | L26: =_xlfn.XLOOKUP($C26,'GP3 (2)'!$B$6:$B$100,'GP3 (2)'!$E$6:$E$100,"") | M26: =_xlfn.XLOOKUP($C26,'GP4 (1)'!$B$6:$B$86,'GP4 (1)'!$E$6:$E$86,"") -> 0.6 | N26: =_xlfn.XLOOKUP($C26,'GP4 (2)'!$B$6:$B$100,'GP4 (2)'!$E$6:$E$100,"") -> 0.6 | O26: =_xlfn.XLOOKUP($C26,'GP5 (1)'!$B$6:$B$100,'GP5 (1)'!$E$6:$E$100,"") | P26: =_xlfn.XLOOKUP($C26,'GP5 (2)'!$B$6:$B$100,'GP5 (2)'!$E$6:$E$100,"") | Q26: =SUM(R26:AC26) -> 81 | R26: =_xlfn.XLOOKUP($C26,'MP (1)'!$B$6:$B$100,'MP (1)'!$F$6:$F$100,"") | S26: =_xlfn.XLOOKUP($C26,'MP (2)'!$B$6:$B$100,'MP (2)'!$F$6:$F$100,"") | T26: =_xlfn.XLOOKUP($C26,'GP1 (1)'!$B$6:$B$100,'GP1 (1)'!$F$6:$F$100,"") | U26: =_xlfn.XLOOKUP($C26,'GP1 (2)'!$B$6:$B$100,'GP1 (2)'!$F$6:$F$100,"") | V26: =_xlfn.XLOOKUP($C26,'GP2 (1)'!$B$8:$B$107,'GP2 (1)'!$F$8:$F$107,"") -> 20 | W26: =_xlfn.XLOOKUP($C26,'GP2 (2)'!$B$6:$B$99,'GP2 (2)'!$F$6:$F$99,"") -> 21 | X26: =_xlfn.XLOOKUP($C26,'GP3 (1)'!$B$6:$B$100,'GP3 (1)'!$F$6:$F$100,"") | Y26: =_xlfn.XLOOKUP($C26,'GP3 (2)'!$B$6:$B$100,'GP3 (2)'!$F$6:$F$100,"") | Z26: =_xlfn.XLOOKUP($C26,'GP4 (1)'!$B$6:$B$86,'GP4 (1)'!$F$6:$F$86,"") -> 21 | AA26: =_xlfn.XLOOKUP($C26,'GP4 (2)'!$B$6:$B$100,'GP4 (2)'!$F$6:$F$100,"") -> 19 | AB26: =_xlfn.XLOOKUP($C26,'GP5 (1)'!$B$6:$B$100,'GP5 (1)'!$F$6:$F$100,"") | AC26: =_xlfn.XLOOKUP($C26,'GP5 (2)'!$B$6:$B$100,'GP5 (2)'!$F$6:$F$100,"") | AD26: =SUM(AE26:AO26) -> 19 | AE26: =_xlfn.XLOOKUP($C26,'MP (1)'!$B$6:$B$100,'MP (1)'!$H$6:$H$100,"") | AF26: =_xlfn.XLOOKUP($C26,'MP (2)'!$B$6:$B$100,'MP (2)'!$H$6:$H$100,"") | AG26: =_xlfn.XLOOKUP($C26,'GP1 (1)'!$B$6:$B$100,'GP1 (1)'!$H$6:$H$100,"") | AH26: =_xlfn.XLOOKUP($C26,'GP1 (2)'!$B$6:$B$100,'GP1 (2)'!$H$6:$H$100,"") | AI26: =_xlfn.XLOOKUP($C26,'GP2 (1)'!$B$8:$B$107,'GP2 (1)'!$H$8:$H$107,"") -> 6 | AJ26: =_xlfn.XLOOKUP($C26,'GP2 (2)'!$B$6:$B$99,'GP2 (2)'!$H$6:$H$99,"") -> -1 | AK26: =_xlfn.XLOOKUP($C26,'GP3 (1)'!$B$6:$B$100,'GP3 (1)'!$H$6:$H$100,"") | AL26: =_xlfn.XLOOKUP($C26,'GP3 (2)'!$B$6:$B$100,'GP3 (2)'!$H$6:$H$100,"") | AM26: =_xlfn.XLOOKUP($C26,'GP4 (1)'!$B$6:$B$86,'GP4 (1)'!$H$6:$H$86,"") -> 9 | AN26: =_xlfn.XLOOKUP($C26,'GP4 (2)'!$B$6:$B$100,'GP4 (2)'!$H$6:$H$100,"") -> 5 | AO26: =_xlfn.XLOOKUP($C26,'GP5 (1)'!$B$6:$B$100,'GP5 (1)'!$H$6:$H$100,"") | AP26: =_xlfn.XLOOKUP($C26,'GP5 (2)'!$B$6:$B$100,'GP5 (2)'!$H$6:$H$100,"")
A27: =ROW()-4 -> 23 | B27: 3 | C27: CHUDYCKI Artur | D27: =SUM(E27:P27) -> 2.3 | E27: =_xlfn.XLOOKUP($C27,'MP (1)'!$B$6:$B$100,'MP (1)'!$E$6:$E$100,"") -> 0.5 | F27: =_xlfn.XLOOKUP($C27,'MP (2)'!$B$6:$B$100,'MP (2)'!$E$6:$E$100,"") -> 0.4 | G27: =_xlfn.XLOOKUP($C27,'GP1 (1)'!$B$6:$B$100,'GP1 (1)'!$E$6:$E$100,"") | H27: =_xlfn.XLOOKUP($C27,'GP1 (2)'!$B$6:$B$100,'GP1 (2)'!$E$6:$E$100,"") | I27: =_xlfn.XLOOKUP($C27,'GP2 (1)'!$B$6:$B$107,'GP2 (1)'!$E$6:$E$107,"") | J27: =_xlfn.XLOOKUP($C27,'GP2 (2)'!$B$6:$B$99,'GP2 (2)'!$E$6:$E$99,"") | K27: =_xlfn.XLOOKUP($C27,'GP3 (1)'!$B$6:$B$100,'GP3 (1)'!$E$6:$E$100,"") -> 0.25 | L27: =_xlfn.XLOOKUP($C27,'GP3 (2)'!$B$6:$B$100,'GP3 (2)'!$E$6:$E$100,"") -> 0 | M27: =_xlfn.XLOOKUP($C27,'GP4 (1)'!$B$6:$B$86,'GP4 (1)'!$E$6:$E$86,"") -> 0.2 | N27: =_xlfn.XLOOKUP($C27,'GP4 (2)'!$B$6:$B$100,'GP4 (2)'!$E$6:$E$100,"") -> 0.2 | O27: =_xlfn.XLOOKUP($C27,'GP5 (1)'!$B$6:$B$100,'GP5 (1)'!$E$6:$E$100,"") -> 0.5 | P27: =_xlfn.XLOOKUP($C27,'GP5 (2)'!$B$6:$B$100,'GP5 (2)'!$E$6:$E$100,"") -> 0.25 | Q27: =SUM(R27:AC27) -> 113 | R27: =_xlfn.XLOOKUP($C27,'MP (1)'!$B$6:$B$100,'MP (1)'!$F$6:$F$100,"") -> 22 | S27: =_xlfn.XLOOKUP($C27,'MP (2)'!$B$6:$B$100,'MP (2)'!$F$6:$F$100,"") -> 20 | T27: =_xlfn.XLOOKUP($C27,'GP1 (1)'!$B$6:$B$100,'GP1 (1)'!$F$6:$F$100,"") | U27: =_xlfn.XLOOKUP($C27,'GP1 (2)'!$B$6:$B$100,'GP1 (2)'!$F$6:$F$100,"") | V27: =_xlfn.XLOOKUP($C27,'GP2 (1)'!$B$8:$B$107,'GP2 (1)'!$F$8:$F$107,"") | W27: =_xlfn.XLOOKUP($C27,'GP2 (2)'!$B$6:$B$99,'GP2 (2)'!$F$6:$F$99,"") | X27: =_xlfn.XLOOKUP($C27,'GP3 (1)'!$B$6:$B$100,'GP3 (1)'!$F$6:$F$100,"") -> 8 | Y27: =_xlfn.XLOOKUP($C27,'GP3 (2)'!$B$6:$B$100,'GP3 (2)'!$F$6:$F$100,"") -> 15 | Z27: =_xlfn.XLOOKUP($C27,'GP4 (1)'!$B$6:$B$86,'GP4 (1)'!$F$6:$F$86,"") -> 14 | AA27: =_xlfn.XLOOKUP($C27,'GP4 (2)'!$B$6:$B$100,'GP4 (2)'!$F$6:$F$100,"") -> 12 | AB27: =_xlfn.XLOOKUP($C27,'GP5 (1)'!$B$6:$B$100,'GP5 (1)'!$F$6:$F$100,"") -> 12 | AC27: =_xlfn.XLOOKUP($C27,'GP5 (2)'!$B$6:$B$100,'GP5 (2)'!$F$6:$F$100,"") -> 10 | AD27: =SUM(AE27:AO27) -> -46 | AE27: =_xlfn.XLOOKUP($C27,'MP (1)'!$B$6:$B$100,'MP (1)'!$H$6:$H$100,"") -> -1 | AF27: =_xlfn.XLOOKUP($C27,'MP (2)'!$B$6:$B$100,'MP (2)'!$H$6:$H$100,"") -> -1 | AG27: =_xlfn.XLOOKUP($C27,'GP1 (1)'!$B$6:$B$100,'GP1 (1)'!$H$6:$H$100,"") | AH27: =_xlfn.XLOOKUP($C27,'GP1 (2)'!$B$6:$B$100,'GP1 (2)'!$H$6:$H$100,"") | AI27: =_xlfn.XLOOKUP($C27,'GP2 (1)'!$B$8:$B$107,'GP2 (1)'!$H$8:$H$107,"") | AJ27: =_xlfn.XLOOKUP($C27,'GP2 (2)'!$B$6:$B$99,'GP2 (2)'!$H$6:$H$99,"") | AK27: =_xlfn.XLOOKUP($C27,'GP3 (1)'!$B$6:$B$100,'GP3 (1)'!$H$6:$H$100,"") -> -9 | AL27: =_xlfn.XLOOKUP($C27,'GP3 (2)'!$B$6:$B$100,'GP3 (2)'!$H$6:$H$100,"") -> -15 | AM27: =_xlfn.XLOOKUP($C27,'GP4 (1)'!$B$6:$B$86,'GP4 (1)'!$H$6:$H$86,"") -> -7 | AN27: =_xlfn.XLOOKUP($C27,'GP4 (2)'!$B$6:$B$100,'GP4 (2)'!$H$6:$H$100,"") -> -10 | AO27: =_xlfn.XLOOKUP($C27,'GP5 (1)'!$B$6:$B$100,'GP5 (1)'!$H$6:$H$100,"") -> -3 | AP27: =_xlfn.XLOOKUP($C27,'GP5 (2)'!$B$6:$B$100,'GP5 (2)'!$H$6:$H$100,"") -> -6
A28: =ROW()-4 -> 24 | B28: 1 | C28: FRYDRYCH Aleksander | D28: =SUM(E28:P28) -> 2.26 | E28: =_xlfn.XLOOKUP($C28,'MP (1)'!$B$6:$B$100,'MP (1)'!$E$6:$E$100,"") | F28: =_xlfn.XLOOKUP($C28,'MP (2)'!$B$6:$B$100,'MP (2)'!$E$6:$E$100,"") | G28: =_xlfn.XLOOKUP($C28,'GP1 (1)'!$B$6:$B$100,'GP1 (1)'!$E$6:$E$100,"") -> 0.83 | H28: =_xlfn.XLOOKUP($C28,'GP1 (2)'!$B$6:$B$100,'GP1 (2)'!$E$6:$E$100,"") -> 0.5 | I28: =_xlfn.XLOOKUP($C28,'GP2 (1)'!$B$6:$B$107,'GP2 (1)'!$E$6:$E$107,"") -> 0.33 | J28: =_xlfn.XLOOKUP($C28,'GP2 (2)'!$B$6:$B$99,'GP2 (2)'!$E$6:$E$99,"") -> 0.6 | K28: =_xlfn.XLOOKUP($C28,'GP3 (1)'!$B$6:$B$100,'GP3 (1)'!$E$6:$E$100,"") | L28: =_xlfn.XLOOKUP($C28,'GP3 (2)'!$B$6:$B$100,'GP3 (2)'!$E$6:$E$100,"") | M28: =_xlfn.XLOOKUP($C28,'GP4 (1)'!$B$6:$B$86,'GP4 (1)'!$E$6:$E$86,"") | N28: =_xlfn.XLOOKUP($C28,'GP4 (2)'!$B$6:$B$100,'GP4 (2)'!$E$6:$E$100,"") | O28: =_xlfn.XLOOKUP($C28,'GP5 (1)'!$B$6:$B$100,'GP5 (1)'!$E$6:$E$100,"") | P28: =_xlfn.XLOOKUP($C28,'GP5 (2)'!$B$6:$B$100,'GP5 (2)'!$E$6:$E$100,"") | Q28: =SUM(R28:AC28) -> 89 | R28: =_xlfn.XLOOKUP($C28,'MP (1)'!$B$6:$B$100,'MP (1)'!$F$6:$F$100,"") | S28: =_xlfn.XLOOKUP($C28,'MP (2)'!$B$6:$B$100,'MP (2)'!$F$6:$F$100,"") | T28: =_xlfn.XLOOKUP($C28,'GP1 (1)'!$B$6:$B$100,'GP1 (1)'!$F$6:$F$100,"") -> 27 | U28: =_xlfn.XLOOKUP($C28,'GP1 (2)'!$B$6:$B$100,'GP1 (2)'!$F$6:$F$100,"") -> 23 | V28: =_xlfn.XLOOKUP($C28,'GP2 (1)'!$B$8:$B$107,'GP2 (1)'!$F$8:$F$107,"") -> 16 | W28: =_xlfn.XLOOKUP($C28,'GP2 (2)'!$B$6:$B$99,'GP2 (2)'!$F$6:$F$99,"") -> 23 | X28: =_xlfn.XLOOKUP($C28,'GP3 (1)'!$B$6:$B$100,'GP3 (1)'!$F$6:$F$100,"") | Y28: =_xlfn.XLOOKUP($C28,'GP3 (2)'!$B$6:$B$100,'GP3 (2)'!$F$6:$F$100,"") | Z28: =_xlfn.XLOOKUP($C28,'GP4 (1)'!$B$6:$B$86,'GP4 (1)'!$F$6:$F$86,"") | AA28: =_xlfn.XLOOKUP($C28,'GP4 (2)'!$B$6:$B$100,'GP4 (2)'!$F$6:$F$100,"") | AB28: =_xlfn.XLOOKUP($C28,'GP5 (1)'!$B$6:$B$100,'GP5 (1)'!$F$6:$F$100,"") | AC28: =_xlfn.XLOOKUP($C28,'GP5 (2)'!$B$6:$B$100,'GP5 (2)'!$F$6:$F$100,"") | AD28: =SUM(AE28:AO28) -> 9 | AE28: =_xlfn.XLOOKUP($C28,'MP (1)'!$B$6:$B$100,'MP (1)'!$H$6:$H$100,"") | AF28: =_xlfn.XLOOKUP($C28,'MP (2)'!$B$6:$B$100,'MP (2)'!$H$6:$H$100,"") | AG28: =_xlfn.XLOOKUP($C28,'GP1 (1)'!$B$6:$B$100,'GP1 (1)'!$H$6:$H$100,"") -> 9 | AH28: =_xlfn.XLOOKUP($C28,'GP1 (2)'!$B$6:$B$100,'GP1 (2)'!$H$6:$H$100,"") -> 5 | AI28: =_xlfn.XLOOKUP($C28,'GP2 (1)'!$B$8:$B$107,'GP2 (1)'!$H$8:$H$107,"") -> -8 | AJ28: =_xlfn.XLOOKUP($C28,'GP2 (2)'!$B$6:$B$99,'GP2 (2)'!$H$6:$H$99,"") -> 3 | AK28: =_xlfn.XLOOKUP($C28,'GP3 (1)'!$B$6:$B$100,'GP3 (1)'!$H$6:$H$100,"") | AL28: =_xlfn.XLOOKUP($C28,'GP3 (2)'!$B$6:$B$100,'GP3 (2)'!$H$6:$H$100,"") | AM28: =_xlfn.XLOOKUP($C28,'GP4 (1)'!$B$6:$B$86,'GP4 (1)'!$H$6:$H$86,"") | AN28: =_xlfn.XLOOKUP($C28,'GP4 (2)'!$B$6:$B$100,'GP4 (2)'!$H$6:$H$100,"") | AO28: =_xlfn.XLOOKUP($C28,'GP5 (1)'!$B$6:$B$100,'GP5 (1)'!$H$6:$H$100,"") | AP28: =_xlfn.XLOOKUP($C28,'GP5 (2)'!$B$6:$B$100,'GP5 (2)'!$H$6:$H$100,"")
A29: =ROW()-4 -> 25 | B29: 3 | C29: GRABOWSKI Romuald | D29: =SUM(E29:P29) -> 2.23 | E29: =_xlfn.XLOOKUP($C29,'MP (1)'!$B$6:$B$100,'MP (1)'!$E$6:$E$100,"") -> 0.2 | F29: =_xlfn.XLOOKUP($C29,'MP (2)'!$B$6:$B$100,'MP (2)'!$E$6:$E$100,"") -> 0.2 | G29: =_xlfn.XLOOKUP($C29,'GP1 (1)'!$B$6:$B$100,'GP1 (1)'!$E$6:$E$100,"") -> 0.4 | H29: =_xlfn.XLOOKUP($C29,'GP1 (2)'!$B$6:$B$100,'GP1 (2)'!$E$6:$E$100,"") -> 0.2 | I29: =_xlfn.XLOOKUP($C29,'GP2 (1)'!$B$8:$B$107,'GP2 (1)'!$E$8:$E$107,"") -> 0.4 | J29: =_xlfn.XLOOKUP($C29,'GP2 (2)'!$B$6:$B$99,'GP2 (2)'!$E$6:$E$99,"") -> 0.33 | K29: =_xlfn.XLOOKUP($C29,'GP3 (1)'!$B$6:$B$100,'GP3 (1)'!$E$6:$E$100,"") | L29: =_xlfn.XLOOKUP($C29,'GP3 (2)'!$B$6:$B$100,'GP3 (2)'!$E$6:$E$100,"") | M29: =_xlfn.XLOOKUP($C29,'GP4 (1)'!$B$6:$B$86,'GP4 (1)'!$E$6:$E$86,"") -> 0 | N29: =_xlfn.XLOOKUP($C29,'GP4 (2)'!$B$6:$B$100,'GP4 (2)'!$E$6:$E$100,"") -> 0 | O29: =_xlfn.XLOOKUP($C29,'GP5 (1)'!$B$6:$B$100,'GP5 (1)'!$E$6:$E$100,"") -> 0.25 | P29: =_xlfn.XLOOKUP($C29,'GP5 (2)'!$B$6:$B$100,'GP5 (2)'!$E$6:$E$100,"") -> 0.25 | Q29: =SUM(R29:AC29) -> 116 | R29: =_xlfn.XLOOKUP($C29,'MP (1)'!$B$6:$B$100,'MP (1)'!$F$6:$F$100,"") -> 12 | S29: =_xlfn.XLOOKUP($C29,'MP (2)'!$B$6:$B$100,'MP (2)'!$F$6:$F$100,"") -> 11 | T29: =_xlfn.XLOOKUP($C29,'GP1 (1)'!$B$6:$B$100,'GP1 (1)'!$F$6:$F$100,"") -> 15 | U29: =_xlfn.XLOOKUP($C29,'GP1 (2)'!$B$6:$B$100,'GP1 (2)'!$F$6:$F$100,"") -> 18 | V29: =_xlfn.XLOOKUP($C29,'GP2 (1)'!$B$8:$B$107,'GP2 (1)'!$F$8:$F$107,"") -> 12 | W29: =_xlfn.XLOOKUP($C29,'GP2 (2)'!$B$6:$B$99,'GP2 (2)'!$F$6:$F$99,"") -> 20 | X29: =_xlfn.XLOOKUP($C29,'GP3 (1)'!$B$6:$B$100,'GP3 (1)'!$F$6:$F$100,"") | Y29: =_xlfn.XLOOKUP($C29,'GP3 (2)'!$B$6:$B$100,'GP3 (2)'!$F$6:$F$100,"") | Z29: =_xlfn.XLOOKUP($C29,'GP4 (1)'!$B$6:$B$86,'GP4 (1)'!$F$6:$F$86,"") -> 6 | AA29: =_xlfn.XLOOKUP($C29,'GP4 (2)'!$B$6:$B$100,'GP4 (2)'!$F$6:$F$100,"") -> 6 | AB29: =_xlfn.XLOOKUP($C29,'GP5 (1)'!$B$6:$B$100,'GP5 (1)'!$F$6:$F$100,"") -> 9 | AC29: =_xlfn.XLOOKUP($C29,'GP5 (2)'!$B$6:$B$100,'GP5 (2)'!$F$6:$F$100,"") -> 7 | AD29: =SUM(AE29:AO29) -> -92 | AE29: =_xlfn.XLOOKUP($C29,'MP (1)'!$B$6:$B$100,'MP (1)'!$H$6:$H$100,"") -> -11 | AF29: =_xlfn.XLOOKUP($C29,'MP (2)'!$B$6:$B$100,'MP (2)'!$H$6:$H$100,"") -> -12 | AG29: =_xlfn.XLOOKUP($C29,'GP1 (1)'!$B$6:$B$100,'GP1 (1)'!$H$6:$H$100,"") -> -4 | AH29: =_xlfn.XLOOKUP($C29,'GP1 (2)'!$B$6:$B$100,'GP1 (2)'!$H$6:$H$100,"") -> -4 | AI29: =_xlfn.XLOOKUP($C29,'GP2 (1)'!$B$8:$B$107,'GP2 (1)'!$H$8:$H$107,"") -> -8 | AJ29: =_xlfn.XLOOKUP($C29,'GP2 (2)'!$B$6:$B$99,'GP2 (2)'!$H$6:$H$99,"") -> -1 | AK29: =_xlfn.XLOOKUP($C29,'GP3 (1)'!$B$6:$B$100,'GP3 (1)'!$H$6:$H$100,"") | AL29: =_xlfn.XLOOKUP($C29,'GP3 (2)'!$B$6:$B$100,'GP3 (2)'!$H$6:$H$100,"") | AM29: =_xlfn.XLOOKUP($C29,'GP4 (1)'!$B$6:$B$86,'GP4 (1)'!$H$6:$H$86,"") -> -24 | AN29: =_xlfn.XLOOKUP($C29,'GP4 (2)'!$B$6:$B$100,'GP4 (2)'!$H$6:$H$100,"") -> -19 | AO29: =_xlfn.XLOOKUP($C29,'GP5 (1)'!$B$6:$B$100,'GP5 (1)'!$H$6:$H$100,"") -> -9 | AP29: =_xlfn.XLOOKUP($C29,'GP5 (2)'!$B$6:$B$100,'GP5 (2)'!$H$6:$H$100,"") -> -11
A30: =ROW()-4 -> 26 | B30: 4 | C30: MAINKA Andrzej | D30: =SUM(E30:P30) -> 2.13 | E30: =_xlfn.XLOOKUP($C30,'MP (1)'!$B$6:$B$100,'MP (1)'!$E$6:$E$100,"") -> 0.6 | F30: =_xlfn.XLOOKUP($C30,'MP (2)'!$B$6:$B$100,'MP (2)'!$E$6:$E$100,"") -> 0.4 | G30: =_xlfn.XLOOKUP($C30,'GP1 (1)'!$B$6:$B$100,'GP1 (1)'!$E$6:$E$100,"") | H30: =_xlfn.XLOOKUP($C30,'GP1 (2)'!$B$6:$B$100,'GP1 (2)'!$E$6:$E$100,"") | I30: =_xlfn.XLOOKUP($C30,'GP2 (1)'!$B$6:$B$107,'GP2 (1)'!$E$6:$E$107,"") | J30: =_xlfn.XLOOKUP($C30,'GP2 (2)'!$B$6:$B$99,'GP2 (2)'!$E$6:$E$99,"") | K30: =_xlfn.XLOOKUP($C30,'GP3 (1)'!$B$6:$B$100,'GP3 (1)'!$E$6:$E$100,"") -> 0.4 | L30: =_xlfn.XLOOKUP($C30,'GP3 (2)'!$B$6:$B$100,'GP3 (2)'!$E$6:$E$100,"") -> 0.33 | M30: =_xlfn.XLOOKUP($C30,'GP4 (1)'!$B$6:$B$86,'GP4 (1)'!$E$6:$E$86,"") -> 0.2 | N30: =_xlfn.XLOOKUP($C30,'GP4 (2)'!$B$6:$B$100,'GP4 (2)'!$E$6:$E$100,"") -> 0.2 | O30: =_xlfn.XLOOKUP($C30,'GP5 (1)'!$B$6:$B$100,'GP5 (1)'!$E$6:$E$100,"") | P30: =_xlfn.XLOOKUP($C30,'GP5 (2)'!$B$6:$B$100,'GP5 (2)'!$E$6:$E$100,"") | Q30: =SUM(R30:AC30) -> 87 | R30: =_xlfn.XLOOKUP($C30,'MP (1)'!$B$6:$B$100,'MP (1)'!$F$6:$F$100,"") -> 17 | S30: =_xlfn.XLOOKUP($C30,'MP (2)'!$B$6:$B$100,'MP (2)'!$F$6:$F$100,"") -> 17 | T30: =_xlfn.XLOOKUP($C30,'GP1 (1)'!$B$6:$B$100,'GP1 (1)'!$F$6:$F$100,"") | U30: =_xlfn.XLOOKUP($C30,'GP1 (2)'!$B$6:$B$100,'GP1 (2)'!$F$6:$F$100,"") | V30: =_xlfn.XLOOKUP($C30,'GP2 (1)'!$B$8:$B$107,'GP2 (1)'!$F$8:$F$107,"") | W30: =_xlfn.XLOOKUP($C30,'GP2 (2)'!$B$6:$B$99,'GP2 (2)'!$F$6:$F$99,"") | X30: =_xlfn.XLOOKUP($C30,'GP3 (1)'!$B$6:$B$100,'GP3 (1)'!$F$6:$F$100,"") -> 11 | Y30: =_xlfn.XLOOKUP($C30,'GP3 (2)'!$B$6:$B$100,'GP3 (2)'!$F$6:$F$100,"") -> 18 | Z30: =_xlfn.XLOOKUP($C30,'GP4 (1)'!$B$6:$B$86,'GP4 (1)'!$F$6:$F$86,"") -> 9 | AA30: =_xlfn.XLOOKUP($C30,'GP4 (2)'!$B$6:$B$100,'GP4 (2)'!$F$6:$F$100,"") -> 15 | AB30: =_xlfn.XLOOKUP($C30,'GP5 (1)'!$B$6:$B$100,'GP5 (1)'!$F$6:$F$100,"") | AC30: =_xlfn.XLOOKUP($C30,'GP5 (2)'!$B$6:$B$100,'GP5 (2)'!$F$6:$F$100,"") | AD30: =SUM(AE30:AO30) -> -38 | AE30: =_xlfn.XLOOKUP($C30,'MP (1)'!$B$6:$B$100,'MP (1)'!$H$6:$H$100,"") -> 2 | AF30: =_xlfn.XLOOKUP($C30,'MP (2)'!$B$6:$B$100,'MP (2)'!$H$6:$H$100,"") -> -3 | AG30: =_xlfn.XLOOKUP($C30,'GP1 (1)'!$B$6:$B$100,'GP1 (1)'!$H$6:$H$100,"") | AH30: =_xlfn.XLOOKUP($C30,'GP1 (2)'!$B$6:$B$100,'GP1 (2)'!$H$6:$H$100,"") | AI30: =_xlfn.XLOOKUP($C30,'GP2 (1)'!$B$8:$B$107,'GP2 (1)'!$H$8:$H$107,"") | AJ30: =_xlfn.XLOOKUP($C30,'GP2 (2)'!$B$6:$B$99,'GP2 (2)'!$H$6:$H$99,"") | AK30: =_xlfn.XLOOKUP($C30,'GP3 (1)'!$B$6:$B$100,'GP3 (1)'!$H$6:$H$100,"") -> -10 | AL30: =_xlfn.XLOOKUP($C30,'GP3 (2)'!$B$6:$B$100,'GP3 (2)'!$H$6:$H$100,"") -> -6 | AM30: =_xlfn.XLOOKUP($C30,'GP4 (1)'!$B$6:$B$86,'GP4 (1)'!$H$6:$H$86,"") -> -13 | AN30: =_xlfn.XLOOKUP($C30,'GP4 (2)'!$B$6:$B$100,'GP4 (2)'!$H$6:$H$100,"") -> -8 | AO30: =_xlfn.XLOOKUP($C30,'GP5 (1)'!$B$6:$B$100,'GP5 (1)'!$H$6:$H$100,"") | AP30: =_xlfn.XLOOKUP($C30,'GP5 (2)'!$B$6:$B$100,'GP5 (2)'!$H$6:$H$100,"")
A31: =ROW()-4 -> 27 | B31: 0 | C31: GRACZYKOWSKI Mateusz | D31: =SUM(E31:P31) -> 2.1 | E31: =_xlfn.XLOOKUP($C31,'MP (1)'!$B$6:$B$100,'MP (1)'!$E$6:$E$100,"") | F31: =_xlfn.XLOOKUP($C31,'MP (2)'!$B$6:$B$100,'MP (2)'!$E$6:$E$100,"") | G31: =_xlfn.XLOOKUP($C31,'GP1 (1)'!$B$6:$B$100,'GP1 (1)'!$E$6:$E$100,"") -> 0.6 | H31: =_xlfn.XLOOKUP($C31,'GP1 (2)'!$B$6:$B$100,'GP1 (2)'!$E$6:$E$100,"") -> 0.6 | I31: =_xlfn.XLOOKUP($C31,'GP2 (1)'!$B$6:$B$107,'GP2 (1)'!$E$6:$E$107,"") -> 0.5 | J31: =_xlfn.XLOOKUP($C31,'GP2 (2)'!$B$6:$B$99,'GP2 (2)'!$E$6:$E$99,"") -> 0.4 | K31: =_xlfn.XLOOKUP($C31,'GP3 (1)'!$B$6:$B$100,'GP3 (1)'!$E$6:$E$100,"") | L31: =_xlfn.XLOOKUP($C31,'GP3 (2)'!$B$6:$B$100,'GP3 (2)'!$E$6:$E$100,"") | M31: =_xlfn.XLOOKUP($C31,'GP4 (1)'!$B$6:$B$86,'GP4 (1)'!$E$6:$E$86,"") | N31: =_xlfn.XLOOKUP($C31,'GP4 (2)'!$B$6:$B$100,'GP4 (2)'!$E$6:$E$100,"") | O31: =_xlfn.XLOOKUP($C31,'GP5 (1)'!$B$6:$B$100,'GP5 (1)'!$E$6:$E$100,"") | P31: =_xlfn.XLOOKUP($C31,'GP5 (2)'!$B$6:$B$100,'GP5 (2)'!$E$6:$E$100,"") | Q31: =SUM(R31:AC31) -> 75 | R31: =_xlfn.XLOOKUP($C31,'MP (1)'!$B$6:$B$100,'MP (1)'!$F$6:$F$100,"") | S31: =_xlfn.XLOOKUP($C31,'MP (2)'!$B$6:$B$100,'MP (2)'!$F$6:$F$100,"") | T31: =_xlfn.XLOOKUP($C31,'GP1 (1)'!$B$6:$B$100,'GP1 (1)'!$F$6:$F$100,"") -> 18 | U31: =_xlfn.XLOOKUP($C31,'GP1 (2)'!$B$6:$B$100,'GP1 (2)'!$F$6:$F$100,"") -> 20 | V31: =_xlfn.XLOOKUP($C31,'GP2 (1)'!$B$8:$B$107,'GP2 (1)'!$F$8:$F$107,"") -> 21 | W31: =_xlfn.XLOOKUP($C31,'GP2 (2)'!$B$6:$B$99,'GP2 (2)'!$F$6:$F$99,"") -> 16 | X31: =_xlfn.XLOOKUP($C31,'GP3 (1)'!$B$6:$B$100,'GP3 (1)'!$F$6:$F$100,"") | Y31: =_xlfn.XLOOKUP($C31,'GP3 (2)'!$B$6:$B$100,'GP3 (2)'!$F$6:$F$100,"") | Z31: =_xlfn.XLOOKUP($C31,'GP4 (1)'!$B$6:$B$86,'GP4 (1)'!$F$6:$F$86,"") | AA31: =_xlfn.XLOOKUP($C31,'GP4 (2)'!$B$6:$B$100,'GP4 (2)'!$F$6:$F$100,"") | AB31: =_xlfn.XLOOKUP($C31,'GP5 (1)'!$B$6:$B$100,'GP5 (1)'!$F$6:$F$100,"") | AC31: =_xlfn.XLOOKUP($C31,'GP5 (2)'!$B$6:$B$100,'GP5 (2)'!$F$6:$F$100,"") | AD31: =SUM(AE31:AO31) -> -4 | AE31: =_xlfn.XLOOKUP($C31,'MP (1)'!$B$6:$B$100,'MP (1)'!$H$6:$H$100,"") | AF31: =_xlfn.XLOOKUP($C31,'MP (2)'!$B$6:$B$100,'MP (2)'!$H$6:$H$100,"") | AG31: =_xlfn.XLOOKUP($C31,'GP1 (1)'!$B$6:$B$100,'GP1 (1)'!$H$6:$H$100,"") -> 0 | AH31: =_xlfn.XLOOKUP($C31,'GP1 (2)'!$B$6:$B$100,'GP1 (2)'!$H$6:$H$100,"") -> 1 | AI31: =_xlfn.XLOOKUP($C31,'GP2 (1)'!$B$8:$B$107,'GP2 (1)'!$H$8:$H$107,"") -> 0 | AJ31: =_xlfn.XLOOKUP($C31,'GP2 (2)'!$B$6:$B$99,'GP2 (2)'!$H$6:$H$99,"") -> -5 | AK31: =_xlfn.XLOOKUP($C31,'GP3 (1)'!$B$6:$B$100,'GP3 (1)'!$H$6:$H$100,"") | AL31: =_xlfn.XLOOKUP($C31,'GP3 (2)'!$B$6:$B$100,'GP3 (2)'!$H$6:$H$100,"") | AM31: =_xlfn.XLOOKUP($C31,'GP4 (1)'!$B$6:$B$86,'GP4 (1)'!$H$6:$H$86,"") | AN31: =_xlfn.XLOOKUP($C31,'GP4 (2)'!$B$6:$B$100,'GP4 (2)'!$H$6:$H$100,"") | AO31: =_xlfn.XLOOKUP($C31,'GP5 (1)'!$B$6:$B$100,'GP5 (1)'!$H$6:$H$100,"") | AP31: =_xlfn.XLOOKUP($C31,'GP5 (2)'!$B$6:$B$100,'GP5 (2)'!$H$6:$H$100,"")
A32: =ROW()-4 -> 28 | B32: 2 | C32: NOWICKI Wiesław | D32: =SUM(E32:P32) -> 2.07 | E32: =_xlfn.XLOOKUP($C32,'MP (1)'!$B$6:$B$100,'MP (1)'!$E$6:$E$100,"") -> 0.8 | F32: =_xlfn.XLOOKUP($C32,'MP (2)'!$B$6:$B$100,'MP (2)'!$E$6:$E$100,"") -> 0.67 | G32: =_xlfn.XLOOKUP($C32,'GP1 (1)'!$B$6:$B$100,'GP1 (1)'!$E$6:$E$100,"") | H32: =_xlfn.XLOOKUP($C32,'GP1 (2)'!$B$6:$B$100,'GP1 (2)'!$E$6:$E$100,"") | I32: =_xlfn.XLOOKUP($C32,'GP2 (1)'!$B$6:$B$107,'GP2 (1)'!$E$6:$E$107,"") | J32: =_xlfn.XLOOKUP($C32,'GP2 (2)'!$B$6:$B$99,'GP2 (2)'!$E$6:$E$99,"") | K32: =_xlfn.XLOOKUP($C32,'GP3 (1)'!$B$6:$B$100,'GP3 (1)'!$E$6:$E$100,"") | L32: =_xlfn.XLOOKUP($C32,'GP3 (2)'!$B$6:$B$100,'GP3 (2)'!$E$6:$E$100,"") | M32: =_xlfn.XLOOKUP($C32,'GP4 (1)'!$B$6:$B$86,'GP4 (1)'!$E$6:$E$86,"") -> 0.4 | N32: =_xlfn.XLOOKUP($C32,'GP4 (2)'!$B$6:$B$100,'GP4 (2)'!$E$6:$E$100,"") -> 0.2 | O32: =_xlfn.XLOOKUP($C32,'GP5 (1)'!$B$6:$B$100,'GP5 (1)'!$E$6:$E$100,"") | P32: =_xlfn.XLOOKUP($C32,'GP5 (2)'!$B$6:$B$100,'GP5 (2)'!$E$6:$E$100,"") | Q32: =SUM(R32:AC32) -> 73 | R32: =_xlfn.XLOOKUP($C32,'MP (1)'!$B$6:$B$100,'MP (1)'!$F$6:$F$100,"") -> 22 | S32: =_xlfn.XLOOKUP($C32,'MP (2)'!$B$6:$B$100,'MP (2)'!$F$6:$F$100,"") -> 22 | T32: =_xlfn.XLOOKUP($C32,'GP1 (1)'!$B$6:$B$100,'GP1 (1)'!$F$6:$F$100,"") | U32: =_xlfn.XLOOKUP($C32,'GP1 (2)'!$B$6:$B$100,'GP1 (2)'!$F$6:$F$100,"") | V32: =_xlfn.XLOOKUP($C32,'GP2 (1)'!$B$8:$B$107,'GP2 (1)'!$F$8:$F$107,"") | W32: =_xlfn.XLOOKUP($C32,'GP2 (2)'!$B$6:$B$99,'GP2 (2)'!$F$6:$F$99,"") | X32: =_xlfn.XLOOKUP($C32,'GP3 (1)'!$B$6:$B$100,'GP3 (1)'!$F$6:$F$100,"") | Y32: =_xlfn.XLOOKUP($C32,'GP3 (2)'!$B$6:$B$100,'GP3 (2)'!$F$6:$F$100,"") | Z32: =_xlfn.XLOOKUP($C32,'GP4 (1)'!$B$6:$B$86,'GP4 (1)'!$F$6:$F$86,"") -> 17 | AA32: =_xlfn.XLOOKUP($C32,'GP4 (2)'!$B$6:$B$100,'GP4 (2)'!$F$6:$F$100,"") -> 12 | AB32: =_xlfn.XLOOKUP($C32,'GP5 (1)'!$B$6:$B$100,'GP5 (1)'!$F$6:$F$100,"") | AC32: =_xlfn.XLOOKUP($C32,'GP5 (2)'!$B$6:$B$100,'GP5 (2)'!$F$6:$F$100,"") | AD32: =SUM(AE32:AO32) -> -5 | AE32: =_xlfn.XLOOKUP($C32,'MP (1)'!$B$6:$B$100,'MP (1)'!$H$6:$H$100,"") -> 3 | AF32: =_xlfn.XLOOKUP($C32,'MP (2)'!$B$6:$B$100,'MP (2)'!$H$6:$H$100,"") -> 5 | AG32: =_xlfn.XLOOKUP($C32,'GP1 (1)'!$B$6:$B$100,'GP1 (1)'!$H$6:$H$100,"") | AH32: =_xlfn.XLOOKUP($C32,'GP1 (2)'!$B$6:$B$100,'GP1 (2)'!$H$6:$H$100,"") | AI32: =_xlfn.XLOOKUP($C32,'GP2 (1)'!$B$8:$B$107,'GP2 (1)'!$H$8:$H$107,"") | AJ32: =_xlfn.XLOOKUP($C32,'GP2 (2)'!$B$6:$B$99,'GP2 (2)'!$H$6:$H$99,"") | AK32: =_xlfn.XLOOKUP($C32,'GP3 (1)'!$B$6:$B$100,'GP3 (1)'!$H$6:$H$100,"") | AL32: =_xlfn.XLOOKUP($C32,'GP3 (2)'!$B$6:$B$100,'GP3 (2)'!$H$6:$H$100,"") | AM32: =_xlfn.XLOOKUP($C32,'GP4 (1)'!$B$6:$B$86,'GP4 (1)'!$H$6:$H$86,"") -> -2 | AN32: =_xlfn.XLOOKUP($C32,'GP4 (2)'!$B$6:$B$100,'GP4 (2)'!$H$6:$H$100,"") -> -11 | AO32: =_xlfn.XLOOKUP($C32,'GP5 (1)'!$B$6:$B$100,'GP5 (1)'!$H$6:$H$100,"") | AP32: =_xlfn.XLOOKUP($C32,'GP5 (2)'!$B$6:$B$100,'GP5 (2)'!$H$6:$H$100,"")
A33: =ROW()-4 -> 29 | B33: 3 | C33: FUHRMANN Ulrike | D33: =SUM(E33:P33) -> 2.06 | E33: =_xlfn.XLOOKUP($C33,'MP (1)'!$B$6:$B$100,'MP (1)'!$E$6:$E$100,"") -> 0 | F33: =_xlfn.XLOOKUP($C33,'MP (2)'!$B$6:$B$100,'MP (2)'!$E$6:$E$100,"") -> 0.33 | G33: =_xlfn.XLOOKUP($C33,'GP1 (1)'!$B$6:$B$100,'GP1 (1)'!$E$6:$E$100,"") | H33: =_xlfn.XLOOKUP($C33,'GP1 (2)'!$B$6:$B$100,'GP1 (2)'!$E$6:$E$100,"") | I33: =_xlfn.XLOOKUP($C33,'GP2 (1)'!$B$6:$B$107,'GP2 (1)'!$E$6:$E$107,"") -> 0.33 | J33: =_xlfn.XLOOKUP($C33,'GP2 (2)'!$B$6:$B$99,'GP2 (2)'!$E$6:$E$99,"") -> 0.4 | K33: =_xlfn.XLOOKUP($C33,'GP3 (1)'!$B$6:$B$100,'GP3 (1)'!$E$6:$E$100,"") | L33: =_xlfn.XLOOKUP($C33,'GP3 (2)'!$B$6:$B$100,'GP3 (2)'!$E$6:$E$100,"") | M33: =_xlfn.XLOOKUP($C33,'GP4 (1)'!$B$6:$B$86,'GP4 (1)'!$E$6:$E$86,"") -> 0.6 | N33: =_xlfn.XLOOKUP($C33,'GP4 (2)'!$B$6:$B$100,'GP4 (2)'!$E$6:$E$100,"") -> 0.4 | O33: =_xlfn.XLOOKUP($C33,'GP5 (1)'!$B$6:$B$100,'GP5 (1)'!$E$6:$E$100,"") | P33: =_xlfn.XLOOKUP($C33,'GP5 (2)'!$B$6:$B$100,'GP5 (2)'!$E$6:$E$100,"") | Q33: =SUM(R33:AC33) -> 98 | R33: =_xlfn.XLOOKUP($C33,'MP (1)'!$B$6:$B$100,'MP (1)'!$F$6:$F$100,"") -> 10 | S33: =_xlfn.XLOOKUP($C33,'MP (2)'!$B$6:$B$100,'MP (2)'!$F$6:$F$100,"") -> 23 | T33: =_xlfn.XLOOKUP($C33,'GP1 (1)'!$B$6:$B$100,'GP1 (1)'!$F$6:$F$100,"") | U33: =_xlfn.XLOOKUP($C33,'GP1 (2)'!$B$6:$B$100,'GP1 (2)'!$F$6:$F$100,"") | V33: =_xlfn.XLOOKUP($C33,'GP2 (1)'!$B$8:$B$107,'GP2 (1)'!$F$8:$F$107,"") -> 16 | W33: =_xlfn.XLOOKUP($C33,'GP2 (2)'!$B$6:$B$99,'GP2 (2)'!$F$6:$F$99,"") -> 16 | X33: =_xlfn.XLOOKUP($C33,'GP3 (1)'!$B$6:$B$100,'GP3 (1)'!$F$6:$F$100,"") | Y33: =_xlfn.XLOOKUP($C33,'GP3 (2)'!$B$6:$B$100,'GP3 (2)'!$F$6:$F$100,"") | Z33: =_xlfn.XLOOKUP($C33,'GP4 (1)'!$B$6:$B$86,'GP4 (1)'!$F$6:$F$86,"") -> 16 | AA33: =_xlfn.XLOOKUP($C33,'GP4 (2)'!$B$6:$B$100,'GP4 (2)'!$F$6:$F$100,"") -> 17 | AB33: =_xlfn.XLOOKUP($C33,'GP5 (1)'!$B$6:$B$100,'GP5 (1)'!$F$6:$F$100,"") | AC33: =_xlfn.XLOOKUP($C33,'GP5 (2)'!$B$6:$B$100,'GP5 (2)'!$F$6:$F$100,"") | AD33: =SUM(AE33:AO33) -> -26 | AE33: =_xlfn.XLOOKUP($C33,'MP (1)'!$B$6:$B$100,'MP (1)'!$H$6:$H$100,"") -> -15 | AF33: =_xlfn.XLOOKUP($C33,'MP (2)'!$B$6:$B$100,'MP (2)'!$H$6:$H$100,"") -> 0 | AG33: =_xlfn.XLOOKUP($C33,'GP1 (1)'!$B$6:$B$100,'GP1 (1)'!$H$6:$H$100,"") | AH33: =_xlfn.XLOOKUP($C33,'GP1 (2)'!$B$6:$B$100,'GP1 (2)'!$H$6:$H$100,"") | AI33: =_xlfn.XLOOKUP($C33,'GP2 (1)'!$B$8:$B$107,'GP2 (1)'!$H$8:$H$107,"") -> -5 | AJ33: =_xlfn.XLOOKUP($C33,'GP2 (2)'!$B$6:$B$99,'GP2 (2)'!$H$6:$H$99,"") -> -5 | AK33: =_xlfn.XLOOKUP($C33,'GP3 (1)'!$B$6:$B$100,'GP3 (1)'!$H$6:$H$100,"") | AL33: =_xlfn.XLOOKUP($C33,'GP3 (2)'!$B$6:$B$100,'GP3 (2)'!$H$6:$H$100,"") | AM33: =_xlfn.XLOOKUP($C33,'GP4 (1)'!$B$6:$B$86,'GP4 (1)'!$H$6:$H$86,"") -> -1 | AN33: =_xlfn.XLOOKUP($C33,'GP4 (2)'!$B$6:$B$100,'GP4 (2)'!$H$6:$H$100,"") -> 0 | AO33: =_xlfn.XLOOKUP($C33,'GP5 (1)'!$B$6:$B$100,'GP5 (1)'!$H$6:$H$100,"") | AP33: =_xlfn.XLOOKUP($C33,'GP5 (2)'!$B$6:$B$100,'GP5 (2)'!$H$6:$H$100,"")
A34: =ROW()-4 -> 30 | B34: 1 | C34: LITWIŃSKI Maciej | D34: =SUM(E34:P34) -> 2 | E34: =_xlfn.XLOOKUP($C34,'MP (1)'!$B$6:$B$100,'MP (1)'!$E$6:$E$100,"") | F34: =_xlfn.XLOOKUP($C34,'MP (2)'!$B$6:$B$100,'MP (2)'!$E$6:$E$100,"") | G34: =_xlfn.XLOOKUP($C34,'GP1 (1)'!$B$6:$B$100,'GP1 (1)'!$E$6:$E$100,"") | H34: =_xlfn.XLOOKUP($C34,'GP1 (2)'!$B$6:$B$100,'GP1 (2)'!$E$6:$E$100,"") | I34: =_xlfn.XLOOKUP($C34,'GP2 (1)'!$B$8:$B$107,'GP2 (1)'!$E$8:$E$107,"") | J34: =_xlfn.XLOOKUP($C34,'GP2 (2)'!$B$6:$B$99,'GP2 (2)'!$E$6:$E$99,"") | K34: =_xlfn.XLOOKUP($C34,'GP3 (1)'!$B$6:$B$100,'GP3 (1)'!$E$6:$E$100,"") | L34: =_xlfn.XLOOKUP($C34,'GP3 (2)'!$B$6:$B$100,'GP3 (2)'!$E$6:$E$100,"") | M34: =_xlfn.XLOOKUP($C34,'GP4 (1)'!$B$6:$B$86,'GP4 (1)'!$E$6:$E$86,"") -> 1 | N34: =_xlfn.XLOOKUP($C34,'GP4 (2)'!$B$6:$B$100,'GP4 (2)'!$E$6:$E$100,"") -> 1 | O34: =_xlfn.XLOOKUP($C34,'GP5 (1)'!$B$6:$B$100,'GP5 (1)'!$E$6:$E$100,"") | P34: =_xlfn.XLOOKUP($C34,'GP5 (2)'!$B$6:$B$100,'GP5 (2)'!$E$6:$E$100,"") | Q34: =SUM(R34:AC34) -> 55 | R34: =_xlfn.XLOOKUP($C34,'MP (1)'!$B$6:$B$100,'MP (1)'!$F$6:$F$100,"") | S34: =_xlfn.XLOOKUP($C34,'MP (2)'!$B$6:$B$100,'MP (2)'!$F$6:$F$100,"") | T34: =_xlfn.XLOOKUP($C34,'GP1 (1)'!$B$6:$B$100,'GP1 (1)'!$F$6:$F$100,"") | U34: =_xlfn.XLOOKUP($C34,'GP1 (2)'!$B$6:$B$100,'GP1 (2)'!$F$6:$F$100,"") | V34: =_xlfn.XLOOKUP($C34,'GP2 (1)'!$B$8:$B$107,'GP2 (1)'!$F$8:$F$107,"") | W34: =_xlfn.XLOOKUP($C34,'GP2 (2)'!$B$6:$B$99,'GP2 (2)'!$F$6:$F$99,"") | X34: =_xlfn.XLOOKUP($C34,'GP3 (1)'!$B$6:$B$100,'GP3 (1)'!$F$6:$F$100,"") | Y34: =_xlfn.XLOOKUP($C34,'GP3 (2)'!$B$6:$B$100,'GP3 (2)'!$F$6:$F$100,"") | Z34: =_xlfn.XLOOKUP($C34,'GP4 (1)'!$B$6:$B$86,'GP4 (1)'!$F$6:$F$86,"") -> 30 | AA34: =_xlfn.XLOOKUP($C34,'GP4 (2)'!$B$6:$B$100,'GP4 (2)'!$F$6:$F$100,"") -> 25 | AB34: =_xlfn.XLOOKUP($C34,'GP5 (1)'!$B$6:$B$100,'GP5 (1)'!$F$6:$F$100,"") | AC34: =_xlfn.XLOOKUP($C34,'GP5 (2)'!$B$6:$B$100,'GP5 (2)'!$F$6:$F$100,"") | AD34: =SUM(AE34:AO34) -> 39 | AE34: =_xlfn.XLOOKUP($C34,'MP (1)'!$B$6:$B$100,'MP (1)'!$H$6:$H$100,"") | AF34: =_xlfn.XLOOKUP($C34,'MP (2)'!$B$6:$B$100,'MP (2)'!$H$6:$H$100,"") | AG34: =_xlfn.XLOOKUP($C34,'GP1 (1)'!$B$6:$B$100,'GP1 (1)'!$H$6:$H$100,"") | AH34: =_xlfn.XLOOKUP($C34,'GP1 (2)'!$B$6:$B$100,'GP1 (2)'!$H$6:$H$100,"") | AI34: =_xlfn.XLOOKUP($C34,'GP2 (1)'!$B$8:$B$107,'GP2 (1)'!$H$8:$H$107,"") | AJ34: =_xlfn.XLOOKUP($C34,'GP2 (2)'!$B$6:$B$99,'GP2 (2)'!$H$6:$H$99,"") | AK34: =_xlfn.XLOOKUP($C34,'GP3 (1)'!$B$6:$B$100,'GP3 (1)'!$H$6:$H$100,"") | AL34: =_xlfn.XLOOKUP($C34,'GP3 (2)'!$B$6:$B$100,'GP3 (2)'!$H$6:$H$100,"") | AM34: =_xlfn.XLOOKUP($C34,'GP4 (1)'!$B$6:$B$86,'GP4 (1)'!$H$6:$H$86,"") -> 18 | AN34: =_xlfn.XLOOKUP($C34,'GP4 (2)'!$B$6:$B$100,'GP4 (2)'!$H$6:$H$100,"") -> 21 | AO34: =_xlfn.XLOOKUP($C34,'GP5 (1)'!$B$6:$B$100,'GP5 (1)'!$H$6:$H$100,"") | AP34: =_xlfn.XLOOKUP($C34,'GP5 (2)'!$B$6:$B$100,'GP5 (2)'!$H$6:$H$100,"")
A35: =ROW()-4 -> 31 | B35: 2 | C35: JASIŃSKI Tomasz | D35: =SUM(E35:P35) -> 1.8 | E35: =_xlfn.XLOOKUP($C35,'MP (1)'!$B$6:$B$100,'MP (1)'!$E$6:$E$100,"") | F35: =_xlfn.XLOOKUP($C35,'MP (2)'!$B$6:$B$100,'MP (2)'!$E$6:$E$100,"") | G35: =_xlfn.XLOOKUP($C35,'GP1 (1)'!$B$6:$B$100,'GP1 (1)'!$E$6:$E$100,"") | H35: =_xlfn.XLOOKUP($C35,'GP1 (2)'!$B$6:$B$100,'GP1 (2)'!$E$6:$E$100,"") | I35: =_xlfn.XLOOKUP($C35,'GP2 (1)'!$B$8:$B$107,'GP2 (1)'!$E$8:$E$107,"") | J35: =_xlfn.XLOOKUP($C35,'GP2 (2)'!$B$6:$B$99,'GP2 (2)'!$E$6:$E$99,"") | K35: =_xlfn.XLOOKUP($C35,'GP3 (1)'!$B$6:$B$100,'GP3 (1)'!$E$6:$E$100,"") | L35: =_xlfn.XLOOKUP($C35,'GP3 (2)'!$B$6:$B$100,'GP3 (2)'!$E$6:$E$100,"") | M35: =_xlfn.XLOOKUP($C35,'GP4 (1)'!$B$6:$B$86,'GP4 (1)'!$E$6:$E$86,"") -> 1 | N35: =_xlfn.XLOOKUP($C35,'GP4 (2)'!$B$6:$B$100,'GP4 (2)'!$E$6:$E$100,"") -> 0.8 | O35: =_xlfn.XLOOKUP($C35,'GP5 (1)'!$B$6:$B$100,'GP5 (1)'!$E$6:$E$100,"") | P35: =_xlfn.XLOOKUP($C35,'GP5 (2)'!$B$6:$B$100,'GP5 (2)'!$E$6:$E$100,"") | Q35: =SUM(R35:AC35) -> 49 | R35: =_xlfn.XLOOKUP($C35,'MP (1)'!$B$6:$B$100,'MP (1)'!$F$6:$F$100,"") | S35: =_xlfn.XLOOKUP($C35,'MP (2)'!$B$6:$B$100,'MP (2)'!$F$6:$F$100,"") | T35: =_xlfn.XLOOKUP($C35,'GP1 (1)'!$B$6:$B$100,'GP1 (1)'!$F$6:$F$100,"") | U35: =_xlfn.XLOOKUP($C35,'GP1 (2)'!$B$6:$B$100,'GP1 (2)'!$F$6:$F$100,"") | V35: =_xlfn.XLOOKUP($C35,'GP2 (1)'!$B$8:$B$107,'GP2 (1)'!$F$8:$F$107,"") | W35: =_xlfn.XLOOKUP($C35,'GP2 (2)'!$B$6:$B$99,'GP2 (2)'!$F$6:$F$99,"") | X35: =_xlfn.XLOOKUP($C35,'GP3 (1)'!$B$6:$B$100,'GP3 (1)'!$F$6:$F$100,"") | Y35: =_xlfn.XLOOKUP($C35,'GP3 (2)'!$B$6:$B$100,'GP3 (2)'!$F$6:$F$100,"") | Z35: =_xlfn.XLOOKUP($C35,'GP4 (1)'!$B$6:$B$86,'GP4 (1)'!$F$6:$F$86,"") -> 25 | AA35: =_xlfn.XLOOKUP($C35,'GP4 (2)'!$B$6:$B$100,'GP4 (2)'!$F$6:$F$100,"") -> 24 | AB35: =_xlfn.XLOOKUP($C35,'GP5 (1)'!$B$6:$B$100,'GP5 (1)'!$F$6:$F$100,"") | AC35: =_xlfn.XLOOKUP($C35,'GP5 (2)'!$B$6:$B$100,'GP5 (2)'!$F$6:$F$100,"") | AD35: =SUM(AE35:AO35) -> 27 | AE35: =_xlfn.XLOOKUP($C35,'MP (1)'!$B$6:$B$100,'MP (1)'!$H$6:$H$100,"") | AF35: =_xlfn.XLOOKUP($C35,'MP (2)'!$B$6:$B$100,'MP (2)'!$H$6:$H$100,"") | AG35: =_xlfn.XLOOKUP($C35,'GP1 (1)'!$B$6:$B$100,'GP1 (1)'!$H$6:$H$100,"") | AH35: =_xlfn.XLOOKUP($C35,'GP1 (2)'!$B$6:$B$100,'GP1 (2)'!$H$6:$H$100,"") | AI35: =_xlfn.XLOOKUP($C35,'GP2 (1)'!$B$8:$B$107,'GP2 (1)'!$H$8:$H$107,"") | AJ35: =_xlfn.XLOOKUP($C35,'GP2 (2)'!$B$6:$B$99,'GP2 (2)'!$H$6:$H$99,"") | AK35: =_xlfn.XLOOKUP($C35,'GP3 (1)'!$B$6:$B$100,'GP3 (1)'!$H$6:$H$100,"") | AL35: =_xlfn.XLOOKUP($C35,'GP3 (2)'!$B$6:$B$100,'GP3 (2)'!$H$6:$H$100,"") | AM35: =_xlfn.XLOOKUP($C35,'GP4 (1)'!$B$6:$B$86,'GP4 (1)'!$H$6:$H$86,"") -> 15 | AN35: =_xlfn.XLOOKUP($C35,'GP4 (2)'!$B$6:$B$100,'GP4 (2)'!$H$6:$H$100,"") -> 12 | AO35: =_xlfn.XLOOKUP($C35,'GP5 (1)'!$B$6:$B$100,'GP5 (1)'!$H$6:$H$100,"") | AP35: =_xlfn.XLOOKUP($C35,'GP5 (2)'!$B$6:$B$100,'GP5 (2)'!$H$6:$H$100,"")
A36: =ROW()-4 -> 32 | B36: 2 | C36: ZABŁOCKI Michał | D36: =SUM(E36:P36) -> 1.67 | E36: =_xlfn.XLOOKUP($C36,'MP (1)'!$B$6:$B$100,'MP (1)'!$E$6:$E$100,"") | F36: =_xlfn.XLOOKUP($C36,'MP (2)'!$B$6:$B$100,'MP (2)'!$E$6:$E$100,"") | G36: =_xlfn.XLOOKUP($C36,'GP1 (1)'!$B$6:$B$100,'GP1 (1)'!$E$6:$E$100,"") | H36: =_xlfn.XLOOKUP($C36,'GP1 (2)'!$B$6:$B$100,'GP1 (2)'!$E$6:$E$100,"") | I36: =_xlfn.XLOOKUP($C36,'GP2 (1)'!$B$6:$B$107,'GP2 (1)'!$E$6:$E$107,"") | J36: =_xlfn.XLOOKUP($C36,'GP2 (2)'!$B$6:$B$99,'GP2 (2)'!$E$6:$E$99,"") | K36: =_xlfn.XLOOKUP($C36,'GP3 (1)'!$B$6:$B$100,'GP3 (1)'!$E$6:$E$100,"") -> 1 | L36: =_xlfn.XLOOKUP($C36,'GP3 (2)'!$B$6:$B$100,'GP3 (2)'!$E$6:$E$100,"") -> 0.67 | M36: =_xlfn.XLOOKUP($C36,'GP4 (1)'!$B$6:$B$86,'GP4 (1)'!$E$6:$E$86,"") | N36: =_xlfn.XLOOKUP($C36,'GP4 (2)'!$B$6:$B$100,'GP4 (2)'!$E$6:$E$100,"") | O36: =_xlfn.XLOOKUP($C36,'GP5 (1)'!$B$6:$B$100,'GP5 (1)'!$E$6:$E$100,"") | P36: =_xlfn.XLOOKUP($C36,'GP5 (2)'!$B$6:$B$100,'GP5 (2)'!$E$6:$E$100,"") | Q36: =SUM(R36:AC36) -> 43 | R36: =_xlfn.XLOOKUP($C36,'MP (1)'!$B$6:$B$100,'MP (1)'!$F$6:$F$100,"") | S36: =_xlfn.XLOOKUP($C36,'MP (2)'!$B$6:$B$100,'MP (2)'!$F$6:$F$100,"") | T36: =_xlfn.XLOOKUP($C36,'GP1 (1)'!$B$6:$B$100,'GP1 (1)'!$F$6:$F$100,"") | U36: =_xlfn.XLOOKUP($C36,'GP1 (2)'!$B$6:$B$100,'GP1 (2)'!$F$6:$F$100,"") | V36: =_xlfn.XLOOKUP($C36,'GP2 (1)'!$B$8:$B$107,'GP2 (1)'!$F$8:$F$107,"") | W36: =_xlfn.XLOOKUP($C36,'GP2 (2)'!$B$6:$B$99,'GP2 (2)'!$F$6:$F$99,"") | X36: =_xlfn.XLOOKUP($C36,'GP3 (1)'!$B$6:$B$100,'GP3 (1)'!$F$6:$F$100,"") -> 20 | Y36: =_xlfn.XLOOKUP($C36,'GP3 (2)'!$B$6:$B$100,'GP3 (2)'!$F$6:$F$100,"") -> 23 | Z36: =_xlfn.XLOOKUP($C36,'GP4 (1)'!$B$6:$B$86,'GP4 (1)'!$F$6:$F$86,"") | AA36: =_xlfn.XLOOKUP($C36,'GP4 (2)'!$B$6:$B$100,'GP4 (2)'!$F$6:$F$100,"") | AB36: =_xlfn.XLOOKUP($C36,'GP5 (1)'!$B$6:$B$100,'GP5 (1)'!$F$6:$F$100,"") | AC36: =_xlfn.XLOOKUP($C36,'GP5 (2)'!$B$6:$B$100,'GP5 (2)'!$F$6:$F$100,"") | AD36: =SUM(AE36:AO36) -> 23 | AE36: =_xlfn.XLOOKUP($C36,'MP (1)'!$B$6:$B$100,'MP (1)'!$H$6:$H$100,"") | AF36: =_xlfn.XLOOKUP($C36,'MP (2)'!$B$6:$B$100,'MP (2)'!$H$6:$H$100,"") | AG36: =_xlfn.XLOOKUP($C36,'GP1 (1)'!$B$6:$B$100,'GP1 (1)'!$H$6:$H$100,"") | AH36: =_xlfn.XLOOKUP($C36,'GP1 (2)'!$B$6:$B$100,'GP1 (2)'!$H$6:$H$100,"") | AI36: =_xlfn.XLOOKUP($C36,'GP2 (1)'!$B$8:$B$107,'GP2 (1)'!$H$8:$H$107,"") | AJ36: =_xlfn.XLOOKUP($C36,'GP2 (2)'!$B$6:$B$99,'GP2 (2)'!$H$6:$H$99,"") | AK36: =_xlfn.XLOOKUP($C36,'GP3 (1)'!$B$6:$B$100,'GP3 (1)'!$H$6:$H$100,"") -> 14 | AL36: =_xlfn.XLOOKUP($C36,'GP3 (2)'!$B$6:$B$100,'GP3 (2)'!$H$6:$H$100,"") -> 9 | AM36: =_xlfn.XLOOKUP($C36,'GP4 (1)'!$B$6:$B$86,'GP4 (1)'!$H$6:$H$86,"") | AN36: =_xlfn.XLOOKUP($C36,'GP4 (2)'!$B$6:$B$100,'GP4 (2)'!$H$6:$H$100,"") | AO36: =_xlfn.XLOOKUP($C36,'GP5 (1)'!$B$6:$B$100,'GP5 (1)'!$H$6:$H$100,"") | AP36: =_xlfn.XLOOKUP($C36,'GP5 (2)'!$B$6:$B$100,'GP5 (2)'!$H$6:$H$100,"")
A37: =ROW()-4 -> 33 | B37: 3 | C37: WOJCIECHOWSKI Marek | D37: =SUM(E37:P37) -> 1.5 | E37: =_xlfn.XLOOKUP($C37,'MP (1)'!$B$6:$B$100,'MP (1)'!$E$6:$E$100,"") -> 0.2 | F37: =_xlfn.XLOOKUP($C37,'MP (2)'!$B$6:$B$100,'MP (2)'!$E$6:$E$100,"") -> 0.2 | G37: =_xlfn.XLOOKUP($C37,'GP1 (1)'!$B$6:$B$100,'GP1 (1)'!$E$6:$E$100,"") | H37: =_xlfn.XLOOKUP($C37,'GP1 (2)'!$B$6:$B$100,'GP1 (2)'!$E$6:$E$100,"") | I37: =_xlfn.XLOOKUP($C37,'GP2 (1)'!$B$6:$B$107,'GP2 (1)'!$E$6:$E$107,"") | J37: =_xlfn.XLOOKUP($C37,'GP2 (2)'!$B$6:$B$99,'GP2 (2)'!$E$6:$E$99,"") | K37: =_xlfn.XLOOKUP($C37,'GP3 (1)'!$B$6:$B$100,'GP3 (1)'!$E$6:$E$100,"") -> 0 | L37: =_xlfn.XLOOKUP($C37,'GP3 (2)'!$B$6:$B$100,'GP3 (2)'!$E$6:$E$100,"") | M37: =_xlfn.XLOOKUP($C37,'GP4 (1)'!$B$6:$B$86,'GP4 (1)'!$E$6:$E$86,"") -> 0.2 | N37: =_xlfn.XLOOKUP($C37,'GP4 (2)'!$B$6:$B$100,'GP4 (2)'!$E$6:$E$100,"") -> 0.4 | O37: =_xlfn.XLOOKUP($C37,'GP5 (1)'!$B$6:$B$100,'GP5 (1)'!$E$6:$E$100,"") -> 0.25 | P37: =_xlfn.XLOOKUP($C37,'GP5 (2)'!$B$6:$B$100,'GP5 (2)'!$E$6:$E$100,"") -> 0.25 | Q37: =SUM(R37:AC37) -> 70 | R37: =_xlfn.XLOOKUP($C37,'MP (1)'!$B$6:$B$100,'MP (1)'!$F$6:$F$100,"") -> 10 | S37: =_xlfn.XLOOKUP($C37,'MP (2)'!$B$6:$B$100,'MP (2)'!$F$6:$F$100,"") -> 11 | T37: =_xlfn.XLOOKUP($C37,'GP1 (1)'!$B$6:$B$100,'GP1 (1)'!$F$6:$F$100,"") | U37: =_xlfn.XLOOKUP($C37,'GP1 (2)'!$B$6:$B$100,'GP1 (2)'!$F$6:$F$100,"") | V37: =_xlfn.XLOOKUP($C37,'GP2 (1)'!$B$8:$B$107,'GP2 (1)'!$F$8:$F$107,"") | W37: =_xlfn.XLOOKUP($C37,'GP2 (2)'!$B$6:$B$99,'GP2 (2)'!$F$6:$F$99,"") | X37: =_xlfn.XLOOKUP($C37,'GP3 (1)'!$B$6:$B$100,'GP3 (1)'!$F$6:$F$100,"") -> 2 | Y37: =_xlfn.XLOOKUP($C37,'GP3 (2)'!$B$6:$B$100,'GP3 (2)'!$F$6:$F$100,"") | Z37: =_xlfn.XLOOKUP($C37,'GP4 (1)'!$B$6:$B$86,'GP4 (1)'!$F$6:$F$86,"") -> 10 | AA37: =_xlfn.XLOOKUP($C37,'GP4 (2)'!$B$6:$B$100,'GP4 (2)'!$F$6:$F$100,"") -> 18 | AB37: =_xlfn.XLOOKUP($C37,'GP5 (1)'!$B$6:$B$100,'GP5 (1)'!$F$6:$F$100,"") -> 9 | AC37: =_xlfn.XLOOKUP($C37,'GP5 (2)'!$B$6:$B$100,'GP5 (2)'!$F$6:$F$100,"") -> 10 | AD37: =SUM(AE37:AO37) -> -62 | AE37: =_xlfn.XLOOKUP($C37,'MP (1)'!$B$6:$B$100,'MP (1)'!$H$6:$H$100,"") -> -11 | AF37: =_xlfn.XLOOKUP($C37,'MP (2)'!$B$6:$B$100,'MP (2)'!$H$6:$H$100,"") -> -10 | AG37: =_xlfn.XLOOKUP($C37,'GP1 (1)'!$B$6:$B$100,'GP1 (1)'!$H$6:$H$100,"") | AH37: =_xlfn.XLOOKUP($C37,'GP1 (2)'!$B$6:$B$100,'GP1 (2)'!$H$6:$H$100,"") | AI37: =_xlfn.XLOOKUP($C37,'GP2 (1)'!$B$8:$B$107,'GP2 (1)'!$H$8:$H$107,"") | AJ37: =_xlfn.XLOOKUP($C37,'GP2 (2)'!$B$6:$B$99,'GP2 (2)'!$H$6:$H$99,"") | AK37: =_xlfn.XLOOKUP($C37,'GP3 (1)'!$B$6:$B$100,'GP3 (1)'!$H$6:$H$100,"") -> -18 | AL37: =_xlfn.XLOOKUP($C37,'GP3 (2)'!$B$6:$B$100,'GP3 (2)'!$H$6:$H$100,"") | AM37: =_xlfn.XLOOKUP($C37,'GP4 (1)'!$B$6:$B$86,'GP4 (1)'!$H$6:$H$86,"") -> -13 | AN37: =_xlfn.XLOOKUP($C37,'GP4 (2)'!$B$6:$B$100,'GP4 (2)'!$H$6:$H$100,"") -> -1 | AO37: =_xlfn.XLOOKUP($C37,'GP5 (1)'!$B$6:$B$100,'GP5 (1)'!$H$6:$H$100,"") -> -9 | AP37: =_xlfn.XLOOKUP($C37,'GP5 (2)'!$B$6:$B$100,'GP5 (2)'!$H$6:$H$100,"") -> -9
A38: =ROW()-4 -> 34 | B38: 3 | C38: KIERSZNICKI Ryszard | D38: =SUM(E38:P38) -> 1.48 | E38: =_xlfn.XLOOKUP($C38,'MP (1)'!$B$6:$B$100,'MP (1)'!$E$6:$E$100,"") -> 0.33 | F38: =_xlfn.XLOOKUP($C38,'MP (2)'!$B$6:$B$100,'MP (2)'!$E$6:$E$100,"") -> 0.33 | G38: =_xlfn.XLOOKUP($C38,'GP1 (1)'!$B$6:$B$100,'GP1 (1)'!$E$6:$E$100,"") -> 0.17 | H38: =_xlfn.XLOOKUP($C38,'GP1 (2)'!$B$6:$B$100,'GP1 (2)'!$E$6:$E$100,"") -> 0 | I38: =_xlfn.XLOOKUP($C38,'GP2 (1)'!$B$6:$B$107,'GP2 (1)'!$E$6:$E$107,"") | J38: =_xlfn.XLOOKUP($C38,'GP2 (2)'!$B$6:$B$99,'GP2 (2)'!$E$6:$E$99,"") | K38: =_xlfn.XLOOKUP($C38,'GP3 (1)'!$B$6:$B$100,'GP3 (1)'!$E$6:$E$100,"") | L38: =_xlfn.XLOOKUP($C38,'GP3 (2)'!$B$6:$B$100,'GP3 (2)'!$E$6:$E$100,"") | M38: =_xlfn.XLOOKUP($C38,'GP4 (1)'!$B$6:$B$86,'GP4 (1)'!$E$6:$E$86,"") -> 0.2 | N38: =_xlfn.XLOOKUP($C38,'GP4 (2)'!$B$6:$B$100,'GP4 (2)'!$E$6:$E$100,"") -> 0.2 | O38: =_xlfn.XLOOKUP($C38,'GP5 (1)'!$B$6:$B$100,'GP5 (1)'!$E$6:$E$100,"") -> 0.25 | P38: =_xlfn.XLOOKUP($C38,'GP5 (2)'!$B$6:$B$100,'GP5 (2)'!$E$6:$E$100,"") -> 0 | Q38: =SUM(R38:AC38) -> 91 | R38: =_xlfn.XLOOKUP($C38,'MP (1)'!$B$6:$B$100,'MP (1)'!$F$6:$F$100,"") -> 20 | S38: =_xlfn.XLOOKUP($C38,'MP (2)'!$B$6:$B$100,'MP (2)'!$F$6:$F$100,"") -> 16 | T38: =_xlfn.XLOOKUP($C38,'GP1 (1)'!$B$6:$B$100,'GP1 (1)'!$F$6:$F$100,"") -> 8 | U38: =_xlfn.XLOOKUP($C38,'GP1 (2)'!$B$6:$B$100,'GP1 (2)'!$F$6:$F$100,"") -> 7 | V38: =_xlfn.XLOOKUP($C38,'GP2 (1)'!$B$8:$B$107,'GP2 (1)'!$F$8:$F$107,"") | W38: =_xlfn.XLOOKUP($C38,'GP2 (2)'!$B$6:$B$99,'GP2 (2)'!$F$6:$F$99,"") | X38: =_xlfn.XLOOKUP($C38,'GP3 (1)'!$B$6:$B$100,'GP3 (1)'!$F$6:$F$100,"") | Y38: =_xlfn.XLOOKUP($C38,'GP3 (2)'!$B$6:$B$100,'GP3 (2)'!$F$6:$F$100,"") | Z38: =_xlfn.XLOOKUP($C38,'GP4 (1)'!$B$6:$B$86,'GP4 (1)'!$F$6:$F$86,"") -> 15 | AA38: =_xlfn.XLOOKUP($C38,'GP4 (2)'!$B$6:$B$100,'GP4 (2)'!$F$6:$F$100,"") -> 9 | AB38: =_xlfn.XLOOKUP($C38,'GP5 (1)'!$B$6:$B$100,'GP5 (1)'!$F$6:$F$100,"") -> 12 | AC38: =_xlfn.XLOOKUP($C38,'GP5 (2)'!$B$6:$B$100,'GP5 (2)'!$F$6:$F$100,"") -> 4 | AD38: =SUM(AE38:AO38) -> -78 | AE38: =_xlfn.XLOOKUP($C38,'MP (1)'!$B$6:$B$100,'MP (1)'!$H$6:$H$100,"") -> -2 | AF38: =_xlfn.XLOOKUP($C38,'MP (2)'!$B$6:$B$100,'MP (2)'!$H$6:$H$100,"") -> -11 | AG38: =_xlfn.XLOOKUP($C38,'GP1 (1)'!$B$6:$B$100,'GP1 (1)'!$H$6:$H$100,"") -> -20 | AH38: =_xlfn.XLOOKUP($C38,'GP1 (2)'!$B$6:$B$100,'GP1 (2)'!$H$6:$H$100,"") -> -18 | AI38: =_xlfn.XLOOKUP($C38,'GP2 (1)'!$B$8:$B$107,'GP2 (1)'!$H$8:$H$107,"") | AJ38: =_xlfn.XLOOKUP($C38,'GP2 (2)'!$B$6:$B$99,'GP2 (2)'!$H$6:$H$99,"") | AK38: =_xlfn.XLOOKUP($C38,'GP3 (1)'!$B$6:$B$100,'GP3 (1)'!$H$6:$H$100,"") | AL38: =_xlfn.XLOOKUP($C38,'GP3 (2)'!$B$6:$B$100,'GP3 (2)'!$H$6:$H$100,"") | AM38: =_xlfn.XLOOKUP($C38,'GP4 (1)'!$B$6:$B$86,'GP4 (1)'!$H$6:$H$86,"") -> -7 | AN38: =_xlfn.XLOOKUP($C38,'GP4 (2)'!$B$6:$B$100,'GP4 (2)'!$H$6:$H$100,"") -> -14 | AO38: =_xlfn.XLOOKUP($C38,'GP5 (1)'!$B$6:$B$100,'GP5 (1)'!$H$6:$H$100,"") -> -6 | AP38: =_xlfn.XLOOKUP($C38,'GP5 (2)'!$B$6:$B$100,'GP5 (2)'!$H$6:$H$100,"") -> -16
A39: =ROW()-4 -> 35 | B39: 2 | C39: BARAŃSKI Wacław | D39: =SUM(E39:P39) -> 1.44 | E39: =_xlfn.XLOOKUP($C39,'MP (1)'!$B$6:$B$100,'MP (1)'!$E$6:$E$100,"") -> 0.17 | F39: =_xlfn.XLOOKUP($C39,'MP (2)'!$B$6:$B$100,'MP (2)'!$E$6:$E$100,"") -> 0.5 | G39: =_xlfn.XLOOKUP($C39,'GP1 (1)'!$B$6:$B$100,'GP1 (1)'!$E$6:$E$100,"") | H39: =_xlfn.XLOOKUP($C39,'GP1 (2)'!$B$6:$B$100,'GP1 (2)'!$E$6:$E$100,"") | I39: =_xlfn.XLOOKUP($C39,'GP2 (1)'!$B$6:$B$107,'GP2 (1)'!$E$6:$E$107,"") -> 0 | J39: =_xlfn.XLOOKUP($C39,'GP2 (2)'!$B$6:$B$99,'GP2 (2)'!$E$6:$E$99,"") -> 0 | K39: =_xlfn.XLOOKUP($C39,'GP3 (1)'!$B$6:$B$100,'GP3 (1)'!$E$6:$E$100,"") -> 0.4 | L39: =_xlfn.XLOOKUP($C39,'GP3 (2)'!$B$6:$B$100,'GP3 (2)'!$E$6:$E$100,"") -> 0.17 | M39: =_xlfn.XLOOKUP($C39,'GP4 (1)'!$B$6:$B$86,'GP4 (1)'!$E$6:$E$86,"") -> 0.2 | N39: =_xlfn.XLOOKUP($C39,'GP4 (2)'!$B$6:$B$100,'GP4 (2)'!$E$6:$E$100,"") -> 0 | O39: =_xlfn.XLOOKUP($C39,'GP5 (1)'!$B$6:$B$100,'GP5 (1)'!$E$6:$E$100,"") | P39: =_xlfn.XLOOKUP($C39,'GP5 (2)'!$B$6:$B$100,'GP5 (2)'!$E$6:$E$100,"") | Q39: =SUM(R39:AC39) -> 94 | R39: =_xlfn.XLOOKUP($C39,'MP (1)'!$B$6:$B$100,'MP (1)'!$F$6:$F$100,"") -> 10 | S39: =_xlfn.XLOOKUP($C39,'MP (2)'!$B$6:$B$100,'MP (2)'!$F$6:$F$100,"") -> 17 | T39: =_xlfn.XLOOKUP($C39,'GP1 (1)'!$B$6:$B$100,'GP1 (1)'!$F$6:$F$100,"") | U39: =_xlfn.XLOOKUP($C39,'GP1 (2)'!$B$6:$B$100,'GP1 (2)'!$F$6:$F$100,"") | V39: =_xlfn.XLOOKUP($C39,'GP2 (1)'!$B$8:$B$107,'GP2 (1)'!$F$8:$F$107,"") -> 5 | W39: =_xlfn.XLOOKUP($C39,'GP2 (2)'!$B$6:$B$99,'GP2 (2)'!$F$6:$F$99,"") -> 12 | X39: =_xlfn.XLOOKUP($C39,'GP3 (1)'!$B$6:$B$100,'GP3 (1)'!$F$6:$F$100,"") -> 21 | Y39: =_xlfn.XLOOKUP($C39,'GP3 (2)'!$B$6:$B$100,'GP3 (2)'!$F$6:$F$100,"") -> 13 | Z39: =_xlfn.XLOOKUP($C39,'GP4 (1)'!$B$6:$B$86,'GP4 (1)'!$F$6:$F$86,"") -> 13 | AA39: =_xlfn.XLOOKUP($C39,'GP4 (2)'!$B$6:$B$100,'GP4 (2)'!$F$6:$F$100,"") -> 3 | AB39: =_xlfn.XLOOKUP($C39,'GP5 (1)'!$B$6:$B$100,'GP5 (1)'!$F$6:$F$100,"") | AC39: =_xlfn.XLOOKUP($C39,'GP5 (2)'!$B$6:$B$100,'GP5 (2)'!$F$6:$F$100,"") | AD39: =SUM(AE39:AO39) -> -101 | AE39: =_xlfn.XLOOKUP($C39,'MP (1)'!$B$6:$B$100,'MP (1)'!$H$6:$H$100,"") -> -19 | AF39: =_xlfn.XLOOKUP($C39,'MP (2)'!$B$6:$B$100,'MP (2)'!$H$6:$H$100,"") -> -5 | AG39: =_xlfn.XLOOKUP($C39,'GP1 (1)'!$B$6:$B$100,'GP1 (1)'!$H$6:$H$100,"") | AH39: =_xlfn.XLOOKUP($C39,'GP1 (2)'!$B$6:$B$100,'GP1 (2)'!$H$6:$H$100,"") | AI39: =_xlfn.XLOOKUP($C39,'GP2 (1)'!$B$8:$B$107,'GP2 (1)'!$H$8:$H$107,"") -> -20 | AJ39: =_xlfn.XLOOKUP($C39,'GP2 (2)'!$B$6:$B$99,'GP2 (2)'!$H$6:$H$99,"") -> -13 | AK39: =_xlfn.XLOOKUP($C39,'GP3 (1)'!$B$6:$B$100,'GP3 (1)'!$H$6:$H$100,"") -> -2 | AL39: =_xlfn.XLOOKUP($C39,'GP3 (2)'!$B$6:$B$100,'GP3 (2)'!$H$6:$H$100,"") -> -13 | AM39: =_xlfn.XLOOKUP($C39,'GP4 (1)'!$B$6:$B$86,'GP4 (1)'!$H$6:$H$86,"") -> -7 | AN39: =_xlfn.XLOOKUP($C39,'GP4 (2)'!$B$6:$B$100,'GP4 (2)'!$H$6:$H$100,"") -> -22 | AO39: =_xlfn.XLOOKUP($C39,'GP5 (1)'!$B$6:$B$100,'GP5 (1)'!$H$6:$H$100,"") | AP39: =_xlfn.XLOOKUP($C39,'GP5 (2)'!$B$6:$B$100,'GP5 (2)'!$H$6:$H$100,"")
A40: =ROW()-4 -> 36 | B40: 0 | C40: BROMBEREK Angelika | D40: =SUM(E40:P40) -> 1.4 | E40: =_xlfn.XLOOKUP($C40,'MP (1)'!$B$6:$B$100,'MP (1)'!$E$6:$E$100,"") | F40: =_xlfn.XLOOKUP($C40,'MP (2)'!$B$6:$B$100,'MP (2)'!$E$6:$E$100,"") | G40: =_xlfn.XLOOKUP($C40,'GP1 (1)'!$B$6:$B$100,'GP1 (1)'!$E$6:$E$100,"") | H40: =_xlfn.XLOOKUP($C40,'GP1 (2)'!$B$6:$B$100,'GP1 (2)'!$E$6:$E$100,"") | I40: =_xlfn.XLOOKUP($C40,'GP2 (1)'!$B$6:$B$107,'GP2 (1)'!$E$6:$E$107,"") | J40: =_xlfn.XLOOKUP($C40,'GP2 (2)'!$B$6:$B$99,'GP2 (2)'!$E$6:$E$99,"") | K40: =_xlfn.XLOOKUP($C40,'GP3 (1)'!$B$6:$B$100,'GP3 (1)'!$E$6:$E$100,"") | L40: =_xlfn.XLOOKUP($C40,'GP3 (2)'!$B$6:$B$100,'GP3 (2)'!$E$6:$E$100,"") | M40: =_xlfn.XLOOKUP($C40,'GP4 (1)'!$B$6:$B$86,'GP4 (1)'!$E$6:$E$86,"") -> 0.6 | N40: =_xlfn.XLOOKUP($C40,'GP4 (2)'!$B$6:$B$100,'GP4 (2)'!$E$6:$E$100,"") -> 0.8 | O40: =_xlfn.XLOOKUP($C40,'GP5 (1)'!$B$6:$B$100,'GP5 (1)'!$E$6:$E$100,"") | P40: =_xlfn.XLOOKUP($C40,'GP5 (2)'!$B$6:$B$100,'GP5 (2)'!$E$6:$E$100,"") | Q40: =SUM(R40:AC40) -> 40 | R40: =_xlfn.XLOOKUP($C40,'MP (1)'!$B$6:$B$100,'MP (1)'!$F$6:$F$100,"") | S40: =_xlfn.XLOOKUP($C40,'MP (2)'!$B$6:$B$100,'MP (2)'!$F$6:$F$100,"") | T40: =_xlfn.XLOOKUP($C40,'GP1 (1)'!$B$6:$B$100,'GP1 (1)'!$F$6:$F$100,"") | U40: =_xlfn.XLOOKUP($C40,'GP1 (2)'!$B$6:$B$100,'GP1 (2)'!$F$6:$F$100,"") | V40: =_xlfn.XLOOKUP($C40,'GP2 (1)'!$B$8:$B$107,'GP2 (1)'!$F$8:$F$107,"") | W40: =_xlfn.XLOOKUP($C40,'GP2 (2)'!$B$6:$B$99,'GP2 (2)'!$F$6:$F$99,"") | X40: =_xlfn.XLOOKUP($C40,'GP3 (1)'!$B$6:$B$100,'GP3 (1)'!$F$6:$F$100,"") | Y40: =_xlfn.XLOOKUP($C40,'GP3 (2)'!$B$6:$B$100,'GP3 (2)'!$F$6:$F$100,"") | Z40: =_xlfn.XLOOKUP($C40,'GP4 (1)'!$B$6:$B$86,'GP4 (1)'!$F$6:$F$86,"") -> 20 | AA40: =_xlfn.XLOOKUP($C40,'GP4 (2)'!$B$6:$B$100,'GP4 (2)'!$F$6:$F$100,"") -> 20 | AB40: =_xlfn.XLOOKUP($C40,'GP5 (1)'!$B$6:$B$100,'GP5 (1)'!$F$6:$F$100,"") | AC40: =_xlfn.XLOOKUP($C40,'GP5 (2)'!$B$6:$B$100,'GP5 (2)'!$F$6:$F$100,"") | AD40: =SUM(AE40:AO40) -> 7 | AE40: =_xlfn.XLOOKUP($C40,'MP (1)'!$B$6:$B$100,'MP (1)'!$H$6:$H$100,"") | AF40: =_xlfn.XLOOKUP($C40,'MP (2)'!$B$6:$B$100,'MP (2)'!$H$6:$H$100,"") | AG40: =_xlfn.XLOOKUP($C40,'GP1 (1)'!$B$6:$B$100,'GP1 (1)'!$H$6:$H$100,"") | AH40: =_xlfn.XLOOKUP($C40,'GP1 (2)'!$B$6:$B$100,'GP1 (2)'!$H$6:$H$100,"") | AI40: =_xlfn.XLOOKUP($C40,'GP2 (1)'!$B$8:$B$107,'GP2 (1)'!$H$8:$H$107,"") | AJ40: =_xlfn.XLOOKUP($C40,'GP2 (2)'!$B$6:$B$99,'GP2 (2)'!$H$6:$H$99,"") | AK40: =_xlfn.XLOOKUP($C40,'GP3 (1)'!$B$6:$B$100,'GP3 (1)'!$H$6:$H$100,"") | AL40: =_xlfn.XLOOKUP($C40,'GP3 (2)'!$B$6:$B$100,'GP3 (2)'!$H$6:$H$100,"") | AM40: =_xlfn.XLOOKUP($C40,'GP4 (1)'!$B$6:$B$86,'GP4 (1)'!$H$6:$H$86,"") -> 2 | AN40: =_xlfn.XLOOKUP($C40,'GP4 (2)'!$B$6:$B$100,'GP4 (2)'!$H$6:$H$100,"") -> 5 | AO40: =_xlfn.XLOOKUP($C40,'GP5 (1)'!$B$6:$B$100,'GP5 (1)'!$H$6:$H$100,"") | AP40: =_xlfn.XLOOKUP($C40,'GP5 (2)'!$B$6:$B$100,'GP5 (2)'!$H$6:$H$100,"")
A41: =ROW()-4 -> 37 | B41: 0 | C41: KĘDZIORA Agata | D41: =SUM(E41:P41) -> 1.4 | E41: =_xlfn.XLOOKUP($C41,'MP (1)'!$B$6:$B$100,'MP (1)'!$E$6:$E$100,"") -> 1 | F41: =_xlfn.XLOOKUP($C41,'MP (2)'!$B$6:$B$100,'MP (2)'!$E$6:$E$100,"") -> 0.4 | G41: =_xlfn.XLOOKUP($C41,'GP1 (1)'!$B$6:$B$100,'GP1 (1)'!$E$6:$E$100,"") | H41: =_xlfn.XLOOKUP($C41,'GP1 (2)'!$B$6:$B$100,'GP1 (2)'!$E$6:$E$100,"") | I41: =_xlfn.XLOOKUP($C41,'GP2 (1)'!$B$6:$B$107,'GP2 (1)'!$E$6:$E$107,"") | J41: =_xlfn.XLOOKUP($C41,'GP2 (2)'!$B$6:$B$99,'GP2 (2)'!$E$6:$E$99,"") | K41: =_xlfn.XLOOKUP($C41,'GP3 (1)'!$B$6:$B$100,'GP3 (1)'!$E$6:$E$100,"") | L41: =_xlfn.XLOOKUP($C41,'GP3 (2)'!$B$6:$B$100,'GP3 (2)'!$E$6:$E$100,"") | M41: =_xlfn.XLOOKUP($C41,'GP4 (1)'!$B$6:$B$86,'GP4 (1)'!$E$6:$E$86,"") | N41: =_xlfn.XLOOKUP($C41,'GP4 (2)'!$B$6:$B$100,'GP4 (2)'!$E$6:$E$100,"") | O41: =_xlfn.XLOOKUP($C41,'GP5 (1)'!$B$6:$B$100,'GP5 (1)'!$E$6:$E$100,"") | P41: =_xlfn.XLOOKUP($C41,'GP5 (2)'!$B$6:$B$100,'GP5 (2)'!$E$6:$E$100,"") | Q41: =SUM(R41:AC41) -> 50 | R41: =_xlfn.XLOOKUP($C41,'MP (1)'!$B$6:$B$100,'MP (1)'!$F$6:$F$100,"") -> 30 | S41: =_xlfn.XLOOKUP($C41,'MP (2)'!$B$6:$B$100,'MP (2)'!$F$6:$F$100,"") -> 20 | T41: =_xlfn.XLOOKUP($C41,'GP1 (1)'!$B$6:$B$100,'GP1 (1)'!$F$6:$F$100,"") | U41: =_xlfn.XLOOKUP($C41,'GP1 (2)'!$B$6:$B$100,'GP1 (2)'!$F$6:$F$100,"") | V41: =_xlfn.XLOOKUP($C41,'GP2 (1)'!$B$8:$B$107,'GP2 (1)'!$F$8:$F$107,"") | W41: =_xlfn.XLOOKUP($C41,'GP2 (2)'!$B$6:$B$99,'GP2 (2)'!$F$6:$F$99,"") | X41: =_xlfn.XLOOKUP($C41,'GP3 (1)'!$B$6:$B$100,'GP3 (1)'!$F$6:$F$100,"") | Y41: =_xlfn.XLOOKUP($C41,'GP3 (2)'!$B$6:$B$100,'GP3 (2)'!$F$6:$F$100,"") | Z41: =_xlfn.XLOOKUP($C41,'GP4 (1)'!$B$6:$B$86,'GP4 (1)'!$F$6:$F$86,"") | AA41: =_xlfn.XLOOKUP($C41,'GP4 (2)'!$B$6:$B$100,'GP4 (2)'!$F$6:$F$100,"") | AB41: =_xlfn.XLOOKUP($C41,'GP5 (1)'!$B$6:$B$100,'GP5 (1)'!$F$6:$F$100,"") | AC41: =_xlfn.XLOOKUP($C41,'GP5 (2)'!$B$6:$B$100,'GP5 (2)'!$F$6:$F$100,"") | AD41: =SUM(AE41:AO41) -> 21 | AE41: =_xlfn.XLOOKUP($C41,'MP (1)'!$B$6:$B$100,'MP (1)'!$H$6:$H$100,"") -> 19 | AF41: =_xlfn.XLOOKUP($C41,'MP (2)'!$B$6:$B$100,'MP (2)'!$H$6:$H$100,"") -> 2 | AG41: =_xlfn.XLOOKUP($C41,'GP1 (1)'!$B$6:$B$100,'GP1 (1)'!$H$6:$H$100,"") | AH41: =_xlfn.XLOOKUP($C41,'GP1 (2)'!$B$6:$B$100,'GP1 (2)'!$H$6:$H$100,"") | AI41: =_xlfn.XLOOKUP($C41,'GP2 (1)'!$B$8:$B$107,'GP2 (1)'!$H$8:$H$107,"") | AJ41: =_xlfn.XLOOKUP($C41,'GP2 (2)'!$B$6:$B$99,'GP2 (2)'!$H$6:$H$99,"") | AK41: =_xlfn.XLOOKUP($C41,'GP3 (1)'!$B$6:$B$100,'GP3 (1)'!$H$6:$H$100,"") | AL41: =_xlfn.XLOOKUP($C41,'GP3 (2)'!$B$6:$B$100,'GP3 (2)'!$H$6:$H$100,"") | AM41: =_xlfn.XLOOKUP($C41,'GP4 (1)'!$B$6:$B$86,'GP4 (1)'!$H$6:$H$86,"") | AN41: =_xlfn.XLOOKUP($C41,'GP4 (2)'!$B$6:$B$100,'GP4 (2)'!$H$6:$H$100,"") | AO41: =_xlfn.XLOOKUP($C41,'GP5 (1)'!$B$6:$B$100,'GP5 (1)'!$H$6:$H$100,"") | AP41: =_xlfn.XLOOKUP($C41,'GP5 (2)'!$B$6:$B$100,'GP5 (2)'!$H$6:$H$100,"")
A42: =ROW()-4 -> 38 | B42: 0 | C42: GRABOWSKI Sebastian | D42: =SUM(E42:P42) -> 1.37 | E42: =_xlfn.XLOOKUP($C42,'MP (1)'!$B$6:$B$100,'MP (1)'!$E$6:$E$100,"") | F42: =_xlfn.XLOOKUP($C42,'MP (2)'!$B$6:$B$100,'MP (2)'!$E$6:$E$100,"") | G42: =_xlfn.XLOOKUP($C42,'GP1 (1)'!$B$6:$B$100,'GP1 (1)'!$E$6:$E$100,"") -> 0.2 | H42: =_xlfn.XLOOKUP($C42,'GP1 (2)'!$B$6:$B$100,'GP1 (2)'!$E$6:$E$100,"") -> 0.17 | I42: =_xlfn.XLOOKUP($C42,'GP2 (1)'!$B$8:$B$107,'GP2 (1)'!$E$8:$E$107,"") -> 0.2 | J42: =_xlfn.XLOOKUP($C42,'GP2 (2)'!$B$6:$B$99,'GP2 (2)'!$E$6:$E$99,"") -> 0.4 | K42: =_xlfn.XLOOKUP($C42,'GP3 (1)'!$B$6:$B$100,'GP3 (1)'!$E$6:$E$100,"") | L42: =_xlfn.XLOOKUP($C42,'GP3 (2)'!$B$6:$B$100,'GP3 (2)'!$E$6:$E$100,"") | M42: =_xlfn.XLOOKUP($C42,'GP4 (1)'!$B$6:$B$86,'GP4 (1)'!$E$6:$E$86,"") -> 0.2 | N42: =_xlfn.XLOOKUP($C42,'GP4 (2)'!$B$6:$B$100,'GP4 (2)'!$E$6:$E$100,"") -> 0.2 | O42: =_xlfn.XLOOKUP($C42,'GP5 (1)'!$B$6:$B$100,'GP5 (1)'!$E$6:$E$100,"") | P42: =_xlfn.XLOOKUP($C42,'GP5 (2)'!$B$6:$B$100,'GP5 (2)'!$E$6:$E$100,"") | Q42: =SUM(R42:AC42) -> 83 | R42: =_xlfn.XLOOKUP($C42,'MP (1)'!$B$6:$B$100,'MP (1)'!$F$6:$F$100,"") | S42: =_xlfn.XLOOKUP($C42,'MP (2)'!$B$6:$B$100,'MP (2)'!$F$6:$F$100,"") | T42: =_xlfn.XLOOKUP($C42,'GP1 (1)'!$B$6:$B$100,'GP1 (1)'!$F$6:$F$100,"") -> 13 | U42: =_xlfn.XLOOKUP($C42,'GP1 (2)'!$B$6:$B$100,'GP1 (2)'!$F$6:$F$100,"") -> 11 | V42: =_xlfn.XLOOKUP($C42,'GP2 (1)'!$B$8:$B$107,'GP2 (1)'!$F$8:$F$107,"") -> 13 | W42: =_xlfn.XLOOKUP($C42,'GP2 (2)'!$B$6:$B$99,'GP2 (2)'!$F$6:$F$99,"") -> 19 | X42: =_xlfn.XLOOKUP($C42,'GP3 (1)'!$B$6:$B$100,'GP3 (1)'!$F$6:$F$100,"") | Y42: =_xlfn.XLOOKUP($C42,'GP3 (2)'!$B$6:$B$100,'GP3 (2)'!$F$6:$F$100,"") | Z42: =_xlfn.XLOOKUP($C42,'GP4 (1)'!$B$6:$B$86,'GP4 (1)'!$F$6:$F$86,"") -> 11 | AA42: =_xlfn.XLOOKUP($C42,'GP4 (2)'!$B$6:$B$100,'GP4 (2)'!$F$6:$F$100,"") -> 16 | AB42: =_xlfn.XLOOKUP($C42,'GP5 (1)'!$B$6:$B$100,'GP5 (1)'!$F$6:$F$100,"") | AC42: =_xlfn.XLOOKUP($C42,'GP5 (2)'!$B$6:$B$100,'GP5 (2)'!$F$6:$F$100,"") | AD42: =SUM(AE42:AO42) -> -48 | AE42: =_xlfn.XLOOKUP($C42,'MP (1)'!$B$6:$B$100,'MP (1)'!$H$6:$H$100,"") | AF42: =_xlfn.XLOOKUP($C42,'MP (2)'!$B$6:$B$100,'MP (2)'!$H$6:$H$100,"") | AG42: =_xlfn.XLOOKUP($C42,'GP1 (1)'!$B$6:$B$100,'GP1 (1)'!$H$6:$H$100,"") -> -8 | AH42: =_xlfn.XLOOKUP($C42,'GP1 (2)'!$B$6:$B$100,'GP1 (2)'!$H$6:$H$100,"") -> -16 | AI42: =_xlfn.XLOOKUP($C42,'GP2 (1)'!$B$8:$B$107,'GP2 (1)'!$H$8:$H$107,"") -> -7 | AJ42: =_xlfn.XLOOKUP($C42,'GP2 (2)'!$B$6:$B$99,'GP2 (2)'!$H$6:$H$99,"") -> 0 | AK42: =_xlfn.XLOOKUP($C42,'GP3 (1)'!$B$6:$B$100,'GP3 (1)'!$H$6:$H$100,"") | AL42: =_xlfn.XLOOKUP($C42,'GP3 (2)'!$B$6:$B$100,'GP3 (2)'!$H$6:$H$100,"") | AM42: =_xlfn.XLOOKUP($C42,'GP4 (1)'!$B$6:$B$86,'GP4 (1)'!$H$6:$H$86,"") -> -11 | AN42: =_xlfn.XLOOKUP($C42,'GP4 (2)'!$B$6:$B$100,'GP4 (2)'!$H$6:$H$100,"") -> -6 | AO42: =_xlfn.XLOOKUP($C42,'GP5 (1)'!$B$6:$B$100,'GP5 (1)'!$H$6:$H$100,"") | AP42: =_xlfn.XLOOKUP($C42,'GP5 (2)'!$B$6:$B$100,'GP5 (2)'!$H$6:$H$100,"")
A43: =ROW()-4 -> 39 | B43: 1 | C43: MARASEK Tomasz | D43: =SUM(E43:P43) -> 1.33 | E43: =_xlfn.XLOOKUP($C43,'MP (1)'!$B$6:$B$100,'MP (1)'!$E$6:$E$100,"") | F43: =_xlfn.XLOOKUP($C43,'MP (2)'!$B$6:$B$100,'MP (2)'!$E$6:$E$100,"") | G43: =_xlfn.XLOOKUP($C43,'GP1 (1)'!$B$6:$B$100,'GP1 (1)'!$E$6:$E$100,"") -> 0.33 | H43: =_xlfn.XLOOKUP($C43,'GP1 (2)'!$B$6:$B$100,'GP1 (2)'!$E$6:$E$100,"") -> 0.6 | I43: =_xlfn.XLOOKUP($C43,'GP2 (1)'!$B$6:$B$107,'GP2 (1)'!$E$6:$E$107,"") -> 0.2 | J43: =_xlfn.XLOOKUP($C43,'GP2 (2)'!$B$6:$B$99,'GP2 (2)'!$E$6:$E$99,"") -> 0.2 | K43: =_xlfn.XLOOKUP($C43,'GP3 (1)'!$B$6:$B$100,'GP3 (1)'!$E$6:$E$100,"") | L43: =_xlfn.XLOOKUP($C43,'GP3 (2)'!$B$6:$B$100,'GP3 (2)'!$E$6:$E$100,"") | M43: =_xlfn.XLOOKUP($C43,'GP4 (1)'!$B$6:$B$86,'GP4 (1)'!$E$6:$E$86,"") | N43: =_xlfn.XLOOKUP($C43,'GP4 (2)'!$B$6:$B$100,'GP4 (2)'!$E$6:$E$100,"") | O43: =_xlfn.XLOOKUP($C43,'GP5 (1)'!$B$6:$B$100,'GP5 (1)'!$E$6:$E$100,"") | P43: =_xlfn.XLOOKUP($C43,'GP5 (2)'!$B$6:$B$100,'GP5 (2)'!$E$6:$E$100,"") | Q43: =SUM(R43:AC43) -> 72 | R43: =_xlfn.XLOOKUP($C43,'MP (1)'!$B$6:$B$100,'MP (1)'!$F$6:$F$100,"") | S43: =_xlfn.XLOOKUP($C43,'MP (2)'!$B$6:$B$100,'MP (2)'!$F$6:$F$100,"") | T43: =_xlfn.XLOOKUP($C43,'GP1 (1)'!$B$6:$B$100,'GP1 (1)'!$F$6:$F$100,"") -> 26 | U43: =_xlfn.XLOOKUP($C43,'GP1 (2)'!$B$6:$B$100,'GP1 (2)'!$F$6:$F$100,"") -> 20 | V43: =_xlfn.XLOOKUP($C43,'GP2 (1)'!$B$8:$B$107,'GP2 (1)'!$F$8:$F$107,"") -> 12 | W43: =_xlfn.XLOOKUP($C43,'GP2 (2)'!$B$6:$B$99,'GP2 (2)'!$F$6:$F$99,"") -> 14 | X43: =_xlfn.XLOOKUP($C43,'GP3 (1)'!$B$6:$B$100,'GP3 (1)'!$F$6:$F$100,"") | Y43: =_xlfn.XLOOKUP($C43,'GP3 (2)'!$B$6:$B$100,'GP3 (2)'!$F$6:$F$100,"") | Z43: =_xlfn.XLOOKUP($C43,'GP4 (1)'!$B$6:$B$86,'GP4 (1)'!$F$6:$F$86,"") | AA43: =_xlfn.XLOOKUP($C43,'GP4 (2)'!$B$6:$B$100,'GP4 (2)'!$F$6:$F$100,"") | AB43: =_xlfn.XLOOKUP($C43,'GP5 (1)'!$B$6:$B$100,'GP5 (1)'!$F$6:$F$100,"") | AC43: =_xlfn.XLOOKUP($C43,'GP5 (2)'!$B$6:$B$100,'GP5 (2)'!$F$6:$F$100,"") | AD43: =SUM(AE43:AO43) -> -13 | AE43: =_xlfn.XLOOKUP($C43,'MP (1)'!$B$6:$B$100,'MP (1)'!$H$6:$H$100,"") | AF43: =_xlfn.XLOOKUP($C43,'MP (2)'!$B$6:$B$100,'MP (2)'!$H$6:$H$100,"") | AG43: =_xlfn.XLOOKUP($C43,'GP1 (1)'!$B$6:$B$100,'GP1 (1)'!$H$6:$H$100,"") -> 3 | AH43: =_xlfn.XLOOKUP($C43,'GP1 (2)'!$B$6:$B$100,'GP1 (2)'!$H$6:$H$100,"") -> 2 | AI43: =_xlfn.XLOOKUP($C43,'GP2 (1)'!$B$8:$B$107,'GP2 (1)'!$H$8:$H$107,"") -> -9 | AJ43: =_xlfn.XLOOKUP($C43,'GP2 (2)'!$B$6:$B$99,'GP2 (2)'!$H$6:$H$99,"") -> -9 | AK43: =_xlfn.XLOOKUP($C43,'GP3 (1)'!$B$6:$B$100,'GP3 (1)'!$H$6:$H$100,"") | AL43: =_xlfn.XLOOKUP($C43,'GP3 (2)'!$B$6:$B$100,'GP3 (2)'!$H$6:$H$100,"") | AM43: =_xlfn.XLOOKUP($C43,'GP4 (1)'!$B$6:$B$86,'GP4 (1)'!$H$6:$H$86,"") | AN43: =_xlfn.XLOOKUP($C43,'GP4 (2)'!$B$6:$B$100,'GP4 (2)'!$H$6:$H$100,"") | AO43: =_xlfn.XLOOKUP($C43,'GP5 (1)'!$B$6:$B$100,'GP5 (1)'!$H$6:$H$100,"") | AP43: =_xlfn.XLOOKUP($C43,'GP5 (2)'!$B$6:$B$100,'GP5 (2)'!$H$6:$H$100,"")
A44: =ROW()-4 -> 40 | B44: 3 | C44: JUSZKIEWICZ Piotr | D44: =SUM(E44:P44) -> 1.07 | E44: =_xlfn.XLOOKUP($C44,'MP (1)'!$B$6:$B$100,'MP (1)'!$E$6:$E$100,"") -> 0.4 | F44: =_xlfn.XLOOKUP($C44,'MP (2)'!$B$6:$B$100,'MP (2)'!$E$6:$E$100,"") -> 0.33 | G44: =_xlfn.XLOOKUP($C44,'GP1 (1)'!$B$6:$B$100,'GP1 (1)'!$E$6:$E$100,"") -> 0.17 | H44: =_xlfn.XLOOKUP($C44,'GP1 (2)'!$B$6:$B$100,'GP1 (2)'!$E$6:$E$100,"") -> 0 | I44: =_xlfn.XLOOKUP($C44,'GP2 (1)'!$B$6:$B$107,'GP2 (1)'!$E$6:$E$107,"") -> 0 | J44: =_xlfn.XLOOKUP($C44,'GP2 (2)'!$B$6:$B$99,'GP2 (2)'!$E$6:$E$99,"") -> 0.17 | K44: =_xlfn.XLOOKUP($C44,'GP3 (1)'!$B$6:$B$100,'GP3 (1)'!$E$6:$E$100,"") | L44: =_xlfn.XLOOKUP($C44,'GP3 (2)'!$B$6:$B$100,'GP3 (2)'!$E$6:$E$100,"") | M44: =_xlfn.XLOOKUP($C44,'GP4 (1)'!$B$6:$B$86,'GP4 (1)'!$E$6:$E$86,"") | N44: =_xlfn.XLOOKUP($C44,'GP4 (2)'!$B$6:$B$100,'GP4 (2)'!$E$6:$E$100,"") | O44: =_xlfn.XLOOKUP($C44,'GP5 (1)'!$B$6:$B$100,'GP5 (1)'!$E$6:$E$100,"") -> 0 | P44: =_xlfn.XLOOKUP($C44,'GP5 (2)'!$B$6:$B$100,'GP5 (2)'!$E$6:$E$100,"") -> 0 | Q44: =SUM(R44:AC44) -> 76 | R44: =_xlfn.XLOOKUP($C44,'MP (1)'!$B$6:$B$100,'MP (1)'!$F$6:$F$100,"") -> 13 | S44: =_xlfn.XLOOKUP($C44,'MP (2)'!$B$6:$B$100,'MP (2)'!$F$6:$F$100,"") -> 15 | T44: =_xlfn.XLOOKUP($C44,'GP1 (1)'!$B$6:$B$100,'GP1 (1)'!$F$6:$F$100,"") -> 11 | U44: =_xlfn.XLOOKUP($C44,'GP1 (2)'!$B$6:$B$100,'GP1 (2)'!$F$6:$F$100,"") -> 7 | V44: =_xlfn.XLOOKUP($C44,'GP2 (1)'!$B$8:$B$107,'GP2 (1)'!$F$8:$F$107,"") -> 5 | W44: =_xlfn.XLOOKUP($C44,'GP2 (2)'!$B$6:$B$99,'GP2 (2)'!$F$6:$F$99,"") -> 9 | X44: =_xlfn.XLOOKUP($C44,'GP3 (1)'!$B$6:$B$100,'GP3 (1)'!$F$6:$F$100,"") | Y44: =_xlfn.XLOOKUP($C44,'GP3 (2)'!$B$6:$B$100,'GP3 (2)'!$F$6:$F$100,"") | Z44: =_xlfn.XLOOKUP($C44,'GP4 (1)'!$B$6:$B$86,'GP4 (1)'!$F$6:$F$86,"") | AA44: =_xlfn.XLOOKUP($C44,'GP4 (2)'!$B$6:$B$100,'GP4 (2)'!$F$6:$F$100,"") | AB44: =_xlfn.XLOOKUP($C44,'GP5 (1)'!$B$6:$B$100,'GP5 (1)'!$F$6:$F$100,"") -> 8 | AC44: =_xlfn.XLOOKUP($C44,'GP5 (2)'!$B$6:$B$100,'GP5 (2)'!$F$6:$F$100,"") -> 8 | AD44: =SUM(AE44:AO44) -> -99 | AE44: =_xlfn.XLOOKUP($C44,'MP (1)'!$B$6:$B$100,'MP (1)'!$H$6:$H$100,"") -> -5 | AF44: =_xlfn.XLOOKUP($C44,'MP (2)'!$B$6:$B$100,'MP (2)'!$H$6:$H$100,"") -> -9 | AG44: =_xlfn.XLOOKUP($C44,'GP1 (1)'!$B$6:$B$100,'GP1 (1)'!$H$6:$H$100,"") -> -18 | AH44: =_xlfn.XLOOKUP($C44,'GP1 (2)'!$B$6:$B$100,'GP1 (2)'!$H$6:$H$100,"") -> -18 | AI44: =_xlfn.XLOOKUP($C44,'GP2 (1)'!$B$8:$B$107,'GP2 (1)'!$H$8:$H$107,"") -> -20 | AJ44: =_xlfn.XLOOKUP($C44,'GP2 (2)'!$B$6:$B$99,'GP2 (2)'!$H$6:$H$99,"") -> -17 | AK44: =_xlfn.XLOOKUP($C44,'GP3 (1)'!$B$6:$B$100,'GP3 (1)'!$H$6:$H$100,"") | AL44: =_xlfn.XLOOKUP($C44,'GP3 (2)'!$B$6:$B$100,'GP3 (2)'!$H$6:$H$100,"") | AM44: =_xlfn.XLOOKUP($C44,'GP4 (1)'!$B$6:$B$86,'GP4 (1)'!$H$6:$H$86,"") | AN44: =_xlfn.XLOOKUP($C44,'GP4 (2)'!$B$6:$B$100,'GP4 (2)'!$H$6:$H$100,"") | AO44: =_xlfn.XLOOKUP($C44,'GP5 (1)'!$B$6:$B$100,'GP5 (1)'!$H$6:$H$100,"") -> -12 | AP44: =_xlfn.XLOOKUP($C44,'GP5 (2)'!$B$6:$B$100,'GP5 (2)'!$H$6:$H$100,"") -> -12
A45: =ROW()-4 -> 41 | B45: 2 | C45: REBONOK Andrzej | D45: =SUM(E45:P45) -> 1 | E45: =_xlfn.XLOOKUP($C45,'MP (1)'!$B$6:$B$100,'MP (1)'!$E$6:$E$100,"") | F45: =_xlfn.XLOOKUP($C45,'MP (2)'!$B$6:$B$100,'MP (2)'!$E$6:$E$100,"") | G45: =_xlfn.XLOOKUP($C45,'GP1 (1)'!$B$6:$B$100,'GP1 (1)'!$E$6:$E$100,"") | H45: =_xlfn.XLOOKUP($C45,'GP1 (2)'!$B$6:$B$100,'GP1 (2)'!$E$6:$E$100,"") | I45: =_xlfn.XLOOKUP($C45,'GP2 (1)'!$B$6:$B$107,'GP2 (1)'!$E$6:$E$107,"") -> 0.4 | J45: =_xlfn.XLOOKUP($C45,'GP2 (2)'!$B$6:$B$99,'GP2 (2)'!$E$6:$E$99,"") -> 0.6 | K45: =_xlfn.XLOOKUP($C45,'GP3 (1)'!$B$6:$B$100,'GP3 (1)'!$E$6:$E$100,"") | L45: =_xlfn.XLOOKUP($C45,'GP3 (2)'!$B$6:$B$100,'GP3 (2)'!$E$6:$E$100,"") | M45: =_xlfn.XLOOKUP($C45,'GP4 (1)'!$B$6:$B$86,'GP4 (1)'!$E$6:$E$86,"") | N45: =_xlfn.XLOOKUP($C45,'GP4 (2)'!$B$6:$B$100,'GP4 (2)'!$E$6:$E$100,"") | O45: =_xlfn.XLOOKUP($C45,'GP5 (1)'!$B$6:$B$100,'GP5 (1)'!$E$6:$E$100,"") | P45: =_xlfn.XLOOKUP($C45,'GP5 (2)'!$B$6:$B$100,'GP5 (2)'!$E$6:$E$100,"") | Q45: =SUM(R45:AC45) -> 41 | R45: =_xlfn.XLOOKUP($C45,'MP (1)'!$B$6:$B$100,'MP (1)'!$F$6:$F$100,"") | S45: =_xlfn.XLOOKUP($C45,'MP (2)'!$B$6:$B$100,'MP (2)'!$F$6:$F$100,"") | T45: =_xlfn.XLOOKUP($C45,'GP1 (1)'!$B$6:$B$100,'GP1 (1)'!$F$6:$F$100,"") | U45: =_xlfn.XLOOKUP($C45,'GP1 (2)'!$B$6:$B$100,'GP1 (2)'!$F$6:$F$100,"") | V45: =_xlfn.XLOOKUP($C45,'GP2 (1)'!$B$8:$B$107,'GP2 (1)'!$F$8:$F$107,"") -> 19 | W45: =_xlfn.XLOOKUP($C45,'GP2 (2)'!$B$6:$B$99,'GP2 (2)'!$F$6:$F$99,"") -> 22 | X45: =_xlfn.XLOOKUP($C45,'GP3 (1)'!$B$6:$B$100,'GP3 (1)'!$F$6:$F$100,"") | Y45: =_xlfn.XLOOKUP($C45,'GP3 (2)'!$B$6:$B$100,'GP3 (2)'!$F$6:$F$100,"") | Z45: =_xlfn.XLOOKUP($C45,'GP4 (1)'!$B$6:$B$86,'GP4 (1)'!$F$6:$F$86,"") | AA45: =_xlfn.XLOOKUP($C45,'GP4 (2)'!$B$6:$B$100,'GP4 (2)'!$F$6:$F$100,"") | AB45: =_xlfn.XLOOKUP($C45,'GP5 (1)'!$B$6:$B$100,'GP5 (1)'!$F$6:$F$100,"") | AC45: =_xlfn.XLOOKUP($C45,'GP5 (2)'!$B$6:$B$100,'GP5 (2)'!$F$6:$F$100,"") | AD45: =SUM(AE45:AO45) -> 2 | AE45: =_xlfn.XLOOKUP($C45,'MP (1)'!$B$6:$B$100,'MP (1)'!$H$6:$H$100,"") | AF45: =_xlfn.XLOOKUP($C45,'MP (2)'!$B$6:$B$100,'MP (2)'!$H$6:$H$100,"") | AG45: =_xlfn.XLOOKUP($C45,'GP1 (1)'!$B$6:$B$100,'GP1 (1)'!$H$6:$H$100,"") | AH45: =_xlfn.XLOOKUP($C45,'GP1 (2)'!$B$6:$B$100,'GP1 (2)'!$H$6:$H$100,"") | AI45: =_xlfn.XLOOKUP($C45,'GP2 (1)'!$B$8:$B$107,'GP2 (1)'!$H$8:$H$107,"") -> -2 | AJ45: =_xlfn.XLOOKUP($C45,'GP2 (2)'!$B$6:$B$99,'GP2 (2)'!$H$6:$H$99,"") -> 4 | AK45: =_xlfn.XLOOKUP($C45,'GP3 (1)'!$B$6:$B$100,'GP3 (1)'!$H$6:$H$100,"") | AL45: =_xlfn.XLOOKUP($C45,'GP3 (2)'!$B$6:$B$100,'GP3 (2)'!$H$6:$H$100,"") | AM45: =_xlfn.XLOOKUP($C45,'GP4 (1)'!$B$6:$B$86,'GP4 (1)'!$H$6:$H$86,"") | AN45: =_xlfn.XLOOKUP($C45,'GP4 (2)'!$B$6:$B$100,'GP4 (2)'!$H$6:$H$100,"") | AO45: =_xlfn.XLOOKUP($C45,'GP5 (1)'!$B$6:$B$100,'GP5 (1)'!$H$6:$H$100,"") | AP45: =_xlfn.XLOOKUP($C45,'GP5 (2)'!$B$6:$B$100,'GP5 (2)'!$H$6:$H$100,"")
A46: =ROW()-4 -> 42 | B46: 4 | C46: KONWIŃSKI Grzegorz | D46: =SUM(E46:P46) -> 0.92 | E46: =_xlfn.XLOOKUP($C46,'MP (1)'!$B$6:$B$100,'MP (1)'!$E$6:$E$100,"") -> 0.5 | F46: =_xlfn.XLOOKUP($C46,'MP (2)'!$B$6:$B$100,'MP (2)'!$E$6:$E$100,"") -> 0.17 | G46: =_xlfn.XLOOKUP($C46,'GP1 (1)'!$B$6:$B$100,'GP1 (1)'!$E$6:$E$100,"") | H46: =_xlfn.XLOOKUP($C46,'GP1 (2)'!$B$6:$B$100,'GP1 (2)'!$E$6:$E$100,"") | I46: =_xlfn.XLOOKUP($C46,'GP2 (1)'!$B$6:$B$107,'GP2 (1)'!$E$6:$E$107,"") | J46: =_xlfn.XLOOKUP($C46,'GP2 (2)'!$B$6:$B$99,'GP2 (2)'!$E$6:$E$99,"") | K46: =_xlfn.XLOOKUP($C46,'GP3 (1)'!$B$6:$B$100,'GP3 (1)'!$E$6:$E$100,"") | L46: =_xlfn.XLOOKUP($C46,'GP3 (2)'!$B$6:$B$100,'GP3 (2)'!$E$6:$E$100,"") | M46: =_xlfn.XLOOKUP($C46,'GP4 (1)'!$B$6:$B$86,'GP4 (1)'!$E$6:$E$86,"") | N46: =_xlfn.XLOOKUP($C46,'GP4 (2)'!$B$6:$B$100,'GP4 (2)'!$E$6:$E$100,"") | O46: =_xlfn.XLOOKUP($C46,'GP5 (1)'!$B$6:$B$100,'GP5 (1)'!$E$6:$E$100,"") -> 0 | P46: =_xlfn.XLOOKUP($C46,'GP5 (2)'!$B$6:$B$100,'GP5 (2)'!$E$6:$E$100,"") -> 0.25 | Q46: =SUM(R46:AC46) -> 47 | R46: =_xlfn.XLOOKUP($C46,'MP (1)'!$B$6:$B$100,'MP (1)'!$F$6:$F$100,"") -> 19 | S46: =_xlfn.XLOOKUP($C46,'MP (2)'!$B$6:$B$100,'MP (2)'!$F$6:$F$100,"") -> 16 | T46: =_xlfn.XLOOKUP($C46,'GP1 (1)'!$B$6:$B$100,'GP1 (1)'!$F$6:$F$100,"") | U46: =_xlfn.XLOOKUP($C46,'GP1 (2)'!$B$6:$B$100,'GP1 (2)'!$F$6:$F$100,"") | V46: =_xlfn.XLOOKUP($C46,'GP2 (1)'!$B$8:$B$107,'GP2 (1)'!$F$8:$F$107,"") | W46: =_xlfn.XLOOKUP($C46,'GP2 (2)'!$B$6:$B$99,'GP2 (2)'!$F$6:$F$99,"") | X46: =_xlfn.XLOOKUP($C46,'GP3 (1)'!$B$6:$B$100,'GP3 (1)'!$F$6:$F$100,"") | Y46: =_xlfn.XLOOKUP($C46,'GP3 (2)'!$B$6:$B$100,'GP3 (2)'!$F$6:$F$100,"") | Z46: =_xlfn.XLOOKUP($C46,'GP4 (1)'!$B$6:$B$86,'GP4 (1)'!$F$6:$F$86,"") | AA46: =_xlfn.XLOOKUP($C46,'GP4 (2)'!$B$6:$B$100,'GP4 (2)'!$F$6:$F$100,"") | AB46: =_xlfn.XLOOKUP($C46,'GP5 (1)'!$B$6:$B$100,'GP5 (1)'!$F$6:$F$100,"") -> 2 | AC46: =_xlfn.XLOOKUP($C46,'GP5 (2)'!$B$6:$B$100,'GP5 (2)'!$F$6:$F$100,"") -> 10 | AD46: =SUM(AE46:AO46) -> -32 | AE46: =_xlfn.XLOOKUP($C46,'MP (1)'!$B$6:$B$100,'MP (1)'!$H$6:$H$100,"") -> -2 | AF46: =_xlfn.XLOOKUP($C46,'MP (2)'!$B$6:$B$100,'MP (2)'!$H$6:$H$100,"") -> -12 | AG46: =_xlfn.XLOOKUP($C46,'GP1 (1)'!$B$6:$B$100,'GP1 (1)'!$H$6:$H$100,"") | AH46: =_xlfn.XLOOKUP($C46,'GP1 (2)'!$B$6:$B$100,'GP1 (2)'!$H$6:$H$100,"") | AI46: =_xlfn.XLOOKUP($C46,'GP2 (1)'!$B$8:$B$107,'GP2 (1)'!$H$8:$H$107,"") | AJ46: =_xlfn.XLOOKUP($C46,'GP2 (2)'!$B$6:$B$99,'GP2 (2)'!$H$6:$H$99,"") | AK46: =_xlfn.XLOOKUP($C46,'GP3 (1)'!$B$6:$B$100,'GP3 (1)'!$H$6:$H$100,"") | AL46: =_xlfn.XLOOKUP($C46,'GP3 (2)'!$B$6:$B$100,'GP3 (2)'!$H$6:$H$100,"") | AM46: =_xlfn.XLOOKUP($C46,'GP4 (1)'!$B$6:$B$86,'GP4 (1)'!$H$6:$H$86,"") | AN46: =_xlfn.XLOOKUP($C46,'GP4 (2)'!$B$6:$B$100,'GP4 (2)'!$H$6:$H$100,"") | AO46: =_xlfn.XLOOKUP($C46,'GP5 (1)'!$B$6:$B$100,'GP5 (1)'!$H$6:$H$100,"") -> -18 | AP46: =_xlfn.XLOOKUP($C46,'GP5 (2)'!$B$6:$B$100,'GP5 (2)'!$H$6:$H$100,"") -> -5
A47: =ROW()-4 -> 43 | B47: 0 | C47: CHOJNACKI Tomasz | D47: =SUM(E47:P47) -> 0.73 | E47: =_xlfn.XLOOKUP($C47,'MP (1)'!$B$6:$B$100,'MP (1)'!$E$6:$E$100,"") | F47: =_xlfn.XLOOKUP($C47,'MP (2)'!$B$6:$B$100,'MP (2)'!$E$6:$E$100,"") | G47: =_xlfn.XLOOKUP($C47,'GP1 (1)'!$B$6:$B$100,'GP1 (1)'!$E$6:$E$100,"") | H47: =_xlfn.XLOOKUP($C47,'GP1 (2)'!$B$6:$B$100,'GP1 (2)'!$E$6:$E$100,"") | I47: =_xlfn.XLOOKUP($C47,'GP2 (1)'!$B$6:$B$107,'GP2 (1)'!$E$6:$E$107,"") | J47: =_xlfn.XLOOKUP($C47,'GP2 (2)'!$B$6:$B$99,'GP2 (2)'!$E$6:$E$99,"") | K47: =_xlfn.XLOOKUP($C47,'GP3 (1)'!$B$6:$B$100,'GP3 (1)'!$E$6:$E$100,"") | L47: =_xlfn.XLOOKUP($C47,'GP3 (2)'!$B$6:$B$100,'GP3 (2)'!$E$6:$E$100,"") | M47: =_xlfn.XLOOKUP($C47,'GP4 (1)'!$B$6:$B$86,'GP4 (1)'!$E$6:$E$86,"") -> 0.33 | N47: =_xlfn.XLOOKUP($C47,'GP4 (2)'!$B$6:$B$100,'GP4 (2)'!$E$6:$E$100,"") -> 0.4 | O47: =_xlfn.XLOOKUP($C47,'GP5 (1)'!$B$6:$B$100,'GP5 (1)'!$E$6:$E$100,"") | P47: =_xlfn.XLOOKUP($C47,'GP5 (2)'!$B$6:$B$100,'GP5 (2)'!$E$6:$E$100,"") | Q47: =SUM(R47:AC47) -> 39 | R47: =_xlfn.XLOOKUP($C47,'MP (1)'!$B$6:$B$100,'MP (1)'!$F$6:$F$100,"") | S47: =_xlfn.XLOOKUP($C47,'MP (2)'!$B$6:$B$100,'MP (2)'!$F$6:$F$100,"") | T47: =_xlfn.XLOOKUP($C47,'GP1 (1)'!$B$6:$B$100,'GP1 (1)'!$F$6:$F$100,"") | U47: =_xlfn.XLOOKUP($C47,'GP1 (2)'!$B$6:$B$100,'GP1 (2)'!$F$6:$F$100,"") | V47: =_xlfn.XLOOKUP($C47,'GP2 (1)'!$B$8:$B$107,'GP2 (1)'!$F$8:$F$107,"") | W47: =_xlfn.XLOOKUP($C47,'GP2 (2)'!$B$6:$B$99,'GP2 (2)'!$F$6:$F$99,"") | X47: =_xlfn.XLOOKUP($C47,'GP3 (1)'!$B$6:$B$100,'GP3 (1)'!$F$6:$F$100,"") | Y47: =_xlfn.XLOOKUP($C47,'GP3 (2)'!$B$6:$B$100,'GP3 (2)'!$F$6:$F$100,"") | Z47: =_xlfn.XLOOKUP($C47,'GP4 (1)'!$B$6:$B$86,'GP4 (1)'!$F$6:$F$86,"") -> 22 | AA47: =_xlfn.XLOOKUP($C47,'GP4 (2)'!$B$6:$B$100,'GP4 (2)'!$F$6:$F$100,"") -> 17 | AB47: =_xlfn.XLOOKUP($C47,'GP5 (1)'!$B$6:$B$100,'GP5 (1)'!$F$6:$F$100,"") | AC47: =_xlfn.XLOOKUP($C47,'GP5 (2)'!$B$6:$B$100,'GP5 (2)'!$F$6:$F$100,"") | AD47: =SUM(AE47:AO47) -> 2 | AE47: =_xlfn.XLOOKUP($C47,'MP (1)'!$B$6:$B$100,'MP (1)'!$H$6:$H$100,"") | AF47: =_xlfn.XLOOKUP($C47,'MP (2)'!$B$6:$B$100,'MP (2)'!$H$6:$H$100,"") | AG47: =_xlfn.XLOOKUP($C47,'GP1 (1)'!$B$6:$B$100,'GP1 (1)'!$H$6:$H$100,"") | AH47: =_xlfn.XLOOKUP($C47,'GP1 (2)'!$B$6:$B$100,'GP1 (2)'!$H$6:$H$100,"") | AI47: =_xlfn.XLOOKUP($C47,'GP2 (1)'!$B$8:$B$107,'GP2 (1)'!$H$8:$H$107,"") | AJ47: =_xlfn.XLOOKUP($C47,'GP2 (2)'!$B$6:$B$99,'GP2 (2)'!$H$6:$H$99,"") | AK47: =_xlfn.XLOOKUP($C47,'GP3 (1)'!$B$6:$B$100,'GP3 (1)'!$H$6:$H$100,"") | AL47: =_xlfn.XLOOKUP($C47,'GP3 (2)'!$B$6:$B$100,'GP3 (2)'!$H$6:$H$100,"") | AM47: =_xlfn.XLOOKUP($C47,'GP4 (1)'!$B$6:$B$86,'GP4 (1)'!$H$6:$H$86,"") -> 2 | AN47: =_xlfn.XLOOKUP($C47,'GP4 (2)'!$B$6:$B$100,'GP4 (2)'!$H$6:$H$100,"") -> 0 | AO47: =_xlfn.XLOOKUP($C47,'GP5 (1)'!$B$6:$B$100,'GP5 (1)'!$H$6:$H$100,"") | AP47: =_xlfn.XLOOKUP($C47,'GP5 (2)'!$B$6:$B$100,'GP5 (2)'!$H$6:$H$100,"")
A48: =ROW()-4 -> 44 | C48: KOŁUCKI Michał | D48: =SUM(E48:P48) -> 0.73 | E48: =_xlfn.XLOOKUP($C48,'MP (1)'!$B$6:$B$100,'MP (1)'!$E$6:$E$100,"") | F48: =_xlfn.XLOOKUP($C48,'MP (2)'!$B$6:$B$100,'MP (2)'!$E$6:$E$100,"") | G48: =_xlfn.XLOOKUP($C48,'GP1 (1)'!$B$6:$B$100,'GP1 (1)'!$E$6:$E$100,"") | H48: =_xlfn.XLOOKUP($C48,'GP1 (2)'!$B$6:$B$100,'GP1 (2)'!$E$6:$E$100,"") | I48: =_xlfn.XLOOKUP($C48,'GP2 (1)'!$B$6:$B$107,'GP2 (1)'!$E$6:$E$107,"") | J48: =_xlfn.XLOOKUP($C48,'GP2 (2)'!$B$6:$B$99,'GP2 (2)'!$E$6:$E$99,"") | K48: =_xlfn.XLOOKUP($C48,'GP3 (1)'!$B$6:$B$100,'GP3 (1)'!$E$6:$E$100,"") -> 0.4 | L48: =_xlfn.XLOOKUP($C48,'GP3 (2)'!$B$6:$B$100,'GP3 (2)'!$E$6:$E$100,"") -> 0.33 | M48: =_xlfn.XLOOKUP($C48,'GP4 (1)'!$B$6:$B$86,'GP4 (1)'!$E$6:$E$86,"") | N48: =_xlfn.XLOOKUP($C48,'GP4 (2)'!$B$6:$B$100,'GP4 (2)'!$E$6:$E$100,"") | O48: =_xlfn.XLOOKUP($C48,'GP5 (1)'!$B$6:$B$100,'GP5 (1)'!$E$6:$E$100,"") | P48: =_xlfn.XLOOKUP($C48,'GP5 (2)'!$B$6:$B$100,'GP5 (2)'!$E$6:$E$100,"") | Q48: =SUM(R48:AC48) -> 33 | R48: =_xlfn.XLOOKUP($C48,'MP (1)'!$B$6:$B$100,'MP (1)'!$F$6:$F$100,"") | S48: =_xlfn.XLOOKUP($C48,'MP (2)'!$B$6:$B$100,'MP (2)'!$F$6:$F$100,"") | T48: =_xlfn.XLOOKUP($C48,'GP1 (1)'!$B$6:$B$100,'GP1 (1)'!$F$6:$F$100,"") | U48: =_xlfn.XLOOKUP($C48,'GP1 (2)'!$B$6:$B$100,'GP1 (2)'!$F$6:$F$100,"") | V48: =_xlfn.XLOOKUP($C48,'GP2 (1)'!$B$8:$B$107,'GP2 (1)'!$F$8:$F$107,"") | W48: =_xlfn.XLOOKUP($C48,'GP2 (2)'!$B$6:$B$99,'GP2 (2)'!$F$6:$F$99,"") | X48: =_xlfn.XLOOKUP($C48,'GP3 (1)'!$B$6:$B$100,'GP3 (1)'!$F$6:$F$100,"") -> 14 | Y48: =_xlfn.XLOOKUP($C48,'GP3 (2)'!$B$6:$B$100,'GP3 (2)'!$F$6:$F$100,"") -> 19 | Z48: =_xlfn.XLOOKUP($C48,'GP4 (1)'!$B$6:$B$86,'GP4 (1)'!$F$6:$F$86,"") | AA48: =_xlfn.XLOOKUP($C48,'GP4 (2)'!$B$6:$B$100,'GP4 (2)'!$F$6:$F$100,"") | AB48: =_xlfn.XLOOKUP($C48,'GP5 (1)'!$B$6:$B$100,'GP5 (1)'!$F$6:$F$100,"") | AC48: =_xlfn.XLOOKUP($C48,'GP5 (2)'!$B$6:$B$100,'GP5 (2)'!$F$6:$F$100,"") | AD48: =SUM(AE48:AO48) -> -11 | AE48: =_xlfn.XLOOKUP($C48,'MP (1)'!$B$6:$B$100,'MP (1)'!$H$6:$H$100,"") | AF48: =_xlfn.XLOOKUP($C48,'MP (2)'!$B$6:$B$100,'MP (2)'!$H$6:$H$100,"") | AG48: =_xlfn.XLOOKUP($C48,'GP1 (1)'!$B$6:$B$100,'GP1 (1)'!$H$6:$H$100,"") | AH48: =_xlfn.XLOOKUP($C48,'GP1 (2)'!$B$6:$B$100,'GP1 (2)'!$H$6:$H$100,"") | AI48: =_xlfn.XLOOKUP($C48,'GP2 (1)'!$B$8:$B$107,'GP2 (1)'!$H$8:$H$107,"") | AJ48: =_xlfn.XLOOKUP($C48,'GP2 (2)'!$B$6:$B$99,'GP2 (2)'!$H$6:$H$99,"") | AK48: =_xlfn.XLOOKUP($C48,'GP3 (1)'!$B$6:$B$100,'GP3 (1)'!$H$6:$H$100,"") -> -5 | AL48: =_xlfn.XLOOKUP($C48,'GP3 (2)'!$B$6:$B$100,'GP3 (2)'!$H$6:$H$100,"") -> -6 | AM48: =_xlfn.XLOOKUP($C48,'GP4 (1)'!$B$6:$B$86,'GP4 (1)'!$H$6:$H$86,"") | AN48: =_xlfn.XLOOKUP($C48,'GP4 (2)'!$B$6:$B$100,'GP4 (2)'!$H$6:$H$100,"") | AO48: =_xlfn.XLOOKUP($C48,'GP5 (1)'!$B$6:$B$100,'GP5 (1)'!$H$6:$H$100,"") | AP48: =_xlfn.XLOOKUP($C48,'GP5 (2)'!$B$6:$B$100,'GP5 (2)'!$H$6:$H$100,"")
A49: =ROW()-4 -> 45 | B49: 3 | C49: ZABŁOCKI Marcin | D49: =SUM(E49:P49) -> 0.57 | E49: =_xlfn.XLOOKUP($C49,'MP (1)'!$B$6:$B$100,'MP (1)'!$E$6:$E$100,"") -> 0.17 | F49: =_xlfn.XLOOKUP($C49,'MP (2)'!$B$6:$B$100,'MP (2)'!$E$6:$E$100,"") -> 0.4 | G49: =_xlfn.XLOOKUP($C49,'GP1 (1)'!$B$6:$B$100,'GP1 (1)'!$E$6:$E$100,"") | H49: =_xlfn.XLOOKUP($C49,'GP1 (2)'!$B$6:$B$100,'GP1 (2)'!$E$6:$E$100,"") | I49: =_xlfn.XLOOKUP($C49,'GP2 (1)'!$B$8:$B$107,'GP2 (1)'!$E$8:$E$107,"") | J49: =_xlfn.XLOOKUP($C49,'GP2 (2)'!$B$6:$B$99,'GP2 (2)'!$E$6:$E$99,"") | K49: =_xlfn.XLOOKUP($C49,'GP3 (1)'!$B$6:$B$100,'GP3 (1)'!$E$6:$E$100,"") | L49: =_xlfn.XLOOKUP($C49,'GP3 (2)'!$B$6:$B$100,'GP3 (2)'!$E$6:$E$100,"") | M49: =_xlfn.XLOOKUP($C49,'GP4 (1)'!$B$6:$B$86,'GP4 (1)'!$E$6:$E$86,"") | N49: =_xlfn.XLOOKUP($C49,'GP4 (2)'!$B$6:$B$100,'GP4 (2)'!$E$6:$E$100,"") | O49: =_xlfn.XLOOKUP($C49,'GP5 (1)'!$B$6:$B$100,'GP5 (1)'!$E$6:$E$100,"") | P49: =_xlfn.XLOOKUP($C49,'GP5 (2)'!$B$6:$B$100,'GP5 (2)'!$E$6:$E$100,"") | Q49: =SUM(R49:AC49) -> 33 | R49: =_xlfn.XLOOKUP($C49,'MP (1)'!$B$6:$B$100,'MP (1)'!$F$6:$F$100,"") -> 17 | S49: =_xlfn.XLOOKUP($C49,'MP (2)'!$B$6:$B$100,'MP (2)'!$F$6:$F$100,"") -> 16 | T49: =_xlfn.XLOOKUP($C49,'GP1 (1)'!$B$6:$B$100,'GP1 (1)'!$F$6:$F$100,"") | U49: =_xlfn.XLOOKUP($C49,'GP1 (2)'!$B$6:$B$100,'GP1 (2)'!$F$6:$F$100,"") | V49: =_xlfn.XLOOKUP($C49,'GP2 (1)'!$B$8:$B$107,'GP2 (1)'!$F$8:$F$107,"") | W49: =_xlfn.XLOOKUP($C49,'GP2 (2)'!$B$6:$B$99,'GP2 (2)'!$F$6:$F$99,"") | X49: =_xlfn.XLOOKUP($C49,'GP3 (1)'!$B$6:$B$100,'GP3 (1)'!$F$6:$F$100,"") | Y49: =_xlfn.XLOOKUP($C49,'GP3 (2)'!$B$6:$B$100,'GP3 (2)'!$F$6:$F$100,"") | Z49: =_xlfn.XLOOKUP($C49,'GP4 (1)'!$B$6:$B$86,'GP4 (1)'!$F$6:$F$86,"") | AA49: =_xlfn.XLOOKUP($C49,'GP4 (2)'!$B$6:$B$100,'GP4 (2)'!$F$6:$F$100,"") | AB49: =_xlfn.XLOOKUP($C49,'GP5 (1)'!$B$6:$B$100,'GP5 (1)'!$F$6:$F$100,"") | AC49: =_xlfn.XLOOKUP($C49,'GP5 (2)'!$B$6:$B$100,'GP5 (2)'!$F$6:$F$100,"") | AD49: =SUM(AE49:AO49) -> -16 | AE49: =_xlfn.XLOOKUP($C49,'MP (1)'!$B$6:$B$100,'MP (1)'!$H$6:$H$100,"") -> -11 | AF49: =_xlfn.XLOOKUP($C49,'MP (2)'!$B$6:$B$100,'MP (2)'!$H$6:$H$100,"") -> -5 | AG49: =_xlfn.XLOOKUP($C49,'GP1 (1)'!$B$6:$B$100,'GP1 (1)'!$H$6:$H$100,"") | AH49: =_xlfn.XLOOKUP($C49,'GP1 (2)'!$B$6:$B$100,'GP1 (2)'!$H$6:$H$100,"") | AI49: =_xlfn.XLOOKUP($C49,'GP2 (1)'!$B$8:$B$107,'GP2 (1)'!$H$8:$H$107,"") | AJ49: =_xlfn.XLOOKUP($C49,'GP2 (2)'!$B$6:$B$99,'GP2 (2)'!$H$6:$H$99,"") | AK49: =_xlfn.XLOOKUP($C49,'GP3 (1)'!$B$6:$B$100,'GP3 (1)'!$H$6:$H$100,"") | AL49: =_xlfn.XLOOKUP($C49,'GP3 (2)'!$B$6:$B$100,'GP3 (2)'!$H$6:$H$100,"") | AM49: =_xlfn.XLOOKUP($C49,'GP4 (1)'!$B$6:$B$86,'GP4 (1)'!$H$6:$H$86,"") | AN49: =_xlfn.XLOOKUP($C49,'GP4 (2)'!$B$6:$B$100,'GP4 (2)'!$H$6:$H$100,"") | AO49: =_xlfn.XLOOKUP($C49,'GP5 (1)'!$B$6:$B$100,'GP5 (1)'!$H$6:$H$100,"") | AP49: =_xlfn.XLOOKUP($C49,'GP5 (2)'!$B$6:$B$100,'GP5 (2)'!$H$6:$H$100,"")
A50: =ROW()-4 -> 46 | B50: 0 | C50: GAJDA Krzysztof | D50: =SUM(E50:P50) -> 0.54 | E50: =_xlfn.XLOOKUP($C50,'MP (1)'!$B$6:$B$100,'MP (1)'!$E$6:$E$100,"") | F50: =_xlfn.XLOOKUP($C50,'MP (2)'!$B$6:$B$100,'MP (2)'!$E$6:$E$100,"") | G50: =_xlfn.XLOOKUP($C50,'GP1 (1)'!$B$6:$B$100,'GP1 (1)'!$E$6:$E$100,"") -> 0.17 | H50: =_xlfn.XLOOKUP($C50,'GP1 (2)'!$B$6:$B$100,'GP1 (2)'!$E$6:$E$100,"") -> 0.17 | I50: =_xlfn.XLOOKUP($C50,'GP2 (1)'!$B$6:$B$107,'GP2 (1)'!$E$6:$E$107,"") -> 0 | J50: =_xlfn.XLOOKUP($C50,'GP2 (2)'!$B$6:$B$99,'GP2 (2)'!$E$6:$E$99,"") -> 0.2 | K50: =_xlfn.XLOOKUP($C50,'GP3 (1)'!$B$6:$B$100,'GP3 (1)'!$E$6:$E$100,"") | L50: =_xlfn.XLOOKUP($C50,'GP3 (2)'!$B$6:$B$100,'GP3 (2)'!$E$6:$E$100,"") | M50: =_xlfn.XLOOKUP($C50,'GP4 (1)'!$B$6:$B$86,'GP4 (1)'!$E$6:$E$86,"") | N50: =_xlfn.XLOOKUP($C50,'GP4 (2)'!$B$6:$B$100,'GP4 (2)'!$E$6:$E$100,"") | O50: =_xlfn.XLOOKUP($C50,'GP5 (1)'!$B$6:$B$100,'GP5 (1)'!$E$6:$E$100,"") | P50: =_xlfn.XLOOKUP($C50,'GP5 (2)'!$B$6:$B$100,'GP5 (2)'!$E$6:$E$100,"") | Q50: =SUM(R50:AC50) -> 49 | R50: =_xlfn.XLOOKUP($C50,'MP (1)'!$B$6:$B$100,'MP (1)'!$F$6:$F$100,"") | S50: =_xlfn.XLOOKUP($C50,'MP (2)'!$B$6:$B$100,'MP (2)'!$F$6:$F$100,"") | T50: =_xlfn.XLOOKUP($C50,'GP1 (1)'!$B$6:$B$100,'GP1 (1)'!$F$6:$F$100,"") -> 17 | U50: =_xlfn.XLOOKUP($C50,'GP1 (2)'!$B$6:$B$100,'GP1 (2)'!$F$6:$F$100,"") -> 13 | V50: =_xlfn.XLOOKUP($C50,'GP2 (1)'!$B$8:$B$107,'GP2 (1)'!$F$8:$F$107,"") -> 11 | W50: =_xlfn.XLOOKUP($C50,'GP2 (2)'!$B$6:$B$99,'GP2 (2)'!$F$6:$F$99,"") -> 8 | X50: =_xlfn.XLOOKUP($C50,'GP3 (1)'!$B$6:$B$100,'GP3 (1)'!$F$6:$F$100,"") | Y50: =_xlfn.XLOOKUP($C50,'GP3 (2)'!$B$6:$B$100,'GP3 (2)'!$F$6:$F$100,"") | Z50: =_xlfn.XLOOKUP($C50,'GP4 (1)'!$B$6:$B$86,'GP4 (1)'!$F$6:$F$86,"") | AA50: =_xlfn.XLOOKUP($C50,'GP4 (2)'!$B$6:$B$100,'GP4 (2)'!$F$6:$F$100,"") | AB50: =_xlfn.XLOOKUP($C50,'GP5 (1)'!$B$6:$B$100,'GP5 (1)'!$F$6:$F$100,"") | AC50: =_xlfn.XLOOKUP($C50,'GP5 (2)'!$B$6:$B$100,'GP5 (2)'!$F$6:$F$100,"") | AD50: =SUM(AE50:AO50) -> -54 | AE50: =_xlfn.XLOOKUP($C50,'MP (1)'!$B$6:$B$100,'MP (1)'!$H$6:$H$100,"") | AF50: =_xlfn.XLOOKUP($C50,'MP (2)'!$B$6:$B$100,'MP (2)'!$H$6:$H$100,"") | AG50: =_xlfn.XLOOKUP($C50,'GP1 (1)'!$B$6:$B$100,'GP1 (1)'!$H$6:$H$100,"") -> -10 | AH50: =_xlfn.XLOOKUP($C50,'GP1 (2)'!$B$6:$B$100,'GP1 (2)'!$H$6:$H$100,"") -> -16 | AI50: =_xlfn.XLOOKUP($C50,'GP2 (1)'!$B$8:$B$107,'GP2 (1)'!$H$8:$H$107,"") -> -14 | AJ50: =_xlfn.XLOOKUP($C50,'GP2 (2)'!$B$6:$B$99,'GP2 (2)'!$H$6:$H$99,"") -> -14 | AK50: =_xlfn.XLOOKUP($C50,'GP3 (1)'!$B$6:$B$100,'GP3 (1)'!$H$6:$H$100,"") | AL50: =_xlfn.XLOOKUP($C50,'GP3 (2)'!$B$6:$B$100,'GP3 (2)'!$H$6:$H$100,"") | AM50: =_xlfn.XLOOKUP($C50,'GP4 (1)'!$B$6:$B$86,'GP4 (1)'!$H$6:$H$86,"") | AN50: =_xlfn.XLOOKUP($C50,'GP4 (2)'!$B$6:$B$100,'GP4 (2)'!$H$6:$H$100,"") | AO50: =_xlfn.XLOOKUP($C50,'GP5 (1)'!$B$6:$B$100,'GP5 (1)'!$H$6:$H$100,"") | AP50: =_xlfn.XLOOKUP($C50,'GP5 (2)'!$B$6:$B$100,'GP5 (2)'!$H$6:$H$100,"")
A51: =ROW()-4 -> 47 | B51: 0 | C51: KIEROŃSKI Tomasz | D51: =SUM(E51:P51) -> 0.53 | E51: =_xlfn.XLOOKUP($C51,'MP (1)'!$B$6:$B$100,'MP (1)'!$E$6:$E$100,"") -> 0.33 | F51: =_xlfn.XLOOKUP($C51,'MP (2)'!$B$6:$B$100,'MP (2)'!$E$6:$E$100,"") -> 0 | G51: =_xlfn.XLOOKUP($C51,'GP1 (1)'!$B$6:$B$100,'GP1 (1)'!$E$6:$E$100,"") | H51: =_xlfn.XLOOKUP($C51,'GP1 (2)'!$B$6:$B$100,'GP1 (2)'!$E$6:$E$100,"") | I51: =_xlfn.XLOOKUP($C51,'GP2 (1)'!$B$8:$B$107,'GP2 (1)'!$E$8:$E$107,"") | J51: =_xlfn.XLOOKUP($C51,'GP2 (2)'!$B$6:$B$99,'GP2 (2)'!$E$6:$E$99,"") | K51: =_xlfn.XLOOKUP($C51,'GP3 (1)'!$B$6:$B$100,'GP3 (1)'!$E$6:$E$100,"") | L51: =_xlfn.XLOOKUP($C51,'GP3 (2)'!$B$6:$B$100,'GP3 (2)'!$E$6:$E$100,"") | M51: =_xlfn.XLOOKUP($C51,'GP4 (1)'!$B$6:$B$86,'GP4 (1)'!$E$6:$E$86,"") -> 0.2 | N51: =_xlfn.XLOOKUP($C51,'GP4 (2)'!$B$6:$B$100,'GP4 (2)'!$E$6:$E$100,"") -> 0 | O51: =_xlfn.XLOOKUP($C51,'GP5 (1)'!$B$6:$B$100,'GP5 (1)'!$E$6:$E$100,"") | P51: =_xlfn.XLOOKUP($C51,'GP5 (2)'!$B$6:$B$100,'GP5 (2)'!$E$6:$E$100,"") | Q51: =SUM(R51:AC51) -> 34 | R51: =_xlfn.XLOOKUP($C51,'MP (1)'!$B$6:$B$100,'MP (1)'!$F$6:$F$100,"") -> 15 | S51: =_xlfn.XLOOKUP($C51,'MP (2)'!$B$6:$B$100,'MP (2)'!$F$6:$F$100,"") -> 4 | T51: =_xlfn.XLOOKUP($C51,'GP1 (1)'!$B$6:$B$100,'GP1 (1)'!$F$6:$F$100,"") | U51: =_xlfn.XLOOKUP($C51,'GP1 (2)'!$B$6:$B$100,'GP1 (2)'!$F$6:$F$100,"") | V51: =_xlfn.XLOOKUP($C51,'GP2 (1)'!$B$8:$B$107,'GP2 (1)'!$F$8:$F$107,"") | W51: =_xlfn.XLOOKUP($C51,'GP2 (2)'!$B$6:$B$99,'GP2 (2)'!$F$6:$F$99,"") | X51: =_xlfn.XLOOKUP($C51,'GP3 (1)'!$B$6:$B$100,'GP3 (1)'!$F$6:$F$100,"") | Y51: =_xlfn.XLOOKUP($C51,'GP3 (2)'!$B$6:$B$100,'GP3 (2)'!$F$6:$F$100,"") | Z51: =_xlfn.XLOOKUP($C51,'GP4 (1)'!$B$6:$B$86,'GP4 (1)'!$F$6:$F$86,"") -> 11 | AA51: =_xlfn.XLOOKUP($C51,'GP4 (2)'!$B$6:$B$100,'GP4 (2)'!$F$6:$F$100,"") -> 4 | AB51: =_xlfn.XLOOKUP($C51,'GP5 (1)'!$B$6:$B$100,'GP5 (1)'!$F$6:$F$100,"") | AC51: =_xlfn.XLOOKUP($C51,'GP5 (2)'!$B$6:$B$100,'GP5 (2)'!$F$6:$F$100,"") | AD51: =SUM(AE51:AO51) -> -63 | AE51: =_xlfn.XLOOKUP($C51,'MP (1)'!$B$6:$B$100,'MP (1)'!$H$6:$H$100,"") -> -9 | AF51: =_xlfn.XLOOKUP($C51,'MP (2)'!$B$6:$B$100,'MP (2)'!$H$6:$H$100,"") -> -21 | AG51: =_xlfn.XLOOKUP($C51,'GP1 (1)'!$B$6:$B$100,'GP1 (1)'!$H$6:$H$100,"") | AH51: =_xlfn.XLOOKUP($C51,'GP1 (2)'!$B$6:$B$100,'GP1 (2)'!$H$6:$H$100,"") | AI51: =_xlfn.XLOOKUP($C51,'GP2 (1)'!$B$8:$B$107,'GP2 (1)'!$H$8:$H$107,"") | AJ51: =_xlfn.XLOOKUP($C51,'GP2 (2)'!$B$6:$B$99,'GP2 (2)'!$H$6:$H$99,"") | AK51: =_xlfn.XLOOKUP($C51,'GP3 (1)'!$B$6:$B$100,'GP3 (1)'!$H$6:$H$100,"") | AL51: =_xlfn.XLOOKUP($C51,'GP3 (2)'!$B$6:$B$100,'GP3 (2)'!$H$6:$H$100,"") | AM51: =_xlfn.XLOOKUP($C51,'GP4 (1)'!$B$6:$B$86,'GP4 (1)'!$H$6:$H$86,"") -> -12 | AN51: =_xlfn.XLOOKUP($C51,'GP4 (2)'!$B$6:$B$100,'GP4 (2)'!$H$6:$H$100,"") -> -21 | AO51: =_xlfn.XLOOKUP($C51,'GP5 (1)'!$B$6:$B$100,'GP5 (1)'!$H$6:$H$100,"") | AP51: =_xlfn.XLOOKUP($C51,'GP5 (2)'!$B$6:$B$100,'GP5 (2)'!$H$6:$H$100,"")
A52: =ROW()-4 -> 48 | B52: 0 | C52: DOMINO Małgorzata | D52: =SUM(E52:P52) -> 0.4 | E52: =_xlfn.XLOOKUP($C52,'MP (1)'!$B$6:$B$100,'MP (1)'!$E$6:$E$100,"") | F52: =_xlfn.XLOOKUP($C52,'MP (2)'!$B$6:$B$100,'MP (2)'!$E$6:$E$100,"") | G52: =_xlfn.XLOOKUP($C52,'GP1 (1)'!$B$6:$B$100,'GP1 (1)'!$E$6:$E$100,"") | H52: =_xlfn.XLOOKUP($C52,'GP1 (2)'!$B$6:$B$100,'GP1 (2)'!$E$6:$E$100,"") | I52: =_xlfn.XLOOKUP($C52,'GP2 (1)'!$B$8:$B$107,'GP2 (1)'!$E$8:$E$107,"") | J52: =_xlfn.XLOOKUP($C52,'GP2 (2)'!$B$6:$B$99,'GP2 (2)'!$E$6:$E$99,"") | K52: =_xlfn.XLOOKUP($C52,'GP3 (1)'!$B$6:$B$100,'GP3 (1)'!$E$6:$E$100,"") | L52: =_xlfn.XLOOKUP($C52,'GP3 (2)'!$B$6:$B$100,'GP3 (2)'!$E$6:$E$100,"") | M52: =_xlfn.XLOOKUP($C52,'GP4 (1)'!$B$6:$B$86,'GP4 (1)'!$E$6:$E$86,"") -> 0.2 | N52: =_xlfn.XLOOKUP($C52,'GP4 (2)'!$B$6:$B$100,'GP4 (2)'!$E$6:$E$100,"") -> 0.2 | O52: =_xlfn.XLOOKUP($C52,'GP5 (1)'!$B$6:$B$100,'GP5 (1)'!$E$6:$E$100,"") | P52: =_xlfn.XLOOKUP($C52,'GP5 (2)'!$B$6:$B$100,'GP5 (2)'!$E$6:$E$100,"") | Q52: =SUM(R52:AC52) -> 25 | R52: =_xlfn.XLOOKUP($C52,'MP (1)'!$B$6:$B$100,'MP (1)'!$F$6:$F$100,"") | S52: =_xlfn.XLOOKUP($C52,'MP (2)'!$B$6:$B$100,'MP (2)'!$F$6:$F$100,"") | T52: =_xlfn.XLOOKUP($C52,'GP1 (1)'!$B$6:$B$100,'GP1 (1)'!$F$6:$F$100,"") | U52: =_xlfn.XLOOKUP($C52,'GP1 (2)'!$B$6:$B$100,'GP1 (2)'!$F$6:$F$100,"") | V52: =_xlfn.XLOOKUP($C52,'GP2 (1)'!$B$8:$B$107,'GP2 (1)'!$F$8:$F$107,"") | W52: =_xlfn.XLOOKUP($C52,'GP2 (2)'!$B$6:$B$99,'GP2 (2)'!$F$6:$F$99,"") | X52: =_xlfn.XLOOKUP($C52,'GP3 (1)'!$B$6:$B$100,'GP3 (1)'!$F$6:$F$100,"") | Y52: =_xlfn.XLOOKUP($C52,'GP3 (2)'!$B$6:$B$100,'GP3 (2)'!$F$6:$F$100,"") | Z52: =_xlfn.XLOOKUP($C52,'GP4 (1)'!$B$6:$B$86,'GP4 (1)'!$F$6:$F$86,"") -> 13 | AA52: =_xlfn.XLOOKUP($C52,'GP4 (2)'!$B$6:$B$100,'GP4 (2)'!$F$6:$F$100,"") -> 12 | AB52: =_xlfn.XLOOKUP($C52,'GP5 (1)'!$B$6:$B$100,'GP5 (1)'!$F$6:$F$100,"") | AC52: =_xlfn.XLOOKUP($C52,'GP5 (2)'!$B$6:$B$100,'GP5 (2)'!$F$6:$F$100,"") | AD52: =SUM(AE52:AO52) -> -21 | AE52: =_xlfn.XLOOKUP($C52,'MP (1)'!$B$6:$B$100,'MP (1)'!$H$6:$H$100,"") | AF52: =_xlfn.XLOOKUP($C52,'MP (2)'!$B$6:$B$100,'MP (2)'!$H$6:$H$100,"") | AG52: =_xlfn.XLOOKUP($C52,'GP1 (1)'!$B$6:$B$100,'GP1 (1)'!$H$6:$H$100,"") | AH52: =_xlfn.XLOOKUP($C52,'GP1 (2)'!$B$6:$B$100,'GP1 (2)'!$H$6:$H$100,"") | AI52: =_xlfn.XLOOKUP($C52,'GP2 (1)'!$B$8:$B$107,'GP2 (1)'!$H$8:$H$107,"") | AJ52: =_xlfn.XLOOKUP($C52,'GP2 (2)'!$B$6:$B$99,'GP2 (2)'!$H$6:$H$99,"") | AK52: =_xlfn.XLOOKUP($C52,'GP3 (1)'!$B$6:$B$100,'GP3 (1)'!$H$6:$H$100,"") | AL52: =_xlfn.XLOOKUP($C52,'GP3 (2)'!$B$6:$B$100,'GP3 (2)'!$H$6:$H$100,"") | AM52: =_xlfn.XLOOKUP($C52,'GP4 (1)'!$B$6:$B$86,'GP4 (1)'!$H$6:$H$86,"") -> -9 | AN52: =_xlfn.XLOOKUP($C52,'GP4 (2)'!$B$6:$B$100,'GP4 (2)'!$H$6:$H$100,"") -> -12 | AO52: =_xlfn.XLOOKUP($C52,'GP5 (1)'!$B$6:$B$100,'GP5 (1)'!$H$6:$H$100,"") | AP52: =_xlfn.XLOOKUP($C52,'GP5 (2)'!$B$6:$B$100,'GP5 (2)'!$H$6:$H$100,"")
A53: =ROW()-4 -> 49 | B53: 2 | C53: BROSCH Artur | D53: =SUM(E53:P53) -> 0.2 | E53: =_xlfn.XLOOKUP($C53,'MP (1)'!$B$6:$B$100,'MP (1)'!$E$6:$E$100,"") | F53: =_xlfn.XLOOKUP($C53,'MP (2)'!$B$6:$B$100,'MP (2)'!$E$6:$E$100,"") | G53: =_xlfn.XLOOKUP($C53,'GP1 (1)'!$B$6:$B$100,'GP1 (1)'!$E$6:$E$100,"") | H53: =_xlfn.XLOOKUP($C53,'GP1 (2)'!$B$6:$B$100,'GP1 (2)'!$E$6:$E$100,"") | I53: =_xlfn.XLOOKUP($C53,'GP2 (1)'!$B$8:$B$107,'GP2 (1)'!$E$8:$E$107,"") | J53: =_xlfn.XLOOKUP($C53,'GP2 (2)'!$B$6:$B$99,'GP2 (2)'!$E$6:$E$99,"") | K53: =_xlfn.XLOOKUP($C53,'GP3 (1)'!$B$6:$B$100,'GP3 (1)'!$E$6:$E$100,"") | L53: =_xlfn.XLOOKUP($C53,'GP3 (2)'!$B$6:$B$100,'GP3 (2)'!$E$6:$E$100,"") | M53: =_xlfn.XLOOKUP($C53,'GP4 (1)'!$B$6:$B$86,'GP4 (1)'!$E$6:$E$86,"") -> 0 | N53: =_xlfn.XLOOKUP($C53,'GP4 (2)'!$B$6:$B$100,'GP4 (2)'!$E$6:$E$100,"") -> 0.2 | O53: =_xlfn.XLOOKUP($C53,'GP5 (1)'!$B$6:$B$100,'GP5 (1)'!$E$6:$E$100,"") | P53: =_xlfn.XLOOKUP($C53,'GP5 (2)'!$B$6:$B$100,'GP5 (2)'!$E$6:$E$100,"") | Q53: =SUM(R53:AC53) -> 14 | R53: =_xlfn.XLOOKUP($C53,'MP (1)'!$B$6:$B$100,'MP (1)'!$F$6:$F$100,"") | S53: =_xlfn.XLOOKUP($C53,'MP (2)'!$B$6:$B$100,'MP (2)'!$F$6:$F$100,"") | T53: =_xlfn.XLOOKUP($C53,'GP1 (1)'!$B$6:$B$100,'GP1 (1)'!$F$6:$F$100,"") | U53: =_xlfn.XLOOKUP($C53,'GP1 (2)'!$B$6:$B$100,'GP1 (2)'!$F$6:$F$100,"") | V53: =_xlfn.XLOOKUP($C53,'GP2 (1)'!$B$8:$B$107,'GP2 (1)'!$F$8:$F$107,"") | W53: =_xlfn.XLOOKUP($C53,'GP2 (2)'!$B$6:$B$99,'GP2 (2)'!$F$6:$F$99,"") | X53: =_xlfn.XLOOKUP($C53,'GP3 (1)'!$B$6:$B$100,'GP3 (1)'!$F$6:$F$100,"") | Y53: =_xlfn.XLOOKUP($C53,'GP3 (2)'!$B$6:$B$100,'GP3 (2)'!$F$6:$F$100,"") | Z53: =_xlfn.XLOOKUP($C53,'GP4 (1)'!$B$6:$B$86,'GP4 (1)'!$F$6:$F$86,"") -> 7 | AA53: =_xlfn.XLOOKUP($C53,'GP4 (2)'!$B$6:$B$100,'GP4 (2)'!$F$6:$F$100,"") -> 7 | AB53: =_xlfn.XLOOKUP($C53,'GP5 (1)'!$B$6:$B$100,'GP5 (1)'!$F$6:$F$100,"") | AC53: =_xlfn.XLOOKUP($C53,'GP5 (2)'!$B$6:$B$100,'GP5 (2)'!$F$6:$F$100,"") | AD53: =SUM(AE53:AO53) -> -31 | AE53: =_xlfn.XLOOKUP($C53,'MP (1)'!$B$6:$B$100,'MP (1)'!$H$6:$H$100,"") | AF53: =_xlfn.XLOOKUP($C53,'MP (2)'!$B$6:$B$100,'MP (2)'!$H$6:$H$100,"") | AG53: =_xlfn.XLOOKUP($C53,'GP1 (1)'!$B$6:$B$100,'GP1 (1)'!$H$6:$H$100,"") | AH53: =_xlfn.XLOOKUP($C53,'GP1 (2)'!$B$6:$B$100,'GP1 (2)'!$H$6:$H$100,"") | AI53: =_xlfn.XLOOKUP($C53,'GP2 (1)'!$B$8:$B$107,'GP2 (1)'!$H$8:$H$107,"") | AJ53: =_xlfn.XLOOKUP($C53,'GP2 (2)'!$B$6:$B$99,'GP2 (2)'!$H$6:$H$99,"") | AK53: =_xlfn.XLOOKUP($C53,'GP3 (1)'!$B$6:$B$100,'GP3 (1)'!$H$6:$H$100,"") | AL53: =_xlfn.XLOOKUP($C53,'GP3 (2)'!$B$6:$B$100,'GP3 (2)'!$H$6:$H$100,"") | AM53: =_xlfn.XLOOKUP($C53,'GP4 (1)'!$B$6:$B$86,'GP4 (1)'!$H$6:$H$86,"") -> -18 | AN53: =_xlfn.XLOOKUP($C53,'GP4 (2)'!$B$6:$B$100,'GP4 (2)'!$H$6:$H$100,"") -> -13 | AO53: =_xlfn.XLOOKUP($C53,'GP5 (1)'!$B$6:$B$100,'GP5 (1)'!$H$6:$H$100,"") | AP53: =_xlfn.XLOOKUP($C53,'GP5 (2)'!$B$6:$B$100,'GP5 (2)'!$H$6:$H$100,"")
A54: =ROW()-4 -> 50 | B54: 2 | C54: MILCZAREK Renata | D54: =SUM(E54:P54) -> 0.2 | E54: =_xlfn.XLOOKUP($C54,'MP (1)'!$B$6:$B$100,'MP (1)'!$E$6:$E$100,"") | F54: =_xlfn.XLOOKUP($C54,'MP (2)'!$B$6:$B$100,'MP (2)'!$E$6:$E$100,"") | G54: =_xlfn.XLOOKUP($C54,'GP1 (1)'!$B$6:$B$100,'GP1 (1)'!$E$6:$E$100,"") | H54: =_xlfn.XLOOKUP($C54,'GP1 (2)'!$B$6:$B$100,'GP1 (2)'!$E$6:$E$100,"") | I54: =_xlfn.XLOOKUP($C54,'GP2 (1)'!$B$6:$B$107,'GP2 (1)'!$E$6:$E$107,"") -> 0.2 | J54: =_xlfn.XLOOKUP($C54,'GP2 (2)'!$B$6:$B$99,'GP2 (2)'!$E$6:$E$99,"") -> 0 | K54: =_xlfn.XLOOKUP($C54,'GP3 (1)'!$B$6:$B$100,'GP3 (1)'!$E$6:$E$100,"") | L54: =_xlfn.XLOOKUP($C54,'GP3 (2)'!$B$6:$B$100,'GP3 (2)'!$E$6:$E$100,"") | M54: =_xlfn.XLOOKUP($C54,'GP4 (1)'!$B$6:$B$86,'GP4 (1)'!$E$6:$E$86,"") | N54: =_xlfn.XLOOKUP($C54,'GP4 (2)'!$B$6:$B$100,'GP4 (2)'!$E$6:$E$100,"") | O54: =_xlfn.XLOOKUP($C54,'GP5 (1)'!$B$6:$B$100,'GP5 (1)'!$E$6:$E$100,"") | P54: =_xlfn.XLOOKUP($C54,'GP5 (2)'!$B$6:$B$100,'GP5 (2)'!$E$6:$E$100,"") | Q54: =SUM(R54:AC54) -> 12 | R54: =_xlfn.XLOOKUP($C54,'MP (1)'!$B$6:$B$100,'MP (1)'!$F$6:$F$100,"") | S54: =_xlfn.XLOOKUP($C54,'MP (2)'!$B$6:$B$100,'MP (2)'!$F$6:$F$100,"") | T54: =_xlfn.XLOOKUP($C54,'GP1 (1)'!$B$6:$B$100,'GP1 (1)'!$F$6:$F$100,"") | U54: =_xlfn.XLOOKUP($C54,'GP1 (2)'!$B$6:$B$100,'GP1 (2)'!$F$6:$F$100,"") | V54: =_xlfn.XLOOKUP($C54,'GP2 (1)'!$B$8:$B$107,'GP2 (1)'!$F$8:$F$107,"") -> 10 | W54: =_xlfn.XLOOKUP($C54,'GP2 (2)'!$B$6:$B$99,'GP2 (2)'!$F$6:$F$99,"") -> 2 | X54: =_xlfn.XLOOKUP($C54,'GP3 (1)'!$B$6:$B$100,'GP3 (1)'!$F$6:$F$100,"") | Y54: =_xlfn.XLOOKUP($C54,'GP3 (2)'!$B$6:$B$100,'GP3 (2)'!$F$6:$F$100,"") | Z54: =_xlfn.XLOOKUP($C54,'GP4 (1)'!$B$6:$B$86,'GP4 (1)'!$F$6:$F$86,"") | AA54: =_xlfn.XLOOKUP($C54,'GP4 (2)'!$B$6:$B$100,'GP4 (2)'!$F$6:$F$100,"") | AB54: =_xlfn.XLOOKUP($C54,'GP5 (1)'!$B$6:$B$100,'GP5 (1)'!$F$6:$F$100,"") | AC54: =_xlfn.XLOOKUP($C54,'GP5 (2)'!$B$6:$B$100,'GP5 (2)'!$F$6:$F$100,"") | AD54: =SUM(AE54:AO54) -> -36 | AE54: =_xlfn.XLOOKUP($C54,'MP (1)'!$B$6:$B$100,'MP (1)'!$H$6:$H$100,"") | AF54: =_xlfn.XLOOKUP($C54,'MP (2)'!$B$6:$B$100,'MP (2)'!$H$6:$H$100,"") | AG54: =_xlfn.XLOOKUP($C54,'GP1 (1)'!$B$6:$B$100,'GP1 (1)'!$H$6:$H$100,"") | AH54: =_xlfn.XLOOKUP($C54,'GP1 (2)'!$B$6:$B$100,'GP1 (2)'!$H$6:$H$100,"") | AI54: =_xlfn.XLOOKUP($C54,'GP2 (1)'!$B$8:$B$107,'GP2 (1)'!$H$8:$H$107,"") -> -13 | AJ54: =_xlfn.XLOOKUP($C54,'GP2 (2)'!$B$6:$B$99,'GP2 (2)'!$H$6:$H$99,"") -> -23 | AK54: =_xlfn.XLOOKUP($C54,'GP3 (1)'!$B$6:$B$100,'GP3 (1)'!$H$6:$H$100,"") | AL54: =_xlfn.XLOOKUP($C54,'GP3 (2)'!$B$6:$B$100,'GP3 (2)'!$H$6:$H$100,"") | AM54: =_xlfn.XLOOKUP($C54,'GP4 (1)'!$B$6:$B$86,'GP4 (1)'!$H$6:$H$86,"") | AN54: =_xlfn.XLOOKUP($C54,'GP4 (2)'!$B$6:$B$100,'GP4 (2)'!$H$6:$H$100,"") | AO54: =_xlfn.XLOOKUP($C54,'GP5 (1)'!$B$6:$B$100,'GP5 (1)'!$H$6:$H$100,"") | AP54: =_xlfn.XLOOKUP($C54,'GP5 (2)'!$B$6:$B$100,'GP5 (2)'!$H$6:$H$100,"")
A55: =ROW()-4 -> 51 | B55: 1 | C55: NIKALAICHUK Aliaksandr | D55: =SUM(E55:P55) -> 0.2 | E55: =_xlfn.XLOOKUP($C55,'MP (1)'!$B$6:$B$100,'MP (1)'!$E$6:$E$100,"") | F55: =_xlfn.XLOOKUP($C55,'MP (2)'!$B$6:$B$100,'MP (2)'!$E$6:$E$100,"") | G55: =_xlfn.XLOOKUP($C55,'GP1 (1)'!$B$6:$B$100,'GP1 (1)'!$E$6:$E$100,"") | H55: =_xlfn.XLOOKUP($C55,'GP1 (2)'!$B$6:$B$100,'GP1 (2)'!$E$6:$E$100,"") | I55: =_xlfn.XLOOKUP($C55,'GP2 (1)'!$B$6:$B$107,'GP2 (1)'!$E$6:$E$107,"") | J55: =_xlfn.XLOOKUP($C55,'GP2 (2)'!$B$6:$B$99,'GP2 (2)'!$E$6:$E$99,"") | K55: =_xlfn.XLOOKUP($C55,'GP3 (1)'!$B$6:$B$100,'GP3 (1)'!$E$6:$E$100,"") -> 0.2 | L55: =_xlfn.XLOOKUP($C55,'GP3 (2)'!$B$6:$B$100,'GP3 (2)'!$E$6:$E$100,"") -> 0 | M55: =_xlfn.XLOOKUP($C55,'GP4 (1)'!$B$6:$B$86,'GP4 (1)'!$E$6:$E$86,"") | N55: =_xlfn.XLOOKUP($C55,'GP4 (2)'!$B$6:$B$100,'GP4 (2)'!$E$6:$E$100,"") | O55: =_xlfn.XLOOKUP($C55,'GP5 (1)'!$B$6:$B$100,'GP5 (1)'!$E$6:$E$100,"") | P55: =_xlfn.XLOOKUP($C55,'GP5 (2)'!$B$6:$B$100,'GP5 (2)'!$E$6:$E$100,"") | Q55: =SUM(R55:AC55) -> 23 | R55: =_xlfn.XLOOKUP($C55,'MP (1)'!$B$6:$B$100,'MP (1)'!$F$6:$F$100,"") | S55: =_xlfn.XLOOKUP($C55,'MP (2)'!$B$6:$B$100,'MP (2)'!$F$6:$F$100,"") | T55: =_xlfn.XLOOKUP($C55,'GP1 (1)'!$B$6:$B$100,'GP1 (1)'!$F$6:$F$100,"") | U55: =_xlfn.XLOOKUP($C55,'GP1 (2)'!$B$6:$B$100,'GP1 (2)'!$F$6:$F$100,"") | V55: =_xlfn.XLOOKUP($C55,'GP2 (1)'!$B$8:$B$107,'GP2 (1)'!$F$8:$F$107,"") | W55: =_xlfn.XLOOKUP($C55,'GP2 (2)'!$B$6:$B$99,'GP2 (2)'!$F$6:$F$99,"") | X55: =_xlfn.XLOOKUP($C55,'GP3 (1)'!$B$6:$B$100,'GP3 (1)'!$F$6:$F$100,"") -> 14 | Y55: =_xlfn.XLOOKUP($C55,'GP3 (2)'!$B$6:$B$100,'GP3 (2)'!$F$6:$F$100,"") -> 9 | Z55: =_xlfn.XLOOKUP($C55,'GP4 (1)'!$B$6:$B$86,'GP4 (1)'!$F$6:$F$86,"") | AA55: =_xlfn.XLOOKUP($C55,'GP4 (2)'!$B$6:$B$100,'GP4 (2)'!$F$6:$F$100,"") | AB55: =_xlfn.XLOOKUP($C55,'GP5 (1)'!$B$6:$B$100,'GP5 (1)'!$F$6:$F$100,"") | AC55: =_xlfn.XLOOKUP($C55,'GP5 (2)'!$B$6:$B$100,'GP5 (2)'!$F$6:$F$100,"") | AD55: =SUM(AE55:AO55) -> -29 | AE55: =_xlfn.XLOOKUP($C55,'MP (1)'!$B$6:$B$100,'MP (1)'!$H$6:$H$100,"") | AF55: =_xlfn.XLOOKUP($C55,'MP (2)'!$B$6:$B$100,'MP (2)'!$H$6:$H$100,"") | AG55: =_xlfn.XLOOKUP($C55,'GP1 (1)'!$B$6:$B$100,'GP1 (1)'!$H$6:$H$100,"") | AH55: =_xlfn.XLOOKUP($C55,'GP1 (2)'!$B$6:$B$100,'GP1 (2)'!$H$6:$H$100,"") | AI55: =_xlfn.XLOOKUP($C55,'GP2 (1)'!$B$8:$B$107,'GP2 (1)'!$H$8:$H$107,"") | AJ55: =_xlfn.XLOOKUP($C55,'GP2 (2)'!$B$6:$B$99,'GP2 (2)'!$H$6:$H$99,"") | AK55: =_xlfn.XLOOKUP($C55,'GP3 (1)'!$B$6:$B$100,'GP3 (1)'!$H$6:$H$100,"") -> -8 | AL55: =_xlfn.XLOOKUP($C55,'GP3 (2)'!$B$6:$B$100,'GP3 (2)'!$H$6:$H$100,"") -> -21 | AM55: =_xlfn.XLOOKUP($C55,'GP4 (1)'!$B$6:$B$86,'GP4 (1)'!$H$6:$H$86,"") | AN55: =_xlfn.XLOOKUP($C55,'GP4 (2)'!$B$6:$B$100,'GP4 (2)'!$H$6:$H$100,"") | AO55: =_xlfn.XLOOKUP($C55,'GP5 (1)'!$B$6:$B$100,'GP5 (1)'!$H$6:$H$100,"") | AP55: =_xlfn.XLOOKUP($C55,'GP5 (2)'!$B$6:$B$100,'GP5 (2)'!$H$6:$H$100,"")
A56: =ROW()-4 -> 52 | B56: 1 | C56: GAWLE Katarzyna | D56: =SUM(E56:P56) -> 0.17 | E56: =_xlfn.XLOOKUP($C56,'MP (1)'!$B$6:$B$100,'MP (1)'!$E$6:$E$100,"") -> 0.17 | F56: =_xlfn.XLOOKUP($C56,'MP (2)'!$B$6:$B$100,'MP (2)'!$E$6:$E$100,"") -> 0 | G56: =_xlfn.XLOOKUP($C56,'GP1 (1)'!$B$6:$B$100,'GP1 (1)'!$E$6:$E$100,"") | H56: =_xlfn.XLOOKUP($C56,'GP1 (2)'!$B$6:$B$100,'GP1 (2)'!$E$6:$E$100,"") | I56: =_xlfn.XLOOKUP($C56,'GP2 (1)'!$B$8:$B$107,'GP2 (1)'!$E$8:$E$107,"") | J56: =_xlfn.XLOOKUP($C56,'GP2 (2)'!$B$6:$B$99,'GP2 (2)'!$E$6:$E$99,"") | K56: =_xlfn.XLOOKUP($C56,'GP3 (1)'!$B$6:$B$100,'GP3 (1)'!$E$6:$E$100,"") -> 0 | L56: =_xlfn.XLOOKUP($C56,'GP3 (2)'!$B$6:$B$100,'GP3 (2)'!$E$6:$E$100,"") -> 0 | M56: =_xlfn.XLOOKUP($C56,'GP4 (1)'!$B$6:$B$86,'GP4 (1)'!$E$6:$E$86,"") | N56: =_xlfn.XLOOKUP($C56,'GP4 (2)'!$B$6:$B$100,'GP4 (2)'!$E$6:$E$100,"") | O56: =_xlfn.XLOOKUP($C56,'GP5 (1)'!$B$6:$B$100,'GP5 (1)'!$E$6:$E$100,"") | P56: =_xlfn.XLOOKUP($C56,'GP5 (2)'!$B$6:$B$100,'GP5 (2)'!$E$6:$E$100,"") | Q56: =SUM(R56:AC56) -> 37 | R56: =_xlfn.XLOOKUP($C56,'MP (1)'!$B$6:$B$100,'MP (1)'!$F$6:$F$100,"") -> 13 | S56: =_xlfn.XLOOKUP($C56,'MP (2)'!$B$6:$B$100,'MP (2)'!$F$6:$F$100,"") -> 11 | T56: =_xlfn.XLOOKUP($C56,'GP1 (1)'!$B$6:$B$100,'GP1 (1)'!$F$6:$F$100,"") | U56: =_xlfn.XLOOKUP($C56,'GP1 (2)'!$B$6:$B$100,'GP1 (2)'!$F$6:$F$100,"") | V56: =_xlfn.XLOOKUP($C56,'GP2 (1)'!$B$8:$B$107,'GP2 (1)'!$F$8:$F$107,"") | W56: =_xlfn.XLOOKUP($C56,'GP2 (2)'!$B$6:$B$99,'GP2 (2)'!$F$6:$F$99,"") | X56: =_xlfn.XLOOKUP($C56,'GP3 (1)'!$B$6:$B$100,'GP3 (1)'!$F$6:$F$100,"") -> 7 | Y56: =_xlfn.XLOOKUP($C56,'GP3 (2)'!$B$6:$B$100,'GP3 (2)'!$F$6:$F$100,"") -> 6 | Z56: =_xlfn.XLOOKUP($C56,'GP4 (1)'!$B$6:$B$86,'GP4 (1)'!$F$6:$F$86,"") | AA56: =_xlfn.XLOOKUP($C56,'GP4 (2)'!$B$6:$B$100,'GP4 (2)'!$F$6:$F$100,"") | AB56: =_xlfn.XLOOKUP($C56,'GP5 (1)'!$B$6:$B$100,'GP5 (1)'!$F$6:$F$100,"") | AC56: =_xlfn.XLOOKUP($C56,'GP5 (2)'!$B$6:$B$100,'GP5 (2)'!$F$6:$F$100,"") | AD56: =SUM(AE56:AO56) -> -67 | AE56: =_xlfn.XLOOKUP($C56,'MP (1)'!$B$6:$B$100,'MP (1)'!$H$6:$H$100,"") -> -12 | AF56: =_xlfn.XLOOKUP($C56,'MP (2)'!$B$6:$B$100,'MP (2)'!$H$6:$H$100,"") -> -14 | AG56: =_xlfn.XLOOKUP($C56,'GP1 (1)'!$B$6:$B$100,'GP1 (1)'!$H$6:$H$100,"") | AH56: =_xlfn.XLOOKUP($C56,'GP1 (2)'!$B$6:$B$100,'GP1 (2)'!$H$6:$H$100,"") | AI56: =_xlfn.XLOOKUP($C56,'GP2 (1)'!$B$8:$B$107,'GP2 (1)'!$H$8:$H$107,"") | AJ56: =_xlfn.XLOOKUP($C56,'GP2 (2)'!$B$6:$B$99,'GP2 (2)'!$H$6:$H$99,"") | AK56: =_xlfn.XLOOKUP($C56,'GP3 (1)'!$B$6:$B$100,'GP3 (1)'!$H$6:$H$100,"") -> -17 | AL56: =_xlfn.XLOOKUP($C56,'GP3 (2)'!$B$6:$B$100,'GP3 (2)'!$H$6:$H$100,"") -> -24 | AM56: =_xlfn.XLOOKUP($C56,'GP4 (1)'!$B$6:$B$86,'GP4 (1)'!$H$6:$H$86,"") | AN56: =_xlfn.XLOOKUP($C56,'GP4 (2)'!$B$6:$B$100,'GP4 (2)'!$H$6:$H$100,"") | AO56: =_xlfn.XLOOKUP($C56,'GP5 (1)'!$B$6:$B$100,'GP5 (1)'!$H$6:$H$100,"") | AP56: =_xlfn.XLOOKUP($C56,'GP5 (2)'!$B$6:$B$100,'GP5 (2)'!$H$6:$H$100,"")
A57: =ROW()-4 -> 53 | B57: 4 | C57: MŁYNEK Janusz | D57: =SUM(E57:P57) -> 0.17 | E57: =_xlfn.XLOOKUP($C57,'MP (1)'!$B$6:$B$100,'MP (1)'!$E$6:$E$100,"") -> 0 | F57: =_xlfn.XLOOKUP($C57,'MP (2)'!$B$6:$B$100,'MP (2)'!$E$6:$E$100,"") -> 0 | G57: =_xlfn.XLOOKUP($C57,'GP1 (1)'!$B$6:$B$100,'GP1 (1)'!$E$6:$E$100,"") | H57: =_xlfn.XLOOKUP($C57,'GP1 (2)'!$B$6:$B$100,'GP1 (2)'!$E$6:$E$100,"") | I57: =_xlfn.XLOOKUP($C57,'GP2 (1)'!$B$8:$B$107,'GP2 (1)'!$E$8:$E$107,"") | J57: =_xlfn.XLOOKUP($C57,'GP2 (2)'!$B$6:$B$99,'GP2 (2)'!$E$6:$E$99,"") | K57: =_xlfn.XLOOKUP($C57,'GP3 (1)'!$B$6:$B$100,'GP3 (1)'!$E$6:$E$100,"") -> 0 | L57: =_xlfn.XLOOKUP($C57,'GP3 (2)'!$B$6:$B$100,'GP3 (2)'!$E$6:$E$100,"") -> 0.17 | M57: =_xlfn.XLOOKUP($C57,'GP4 (1)'!$B$6:$B$86,'GP4 (1)'!$E$6:$E$86,"") -> 0 | N57: =_xlfn.XLOOKUP($C57,'GP4 (2)'!$B$6:$B$100,'GP4 (2)'!$E$6:$E$100,"") -> 0 | O57: =_xlfn.XLOOKUP($C57,'GP5 (1)'!$B$6:$B$100,'GP5 (1)'!$E$6:$E$100,"") | P57: =_xlfn.XLOOKUP($C57,'GP5 (2)'!$B$6:$B$100,'GP5 (2)'!$E$6:$E$100,"") | Q57: =SUM(R57:AC57) -> 57 | R57: =_xlfn.XLOOKUP($C57,'MP (1)'!$B$6:$B$100,'MP (1)'!$F$6:$F$100,"") -> 15 | S57: =_xlfn.XLOOKUP($C57,'MP (2)'!$B$6:$B$100,'MP (2)'!$F$6:$F$100,"") -> 9 | T57: =_xlfn.XLOOKUP($C57,'GP1 (1)'!$B$6:$B$100,'GP1 (1)'!$F$6:$F$100,"") | U57: =_xlfn.XLOOKUP($C57,'GP1 (2)'!$B$6:$B$100,'GP1 (2)'!$F$6:$F$100,"") | V57: =_xlfn.XLOOKUP($C57,'GP2 (1)'!$B$8:$B$107,'GP2 (1)'!$F$8:$F$107,"") | W57: =_xlfn.XLOOKUP($C57,'GP2 (2)'!$B$6:$B$99,'GP2 (2)'!$F$6:$F$99,"") | X57: =_xlfn.XLOOKUP($C57,'GP3 (1)'!$B$6:$B$100,'GP3 (1)'!$F$6:$F$100,"") -> 8 | Y57: =_xlfn.XLOOKUP($C57,'GP3 (2)'!$B$6:$B$100,'GP3 (2)'!$F$6:$F$100,"") -> 16 | Z57: =_xlfn.XLOOKUP($C57,'GP4 (1)'!$B$6:$B$86,'GP4 (1)'!$F$6:$F$86,"") -> 4 | AA57: =_xlfn.XLOOKUP($C57,'GP4 (2)'!$B$6:$B$100,'GP4 (2)'!$F$6:$F$100,"") -> 5 | AB57: =_xlfn.XLOOKUP($C57,'GP5 (1)'!$B$6:$B$100,'GP5 (1)'!$F$6:$F$100,"") | AC57: =_xlfn.XLOOKUP($C57,'GP5 (2)'!$B$6:$B$100,'GP5 (2)'!$F$6:$F$100,"") | AD57: =SUM(AE57:AO57) -> -97 | AE57: =_xlfn.XLOOKUP($C57,'MP (1)'!$B$6:$B$100,'MP (1)'!$H$6:$H$100,"") -> -15 | AF57: =_xlfn.XLOOKUP($C57,'MP (2)'!$B$6:$B$100,'MP (2)'!$H$6:$H$100,"") -> -16 | AG57: =_xlfn.XLOOKUP($C57,'GP1 (1)'!$B$6:$B$100,'GP1 (1)'!$H$6:$H$100,"") | AH57: =_xlfn.XLOOKUP($C57,'GP1 (2)'!$B$6:$B$100,'GP1 (2)'!$H$6:$H$100,"") | AI57: =_xlfn.XLOOKUP($C57,'GP2 (1)'!$B$8:$B$107,'GP2 (1)'!$H$8:$H$107,"") | AJ57: =_xlfn.XLOOKUP($C57,'GP2 (2)'!$B$6:$B$99,'GP2 (2)'!$H$6:$H$99,"") | AK57: =_xlfn.XLOOKUP($C57,'GP3 (1)'!$B$6:$B$100,'GP3 (1)'!$H$6:$H$100,"") -> -12 | AL57: =_xlfn.XLOOKUP($C57,'GP3 (2)'!$B$6:$B$100,'GP3 (2)'!$H$6:$H$100,"") -> -13 | AM57: =_xlfn.XLOOKUP($C57,'GP4 (1)'!$B$6:$B$86,'GP4 (1)'!$H$6:$H$86,"") -> -21 | AN57: =_xlfn.XLOOKUP($C57,'GP4 (2)'!$B$6:$B$100,'GP4 (2)'!$H$6:$H$100,"") -> -20 | AO57: =_xlfn.XLOOKUP($C57,'GP5 (1)'!$B$6:$B$100,'GP5 (1)'!$H$6:$H$100,"") | AP57: =_xlfn.XLOOKUP($C57,'GP5 (2)'!$B$6:$B$100,'GP5 (2)'!$H$6:$H$100,"")
A58: =ROW()-4 -> 54 | B58: 4 | C58: ADAMCZEWSKI Wojciech | D58: =SUM(E58:P58) -> 0 | E58: =_xlfn.XLOOKUP($C58,'MP (1)'!$B$6:$B$100,'MP (1)'!$E$6:$E$100,"") -> 0 | F58: =_xlfn.XLOOKUP($C58,'MP (2)'!$B$6:$B$100,'MP (2)'!$E$6:$E$100,"") -> 0 | G58: =_xlfn.XLOOKUP($C58,'GP1 (1)'!$B$6:$B$100,'GP1 (1)'!$E$6:$E$100,"") -> 0 | H58: =_xlfn.XLOOKUP($C58,'GP1 (2)'!$B$6:$B$100,'GP1 (2)'!$E$6:$E$100,"") -> 0 | I58: =_xlfn.XLOOKUP($C58,'GP2 (1)'!$B$6:$B$107,'GP2 (1)'!$E$6:$E$107,"") | J58: =_xlfn.XLOOKUP($C58,'GP2 (2)'!$B$6:$B$99,'GP2 (2)'!$E$6:$E$99,"") | K58: =_xlfn.XLOOKUP($C58,'GP3 (1)'!$B$6:$B$100,'GP3 (1)'!$E$6:$E$100,"") | L58: =_xlfn.XLOOKUP($C58,'GP3 (2)'!$B$6:$B$100,'GP3 (2)'!$E$6:$E$100,"") | M58: =_xlfn.XLOOKUP($C58,'GP4 (1)'!$B$6:$B$86,'GP4 (1)'!$E$6:$E$86,"") | N58: =_xlfn.XLOOKUP($C58,'GP4 (2)'!$B$6:$B$100,'GP4 (2)'!$E$6:$E$100,"") | O58: =_xlfn.XLOOKUP($C58,'GP5 (1)'!$B$6:$B$100,'GP5 (1)'!$E$6:$E$100,"") | P58: =_xlfn.XLOOKUP($C58,'GP5 (2)'!$B$6:$B$100,'GP5 (2)'!$E$6:$E$100,"") | Q58: =SUM(R58:AC58) -> 32 | R58: =_xlfn.XLOOKUP($C58,'MP (1)'!$B$6:$B$100,'MP (1)'!$F$6:$F$100,"") -> 9 | S58: =_xlfn.XLOOKUP($C58,'MP (2)'!$B$6:$B$100,'MP (2)'!$F$6:$F$100,"") -> 10 | T58: =_xlfn.XLOOKUP($C58,'GP1 (1)'!$B$6:$B$100,'GP1 (1)'!$F$6:$F$100,"") -> 9 | U58: =_xlfn.XLOOKUP($C58,'GP1 (2)'!$B$6:$B$100,'GP1 (2)'!$F$6:$F$100,"") -> 4 | V58: =_xlfn.XLOOKUP($C58,'GP2 (1)'!$B$8:$B$107,'GP2 (1)'!$F$8:$F$107,"") | W58: =_xlfn.XLOOKUP($C58,'GP2 (2)'!$B$6:$B$99,'GP2 (2)'!$F$6:$F$99,"") | X58: =_xlfn.XLOOKUP($C58,'GP3 (1)'!$B$6:$B$100,'GP3 (1)'!$F$6:$F$100,"") | Y58: =_xlfn.XLOOKUP($C58,'GP3 (2)'!$B$6:$B$100,'GP3 (2)'!$F$6:$F$100,"") | Z58: =_xlfn.XLOOKUP($C58,'GP4 (1)'!$B$6:$B$86,'GP4 (1)'!$F$6:$F$86,"") | AA58: =_xlfn.XLOOKUP($C58,'GP4 (2)'!$B$6:$B$100,'GP4 (2)'!$F$6:$F$100,"") | AB58: =_xlfn.XLOOKUP($C58,'GP5 (1)'!$B$6:$B$100,'GP5 (1)'!$F$6:$F$100,"") | AC58: =_xlfn.XLOOKUP($C58,'GP5 (2)'!$B$6:$B$100,'GP5 (2)'!$F$6:$F$100,"") | AD58: =SUM(AE58:AO58) -> -83 | AE58: =_xlfn.XLOOKUP($C58,'MP (1)'!$B$6:$B$100,'MP (1)'!$H$6:$H$100,"") -> -16 | AF58: =_xlfn.XLOOKUP($C58,'MP (2)'!$B$6:$B$100,'MP (2)'!$H$6:$H$100,"") -> -20 | AG58: =_xlfn.XLOOKUP($C58,'GP1 (1)'!$B$6:$B$100,'GP1 (1)'!$H$6:$H$100,"") -> -21 | AH58: =_xlfn.XLOOKUP($C58,'GP1 (2)'!$B$6:$B$100,'GP1 (2)'!$H$6:$H$100,"") -> -26 | AI58: =_xlfn.XLOOKUP($C58,'GP2 (1)'!$B$8:$B$107,'GP2 (1)'!$H$8:$H$107,"") | AJ58: =_xlfn.XLOOKUP($C58,'GP2 (2)'!$B$6:$B$99,'GP2 (2)'!$H$6:$H$99,"") | AK58: =_xlfn.XLOOKUP($C58,'GP3 (1)'!$B$6:$B$100,'GP3 (1)'!$H$6:$H$100,"") | AL58: =_xlfn.XLOOKUP($C58,'GP3 (2)'!$B$6:$B$100,'GP3 (2)'!$H$6:$H$100,"") | AM58: =_xlfn.XLOOKUP($C58,'GP4 (1)'!$B$6:$B$86,'GP4 (1)'!$H$6:$H$86,"") | AN58: =_xlfn.XLOOKUP($C58,'GP4 (2)'!$B$6:$B$100,'GP4 (2)'!$H$6:$H$100,"") | AO58: =_xlfn.XLOOKUP($C58,'GP5 (1)'!$B$6:$B$100,'GP5 (1)'!$H$6:$H$100,"") | AP58: =_xlfn.XLOOKUP($C58,'GP5 (2)'!$B$6:$B$100,'GP5 (2)'!$H$6:$H$100,"")
A59: =ROW()-4 -> 55 | B59: 1 | C59: BAZAK Jacek | D59: =SUM(E59:P59) -> 0 | E59: =_xlfn.XLOOKUP($C59,'MP (1)'!$B$6:$B$100,'MP (1)'!$E$6:$E$100,"") -> 0 | F59: =_xlfn.XLOOKUP($C59,'MP (2)'!$B$6:$B$100,'MP (2)'!$E$6:$E$100,"") | G59: =_xlfn.XLOOKUP($C59,'GP1 (1)'!$B$6:$B$100,'GP1 (1)'!$E$6:$E$100,"") | H59: =_xlfn.XLOOKUP($C59,'GP1 (2)'!$B$6:$B$100,'GP1 (2)'!$E$6:$E$100,"") | I59: =_xlfn.XLOOKUP($C59,'GP2 (1)'!$B$6:$B$107,'GP2 (1)'!$E$6:$E$107,"") | J59: =_xlfn.XLOOKUP($C59,'GP2 (2)'!$B$6:$B$99,'GP2 (2)'!$E$6:$E$99,"") | K59: =_xlfn.XLOOKUP($C59,'GP3 (1)'!$B$6:$B$100,'GP3 (1)'!$E$6:$E$100,"") | L59: =_xlfn.XLOOKUP($C59,'GP3 (2)'!$B$6:$B$100,'GP3 (2)'!$E$6:$E$100,"") | M59: =_xlfn.XLOOKUP($C59,'GP4 (1)'!$B$6:$B$86,'GP4 (1)'!$E$6:$E$86,"") | N59: =_xlfn.XLOOKUP($C59,'GP4 (2)'!$B$6:$B$100,'GP4 (2)'!$E$6:$E$100,"") | O59: =_xlfn.XLOOKUP($C59,'GP5 (1)'!$B$6:$B$100,'GP5 (1)'!$E$6:$E$100,"") | P59: =_xlfn.XLOOKUP($C59,'GP5 (2)'!$B$6:$B$100,'GP5 (2)'!$E$6:$E$100,"") | Q59: =SUM(R59:AC59) -> 0 | R59: =_xlfn.XLOOKUP($C59,'MP (1)'!$B$6:$B$100,'MP (1)'!$F$6:$F$100,"") -> 0 | S59: =_xlfn.XLOOKUP($C59,'MP (2)'!$B$6:$B$100,'MP (2)'!$F$6:$F$100,"") | T59: =_xlfn.XLOOKUP($C59,'GP1 (1)'!$B$6:$B$100,'GP1 (1)'!$F$6:$F$100,"") | U59: =_xlfn.XLOOKUP($C59,'GP1 (2)'!$B$6:$B$100,'GP1 (2)'!$F$6:$F$100,"") | V59: =_xlfn.XLOOKUP($C59,'GP2 (1)'!$B$8:$B$107,'GP2 (1)'!$F$8:$F$107,"") | W59: =_xlfn.XLOOKUP($C59,'GP2 (2)'!$B$6:$B$99,'GP2 (2)'!$F$6:$F$99,"") | X59: =_xlfn.XLOOKUP($C59,'GP3 (1)'!$B$6:$B$100,'GP3 (1)'!$F$6:$F$100,"") | Y59: =_xlfn.XLOOKUP($C59,'GP3 (2)'!$B$6:$B$100,'GP3 (2)'!$F$6:$F$100,"") | Z59: =_xlfn.XLOOKUP($C59,'GP4 (1)'!$B$6:$B$86,'GP4 (1)'!$F$6:$F$86,"") | AA59: =_xlfn.XLOOKUP($C59,'GP4 (2)'!$B$6:$B$100,'GP4 (2)'!$F$6:$F$100,"") | AB59: =_xlfn.XLOOKUP($C59,'GP5 (1)'!$B$6:$B$100,'GP5 (1)'!$F$6:$F$100,"") | AC59: =_xlfn.XLOOKUP($C59,'GP5 (2)'!$B$6:$B$100,'GP5 (2)'!$F$6:$F$100,"") | AD59: =SUM(AE59:AO59) -> -30 | AE59: =_xlfn.XLOOKUP($C59,'MP (1)'!$B$6:$B$100,'MP (1)'!$H$6:$H$100,"") -> -30 | AF59: =_xlfn.XLOOKUP($C59,'MP (2)'!$B$6:$B$100,'MP (2)'!$H$6:$H$100,"") | AG59: =_xlfn.XLOOKUP($C59,'GP1 (1)'!$B$6:$B$100,'GP1 (1)'!$H$6:$H$100,"") | AH59: =_xlfn.XLOOKUP($C59,'GP1 (2)'!$B$6:$B$100,'GP1 (2)'!$H$6:$H$100,"") | AI59: =_xlfn.XLOOKUP($C59,'GP2 (1)'!$B$8:$B$107,'GP2 (1)'!$H$8:$H$107,"") | AJ59: =_xlfn.XLOOKUP($C59,'GP2 (2)'!$B$6:$B$99,'GP2 (2)'!$H$6:$H$99,"") | AK59: =_xlfn.XLOOKUP($C59,'GP3 (1)'!$B$6:$B$100,'GP3 (1)'!$H$6:$H$100,"") | AL59: =_xlfn.XLOOKUP($C59,'GP3 (2)'!$B$6:$B$100,'GP3 (2)'!$H$6:$H$100,"") | AM59: =_xlfn.XLOOKUP($C59,'GP4 (1)'!$B$6:$B$86,'GP4 (1)'!$H$6:$H$86,"") | AN59: =_xlfn.XLOOKUP($C59,'GP4 (2)'!$B$6:$B$100,'GP4 (2)'!$H$6:$H$100,"") | AO59: =_xlfn.XLOOKUP($C59,'GP5 (1)'!$B$6:$B$100,'GP5 (1)'!$H$6:$H$100,"") | AP59: =_xlfn.XLOOKUP($C59,'GP5 (2)'!$B$6:$B$100,'GP5 (2)'!$H$6:$H$100,"")
A60: =ROW()-4 -> 56 | B60: 3 | C60: BORYSIUK Zbigniew | D60: =SUM(E60:P60) -> 0 | E60: =_xlfn.XLOOKUP($C60,'MP (1)'!$B$6:$B$100,'MP (1)'!$E$6:$E$100,"") | F60: =_xlfn.XLOOKUP($C60,'MP (2)'!$B$6:$B$100,'MP (2)'!$E$6:$E$100,"") | G60: =_xlfn.XLOOKUP($C60,'GP1 (1)'!$B$6:$B$100,'GP1 (1)'!$E$6:$E$100,"") | H60: =_xlfn.XLOOKUP($C60,'GP1 (2)'!$B$6:$B$100,'GP1 (2)'!$E$6:$E$100,"") | I60: =_xlfn.XLOOKUP($C60,'GP2 (1)'!$B$6:$B$107,'GP2 (1)'!$E$6:$E$107,"") | J60: =_xlfn.XLOOKUP($C60,'GP2 (2)'!$B$6:$B$99,'GP2 (2)'!$E$6:$E$99,"") | K60: =_xlfn.XLOOKUP($C60,'GP3 (1)'!$B$6:$B$100,'GP3 (1)'!$E$6:$E$100,"") | L60: =_xlfn.XLOOKUP($C60,'GP3 (2)'!$B$6:$B$100,'GP3 (2)'!$E$6:$E$100,"") | M60: =_xlfn.XLOOKUP($C60,'GP4 (1)'!$B$6:$B$86,'GP4 (1)'!$E$6:$E$86,"") | N60: =_xlfn.XLOOKUP($C60,'GP4 (2)'!$B$6:$B$100,'GP4 (2)'!$E$6:$E$100,"") | O60: =_xlfn.XLOOKUP($C60,'GP5 (1)'!$B$6:$B$100,'GP5 (1)'!$E$6:$E$100,"") | P60: =_xlfn.XLOOKUP($C60,'GP5 (2)'!$B$6:$B$100,'GP5 (2)'!$E$6:$E$100,"") | Q60: =SUM(R60:AC60) -> 0 | R60: =_xlfn.XLOOKUP($C60,'MP (1)'!$B$6:$B$100,'MP (1)'!$F$6:$F$100,"") | S60: =_xlfn.XLOOKUP($C60,'MP (2)'!$B$6:$B$100,'MP (2)'!$F$6:$F$100,"") | T60: =_xlfn.XLOOKUP($C60,'GP1 (1)'!$B$6:$B$100,'GP1 (1)'!$F$6:$F$100,"") | U60: =_xlfn.XLOOKUP($C60,'GP1 (2)'!$B$6:$B$100,'GP1 (2)'!$F$6:$F$100,"") | V60: =_xlfn.XLOOKUP($C60,'GP2 (1)'!$B$8:$B$107,'GP2 (1)'!$F$8:$F$107,"") | W60: =_xlfn.XLOOKUP($C60,'GP2 (2)'!$B$6:$B$99,'GP2 (2)'!$F$6:$F$99,"") | X60: =_xlfn.XLOOKUP($C60,'GP3 (1)'!$B$6:$B$100,'GP3 (1)'!$F$6:$F$100,"") | Y60: =_xlfn.XLOOKUP($C60,'GP3 (2)'!$B$6:$B$100,'GP3 (2)'!$F$6:$F$100,"") | Z60: =_xlfn.XLOOKUP($C60,'GP4 (1)'!$B$6:$B$86,'GP4 (1)'!$F$6:$F$86,"") | AA60: =_xlfn.XLOOKUP($C60,'GP4 (2)'!$B$6:$B$100,'GP4 (2)'!$F$6:$F$100,"") | AB60: =_xlfn.XLOOKUP($C60,'GP5 (1)'!$B$6:$B$100,'GP5 (1)'!$F$6:$F$100,"") | AC60: =_xlfn.XLOOKUP($C60,'GP5 (2)'!$B$6:$B$100,'GP5 (2)'!$F$6:$F$100,"") | AD60: =SUM(AE60:AO60) -> 0 | AE60: =_xlfn.XLOOKUP($C60,'MP (1)'!$B$6:$B$100,'MP (1)'!$H$6:$H$100,"") | AF60: =_xlfn.XLOOKUP($C60,'MP (2)'!$B$6:$B$100,'MP (2)'!$H$6:$H$100,"") | AG60: =_xlfn.XLOOKUP($C60,'GP1 (1)'!$B$6:$B$100,'GP1 (1)'!$H$6:$H$100,"") | AH60: =_xlfn.XLOOKUP($C60,'GP1 (2)'!$B$6:$B$100,'GP1 (2)'!$H$6:$H$100,"") | AI60: =_xlfn.XLOOKUP($C60,'GP2 (1)'!$B$8:$B$107,'GP2 (1)'!$H$8:$H$107,"") | AJ60: =_xlfn.XLOOKUP($C60,'GP2 (2)'!$B$6:$B$99,'GP2 (2)'!$H$6:$H$99,"") | AK60: =_xlfn.XLOOKUP($C60,'GP3 (1)'!$B$6:$B$100,'GP3 (1)'!$H$6:$H$100,"") | AL60: =_xlfn.XLOOKUP($C60,'GP3 (2)'!$B$6:$B$100,'GP3 (2)'!$H$6:$H$100,"") | AM60: =_xlfn.XLOOKUP($C60,'GP4 (1)'!$B$6:$B$86,'GP4 (1)'!$H$6:$H$86,"") | AN60: =_xlfn.XLOOKUP($C60,'GP4 (2)'!$B$6:$B$100,'GP4 (2)'!$H$6:$H$100,"") | AO60: =_xlfn.XLOOKUP($C60,'GP5 (1)'!$B$6:$B$100,'GP5 (1)'!$H$6:$H$100,"") | AP60: =_xlfn.XLOOKUP($C60,'GP5 (2)'!$B$6:$B$100,'GP5 (2)'!$H$6:$H$100,"")
A61: =ROW()-4 -> 57 | B61: 2 | C61: DEZVO Horvath | D61: =SUM(E61:P61) -> 0 | E61: =_xlfn.XLOOKUP($C61,'MP (1)'!$B$6:$B$100,'MP (1)'!$E$6:$E$100,"") | F61: =_xlfn.XLOOKUP($C61,'MP (2)'!$B$6:$B$100,'MP (2)'!$E$6:$E$100,"") | G61: =_xlfn.XLOOKUP($C61,'GP1 (1)'!$B$6:$B$100,'GP1 (1)'!$E$6:$E$100,"") | H61: =_xlfn.XLOOKUP($C61,'GP1 (2)'!$B$6:$B$100,'GP1 (2)'!$E$6:$E$100,"") | I61: =_xlfn.XLOOKUP($C61,'GP2 (1)'!$B$8:$B$107,'GP2 (1)'!$E$8:$E$107,"") | J61: =_xlfn.XLOOKUP($C61,'GP2 (2)'!$B$6:$B$99,'GP2 (2)'!$E$6:$E$99,"") | K61: =_xlfn.XLOOKUP($C61,'GP3 (1)'!$B$6:$B$100,'GP3 (1)'!$E$6:$E$100,"") | L61: =_xlfn.XLOOKUP($C61,'GP3 (2)'!$B$6:$B$100,'GP3 (2)'!$E$6:$E$100,"") | M61: =_xlfn.XLOOKUP($C61,'GP4 (1)'!$B$6:$B$86,'GP4 (1)'!$E$6:$E$86,"") | N61: =_xlfn.XLOOKUP($C61,'GP4 (2)'!$B$6:$B$100,'GP4 (2)'!$E$6:$E$100,"") | O61: =_xlfn.XLOOKUP($C61,'GP5 (1)'!$B$6:$B$100,'GP5 (1)'!$E$6:$E$100,"") | P61: =_xlfn.XLOOKUP($C61,'GP5 (2)'!$B$6:$B$100,'GP5 (2)'!$E$6:$E$100,"") | Q61: =SUM(R61:AC61) -> 0 | R61: =_xlfn.XLOOKUP($C61,'MP (1)'!$B$6:$B$100,'MP (1)'!$F$6:$F$100,"") | S61: =_xlfn.XLOOKUP($C61,'MP (2)'!$B$6:$B$100,'MP (2)'!$F$6:$F$100,"") | T61: =_xlfn.XLOOKUP($C61,'GP1 (1)'!$B$6:$B$100,'GP1 (1)'!$F$6:$F$100,"") | U61: =_xlfn.XLOOKUP($C61,'GP1 (2)'!$B$6:$B$100,'GP1 (2)'!$F$6:$F$100,"") | V61: =_xlfn.XLOOKUP($C61,'GP2 (1)'!$B$8:$B$107,'GP2 (1)'!$F$8:$F$107,"") | W61: =_xlfn.XLOOKUP($C61,'GP2 (2)'!$B$6:$B$99,'GP2 (2)'!$F$6:$F$99,"") | X61: =_xlfn.XLOOKUP($C61,'GP3 (1)'!$B$6:$B$100,'GP3 (1)'!$F$6:$F$100,"") | Y61: =_xlfn.XLOOKUP($C61,'GP3 (2)'!$B$6:$B$100,'GP3 (2)'!$F$6:$F$100,"") | Z61: =_xlfn.XLOOKUP($C61,'GP4 (1)'!$B$6:$B$86,'GP4 (1)'!$F$6:$F$86,"") | AA61: =_xlfn.XLOOKUP($C61,'GP4 (2)'!$B$6:$B$100,'GP4 (2)'!$F$6:$F$100,"") | AB61: =_xlfn.XLOOKUP($C61,'GP5 (1)'!$B$6:$B$100,'GP5 (1)'!$F$6:$F$100,"") | AC61: =_xlfn.XLOOKUP($C61,'GP5 (2)'!$B$6:$B$100,'GP5 (2)'!$F$6:$F$100,"") | AD61: =SUM(AE61:AO61) -> 0 | AE61: =_xlfn.XLOOKUP($C61,'MP (1)'!$B$6:$B$100,'MP (1)'!$H$6:$H$100,"") | AF61: =_xlfn.XLOOKUP($C61,'MP (2)'!$B$6:$B$100,'MP (2)'!$H$6:$H$100,"") | AG61: =_xlfn.XLOOKUP($C61,'GP1 (1)'!$B$6:$B$100,'GP1 (1)'!$H$6:$H$100,"") | AH61: =_xlfn.XLOOKUP($C61,'GP1 (2)'!$B$6:$B$100,'GP1 (2)'!$H$6:$H$100,"") | AI61: =_xlfn.XLOOKUP($C61,'GP2 (1)'!$B$8:$B$107,'GP2 (1)'!$H$8:$H$107,"") | AJ61: =_xlfn.XLOOKUP($C61,'GP2 (2)'!$B$6:$B$99,'GP2 (2)'!$H$6:$H$99,"") | AK61: =_xlfn.XLOOKUP($C61,'GP3 (1)'!$B$6:$B$100,'GP3 (1)'!$H$6:$H$100,"") | AL61: =_xlfn.XLOOKUP($C61,'GP3 (2)'!$B$6:$B$100,'GP3 (2)'!$H$6:$H$100,"") | AM61: =_xlfn.XLOOKUP($C61,'GP4 (1)'!$B$6:$B$86,'GP4 (1)'!$H$6:$H$86,"") | AN61: =_xlfn.XLOOKUP($C61,'GP4 (2)'!$B$6:$B$100,'GP4 (2)'!$H$6:$H$100,"") | AO61: =_xlfn.XLOOKUP($C61,'GP5 (1)'!$B$6:$B$100,'GP5 (1)'!$H$6:$H$100,"") | AP61: =_xlfn.XLOOKUP($C61,'GP5 (2)'!$B$6:$B$100,'GP5 (2)'!$H$6:$H$100,"")
A62: =ROW()-4 -> 58 | B62: 2 | C62: FARAGO Jozsef | D62: =SUM(E62:P62) -> 0 | E62: =_xlfn.XLOOKUP($C62,'MP (1)'!$B$6:$B$100,'MP (1)'!$E$6:$E$100,"") | F62: =_xlfn.XLOOKUP($C62,'MP (2)'!$B$6:$B$100,'MP (2)'!$E$6:$E$100,"") | G62: =_xlfn.XLOOKUP($C62,'GP1 (1)'!$B$6:$B$100,'GP1 (1)'!$E$6:$E$100,"") | H62: =_xlfn.XLOOKUP($C62,'GP1 (2)'!$B$6:$B$100,'GP1 (2)'!$E$6:$E$100,"") | I62: =_xlfn.XLOOKUP($C62,'GP2 (1)'!$B$8:$B$107,'GP2 (1)'!$E$8:$E$107,"") | J62: =_xlfn.XLOOKUP($C62,'GP2 (2)'!$B$6:$B$99,'GP2 (2)'!$E$6:$E$99,"") | K62: =_xlfn.XLOOKUP($C62,'GP3 (1)'!$B$6:$B$100,'GP3 (1)'!$E$6:$E$100,"") | L62: =_xlfn.XLOOKUP($C62,'GP3 (2)'!$B$6:$B$100,'GP3 (2)'!$E$6:$E$100,"") | M62: =_xlfn.XLOOKUP($C62,'GP4 (1)'!$B$6:$B$86,'GP4 (1)'!$E$6:$E$86,"") | N62: =_xlfn.XLOOKUP($C62,'GP4 (2)'!$B$6:$B$100,'GP4 (2)'!$E$6:$E$100,"") | O62: =_xlfn.XLOOKUP($C62,'GP5 (1)'!$B$6:$B$100,'GP5 (1)'!$E$6:$E$100,"") | P62: =_xlfn.XLOOKUP($C62,'GP5 (2)'!$B$6:$B$100,'GP5 (2)'!$E$6:$E$100,"") | Q62: =SUM(R62:AC62) -> 0 | R62: =_xlfn.XLOOKUP($C62,'MP (1)'!$B$6:$B$100,'MP (1)'!$F$6:$F$100,"") | S62: =_xlfn.XLOOKUP($C62,'MP (2)'!$B$6:$B$100,'MP (2)'!$F$6:$F$100,"") | T62: =_xlfn.XLOOKUP($C62,'GP1 (1)'!$B$6:$B$100,'GP1 (1)'!$F$6:$F$100,"") | U62: =_xlfn.XLOOKUP($C62,'GP1 (2)'!$B$6:$B$100,'GP1 (2)'!$F$6:$F$100,"") | V62: =_xlfn.XLOOKUP($C62,'GP2 (1)'!$B$8:$B$107,'GP2 (1)'!$F$8:$F$107,"") | W62: =_xlfn.XLOOKUP($C62,'GP2 (2)'!$B$6:$B$99,'GP2 (2)'!$F$6:$F$99,"") | X62: =_xlfn.XLOOKUP($C62,'GP3 (1)'!$B$6:$B$100,'GP3 (1)'!$F$6:$F$100,"") | Y62: =_xlfn.XLOOKUP($C62,'GP3 (2)'!$B$6:$B$100,'GP3 (2)'!$F$6:$F$100,"") | Z62: =_xlfn.XLOOKUP($C62,'GP4 (1)'!$B$6:$B$86,'GP4 (1)'!$F$6:$F$86,"") | AA62: =_xlfn.XLOOKUP($C62,'GP4 (2)'!$B$6:$B$100,'GP4 (2)'!$F$6:$F$100,"") | AB62: =_xlfn.XLOOKUP($C62,'GP5 (1)'!$B$6:$B$100,'GP5 (1)'!$F$6:$F$100,"") | AC62: =_xlfn.XLOOKUP($C62,'GP5 (2)'!$B$6:$B$100,'GP5 (2)'!$F$6:$F$100,"") | AD62: =SUM(AE62:AO62) -> 0 | AE62: =_xlfn.XLOOKUP($C62,'MP (1)'!$B$6:$B$100,'MP (1)'!$H$6:$H$100,"") | AF62: =_xlfn.XLOOKUP($C62,'MP (2)'!$B$6:$B$100,'MP (2)'!$H$6:$H$100,"") | AG62: =_xlfn.XLOOKUP($C62,'GP1 (1)'!$B$6:$B$100,'GP1 (1)'!$H$6:$H$100,"") | AH62: =_xlfn.XLOOKUP($C62,'GP1 (2)'!$B$6:$B$100,'GP1 (2)'!$H$6:$H$100,"") | AI62: =_xlfn.XLOOKUP($C62,'GP2 (1)'!$B$8:$B$107,'GP2 (1)'!$H$8:$H$107,"") | AJ62: =_xlfn.XLOOKUP($C62,'GP2 (2)'!$B$6:$B$99,'GP2 (2)'!$H$6:$H$99,"") | AK62: =_xlfn.XLOOKUP($C62,'GP3 (1)'!$B$6:$B$100,'GP3 (1)'!$H$6:$H$100,"") | AL62: =_xlfn.XLOOKUP($C62,'GP3 (2)'!$B$6:$B$100,'GP3 (2)'!$H$6:$H$100,"") | AM62: =_xlfn.XLOOKUP($C62,'GP4 (1)'!$B$6:$B$86,'GP4 (1)'!$H$6:$H$86,"") | AN62: =_xlfn.XLOOKUP($C62,'GP4 (2)'!$B$6:$B$100,'GP4 (2)'!$H$6:$H$100,"") | AO62: =_xlfn.XLOOKUP($C62,'GP5 (1)'!$B$6:$B$100,'GP5 (1)'!$H$6:$H$100,"") | AP62: =_xlfn.XLOOKUP($C62,'GP5 (2)'!$B$6:$B$100,'GP5 (2)'!$H$6:$H$100,"")
A63: =ROW()-4 -> 59 | B63: 1 | C63: KORONA-TRZEBSKI Przemysław | D63: =SUM(E63:P63) -> 0 | E63: =_xlfn.XLOOKUP($C63,'MP (1)'!$B$6:$B$100,'MP (1)'!$E$6:$E$100,"") | F63: =_xlfn.XLOOKUP($C63,'MP (2)'!$B$6:$B$100,'MP (2)'!$E$6:$E$100,"") | G63: =_xlfn.XLOOKUP($C63,'GP1 (1)'!$B$6:$B$100,'GP1 (1)'!$E$6:$E$100,"") | H63: =_xlfn.XLOOKUP($C63,'GP1 (2)'!$B$6:$B$100,'GP1 (2)'!$E$6:$E$100,"") | I63: =_xlfn.XLOOKUP($C63,'GP2 (1)'!$B$6:$B$107,'GP2 (1)'!$E$6:$E$107,"") | J63: =_xlfn.XLOOKUP($C63,'GP2 (2)'!$B$6:$B$99,'GP2 (2)'!$E$6:$E$99,"") | K63: =_xlfn.XLOOKUP($C63,'GP3 (1)'!$B$6:$B$100,'GP3 (1)'!$E$6:$E$100,"") | L63: =_xlfn.XLOOKUP($C63,'GP3 (2)'!$B$6:$B$100,'GP3 (2)'!$E$6:$E$100,"") | M63: =_xlfn.XLOOKUP($C63,'GP4 (1)'!$B$6:$B$86,'GP4 (1)'!$E$6:$E$86,"") | N63: =_xlfn.XLOOKUP($C63,'GP4 (2)'!$B$6:$B$100,'GP4 (2)'!$E$6:$E$100,"") | O63: =_xlfn.XLOOKUP($C63,'GP5 (1)'!$B$6:$B$100,'GP5 (1)'!$E$6:$E$100,"") | P63: =_xlfn.XLOOKUP($C63,'GP5 (2)'!$B$6:$B$100,'GP5 (2)'!$E$6:$E$100,"") | Q63: =SUM(R63:AC63) -> 0 | R63: =_xlfn.XLOOKUP($C63,'MP (1)'!$B$6:$B$100,'MP (1)'!$F$6:$F$100,"") | S63: =_xlfn.XLOOKUP($C63,'MP (2)'!$B$6:$B$100,'MP (2)'!$F$6:$F$100,"") | T63: =_xlfn.XLOOKUP($C63,'GP1 (1)'!$B$6:$B$100,'GP1 (1)'!$F$6:$F$100,"") | U63: =_xlfn.XLOOKUP($C63,'GP1 (2)'!$B$6:$B$100,'GP1 (2)'!$F$6:$F$100,"") | V63: =_xlfn.XLOOKUP($C63,'GP2 (1)'!$B$8:$B$107,'GP2 (1)'!$F$8:$F$107,"") | W63: =_xlfn.XLOOKUP($C63,'GP2 (2)'!$B$6:$B$99,'GP2 (2)'!$F$6:$F$99,"") | X63: =_xlfn.XLOOKUP($C63,'GP3 (1)'!$B$6:$B$100,'GP3 (1)'!$F$6:$F$100,"") | Y63: =_xlfn.XLOOKUP($C63,'GP3 (2)'!$B$6:$B$100,'GP3 (2)'!$F$6:$F$100,"") | Z63: =_xlfn.XLOOKUP($C63,'GP4 (1)'!$B$6:$B$86,'GP4 (1)'!$F$6:$F$86,"") | AA63: =_xlfn.XLOOKUP($C63,'GP4 (2)'!$B$6:$B$100,'GP4 (2)'!$F$6:$F$100,"") | AB63: =_xlfn.XLOOKUP($C63,'GP5 (1)'!$B$6:$B$100,'GP5 (1)'!$F$6:$F$100,"") | AC63: =_xlfn.XLOOKUP($C63,'GP5 (2)'!$B$6:$B$100,'GP5 (2)'!$F$6:$F$100,"") | AD63: =SUM(AE63:AO63) -> 0 | AE63: =_xlfn.XLOOKUP($C63,'MP (1)'!$B$6:$B$100,'MP (1)'!$H$6:$H$100,"") | AF63: =_xlfn.XLOOKUP($C63,'MP (2)'!$B$6:$B$100,'MP (2)'!$H$6:$H$100,"") | AG63: =_xlfn.XLOOKUP($C63,'GP1 (1)'!$B$6:$B$100,'GP1 (1)'!$H$6:$H$100,"") | AH63: =_xlfn.XLOOKUP($C63,'GP1 (2)'!$B$6:$B$100,'GP1 (2)'!$H$6:$H$100,"") | AI63: =_xlfn.XLOOKUP($C63,'GP2 (1)'!$B$8:$B$107,'GP2 (1)'!$H$8:$H$107,"") | AJ63: =_xlfn.XLOOKUP($C63,'GP2 (2)'!$B$6:$B$99,'GP2 (2)'!$H$6:$H$99,"") | AK63: =_xlfn.XLOOKUP($C63,'GP3 (1)'!$B$6:$B$100,'GP3 (1)'!$H$6:$H$100,"") | AL63: =_xlfn.XLOOKUP($C63,'GP3 (2)'!$B$6:$B$100,'GP3 (2)'!$H$6:$H$100,"") | AM63: =_xlfn.XLOOKUP($C63,'GP4 (1)'!$B$6:$B$86,'GP4 (1)'!$H$6:$H$86,"") | AN63: =_xlfn.XLOOKUP($C63,'GP4 (2)'!$B$6:$B$100,'GP4 (2)'!$H$6:$H$100,"") | AO63: =_xlfn.XLOOKUP($C63,'GP5 (1)'!$B$6:$B$100,'GP5 (1)'!$H$6:$H$100,"") | AP63: =_xlfn.XLOOKUP($C63,'GP5 (2)'!$B$6:$B$100,'GP5 (2)'!$H$6:$H$100,"")
A64: =ROW()-4 -> 60 | B64: 4 | C64: PANZ Marian | D64: =SUM(E64:P64) -> 0 | E64: =_xlfn.XLOOKUP($C64,'MP (1)'!$B$6:$B$100,'MP (1)'!$E$6:$E$100,"") -> 0 | F64: =_xlfn.XLOOKUP($C64,'MP (2)'!$B$6:$B$100,'MP (2)'!$E$6:$E$100,"") -> 0 | G64: =_xlfn.XLOOKUP($C64,'GP1 (1)'!$B$6:$B$100,'GP1 (1)'!$E$6:$E$100,"") | H64: =_xlfn.XLOOKUP($C64,'GP1 (2)'!$B$6:$B$100,'GP1 (2)'!$E$6:$E$100,"") | I64: =_xlfn.XLOOKUP($C64,'GP2 (1)'!$B$6:$B$107,'GP2 (1)'!$E$6:$E$107,"") -> 0 | J64: =_xlfn.XLOOKUP($C64,'GP2 (2)'!$B$6:$B$99,'GP2 (2)'!$E$6:$E$99,"") -> 0 | K64: =_xlfn.XLOOKUP($C64,'GP3 (1)'!$B$6:$B$100,'GP3 (1)'!$E$6:$E$100,"") | L64: =_xlfn.XLOOKUP($C64,'GP3 (2)'!$B$6:$B$100,'GP3 (2)'!$E$6:$E$100,"") | M64: =_xlfn.XLOOKUP($C64,'GP4 (1)'!$B$6:$B$86,'GP4 (1)'!$E$6:$E$86,"") | N64: =_xlfn.XLOOKUP($C64,'GP4 (2)'!$B$6:$B$100,'GP4 (2)'!$E$6:$E$100,"") | O64: =_xlfn.XLOOKUP($C64,'GP5 (1)'!$B$6:$B$100,'GP5 (1)'!$E$6:$E$100,"") | P64: =_xlfn.XLOOKUP($C64,'GP5 (2)'!$B$6:$B$100,'GP5 (2)'!$E$6:$E$100,"") | Q64: =SUM(R64:AC64) -> 30 | R64: =_xlfn.XLOOKUP($C64,'MP (1)'!$B$6:$B$100,'MP (1)'!$F$6:$F$100,"") -> 8 | S64: =_xlfn.XLOOKUP($C64,'MP (2)'!$B$6:$B$100,'MP (2)'!$F$6:$F$100,"") -> 4 | T64: =_xlfn.XLOOKUP($C64,'GP1 (1)'!$B$6:$B$100,'GP1 (1)'!$F$6:$F$100,"") | U64: =_xlfn.XLOOKUP($C64,'GP1 (2)'!$B$6:$B$100,'GP1 (2)'!$F$6:$F$100,"") | V64: =_xlfn.XLOOKUP($C64,'GP2 (1)'!$B$8:$B$107,'GP2 (1)'!$F$8:$F$107,"") -> 10 | W64: =_xlfn.XLOOKUP($C64,'GP2 (2)'!$B$6:$B$99,'GP2 (2)'!$F$6:$F$99,"") -> 8 | X64: =_xlfn.XLOOKUP($C64,'GP3 (1)'!$B$6:$B$100,'GP3 (1)'!$F$6:$F$100,"") | Y64: =_xlfn.XLOOKUP($C64,'GP3 (2)'!$B$6:$B$100,'GP3 (2)'!$F$6:$F$100,"") | Z64: =_xlfn.XLOOKUP($C64,'GP4 (1)'!$B$6:$B$86,'GP4 (1)'!$F$6:$F$86,"") | AA64: =_xlfn.XLOOKUP($C64,'GP4 (2)'!$B$6:$B$100,'GP4 (2)'!$F$6:$F$100,"") | AB64: =_xlfn.XLOOKUP($C64,'GP5 (1)'!$B$6:$B$100,'GP5 (1)'!$F$6:$F$100,"") | AC64: =_xlfn.XLOOKUP($C64,'GP5 (2)'!$B$6:$B$100,'GP5 (2)'!$F$6:$F$100,"") | AD64: =SUM(AE64:AO64) -> -85 | AE64: =_xlfn.XLOOKUP($C64,'MP (1)'!$B$6:$B$100,'MP (1)'!$H$6:$H$100,"") -> -17 | AF64: =_xlfn.XLOOKUP($C64,'MP (2)'!$B$6:$B$100,'MP (2)'!$H$6:$H$100,"") -> -26 | AG64: =_xlfn.XLOOKUP($C64,'GP1 (1)'!$B$6:$B$100,'GP1 (1)'!$H$6:$H$100,"") | AH64: =_xlfn.XLOOKUP($C64,'GP1 (2)'!$B$6:$B$100,'GP1 (2)'!$H$6:$H$100,"") | AI64: =_xlfn.XLOOKUP($C64,'GP2 (1)'!$B$8:$B$107,'GP2 (1)'!$H$8:$H$107,"") -> -20 | AJ64: =_xlfn.XLOOKUP($C64,'GP2 (2)'!$B$6:$B$99,'GP2 (2)'!$H$6:$H$99,"") -> -22 | AK64: =_xlfn.XLOOKUP($C64,'GP3 (1)'!$B$6:$B$100,'GP3 (1)'!$H$6:$H$100,"") | AL64: =_xlfn.XLOOKUP($C64,'GP3 (2)'!$B$6:$B$100,'GP3 (2)'!$H$6:$H$100,"") | AM64: =_xlfn.XLOOKUP($C64,'GP4 (1)'!$B$6:$B$86,'GP4 (1)'!$H$6:$H$86,"") | AN64: =_xlfn.XLOOKUP($C64,'GP4 (2)'!$B$6:$B$100,'GP4 (2)'!$H$6:$H$100,"") | AO64: =_xlfn.XLOOKUP($C64,'GP5 (1)'!$B$6:$B$100,'GP5 (1)'!$H$6:$H$100,"") | AP64: =_xlfn.XLOOKUP($C64,'GP5 (2)'!$B$6:$B$100,'GP5 (2)'!$H$6:$H$100,"")
A65: =ROW()-4 -> 61 | B65: 4 | C65: TARANCZEWSKI Janusz | D65: =SUM(E65:P65) -> 0 | E65: =_xlfn.XLOOKUP($C65,'MP (1)'!$B$6:$B$100,'MP (1)'!$E$6:$E$100,"") | F65: =_xlfn.XLOOKUP($C65,'MP (2)'!$B$6:$B$100,'MP (2)'!$E$6:$E$100,"") | G65: =_xlfn.XLOOKUP($C65,'GP1 (1)'!$B$6:$B$100,'GP1 (1)'!$E$6:$E$100,"") | H65: =_xlfn.XLOOKUP($C65,'GP1 (2)'!$B$6:$B$100,'GP1 (2)'!$E$6:$E$100,"") | I65: =_xlfn.XLOOKUP($C65,'GP2 (1)'!$B$6:$B$107,'GP2 (1)'!$E$6:$E$107,"") | J65: =_xlfn.XLOOKUP($C65,'GP2 (2)'!$B$6:$B$99,'GP2 (2)'!$E$6:$E$99,"") | K65: =_xlfn.XLOOKUP($C65,'GP3 (1)'!$B$6:$B$100,'GP3 (1)'!$E$6:$E$100,"") | L65: =_xlfn.XLOOKUP($C65,'GP3 (2)'!$B$6:$B$100,'GP3 (2)'!$E$6:$E$100,"") | M65: =_xlfn.XLOOKUP($C65,'GP4 (1)'!$B$6:$B$86,'GP4 (1)'!$E$6:$E$86,"") | N65: =_xlfn.XLOOKUP($C65,'GP4 (2)'!$B$6:$B$100,'GP4 (2)'!$E$6:$E$100,"") | O65: =_xlfn.XLOOKUP($C65,'GP5 (1)'!$B$6:$B$100,'GP5 (1)'!$E$6:$E$100,"") | P65: =_xlfn.XLOOKUP($C65,'GP5 (2)'!$B$6:$B$100,'GP5 (2)'!$E$6:$E$100,"") | Q65: =SUM(R65:AC65) -> 0 | R65: =_xlfn.XLOOKUP($C65,'MP (1)'!$B$6:$B$100,'MP (1)'!$F$6:$F$100,"") | S65: =_xlfn.XLOOKUP($C65,'MP (2)'!$B$6:$B$100,'MP (2)'!$F$6:$F$100,"") | T65: =_xlfn.XLOOKUP($C65,'GP1 (1)'!$B$6:$B$100,'GP1 (1)'!$F$6:$F$100,"") | U65: =_xlfn.XLOOKUP($C65,'GP1 (2)'!$B$6:$B$100,'GP1 (2)'!$F$6:$F$100,"") | V65: =_xlfn.XLOOKUP($C65,'GP2 (1)'!$B$8:$B$107,'GP2 (1)'!$F$8:$F$107,"") | W65: =_xlfn.XLOOKUP($C65,'GP2 (2)'!$B$6:$B$99,'GP2 (2)'!$F$6:$F$99,"") | X65: =_xlfn.XLOOKUP($C65,'GP3 (1)'!$B$6:$B$100,'GP3 (1)'!$F$6:$F$100,"") | Y65: =_xlfn.XLOOKUP($C65,'GP3 (2)'!$B$6:$B$100,'GP3 (2)'!$F$6:$F$100,"") | Z65: =_xlfn.XLOOKUP($C65,'GP4 (1)'!$B$6:$B$86,'GP4 (1)'!$F$6:$F$86,"") | AA65: =_xlfn.XLOOKUP($C65,'GP4 (2)'!$B$6:$B$100,'GP4 (2)'!$F$6:$F$100,"") | AB65: =_xlfn.XLOOKUP($C65,'GP5 (1)'!$B$6:$B$100,'GP5 (1)'!$F$6:$F$100,"") | AC65: =_xlfn.XLOOKUP($C65,'GP5 (2)'!$B$6:$B$100,'GP5 (2)'!$F$6:$F$100,"") | AD65: =SUM(AE65:AO65) -> 0 | AE65: =_xlfn.XLOOKUP($C65,'MP (1)'!$B$6:$B$100,'MP (1)'!$H$6:$H$100,"") | AF65: =_xlfn.XLOOKUP($C65,'MP (2)'!$B$6:$B$100,'MP (2)'!$H$6:$H$100,"") | AG65: =_xlfn.XLOOKUP($C65,'GP1 (1)'!$B$6:$B$100,'GP1 (1)'!$H$6:$H$100,"") | AH65: =_xlfn.XLOOKUP($C65,'GP1 (2)'!$B$6:$B$100,'GP1 (2)'!$H$6:$H$100,"") | AI65: =_xlfn.XLOOKUP($C65,'GP2 (1)'!$B$8:$B$107,'GP2 (1)'!$H$8:$H$107,"") | AJ65: =_xlfn.XLOOKUP($C65,'GP2 (2)'!$B$6:$B$99,'GP2 (2)'!$H$6:$H$99,"") | AK65: =_xlfn.XLOOKUP($C65,'GP3 (1)'!$B$6:$B$100,'GP3 (1)'!$H$6:$H$100,"") | AL65: =_xlfn.XLOOKUP($C65,'GP3 (2)'!$B$6:$B$100,'GP3 (2)'!$H$6:$H$100,"") | AM65: =_xlfn.XLOOKUP($C65,'GP4 (1)'!$B$6:$B$86,'GP4 (1)'!$H$6:$H$86,"") | AN65: =_xlfn.XLOOKUP($C65,'GP4 (2)'!$B$6:$B$100,'GP4 (2)'!$H$6:$H$100,"") | AO65: =_xlfn.XLOOKUP($C65,'GP5 (1)'!$B$6:$B$100,'GP5 (1)'!$H$6:$H$100,"") | AP65: =_xlfn.XLOOKUP($C65,'GP5 (2)'!$B$6:$B$100,'GP5 (2)'!$H$6:$H$100,"")
A66: =ROW()-4 -> 62 | B66: 0 | C66: TRISCORNIA Anton | D66: =SUM(E66:P66) -> 0 | E66: =_xlfn.XLOOKUP($C66,'MP (1)'!$B$6:$B$100,'MP (1)'!$E$6:$E$100,"") | F66: =_xlfn.XLOOKUP($C66,'MP (2)'!$B$6:$B$100,'MP (2)'!$E$6:$E$100,"") | G66: =_xlfn.XLOOKUP($C66,'GP1 (1)'!$B$6:$B$100,'GP1 (1)'!$E$6:$E$100,"") | H66: =_xlfn.XLOOKUP($C66,'GP1 (2)'!$B$6:$B$100,'GP1 (2)'!$E$6:$E$100,"") | I66: =_xlfn.XLOOKUP($C66,'GP2 (1)'!$B$6:$B$107,'GP2 (1)'!$E$6:$E$107,"") | J66: =_xlfn.XLOOKUP($C66,'GP2 (2)'!$B$6:$B$99,'GP2 (2)'!$E$6:$E$99,"") | K66: =_xlfn.XLOOKUP($C66,'GP3 (1)'!$B$6:$B$100,'GP3 (1)'!$E$6:$E$100,"") | L66: =_xlfn.XLOOKUP($C66,'GP3 (2)'!$B$6:$B$100,'GP3 (2)'!$E$6:$E$100,"") | M66: =_xlfn.XLOOKUP($C66,'GP4 (1)'!$B$6:$B$86,'GP4 (1)'!$E$6:$E$86,"") | N66: =_xlfn.XLOOKUP($C66,'GP4 (2)'!$B$6:$B$100,'GP4 (2)'!$E$6:$E$100,"") | O66: =_xlfn.XLOOKUP($C66,'GP5 (1)'!$B$6:$B$100,'GP5 (1)'!$E$6:$E$100,"") | P66: =_xlfn.XLOOKUP($C66,'GP5 (2)'!$B$6:$B$100,'GP5 (2)'!$E$6:$E$100,"") | Q66: =SUM(R66:AC66) -> 0 | R66: =_xlfn.XLOOKUP($C66,'MP (1)'!$B$6:$B$100,'MP (1)'!$F$6:$F$100,"") | S66: =_xlfn.XLOOKUP($C66,'MP (2)'!$B$6:$B$100,'MP (2)'!$F$6:$F$100,"") | T66: =_xlfn.XLOOKUP($C66,'GP1 (1)'!$B$6:$B$100,'GP1 (1)'!$F$6:$F$100,"") | U66: =_xlfn.XLOOKUP($C66,'GP1 (2)'!$B$6:$B$100,'GP1 (2)'!$F$6:$F$100,"") | V66: =_xlfn.XLOOKUP($C66,'GP2 (1)'!$B$8:$B$107,'GP2 (1)'!$F$8:$F$107,"") | W66: =_xlfn.XLOOKUP($C66,'GP2 (2)'!$B$6:$B$99,'GP2 (2)'!$F$6:$F$99,"") | X66: =_xlfn.XLOOKUP($C66,'GP3 (1)'!$B$6:$B$100,'GP3 (1)'!$F$6:$F$100,"") | Y66: =_xlfn.XLOOKUP($C66,'GP3 (2)'!$B$6:$B$100,'GP3 (2)'!$F$6:$F$100,"") | Z66: =_xlfn.XLOOKUP($C66,'GP4 (1)'!$B$6:$B$86,'GP4 (1)'!$F$6:$F$86,"") | AA66: =_xlfn.XLOOKUP($C66,'GP4 (2)'!$B$6:$B$100,'GP4 (2)'!$F$6:$F$100,"") | AB66: =_xlfn.XLOOKUP($C66,'GP5 (1)'!$B$6:$B$100,'GP5 (1)'!$F$6:$F$100,"") | AC66: =_xlfn.XLOOKUP($C66,'GP5 (2)'!$B$6:$B$100,'GP5 (2)'!$F$6:$F$100,"") | AD66: =SUM(AE66:AO66) -> 0 | AE66: =_xlfn.XLOOKUP($C66,'MP (1)'!$B$6:$B$100,'MP (1)'!$H$6:$H$100,"") | AF66: =_xlfn.XLOOKUP($C66,'MP (2)'!$B$6:$B$100,'MP (2)'!$H$6:$H$100,"") | AG66: =_xlfn.XLOOKUP($C66,'GP1 (1)'!$B$6:$B$100,'GP1 (1)'!$H$6:$H$100,"") | AH66: =_xlfn.XLOOKUP($C66,'GP1 (2)'!$B$6:$B$100,'GP1 (2)'!$H$6:$H$100,"") | AI66: =_xlfn.XLOOKUP($C66,'GP2 (1)'!$B$8:$B$107,'GP2 (1)'!$H$8:$H$107,"") | AJ66: =_xlfn.XLOOKUP($C66,'GP2 (2)'!$B$6:$B$99,'GP2 (2)'!$H$6:$H$99,"") | AK66: =_xlfn.XLOOKUP($C66,'GP3 (1)'!$B$6:$B$100,'GP3 (1)'!$H$6:$H$100,"") | AL66: =_xlfn.XLOOKUP($C66,'GP3 (2)'!$B$6:$B$100,'GP3 (2)'!$H$6:$H$100,"") | AM66: =_xlfn.XLOOKUP($C66,'GP4 (1)'!$B$6:$B$86,'GP4 (1)'!$H$6:$H$86,"") | AN66: =_xlfn.XLOOKUP($C66,'GP4 (2)'!$B$6:$B$100,'GP4 (2)'!$H$6:$H$100,"") | AO66: =_xlfn.XLOOKUP($C66,'GP5 (1)'!$B$6:$B$100,'GP5 (1)'!$H$6:$H$100,"") | AP66: =_xlfn.XLOOKUP($C66,'GP5 (2)'!$B$6:$B$100,'GP5 (2)'!$H$6:$H$100,"")
A67: =ROW()-4 -> 63 | B67: 1 | C67: WIŚNIEWSKI Bernard | D67: =SUM(E67:P67) -> 0 | E67: =_xlfn.XLOOKUP($C67,'MP (1)'!$B$6:$B$100,'MP (1)'!$E$6:$E$100,"") | F67: =_xlfn.XLOOKUP($C67,'MP (2)'!$B$6:$B$100,'MP (2)'!$E$6:$E$100,"") | G67: =_xlfn.XLOOKUP($C67,'GP1 (1)'!$B$6:$B$100,'GP1 (1)'!$E$6:$E$100,"") | H67: =_xlfn.XLOOKUP($C67,'GP1 (2)'!$B$6:$B$100,'GP1 (2)'!$E$6:$E$100,"") | I67: =_xlfn.XLOOKUP($C67,'GP2 (1)'!$B$6:$B$107,'GP2 (1)'!$E$6:$E$107,"") | J67: =_xlfn.XLOOKUP($C67,'GP2 (2)'!$B$6:$B$99,'GP2 (2)'!$E$6:$E$99,"") | K67: =_xlfn.XLOOKUP($C67,'GP3 (1)'!$B$6:$B$100,'GP3 (1)'!$E$6:$E$100,"") | L67: =_xlfn.XLOOKUP($C67,'GP3 (2)'!$B$6:$B$100,'GP3 (2)'!$E$6:$E$100,"") | M67: =_xlfn.XLOOKUP($C67,'GP4 (1)'!$B$6:$B$86,'GP4 (1)'!$E$6:$E$86,"") | N67: =_xlfn.XLOOKUP($C67,'GP4 (2)'!$B$6:$B$100,'GP4 (2)'!$E$6:$E$100,"") | O67: =_xlfn.XLOOKUP($C67,'GP5 (1)'!$B$6:$B$100,'GP5 (1)'!$E$6:$E$100,"") | P67: =_xlfn.XLOOKUP($C67,'GP5 (2)'!$B$6:$B$100,'GP5 (2)'!$E$6:$E$100,"") | Q67: =SUM(R67:AC67) -> 0 | R67: =_xlfn.XLOOKUP($C67,'MP (1)'!$B$6:$B$100,'MP (1)'!$F$6:$F$100,"") | S67: =_xlfn.XLOOKUP($C67,'MP (2)'!$B$6:$B$100,'MP (2)'!$F$6:$F$100,"") | T67: =_xlfn.XLOOKUP($C67,'GP1 (1)'!$B$6:$B$100,'GP1 (1)'!$F$6:$F$100,"") | U67: =_xlfn.XLOOKUP($C67,'GP1 (2)'!$B$6:$B$100,'GP1 (2)'!$F$6:$F$100,"") | V67: =_xlfn.XLOOKUP($C67,'GP2 (1)'!$B$8:$B$107,'GP2 (1)'!$F$8:$F$107,"") | W67: =_xlfn.XLOOKUP($C67,'GP2 (2)'!$B$6:$B$99,'GP2 (2)'!$F$6:$F$99,"") | X67: =_xlfn.XLOOKUP($C67,'GP3 (1)'!$B$6:$B$100,'GP3 (1)'!$F$6:$F$100,"") | Y67: =_xlfn.XLOOKUP($C67,'GP3 (2)'!$B$6:$B$100,'GP3 (2)'!$F$6:$F$100,"") | Z67: =_xlfn.XLOOKUP($C67,'GP4 (1)'!$B$6:$B$86,'GP4 (1)'!$F$6:$F$86,"") | AA67: =_xlfn.XLOOKUP($C67,'GP4 (2)'!$B$6:$B$100,'GP4 (2)'!$F$6:$F$100,"") | AB67: =_xlfn.XLOOKUP($C67,'GP5 (1)'!$B$6:$B$100,'GP5 (1)'!$F$6:$F$100,"") | AC67: =_xlfn.XLOOKUP($C67,'GP5 (2)'!$B$6:$B$100,'GP5 (2)'!$F$6:$F$100,"") | AD67: =SUM(AE67:AO67) -> 0 | AE67: =_xlfn.XLOOKUP($C67,'MP (1)'!$B$6:$B$100,'MP (1)'!$H$6:$H$100,"") | AF67: =_xlfn.XLOOKUP($C67,'MP (2)'!$B$6:$B$100,'MP (2)'!$H$6:$H$100,"") | AG67: =_xlfn.XLOOKUP($C67,'GP1 (1)'!$B$6:$B$100,'GP1 (1)'!$H$6:$H$100,"") | AH67: =_xlfn.XLOOKUP($C67,'GP1 (2)'!$B$6:$B$100,'GP1 (2)'!$H$6:$H$100,"") | AI67: =_xlfn.XLOOKUP($C67,'GP2 (1)'!$B$8:$B$107,'GP2 (1)'!$H$8:$H$107,"") | AJ67: =_xlfn.XLOOKUP($C67,'GP2 (2)'!$B$6:$B$99,'GP2 (2)'!$H$6:$H$99,"") | AK67: =_xlfn.XLOOKUP($C67,'GP3 (1)'!$B$6:$B$100,'GP3 (1)'!$H$6:$H$100,"") | AL67: =_xlfn.XLOOKUP($C67,'GP3 (2)'!$B$6:$B$100,'GP3 (2)'!$H$6:$H$100,"") | AM67: =_xlfn.XLOOKUP($C67,'GP4 (1)'!$B$6:$B$86,'GP4 (1)'!$H$6:$H$86,"") | AN67: =_xlfn.XLOOKUP($C67,'GP4 (2)'!$B$6:$B$100,'GP4 (2)'!$H$6:$H$100,"") | AO67: =_xlfn.XLOOKUP($C67,'GP5 (1)'!$B$6:$B$100,'GP5 (1)'!$H$6:$H$100,"") | AP67: =_xlfn.XLOOKUP($C67,'GP5 (2)'!$B$6:$B$100,'GP5 (2)'!$H$6:$H$100,"")

Sheet MP (1)
A2: miejsce i data: | C2: KRAKÓW 3-4.12.2022
B3: 3-4.12.2022 | C3: https://fencingtimelive.com/pools/results/3531C901598B4A9DBBDA4CC405FBB2E3/9665CC12AE90441DA083E869D4E1575C
A5: Place | B5: Name | C5: V | D5: M | E5: V / M | F5: TS | G5: TR | H5: Ind | I5: Status | J5: Club(s) | K5: Division | L5: Country
A6: 1 | B6: GANSZCZYK Marcin | C6: 6 | D6: 6 | E6: 1 | F6: 30 | G6: 9 | H6: 21 | I6: Advanced | J6: KOLEJARZ 24 KATOWICE | L6: POL
A7: 2T | B7: GAJDA Leszek | C7: 6 | D7: 6 | E7: 1 | F7: 30 | G7: 11 | H7: 19 | I7: Advanced | J7: KOLEJARZ 24 KATOWICE | L7: POL
A8: 2T | B8: KĘDZIORA Agata | C8: 6 | D8: 6 | E8: 1 | F8: 30 | G8: 11 | H8: 19 | I8: Advanced | J8: AZS POZNAŃ | L8: POL
A9: 4 | B9: ZAWROTNIAK Przemysław | C9: 5 | D9: 5 | E9: 1 | F9: 25 | G9: 9 | H9: 16 | I9: Advanced | J9: Cracovia | L9: POL
A10: 5 | B10: NOWICKI Robert | C10: 5 | D10: 6 | E10: 0.83 | F10: 29 | G10: 11 | H10: 18 | I10: Advanced | J10: KOLEJARZ 24 KATOWICE | L10: POL
A11: 6 | B11: KOSIŃSKI Łukasz | C11: 5 | D11: 6 | E11: 0.83 | F11: 28 | G11: 14 | H11: 14 | I11: Advanced | J11: AZS POZNAŃ | L11: POL
A12: 7 | B12: SZEPIETOWSKI Rafał | C12: 5 | D12: 6 | E12: 0.83 | F12: 26 | G12: 12 | H12: 14 | I12: Advanced | J12: Cracovia | L12: POL
A13: 8 | B13: KROCHMALSKI Jakub | C13: 4 | D13: 5 | E13: 0.8 | F13: 24 | G13: 10 | H13: 14 | I13: Advanced | J13: DRAGON ŁÓDŹ | L13: POL
A14: 9 | B14: MAZIK Aleksander | C14: 4 | D14: 5 | E14: 0.8 | F14: 22 | G14: 8 | H14: 14 | I14: Advanced | J14: KOLEJARZ 24 KATOWICE | L14: POL
A15: 10 | B15: GĘZIKIEWICZ Marcin | C15: 4 | D15: 5 | E15: 0.8 | F15: 24 | G15: 14 | H15: 10 | I15: Advanced | J15: AZS POZNAŃ | L15: POL
A16: 11 | B16: GAJDA Zbigniew | C16: 4 | D16: 5 | E16: 0.8 | F16: 23 | G16: 13 | H16: 10 | I16: Advanced | J16: KOLEJARZ 24 KATOWICE | L16: POL
A17: 12 | B17: NOWICKI Wiesław | C17: 4 | D17: 5 | E17: 0.8 | F17: 22 | G17: 19 | H17: 3 | I17: Advanced | J17: PAŁAC MŁODZIEŻY TARNÓW | L17: POL
A18: 13 | B18: WINGROWICZ Mariusz | C18: 4 | D18: 6 | E18: 0.67 | F18: 27 | G18: 16 | H18: 11 | I18: Advanced | J18: MUKS VICTOR WARSZAWA | L18: POL
A19: 14 | B19: GRACZYK Bogdan | C19: 4 | D19: 6 | E19: 0.67 | F19: 23 | G19: 21 | H19: 2 | I19: Advanced | J19: Cracovia | L19: POL
A20: 15 | B20: RUDY Andrzej | C20: 3 | D20: 5 | E20: 0.6 | F20: 23 | G20: 16 | H20: 7 | I20: Advanced | J20: KOLEJARZ 24 KATOWICE | L20: POL
... A31: 26 | B31: KACZMAREK Paweł | C31: 2 | D31: 6 | E31: 0.33 | F31: 17 | G31: 22 | H31: -5 | I31: Advanced | J31: DRAGON ŁÓDŹ | L31: POL
A32: 27 | B32: WIERZBICKI Jacek | C32: 2 | D32: 6 | E32: 0.33 | F32: 19 | G32: 25 | H32: -6 | I32: Advanced | J32: AZS POLITECHNIKA OPOLSKA | K32: Opolskie | L32: POL
A33: 28 | B33: PRĘGOWSKI Jerzy | C33: 2 | D33: 6 | E33: 0.33 | F33: 19 | G33: 27 | H33: -8 | I33: Advanced | J33: AZS AWF Warszawa | L33: POL
A34: 29 | B34: KIEROŃSKI Tomasz | C34: 2 | D34: 6 | E34: 0.33 | F34: 15 | G34: 24 | H34: -9 | I34: Advanced | J34: Sosnowiec | L34: POL
A35: 30 | B35: GRABOWSKI Romuald | C35: 1 | D35: 5 | E35: 0.2 | F35: 12 | G35: 23 | H35: -11 | I35: Advanced | J35: UKS START OPOLE | K35: Opolskie | L35: POL
A36: 31 | B36: WOJCIECHOWSKI Marek | C36: 1 | D36: 5 | E36: 0.2 | F36: 10 | G36: 21 | H36: -11 | I36: Advanced | J36: UKS START OPOLE | L36: POL
A37: 32 | B37: ZABŁOCKI Marcin | C37: 1 | D37: 6 | E37: 0.17 | F37: 17 | G37: 28 | H37: -11 | I37: Advanced | J37: Warszawa | L37: POL
A38: 33 | B38: GAWLE Katarzyna | C38: 1 | D38: 6 | E38: 0.17 | F38: 13 | G38: 25 | H38: -12 | I38: Advanced | J38: Sosnowiec | L38: POL
A39: 34 | B39: BARAŃSKI Wacław | C39: 1 | D39: 6 | E39: 0.17 | F39: 10 | G39: 29 | H39: -19 | I39: Advanced | J39: Cracovia | L39: POL
A40: 35 | B40: MŁYNEK Janusz | C40: 0 | D40: 6 | E40: 0 | F40: 15 | G40: 30 | H40: -15 | I40: Advanced | J40: Sosnowiec | L40: POL
A41: 36 | B41: FUHRMANN Ulrike | C41: 0 | D41: 5 | E41: 0 | F41: 10 | G41: 25 | H41: -15 | I41: Advanced | J41: AZS Warszawa | L41: POL
A42: 37 | B42: ADAMCZEWSKI Wojciech | C42: 0 | D42: 5 | E42: 0 | F42: 9 | G42: 25 | H42: -16 | I42: Advanced | J42: AZS Warszawa | L42: POL
A43: 38 | B43: PANZ Marian | C43: 0 | D43: 5 | E43: 0 | F43: 8 | G43: 25 | H43: -17 | I43: Advanced | J43: SELF MILITARY | L43: POL
A44: 39 | B44: BAZAK Jacek | C44: 0 | D44: 6 | E44: 0 | F44: 0 | G44: 30 | H44: -30 | I44: Advanced | J44: Mikołów | L44: POL

Sheet MP (2)
A2: miejsce i data: | C2: KRAKÓW 3-4,12,2022
B3: 3-4,12,2022 | C3: https://fencingtimelive,com/pools/results/3531C901598B4A9DBBDA4CC405FBB2E3/9665CC12AE90441DA083E869D4E1575C
A5: Place | B5: Name | C5: V | D5: M | E5: V / M | F5: TS | G5: TR | H5: Ind | I5: Status | J5: Club(s) | K5: Division | L5: Country
A6: 1 | B6: GANSZCZYK Marcin | C6: 6 | D6: 6 | E6: 1 | F6: 30 | G6: 3 | H6: 27 | I6: Advanced | J6: KOLEJARZ 24 KATOWICE | L6: POL
A7: 2 | B7: KROCHMALSKI Jakub | C7: 5 | D7: 5 | E7: 1 | F7: 25 | G7: 4 | H7: 21 | I7: Advanced | J7: DRAGON ŁÓDŹ | L7: POL
A8: 3 | B8: KOSIŃSKI Łukasz | C8: 5 | D8: 5 | E8: 1 | F8: 25 | G8: 5 | H8: 20 | I8: Advanced | J8: AZS POZNAŃ | L8: POL
A9: 4 | B9: GAJDA Leszek | C9: 6 | D9: 6 | E9: 1 | F9: 30 | G9: 13 | H9: 17 | I9: Advanced | J9: KOLEJARZ 24 KATOWICE | L9: POL
A10: 5T | B10: SAJEWICZ Izabela | C10: 5 | D10: 5 | E10: 1 | F10: 25 | G10: 9 | H10: 16 | I10: Advanced | J10: Cracovia | L10: POL
A11: 5T | B11: ZAWROTNIAK Przemysław | C11: 5 | D11: 5 | E11: 1 | F11: 25 | G11: 9 | H11: 16 | I11: Advanced | J11: Cracovia | L11: POL
A12: 7 | B12: GĘZIKIEWICZ Marcin | C12: 5 | D12: 6 | E12: 0.83 | F12: 28 | G12: 11 | H12: 17 | I12: Advanced | J12: AZS POZNAŃ | L12: POL
A13: 8 | B13: WINGROWICZ Mariusz | C13: 5 | D13: 6 | E13: 0.83 | F13: 27 | G13: 11 | H13: 16 | I13: Advanced | J13: MUKS VICTOR WARSZAWA | L13: POL
A14: 9 | B14: NOWICKI Robert | C14: 4 | D14: 5 | E14: 0.8 | F14: 23 | G14: 11 | H14: 12 | I14: Advanced | J14: KOLEJARZ 24 KATOWICE | L14: POL
A15: 10 | B15: SZEPIETOWSKI Rafał | C15: 4 | D15: 5 | E15: 0.8 | F15: 21 | G15: 9 | H15: 12 | I15: Advanced | J15: Cracovia | L15: POL
A16: 11 | B16: RUDY Andrzej | C16: 4 | D16: 5 | E16: 0.8 | F16: 22 | G16: 11 | H16: 11 | I16: Advanced | J16: KOLEJARZ 24 KATOWICE | L16: POL
A17: 12 | B17: MAZIK Aleksander | C17: 4 | D17: 5 | E17: 0.8 | F17: 22 | G17: 16 | H17: 6 | I17: Advanced | J17: KOLEJARZ 24 KATOWICE | L17: POL
A18: 13 | B18: GRACZYK Bogdan | C18: 4 | D18: 6 | E18: 0.67 | F18: 25 | G18: 19 | H18: 6 | I18: Advanced | J18: Cracovia | L18: POL
A19: 14 | B19: NOWICKI Wiesław | C19: 4 | D19: 6 | E19: 0.67 | F19: 22 | G19: 17 | H19: 5 | I19: Advanced | J19: PAŁAC MŁODZIEŻY TARNÓW | L19: POL
A20: 15 | B20: GAJDA Zbigniew | C20: 3 | D20: 5 | E20: 0.6 | F20: 17 | G20: 15 | H20: 2 | I20: Advanced | J20: KOLEJARZ 24 KATOWICE | L20: POL
A21: 16 | B21: GRACZYK Anna | C21: 3 | D21: 5 | E21: 0.6 | F21: 16 | G21: 17 | H21: -1 | I21: Advanced | J21: Cracovia | L21: POL
A22: 17 | B22: BARAŃSKI Wacław | C22: 3 | D22: 6 | E22: 0.5 | F22: 17 | G22: 22 | H22: -5 | I22: Advanced | J22: Cracovia | L22: POL
A23: 18 | B23: KĘDZIORA Agata | C23: 2 | D23: 5 | E23: 0.4 | F23: 20 | G23: 18 | H23: 2 | I23: Advanced | J23: AZS POZNAŃ | L23: POL
... A35: 30 | B35: WOJCIECHOWSKI Marek | C35: 1 | D35: 5 | E35: 0.2 | F35: 11 | G35: 21 | H35: -10 | I35: Advanced | J35: UKS START OPOLE | L35: POL
A36: 31 | B36: GRABOWSKI Romuald | C36: 1 | D36: 5 | E36: 0.2 | F36: 11 | G36: 23 | H36: -12 | I36: Advanced | J36: UKS START OPOLE | K36: Opolskie | L36: POL
A37: 32 | B37: WIERZBICKI Jacek | C37: 1 | D37: 5 | E37: 0.2 | F37: 8 | G37: 23 | H37: -15 | I37: Advanced | J37: AZS POLITECHNIKA OPOLSKA | K37: Opolskie | L37: POL
A38: 33 | B38: KONWIŃSKI Grzegorz | C38: 1 | D38: 6 | E38: 0.17 | F38: 16 | G38: 28 | H38: -12 | I38: Advanced | J38: AZS POZNAŃ | L38: POL
A39: 34 | B39: GAWLE Katarzyna | C39: 0 | D39: 5 | E39: 0 | F39: 11 | G39: 25 | H39: -14 | I39: Advanced | J39: Sosnowiec | L39: POL
A40: 35 | B40: MŁYNEK Janusz | C40: 0 | D40: 5 | E40: 0 | F40: 9 | G40: 25 | H40: -16 | I40: Advanced | J40: Sosnowiec | L40: POL
A41: 36 | B41: ADAMCZEWSKI Wojciech | C41: 0 | D41: 6 | E41: 0 | F41: 10 | G41: 30 | H41: -20 | I41: Advanced | J41: AZS Warszawa | L41: POL
A42: 37 | B42: KIEROŃSKI Tomasz | C42: 0 | D42: 5 | E42: 0 | F42: 4 | G42: 25 | H42: -21 | I42: Advanced | J42: Sosnowiec | L42: POL
A43: 38 | B43: PANZ Marian | C43: 0 | D43: 6 | E43: 0 | F43: 4 | G43: 30 | H43: -26 | I43: Advanced | J43: SELF MILITARY | L43: POL

Sheet GP1 (1)
A2: miejsce i data: | C2: PABIANICE
B3: 44942 | C3: https://www.fencingtimelive.com/pools/results/31A6DC9D57BF4A248E0AB24A86AB105A/A66AB24881EA4D3DA97C36B43D8D1AEE
A5: Place | B5: Name | C5: V | D5: M | E5: V / M | F5: TS | G5: TR | H5: Ind | I5: Status | J5: Club(s) | K5: Division | L5: Country
A6: 1 | B6: KROCHMALSKI Jakub | C6: 5 | D6: 5 | E6: 1 | F6: 25 | G6: 4 | H6: 21 | I6: Advanced | J6: DRAGON ŁÓDŹ | L6: POL
A7: 2 | B7: KOSIŃSKI Łukasz | C7: 6 | D7: 6 | E7: 1 | F7: 30 | G7: 12 | H7: 18 | I7: Advanced | J7: AZS AWF POZNAŃ | L7: POL
A8: 3 | B8: NOWICKI Robert | C8: 5 | D8: 5 | E8: 1 | F8: 25 | G8: 9 | H8: 16 | I8: Advanced | J8: KOLEJARZ 24 KATOWICE | L8: POL
A9: 4 | B9: GANSZCZYK Marcin | C9: 5 | D9: 6 | E9: 0.83 | F9: 29 | G9: 14 | H9: 15 | I9: Advanced | J9: KOLEJARZ 24 KATOWICE | L9: POL
A10: 5 | B10: GAJDA Leszek | C10: 5 | D10: 6 | E10: 0.83 | F10: 28 | G10: 14 | H10: 14 | I10: Advanced | J10: KOLEJARZ 24 KATOWICE | L10: POL
A11: 6 | B11: MAZIK Aleksander | C11: 5 | D11: 6 | E11: 0.83 | F11: 29 | G11: 18 | H11: 11 | I11: Advanced | J11: KOLEJARZ 24 KATOWICE | L11: POL
A12: 7 | B12: FRYDRYCH Aleksander | C12: 5 | D12: 6 | E12: 0.83 | F12: 27 | G12: 18 | H12: 9 | I12: Advanced | J12: KU AZS-UAM POZNAŃ. | L12: POL
A13: 8 | B13: ZAWROTNIAK Przemysław | C13: 4 | D13: 5 | E13: 0.8 | F13: 21 | G13: 15 | H13: 6 | I13: Advanced | J13: KS CRACOVIA 1906. | L13: POL
A14: 9 | B14: KACZMAREK Paweł | C14: 4 | D14: 6 | E14: 0.67 | F14: 27 | G14: 20 | H14: 7 | I14: Advanced | J14: DRAGON ŁÓDŹ | L14: POL
A15: 10 | B15: GAJDA Zbigniew | C15: 3 | D15: 5 | E15: 0.6 | F15: 20 | G15: 17 | H15: 3 | I15: Advanced | J15: KOLEJARZ 24 KATOWICE | L15: POL
A16: 11 | B16: JAROSZEK Zbigniew | C16: 3 | D16: 5 | E16: 0.6 | F16: 19 | G16: 16 | H16: 3 | I16: Advanced | J16: KOLEJARZ 24 KATOWICE | L16: POL
A17: 12 | B17: GĘZIKIEWICZ Marcin | C17: 3 | D17: 5 | E17: 0.6 | F17: 20 | G17: 19 | H17: 1 | I17: Advanced | J17: AZS AWF POZNAŃ | L17: POL
... A31: 26 | B31: ADAMCZEWSKI Wojciech | C31: 0 | D31: 6 | E31: 0 | F31: 9 | G31: 30 | H31: -21 | I31: Advanced | J31: AZS AWF WARSZAWA | L31: POL

Sheet GP1 (2)
A2: miejsce i data: | C2: PABIANICE
B3: 16,01,2023 | C3: https://www,fencingtimelive,com/pools/results/31A6DC9D57BF4A248E0AB24A86AB105A/C41B3439A303430E8D56C54BA72E6C02
A5: Place | B5: Name | C5: V | D5: M | E5: V / M | F5: TS | G5: TR | H5: Ind | I5: Status | J5: Club(s) | K5: Division | L5: Country
A6: 1 | B6: KROCHMALSKI Jakub | C6: 6 | D6: 6 | E6: 1 | F6: 30 | G6: 6 | H6: 24 | I6: Advanced | J6: DRAGON ŁÓDŹ | L6: POL
A7: 2 | B7: KOSIŃSKI Łukasz | C7: 6 | D7: 6 | E7: 1 | F7: 30 | G7: 10 | H7: 20 | I7: Advanced | J7: AZS AWF POZNAŃ | L7: POL
A8: 3 | B8: GANSZCZYK Marcin | C8: 5 | D8: 5 | E8: 1 | F8: 25 | G8: 7 | H8: 18 | I8: Advanced | J8: KOLEJARZ 24 KATOWICE | L8: POL
A9: 4 | B9: ZAWROTNIAK Przemysław | C9: 5 | D9: 6 | E9: 0.83 | F9: 26 | G9: 11 | H9: 15 | I9: Advanced | J9: KS CRACOVIA 1906, | L9: POL
A10: 5 | B10: GRACZYK Bogdan | C10: 5 | D10: 6 | E10: 0.83 | F10: 25 | G10: 13 | H10: 12 | I10: Advanced | J10: KS CRACOVIA 1906, | L10: POL
A11: 6 | B11: MAZIK Aleksander | C11: 4 | D11: 5 | E11: 0.8 | F11: 24 | G11: 18 | H11: 6 | I11: Advanced | J11: KOLEJARZ 24 KATOWICE | L11: POL
A12: 7 | B12: GĘZIKIEWICZ Marcin | C12: 4 | D12: 5 | E12: 0.8 | F12: 23 | G12: 17 | H12: 6 | I12: Advanced | J12: AZS AWF POZNAŃ | L12: POL
A13: 8 | B13: GAJDA Zbigniew | C13: 4 | D13: 6 | E13: 0.67 | F13: 27 | G13: 15 | H13: 12 | I13: Advanced | J13: KOLEJARZ 24 KATOWICE | L13: POL
A14: 9 | B14: NOWICKI Robert | C14: 3 | D14: 5 | E14: 0.6 | F14: 23 | G14: 15 | H14: 8 | I14: Advanced | J14: KOLEJARZ 24 KATOWICE | L14: POL
A15: 10 | B15: MARASEK Tomasz | C15: 3 | D15: 5 | E15: 0.6 | F15: 20 | G15: 18 | H15: 2 | I15: Advanced | J15: DRAGON ŁÓDŹ | L15: POL
A16: 11 | B16: GRACZYKOWSKI Mateusz | C16: 3 | D16: 5 | E16: 0.6 | F16: 20 | G16: 19 | H16: 1 | I16: Advanced | J16: DRAGON ŁÓDŹ | L16: POL
A17: 12 | B17: OSSOWSKI Wojciech | C17: 3 | D17: 5 | E17: 0.6 | F17: 18 | G17: 19 | H17: -1 | I17: Advanced | J17: MUKS VICTOR WARSZAWA | L17: POL
... A28: 23 | B28: GRABOWSKI Sebastian | C28: 1 | D28: 6 | E28: 0.17 | F28: 11 | G28: 27 | H28: -16 | I28: Advanced | J28: Dębska Kuźnia Opole | L28: POL
A29: 24T | B29: KIERSZNICKI Ryszard | C29: 0 | D29: 5 | E29: 0 | F29: 7 | G29: 25 | H29: -18 | I29: Advanced | J29: MKS KUSY SZCZECIN | L29: POL
A30: 24T | B30: JUSZKIEWICZ Piotr | C30: 0 | D30: 5 | E30: 0 | F30: 7 | G30: 25 | H30: -18 | I30: Advanced | J30: MKS KUSY SZCZECIN | L30: POL
A31: 26 | B31: ADAMCZEWSKI Wojciech | C31: 0 | D31: 6 | E31: 0 | F31: 4 | G31: 30 | H31: -26 | I31: Advanced | J31: AZS AWF WARSZAWA | L31: POL

Sheet GP2 (1)
A2: miejsce i data: | C2: TORUŃ 4-5.03.20223
C3: https://www.fencingtimelive.com/pools/results/099F687B929E473DA7D50C5E5424512F/F8893AAB248D43ED8CCB5D78F51A622C
A5: Place | B5: Name | C5: V | D5: M | E5: V / M | F5: TS | G5: TR | H5: Ind
A6: 1 | B6: GANSZCZYK Marcin | C6: 6 | D6: 6 | E6: 1 | F6: 30 | G6: 9 | H6: 21 | I6: Advanced | J6: KOLEJARZ 24 KATOWICE | K6: POL
A7: 2 | B7: GAJDA Leszek | C7: 5 | D7: 5 | E7: 1 | F7: 25 | G7: 7 | H7: 18 | I7: Advanced | J7: KOLEJARZ 24 KATOWICE | K7: POL
A8: 3 | B8: SAJEWICZ Izabela | C8: 5 | D8: 5 | E8: 1 | F8: 25 | G8: 9 | H8: 16 | I8: Advanced | J8: KS CRACOVIA 1906. | K8: POL
A9: 4 | B9: NOWICKI Robert | C9: 5 | D9: 5 | E9: 1 | F9: 25 | G9: 10 | H9: 15 | I9: Advanced | J9: KOLEJARZ 24 KATOWICE | K9: POL
A10: 5 | B10: KROCHMALSKI Jakub | C10: 5 | D10: 5 | E10: 1 | F10: 25 | G10: 13 | H10: 12 | I10: Advanced | J10: DRAGON ŁÓDŹ | K10: POL
A11: 6 | B11: JAROSZEK Zbigniew | C11: 5 | D11: 6 | E11: 0.83 | F11: 28 | G11: 17 | H11: 11 | I11: Advanced | J11: KOLEJARZ 24 KATOWICE | K11: POL
A12: 7 | B12: WINGROWICZ Mariusz | C12: 4 | D12: 5 | E12: 0.8 | F12: 24 | G12: 9 | H12: 15 | I12: Advanced | J12: MUKS VICTOR WARSZAWA | K12: POL
A13: 8 | B13: KOSIŃSKI Łukasz | C13: 4 | D13: 5 | E13: 0.8 | F13: 24 | G13: 13 | H13: 11 | I13: Advanced | J13: KU AZS-UAM POZNAŃ. | K13: POL
A14: 9 | B14: RUDY Andrzej | C14: 4 | D14: 5 | E14: 0.8 | F14: 22 | G14: 16 | H14: 6 | I14: Advanced | J14: KOLEJARZ 24 KATOWICE | K14: POL
A15: 10 | B15: GRZEGOREK Norbert | C15: 3 | D15: 5 | E15: 0.6 | F15: 20 | G15: 14 | H15: 6 | I15: Advanced | J15: MUKS VICTOR WARSZAWA | K15: POL
A16: 11 | B16: GĘZIKIEWICZ Marcin | C16: 3 | D16: 5 | E16: 0.6 | F16: 20 | G16: 18 | H16: 2 | I16: Advanced | J16: KU AZS-UAM POZNAŃ. | K16: POL
A17: 12 | B17: GRACZYK Bogdan | C17: 3 | D17: 5 | E17: 0.6 | F17: 17 | G17: 15 | H17: 2 | I17: Advanced | J17: AZS Cracovia | K17: POL
... A23: 18 | B23: KACZMAREK Paweł | C23: 2 | D23: 5 | E23: 0.4 | F23: 18 | G23: 20 | H23: -2 | I23: Advanced | J23: DRAGON ŁÓDŹ | K23: POL
A24: 19 | B24: PRĘGOWSKI Jerzy | C24: 2 | D24: 5 | E24: 0.4 | F24: 17 | G24: 19 | H24: -2 | I24: Advanced | K24: POL
