Workbook

Sheet Ranking
B2: Dołączył/a do kategorii w tym roku | D2: Ranking Pucharu Polski Weteranów (PP) sezon 2025-2026 | R2: Na sumę punktów w rankingu skłąda się 4 najlePSzych wyników (z 5 możliwych) w turniejach PP Weteranów oraz wynik z Mistrzostw Polski Weteranów.
D3: Kat. 2
A4: L.P. | B4: NAZWISKO Imię | C4: KLUB | D4: PUNKTY | E4: I PP | G4: II PP | I4: III PP | K4: IV PP | M4: V PP | O4: MPW
E5: M | F5: P | G5: M | H5: P | I5: M | J5: P | K5: M | L5: P | M5: M | N5: P | O5: M | P5: P
A6: =ROW()-5 -> 1 | B6: ZIELIŃSKI Dariusz | D6: =SUM(F6,H6,J6,L6,N6,P6)-MIN(F6,H6,J6,L6,N6) -> 322.50804 | E6: =_xlfn.XLOOKUP($B6,'PP1'!$C$6:$C$150,'PP1'!$B$6:$B$150,"") -> 1 | F6: =_xlfn.XLOOKUP(E6,'PP1'!$B$6:$B$150,'PP1'!$A$6:$A$150,0) -> 98 | G6: =_xlfn.XLOOKUP($B6,'PP2'!$C$6:$C$150,'PP2'!$B$6:$B$150,"") | H6: =_xlfn.XLOOKUP(G6,'PP2'!$B$6:$B$150,'PP2'!$A$6:$A$150,0) -> 0 | I6: =_xlfn.XLOOKUP($B6,'PP3'!$C$6:$C$150,'PP3'!$B$6:$B$150,"") -> 5 | J6: =_xlfn.XLOOKUP(I6,'PP3'!$B$6:$B$150,'PP3'!$A$6:$A$150,0) -> 43.216474 | K6: =_xlfn.XLOOKUP($B6,'PP4'!$C$6:$C$150,'PP4'!$B$6:$B$150,"") -> 2 | L6: =_xlfn.XLOOKUP(K6,'PP4'!$B$6:$B$150,'PP4'!$A$6:$A$150,0) -> 65.666667 | M6: =_xlfn.XLOOKUP($B6,'PP5'!$C$6:$C$150,'PP5'!$B$6:$B$150,"") | N6: =_xlfn.XLOOKUP(M6,'PP5'!$B$6:$B$150,'PP5'!$A$6:$A$150,0) -> 0 | O6: =_xlfn.XLOOKUP(B6,MPW!C$6:C$150,MPW!B$6:B$150,"") -> 1 | P6: =_xlfn.XLOOKUP(O6,MPW!B$6:B$150,MPW!A$6:A$150,0) -> 115.6249
A7: =ROW()-5 -> 2 | B7: ATANASSOW Aleksander | D7: =SUM(F7,H7,J7,L7,N7,P7)-MIN(F7,H7,J7,L7,N7) -> 287.68228 | E7: =_xlfn.XLOOKUP($B7,'PP1'!$C$6:$C$150,'PP1'!$B$6:$B$150,"") -> 2 | F7: =_xlfn.XLOOKUP(E7,'PP1'!$B$6:$B$150,'PP1'!$A$6:$A$150,0) -> 65.666667 | G7: =_xlfn.XLOOKUP($B7,'PP2'!$C$6:$C$150,'PP2'!$B$6:$B$150,"") | H7: =_xlfn.XLOOKUP(G7,'PP2'!$B$6:$B$150,'PP2'!$A$6:$A$150,0) -> 0 | I7: =_xlfn.XLOOKUP($B7,'PP3'!$C$6:$C$150,'PP3'!$B$6:$B$150,"") -> 1 | J7: =_xlfn.XLOOKUP(I7,'PP3'!$B$6:$B$150,'PP3'!$A$6:$A$150,0) -> 124.01561 | K7: =_xlfn.XLOOKUP($B7,'PP4'!$C$6:$C$150,'PP4'!$B$6:$B$150,"") -> 1 | L7: =_xlfn.XLOOKUP(K7,'PP4'!$B$6:$B$150,'PP4'!$A$6:$A$150,0) -> 98 | M7: =_xlfn.XLOOKUP($B7,'PP5'!$C$6:$C$150,'PP5'!$B$6:$B$150,"") | N7: =_xlfn.XLOOKUP(M7,'PP5'!$B$6:$B$150,'PP5'!$A$6:$A$150,0) -> 0 | O7: =_xlfn.XLOOKUP(B7,MPW!C$6:C$150,MPW!B$6:B$150,"") | P7: =_xlfn.XLOOKUP(O7,MPW!B$6:B$150,MPW!A$6:A$150,0) -> 0
A8: =ROW()-5 -> 3 | B8: KORONA Przemysław | D8: =SUM(F8,H8,J8,L8,N8,P8)-MIN(F8,H8,J8,L8,N8) -> 239.66527 | E8: =_xlfn.XLOOKUP($B8,'PP1'!$C$6:$C$150,'PP1'!$B$6:$B$150,"") -> 4 | F8: =_xlfn.XLOOKUP(E8,'PP1'!$B$6:$B$150,'PP1'!$A$6:$A$150,0) -> 27.333333 | G8: =_xlfn.XLOOKUP($B8,'PP2'!$C$6:$C$150,'PP2'!$B$6:$B$150,"") -> 1 | H8: =_xlfn.XLOOKUP(G8,'PP2'!$B$6:$B$150,'PP2'!$A$6:$A$150,0) -> 98 | I8: =_xlfn.XLOOKUP($B8,'PP3'!$C$6:$C$150,'PP3'!$B$6:$B$150,"") -> 3 | J8: =_xlfn.XLOOKUP(I8,'PP3'!$B$6:$B$150,'PP3'!$A$6:$A$150,0) -> 69.722604 | K8: =_xlfn.XLOOKUP($B8,'PP4'!$C$6:$C$150,'PP4'!$B$6:$B$150,"") -> 5k1 | L8: =_xlfn.XLOOKUP(K8,'PP4'!$B$6:$B$150,'PP4'!$A$6:$A$150,0) -> 12.075174 | M8: =_xlfn.XLOOKUP($B8,'PP5'!$C$6:$C$150,'PP5'!$B$6:$B$150,"") | N8: =_xlfn.XLOOKUP(M8,'PP5'!$B$6:$B$150,'PP5'!$A$6:$A$150,0) -> 0 | O8: =_xlfn.XLOOKUP(B8,MPW!C$6:C$150,MPW!B$6:B$150,"") -> 5k1 | P8: =_xlfn.XLOOKUP(O8,MPW!B$6:B$150,MPW!A$6:A$150,0) -> 32.534161
A9: =ROW()-5 -> 4 | B9: JENDRYŚ Marek | D9: =SUM(F9,H9,J9,L9,N9,P9)-MIN(F9,H9,J9,L9,N9) -> 208.92398 | E9: =_xlfn.XLOOKUP($B9,'PP1'!$C$6:$C$150,'PP1'!$B$6:$B$150,"") -> 3 | F9: =_xlfn.XLOOKUP(E9,'PP1'!$B$6:$B$150,'PP1'!$A$6:$A$150,0) -> 40.112279 | G9: =_xlfn.XLOOKUP($B9,'PP2'!$C$6:$C$150,'PP2'!$B$6:$B$150,"") | H9: =_xlfn.XLOOKUP(G9,'PP2'!$B$6:$B$150,'PP2'!$A$6:$A$150,0) -> 0 | I9: =_xlfn.XLOOKUP($B9,'PP3'!$C$6:$C$150,'PP3'!$B$6:$B$150,"") -> 2 | J9: =_xlfn.XLOOKUP(I9,'PP3'!$B$6:$B$150,'PP3'!$A$6:$A$150,0) -> 94.475373 | K9: =_xlfn.XLOOKUP($B9,'PP4'!$C$6:$C$150,'PP4'!$B$6:$B$150,"") | L9: =_xlfn.XLOOKUP(K9,'PP4'!$B$6:$B$150,'PP4'!$A$6:$A$150,0) -> 0 | M9: =_xlfn.XLOOKUP($B9,'PP5'!$C$6:$C$150,'PP5'!$B$6:$B$150,"") | N9: =_xlfn.XLOOKUP(M9,'PP5'!$B$6:$B$150,'PP5'!$A$6:$A$150,0) -> 0 | O9: =_xlfn.XLOOKUP(B9,MPW!C$6:C$150,MPW!B$6:B$150,"") -> 2 | P9: =_xlfn.XLOOKUP(O9,MPW!B$6:B$150,MPW!A$6:A$150,0) -> 74.336323
A10: =ROW()-5 -> 5 | B10: DROBIŃSKI Leszek | D10: =SUM(F10,H10,J10,L10,N10,P10)-MIN(F10,H10,J10,L10,N10) -> 185.46325 | E10: =_xlfn.XLOOKUP($B10,'PP1'!$C$6:$C$150,'PP1'!$B$6:$B$150,"") -> 5 | F10: =_xlfn.XLOOKUP(E10,'PP1'!$B$6:$B$150,'PP1'!$A$6:$A$150,0) -> 12.075174 | G10: =_xlfn.XLOOKUP($B10,'PP2'!$C$6:$C$150,'PP2'!$B$6:$B$150,"") -> 2 | H10: =_xlfn.XLOOKUP(G10,'PP2'!$B$6:$B$150,'PP2'!$A$6:$A$150,0) -> 65.666667 | I10: =_xlfn.XLOOKUP($B10,'PP3'!$C$6:$C$150,'PP3'!$B$6:$B$150,"") -> 9 | J10: =_xlfn.XLOOKUP(I10,'PP3'!$B$6:$B$150,'PP3'!$A$6:$A$150,0) -> 23.434799 | K10: =_xlfn.XLOOKUP($B10,'PP4'!$C$6:$C$150,'PP4'!$B$6:$B$150,"") | L10: =_xlfn.XLOOKUP(K10,'PP4'!$B$6:$B$150,'PP4'!$A$6:$A$150,0) -> 0 | M10: =_xlfn.XLOOKUP($B10,'PP5'!$C$6:$C$150,'PP5'!$B$6:$B$150,"") -> 1 | N10: =_xlfn.XLOOKUP(M10,'PP5'!$B$6:$B$150,'PP5'!$A$6:$A$150,0) -> 84.286609 | O10: =_xlfn.XLOOKUP(B10,MPW!C$6:C$150,MPW!B$6:B$150,"") | P10: =_xlfn.XLOOKUP(O10,MPW!B$6:B$150,MPW!A$6:A$150,0) -> 0
A11: =ROW()-5 -> 6 | B11: WASIOŁKA Sebastian | D11: =SUM(F11,H11,J11,L11,N11,P11)-MIN(F11,H11,J11,L11,N11) -> 156.96258 | E11: =_xlfn.XLOOKUP($B11,'PP1'!$C$6:$C$150,'PP1'!$B$6:$B$150,"") | F11: =_xlfn.XLOOKUP(E11,'PP1'!$B$6:$B$150,'PP1'!$A$6:$A$150,0) -> 0 | G11: =_xlfn.XLOOKUP($B11,'PP2'!$C$6:$C$150,'PP2'!$B$6:$B$150,"") | H11: =_xlfn.XLOOKUP(G11,'PP2'!$B$6:$B$150,'PP2'!$A$6:$A$150,0) -> 0 | I11: =_xlfn.XLOOKUP($B11,'PP3'!$C$6:$C$150,'PP3'!$B$6:$B$150,"") | J11: =_xlfn.XLOOKUP(I11,'PP3'!$B$6:$B$150,'PP3'!$A$6:$A$150,0) -> 0 | K11: =_xlfn.XLOOKUP($B11,'PP4'!$C$6:$C$150,'PP4'!$B$6:$B$150,"") | L11: =_xlfn.XLOOKUP(K11,'PP4'!$B$6:$B$150,'PP4'!$A$6:$A$150,0) -> 0 | M11: =_xlfn.XLOOKUP($B11,'PP5'!$C$6:$C$150,'PP5'!$B$6:$B$150,"") -> 2k1 | N11: =_xlfn.XLOOKUP(M11,'PP5'!$B$6:$B$150,'PP5'!$A$6:$A$150,0) -> 61.946936 | O11: =_xlfn.XLOOKUP(B11,MPW!C$6:C$150,MPW!B$6:B$150,"") -> 2k1 | P11: =_xlfn.XLOOKUP(O11,MPW!B$6:B$150,MPW!A$6:A$150,0) -> 95.015645
A12: =ROW()-5 -> 7 | B12: ŻUKOWSKI Wojciech | D12: =SUM(F12,H12,J12,L12,N12,P12)-MIN(F12,H12,J12,L12,N12) -> 133.32423 | E12: =_xlfn.XLOOKUP($B12,'PP1'!$C$6:$C$150,'PP1'!$B$6:$B$150,"") | F12: =_xlfn.XLOOKUP(E12,'PP1'!$B$6:$B$150,'PP1'!$A$6:$A$150,0) -> 0 | G12: =_xlfn.XLOOKUP($B12,'PP2'!$C$6:$C$150,'PP2'!$B$6:$B$150,"") -> 3 | H12: =_xlfn.XLOOKUP(G12,'PP2'!$B$6:$B$150,'PP2'!$A$6:$A$150,0) -> 40.112279 | I12: =_xlfn.XLOOKUP($B12,'PP3'!$C$6:$C$150,'PP3'!$B$6:$B$150,"") -> 10 | J12: =_xlfn.XLOOKUP(I12,'PP3'!$B$6:$B$150,'PP3'!$A$6:$A$150,0) -> 21.681437 | K12: =_xlfn.XLOOKUP($B12,'PP4'!$C$6:$C$150,'PP4'!$B$6:$B$150,"") | L12: =_xlfn.XLOOKUP(K12,'PP4'!$B$6:$B$150,'PP4'!$A$6:$A$150,0) -> 0 | M12: =_xlfn.XLOOKUP($B12,'PP5'!$C$6:$C$150,'PP5'!$B$6:$B$150,"") -> 2 | N12: =_xlfn.XLOOKUP(M12,'PP5'!$B$6:$B$150,'PP5'!$A$6:$A$150,0) -> 45.024406 | O12: =_xlfn.XLOOKUP(B12,MPW!C$6:C$150,MPW!B$6:B$150,"") -> 4 | P12: =_xlfn.XLOOKUP(O12,MPW!B$6:B$150,MPW!A$6:A$150,0) -> 26.50611
A13: =ROW()-5 -> 8 | B13: PILUTKIEWICZ Igor | D13: =SUM(F13,H13,J13,L13,N13,P13)-MIN(F13,H13,J13,L13,N13) -> 91.437791 | E13: =_xlfn.XLOOKUP($B13,'PP1'!$C$6:$C$150,'PP1'!$B$6:$B$150,"") | F13: =_xlfn.XLOOKUP(E13,'PP1'!$B$6:$B$150,'PP1'!$A$6:$A$150,0) -> 0 | G13: =_xlfn.XLOOKUP($B13,'PP2'!$C$6:$C$150,'PP2'!$B$6:$B$150,"") | H13: =_xlfn.XLOOKUP(G13,'PP2'!$B$6:$B$150,'PP2'!$A$6:$A$150,0) -> 0 | I13: =_xlfn.XLOOKUP($B13,'PP3'!$C$6:$C$150,'PP3'!$B$6:$B$150,"") -> 8 | J13: =_xlfn.XLOOKUP(I13,'PP3'!$B$6:$B$150,'PP3'!$A$6:$A$150,0) -> 35.39489 | K13: =_xlfn.XLOOKUP($B13,'PP4'!$C$6:$C$150,'PP4'!$B$6:$B$150,"") -> 3 | L13: =_xlfn.XLOOKUP(K13,'PP4'!$B$6:$B$150,'PP4'!$A$6:$A$150,0) -> 40.112279 | M13: =_xlfn.XLOOKUP($B13,'PP5'!$C$6:$C$150,'PP5'!$B$6:$B$150,"") -> 3 | N13: =_xlfn.XLOOKUP(M13,'PP5'!$B$6:$B$150,'PP5'!$A$6:$A$150,0) -> 15.930622 | O13: =_xlfn.XLOOKUP(B13,MPW!C$6:C$150,MPW!B$6:B$150,"") | P13: =_xlfn.XLOOKUP(O13,MPW!B$6:B$150,MPW!A$6:A$150,0) -> 0
A14: =ROW()-5 -> 9 | B14: JASZCZAK Piotr | D14: =SUM(F14,H14,J14,L14,N14,P14)-MIN(F14,H14,J14,L14,N14) -> 67.515696 | E14: =_xlfn.XLOOKUP($B14,'PP1'!$C$6:$C$150,'PP1'!$B$6:$B$150,"") | F14: =_xlfn.XLOOKUP(E14,'PP1'!$B$6:$B$150,'PP1'!$A$6:$A$150,0) -> 0 | G14: =_xlfn.XLOOKUP($B14,'PP2'!$C$6:$C$150,'PP2'!$B$6:$B$150,"") | H14: =_xlfn.XLOOKUP(G14,'PP2'!$B$6:$B$150,'PP2'!$A$6:$A$150,0) -> 0 | I14: =_xlfn.XLOOKUP($B14,'PP3'!$C$6:$C$150,'PP3'!$B$6:$B$150,"") -> 6 | J14: =_xlfn.XLOOKUP(I14,'PP3'!$B$6:$B$150,'PP3'!$A$6:$A$150,0) -> 40.182363 | K14: =_xlfn.XLOOKUP($B14,'PP4'!$C$6:$C$150,'PP4'!$B$6:$B$150,"") -> 4 | L14: =_xlfn.XLOOKUP(K14,'PP4'!$B$6:$B$150,'PP4'!$A$6:$A$150,0) -> 27.333333 | M14: =_xlfn.XLOOKUP($B14,'PP5'!$C$6:$C$150,'PP5'!$B$6:$B$150,"") | N14: =_xlfn.XLOOKUP(M14,'PP5'!$B$6:$B$150,'PP5'!$A$6:$A$150,0) -> 0 | O14: =_xlfn.XLOOKUP(B14,MPW!C$6:C$150,MPW!B$6:B$150,"") | P14: =_xlfn.XLOOKUP(O14,MPW!B$6:B$150,MPW!A$6:A$150,0) -> 0
A15: =ROW()-5 -> 10 | B15: LEAHEY John | D15: =SUM(F15,H15,J15,L15,N15,P15)-MIN(F15,H15,J15,L15,N15) -> 56.929926 | E15: =_xlfn.XLOOKUP($B15,'PP1'!$C$6:$C$150,'PP1'!$B$6:$B$150,"") | F15: =_xlfn.XLOOKUP(E15,'PP1'!$B$6:$B$150,'PP1'!$A$6:$A$150,0) -> 0 | G15: =_xlfn.XLOOKUP($B15,'PP2'!$C$6:$C$150,'PP2'!$B$6:$B$150,"") | H15: =_xlfn.XLOOKUP(G15,'PP2'!$B$6:$B$150,'PP2'!$A$6:$A$150,0) -> 0 | I15: =_xlfn.XLOOKUP($B15,'PP3'!$C$6:$C$150,'PP3'!$B$6:$B$150,"") -> 4 | J15: =_xlfn.XLOOKUP(I15,'PP3'!$B$6:$B$150,'PP3'!$A$6:$A$150,0) -> 56.929926 | K15: =_xlfn.XLOOKUP($B15,'PP4'!$C$6:$C$150,'PP4'!$B$6:$B$150,"") | L15: =_xlfn.XLOOKUP(K15,'PP4'!$B$6:$B$150,'PP4'!$A$6:$A$150,0) -> 0 | M15: =_xlfn.XLOOKUP($B15,'PP5'!$C$6:$C$150,'PP5'!$B$6:$B$150,"") | N15: =_xlfn.XLOOKUP(M15,'PP5'!$B$6:$B$150,'PP5'!$A$6:$A$150,0) -> 0 | O15: =_xlfn.XLOOKUP(B15,MPW!C$6:C$150,MPW!B$6:B$150,"") | P15: =_xlfn.XLOOKUP(O15,MPW!B$6:B$150,MPW!A$6:A$150,0) -> 0
A16: =ROW()-5 -> 11 | B16: WOJTAS Bogusław | D16: =SUM(F16,H16,J16,L16,N16,P16)-MIN(F16,H16,J16,L16,N16) -> 42.488579 | E16: =_xlfn.XLOOKUP($B16,'PP1'!$C$6:$C$150,'PP1'!$B$6:$B$150,"") | F16: =_xlfn.XLOOKUP(E16,'PP1'!$B$6:$B$150,'PP1'!$A$6:$A$150,0) -> 0 | G16: =_xlfn.XLOOKUP($B16,'PP2'!$C$6:$C$150,'PP2'!$B$6:$B$150,"") | H16: =_xlfn.XLOOKUP(G16,'PP2'!$B$6:$B$150,'PP2'!$A$6:$A$150,0) -> 0 | I16: =_xlfn.XLOOKUP($B16,'PP3'!$C$6:$C$150,'PP3'!$B$6:$B$150,"") | J16: =_xlfn.XLOOKUP(I16,'PP3'!$B$6:$B$150,'PP3'!$A$6:$A$150,0) -> 0 | K16: =_xlfn.XLOOKUP($B16,'PP4'!$C$6:$C$150,'PP4'!$B$6:$B$150,"") | L16: =_xlfn.XLOOKUP(K16,'PP4'!$B$6:$B$150,'PP4'!$A$6:$A$150,0) -> 0 | M16: =_xlfn.XLOOKUP($B16,'PP5'!$C$6:$C$150,'PP5'!$B$6:$B$150,"") | N16: =_xlfn.XLOOKUP(M16,'PP5'!$B$6:$B$150,'PP5'!$A$6:$A$150,0) -> 0 | O16: =_xlfn.XLOOKUP(B16,MPW!C$6:C$150,MPW!B$6:B$150,"") -> 3 | P16: =_xlfn.XLOOKUP(O16,MPW!B$6:B$150,MPW!A$6:A$150,0) -> 42.488579
A17: =ROW()-5 -> 12 | B17: OLSZEWSKI Mikołaj | D17: =SUM(F17,H17,J17,L17,N17,P17)-MIN(F17,H17,J17,L17,N17) -> 37.617058 | E17: =_xlfn.XLOOKUP($B17,'PP1'!$C$6:$C$150,'PP1'!$B$6:$B$150,"") | F17: =_xlfn.XLOOKUP(E17,'PP1'!$B$6:$B$150,'PP1'!$A$6:$A$150,0) -> 0 | G17: =_xlfn.XLOOKUP($B17,'PP2'!$C$6:$C$150,'PP2'!$B$6:$B$150,"") | H17: =_xlfn.XLOOKUP(G17,'PP2'!$B$6:$B$150,'PP2'!$A$6:$A$150,0) -> 0 | I17: =_xlfn.XLOOKUP($B17,'PP3'!$C$6:$C$150,'PP3'!$B$6:$B$150,"") -> 7 | J17: =_xlfn.XLOOKUP(I17,'PP3'!$B$6:$B$150,'PP3'!$A$6:$A$150,0) -> 37.617058 | K17: =_xlfn.XLOOKUP($B17,'PP4'!$C$6:$C$150,'PP4'!$B$6:$B$150,"") | L17: =_xlfn.XLOOKUP(K17,'PP4'!$B$6:$B$150,'PP4'!$A$6:$A$150,0) -> 0 | M17: =_xlfn.XLOOKUP($B17,'PP5'!$C$6:$C$150,'PP5'!$B$6:$B$150,"") | N17: =_xlfn.XLOOKUP(M17,'PP5'!$B$6:$B$150,'PP5'!$A$6:$A$150,0) -> 0 | O17: =_xlfn.XLOOKUP(B17,MPW!C$6:C$150,MPW!B$6:B$150,"") | P17: =_xlfn.XLOOKUP(O17,MPW!B$6:B$150,MPW!A$6:A$150,0) -> 0
... A29: =ROW()-5 -> 24 | B29: GOLD Oleg | D29: =SUM(F29,H29,J29,L29,N29,P29)-MIN(F29,H29,J29,L29,N29) -> 1 | E29: =_xlfn.XLOOKUP($B29,'PP1'!$C$6:$C$150,'PP1'!$B$6:$B$150,"") | F29: =_xlfn.XLOOKUP(E29,'PP1'!$B$6:$B$150,'PP1'!$A$6:$A$150,0) -> 0 | G29: =_xlfn.XLOOKUP($B29,'PP2'!$C$6:$C$150,'PP2'!$B$6:$B$150,"") | H29: =_xlfn.XLOOKUP(G29,'PP2'!$B$6:$B$150,'PP2'!$A$6:$A$150,0) -> 0 | I29: =_xlfn.XLOOKUP($B29,'PP3'!$C$6:$C$150,'PP3'!$B$6:$B$150,"") -> 19 | J29: =_xlfn.XLOOKUP(I29,'PP3'!$B$6:$B$150,'PP3'!$A$6:$A$150,0) -> 1 | K29: =_xlfn.XLOOKUP($B29,'PP4'!$C$6:$C$150,'PP4'!$B$6:$B$150,"") | L29: =_xlfn.XLOOKUP(K29,'PP4'!$B$6:$B$150,'PP4'!$A$6:$A$150,0) -> 0 | M29: =_xlfn.XLOOKUP($B29,'PP5'!$C$6:$C$150,'PP5'!$B$6:$B$150,"") | N29: =_xlfn.XLOOKUP(M29,'PP5'!$B$6:$B$150,'PP5'!$A$6:$A$150,0) -> 0 | O29: =_xlfn.XLOOKUP(B29,MPW!C$6:C$150,MPW!B$6:B$150,"") | P29: =_xlfn.XLOOKUP(O29,MPW!B$6:B$150,MPW!A$6:A$150,0) -> 0
A30: =ROW()-5 -> 25 | D30: =SUM(F30,H30,J30,L30,N30,P30)-MIN(F30,H30,J30,L30,N30) -> 0 | E30: =_xlfn.XLOOKUP($B30,'PP1'!$C$6:$C$150,'PP1'!$B$6:$B$150,"") | F30: =_xlfn.XLOOKUP(E30,'PP1'!$B$6:$B$150,'PP1'!$A$6:$A$150,0) -> 0 | G30: =_xlfn.XLOOKUP($B30,'PP2'!$C$6:$C$150,'PP2'!$B$6:$B$150,"") | H30: =_xlfn.XLOOKUP(G30,'PP2'!$B$6:$B$150,'PP2'!$A$6:$A$150,0) -> 0 | I30: =_xlfn.XLOOKUP($B30,'PP3'!$C$6:$C$150,'PP3'!$B$6:$B$150,"") | J30: =_xlfn.XLOOKUP(I30,'PP3'!$B$6:$B$150,'PP3'!$A$6:$A$150,0) -> 0 | K30: =_xlfn.XLOOKUP($B30,'PP4'!$C$6:$C$150,'PP4'!$B$6:$B$150,"") | L30: =_xlfn.XLOOKUP(K30,'PP4'!$B$6:$B$150,'PP4'!$A$6:$A$150,0) -> 0 | M30: =_xlfn.XLOOKUP($B30,'PP5'!$C$6:$C$150,'PP5'!$B$6:$B$150,"") | N30: =_xlfn.XLOOKUP(M30,'PP5'!$B$6:$B$150,'PP5'!$A$6:$A$150,0) -> 0 | O30: =_xlfn.XLOOKUP(B30,MPW!C$6:C$150,MPW!B$6:B$150,"") | P30: =_xlfn.XLOOKUP(O30,MPW!B$6:B$150,MPW!A$6:A$150,0) -> 0
A31: =ROW()-5 -> 26 | D31: =SUM(F31,H31,J31,L31,N31,P31)-MIN(F31,H31,J31,L31,N31) -> 0 | E31: =_xlfn.XLOOKUP($B31,'PP1'!$C$6:$C$150,'PP1'!$B$6:$B$150,"") | F31: =_xlfn.XLOOKUP(E31,'PP1'!$B$6:$B$150,'PP1'!$A$6:$A$150,0) -> 0 | G31: =_xlfn.XLOOKUP($B31,'PP2'!$C$6:$C$150,'PP2'!$B$6:$B$150,"") | H31: =_xlfn.XLOOKUP(G31,'PP2'!$B$6:$B$150,'PP2'!$A$6:$A$150,0) -> 0 | I31: =_xlfn.XLOOKUP($B31,'PP3'!$C$6:$C$150,'PP3'!$B$6:$B$150,"") | J31: =_xlfn.XLOOKUP(I31,'PP3'!$B$6:$B$150,'PP3'!$A$6:$A$150,0) -> 0 | K31: =_xlfn.XLOOKUP($B31,'PP4'!$C$6:$C$150,'PP4'!$B$6:$B$150,"") | L31: =_xlfn.XLOOKUP(K31,'PP4'!$B$6:$B$150,'PP4'!$A$6:$A$150,0) -> 0 | M31: =_xlfn.XLOOKUP($B31,'PP5'!$C$6:$C$150,'PP5'!$B$6:$B$150,"") | N31: =_xlfn.XLOOKUP(M31,'PP5'!$B$6:$B$150,'PP5'!$A$6:$A$150,0) -> 0 | O31: =_xlfn.XLOOKUP(B31,MPW!C$6:C$150,MPW!B$6:B$150,"") | P31: =_xlfn.XLOOKUP(O31,MPW!B$6:B$150,MPW!A$6:A$150,0) -> 0
A32: =ROW()-5 -> 27 | D32: =SUM(F32,H32,J32,L32,N32,P32)-MIN(F32,H32,J32,L32,N32) -> 0 | E32: =_xlfn.XLOOKUP($B32,'PP1'!$C$6:$C$150,'PP1'!$B$6:$B$150,"") | F32: =_xlfn.XLOOKUP(E32,'PP1'!$B$6:$B$150,'PP1'!$A$6:$A$150,0) -> 0 | G32: =_xlfn.XLOOKUP($B32,'PP2'!$C$6:$C$150,'PP2'!$B$6:$B$150,"") | H32: =_xlfn.XLOOKUP(G32,'PP2'!$B$6:$B$150,'PP2'!$A$6:$A$150,0) -> 0 | I32: =_xlfn.XLOOKUP($B32,'PP3'!$C$6:$C$150,'PP3'!$B$6:$B$150,"") | J32: =_xlfn.XLOOKUP(I32,'PP3'!$B$6:$B$150,'PP3'!$A$6:$A$150,0) -> 0 | K32: =_xlfn.XLOOKUP($B32,'PP4'!$C$6:$C$150,'PP4'!$B$6:$B$150,"") | L32: =_xlfn.XLOOKUP(K32,'PP4'!$B$6:$B$150,'PP4'!$A$6:$A$150,0) -> 0 | M32: =_xlfn.XLOOKUP($B32,'PP5'!$C$6:$C$150,'PP5'!$B$6:$B$150,"") | N32: =_xlfn.XLOOKUP(M32,'PP5'!$B$6:$B$150,'PP5'!$A$6:$A$150,0) -> 0 | O32: =_xlfn.XLOOKUP(B32,MPW!C$6:C$150,MPW!B$6:B$150,"") | P32: =_xlfn.XLOOKUP(O32,MPW!B$6:B$150,MPW!A$6:A$150,0) -> 0

Sheet PP1
H1: Liczba uczestników: | I1: GP Punkty | J1: Bonus za rundę | K1: Mnożnik za podium
B2: miejsce: | C2: OPOLE | H2: 8 | I2: 50 | J2: 10 | K2: =3*H2^(1/3) -> 6
B3: data: | C3: 28.09.2025
A5: Punkty | B5: Miejsce Place | C5: Nazwisko Imię Name | D5: Klub Club(s) | E5: Okręg Division | F5: Państwo Country | H5: Miejsce | I5: Punkty za miejsce | J5: liczba wygranych walk pucharowych | K5: bonus z rundy pucharowej | L5: punkty za podium | M5: Suma
A6: =M6 -> 98 | B6: =IF(H6>$H$2,"",(ROW()-5)) -> 1 | C6: ZIELIŃSKI Dariusz | H6: 1 | I6: =IF(H2=1,50,IF(H6<$H$2+1,($I$2-($I$2-1)*(LOG(H6)/LOG($H$2))),"")) -> 50 | J6: =INT(LOG($H$2,2))-ROUNDUP(LOG(H6,2),0)+IF(OR($H$2=1,$H$2=2,$H$2=4,$H$2=8,$H$2=16,$H$2=32,$H$2=64,$H$2=128,$H$2=256),0,1) -> 3 | K6: =J6*$J$2 -> 30 | L6: =3*K2 -> 18 | M6: =IF(I6<>"",K6+I6+L6,0) -> 98
A7: =M7 -> 65.666667 | B7: =IF(H7>$H$2,"",(ROW()-5)) -> 2 | C7: ATANASSOW Aleksander | H7: 2 | I7: =IF(H7<$H$2+1,($I$2-($I$2-1)*(LOG(H7)/LOG($H$2))),"") -> 33.666667 | J7: =INT(LOG($H$2,2))-ROUNDUP(LOG(H7,2),0)+IF(OR($H$2=1,$H$2=2,$H$2=4,$H$2=8,$H$2=16,$H$2=32,$H$2=64,$H$2=128,$H$2=256),0,1) -> 2 | K7: =J7*$J$2 -> 20 | L7: =2*K2 -> 12 | M7: =IF(I7<>"",K7+I7+L7,0) -> 65.666667
A8: =M8 -> 40.112279 | B8: =IF(H8>$H$2,"",(ROW()-5)) -> 3 | C8: JENDRYŚ Marek | H8: 3 | I8: =IF(H8<$H$2+1,($I$2-($I$2-1)*(LOG(H8)/LOG($H$2))),"") -> 24.112279 | J8: =INT(LOG($H$2,2))-ROUNDUP(LOG(H8,2),0)+IF(OR($H$2=1,$H$2=2,$H$2=4,$H$2=8,$H$2=16,$H$2=32,$H$2=64,$H$2=128,$H$2=256),0,1) -> 1 | K8: =J8*$J$2 -> 10 | L8: =K2 -> 6 | M8: =IF(I8<>"",K8+I8+L8,0) -> 40.112279
A9: =M9 -> 27.333333 | B9: =IF(H9>$H$2,"",(ROW()-5)) -> 4 | C9: KORONA Przemysław | H9: 4 | I9: =IF(H9<$H$2+1,($I$2-($I$2-1)*(LOG(H9)/LOG($H$2))),"") -> 17.333333 | J9: =INT(LOG($H$2,2))-ROUNDUP(LOG(H9,2),0)+IF(OR($H$2=1,$H$2=2,$H$2=4,$H$2=8,$H$2=16,$H$2=32,$H$2=64,$H$2=128,$H$2=256),0,1) -> 1 | K9: =J9*$J$2 -> 10 | M9: =IF(I9<>"",K9+I9+L9,0) -> 27.333333
A10: =M10 -> 12.075174 | B10: =IF(H10>$H$2,"",(ROW()-5)) -> 5 | C10: DROBIŃSKI Leszek | H10: 5 | I10: =IF(H10<$H$2+1,($I$2-($I$2-1)*(LOG(H10)/LOG($H$2))),"") -> 12.075174 | J10: =INT(LOG($H$2,2))-ROUNDUP(LOG(H10,2),0)+IF(OR($H$2=1,$H$2=2,$H$2=4,$H$2=8,$H$2=16,$H$2=32,$H$2=64,$H$2=128,$H$2=256),0,1) -> 0 | K10: =J10*$J$2 -> 0 | M10: =IF(I10<>"",K10+I10+L10,0) -> 12.075174
A11: =M11 -> 7.7789458 | B11: =IF(H11>$H$2,"",(ROW()-5)) -> 6 | C11: PARDUS Borys | H11: 6 | I11: =IF(H11<$H$2+1,($I$2-($I$2-1)*(LOG(H11)/LOG($H$2))),"") -> 7.7789458 | J11: =INT(LOG($H$2,2))-ROUNDUP(LOG(H11,2),0)+IF(OR($H$2=1,$H$2=2,$H$2=4,$H$2=8,$H$2=16,$H$2=32,$H$2=64,$H$2=128,$H$2=256),0,1) -> 0 | K11: =J11*$J$2 -> 0 | M11: =IF(I11<>"",K11+I11+L11,0) -> 7.7789458
A12: =M12 -> 4.1465363 | B12: =IF(H12>$H$2,"",(ROW()-5)) -> 7 | C12: WIERZBICKI Jacek | H12: 7 | I12: =IF(H12<$H$2+1,($I$2-($I$2-1)*(LOG(H12)/LOG($H$2))),"") -> 4.1465363 | J12: =INT(LOG($H$2,2))-ROUNDUP(LOG(H12,2),0)+IF(OR($H$2=1,$H$2=2,$H$2=4,$H$2=8,$H$2=16,$H$2=32,$H$2=64,$H$2=128,$H$2=256),0,1) -> 0 | K12: =J12*$J$2 -> 0 | M12: =IF(I12<>"",K12+I12+L12,0) -> 4.1465363
A13: =M13 -> 1 | B13: =IF(H13>$H$2,"",(ROW()-5)) -> 8 | C13: HEŁKA Jacek | H13: 8 | I13: =IF(H13<$H$2+1,($I$2-($I$2-1)*(LOG(H13)/LOG($H$2))),"") -> 1 | J13: =INT(LOG($H$2,2))-ROUNDUP(LOG(H13,2),0)+IF(OR($H$2=1,$H$2=2,$H$2=4,$H$2=8,$H$2=16,$H$2=32,$H$2=64,$H$2=128,$H$2=256),0,1) -> 0 | K13: =J13*$J$2 -> 0 | M13: =IF(I13<>"",K13+I13+L13,0) -> 1
A14: =M14 -> 0 | B14: =IF(H14>$H$2,"",(ROW()-5)) | H14: 9 | I14: =IF(H14<$H$2+1,($I$2-($I$2-1)*(LOG(H14)/LOG($H$2))),"") | J14: =INT(LOG($H$2,2))-ROUNDUP(LOG(H14,2),0)+IF(OR($H$2=1,$H$2=2,$H$2=4,$H$2=8,$H$2=16,$H$2=32,$H$2=64,$H$2=128,$H$2=256),0,1) -> -1 | K14: =J14*$J$2 -> -10 | M14: =IF(I14<>"",K14+I14+L14,0) -> 0
A15: =M15 -> 0 | B15: =IF(H15>$H$2,"",(ROW()-5)) | H15: 10 | I15: =IF(H15<$H$2+1,($I$2-($I$2-1)*(LOG(H15)/LOG($H$2))),"") | J15: =INT(LOG($H$2,2))-ROUNDUP(LOG(H15,2),0)+IF(OR($H$2=1,$H$2=2,$H$2=4,$H$2=8,$H$2=16,$H$2=32,$H$2=64,$H$2=128,$H$2=256),0,1) -> -1 | K15: =J15*$J$2 -> -10 | M15: =IF(I15<>"",K15+I15+L15,0) -> 0
A16: =M16 -> 0 | B16: =IF(H16>$H$2,"",(ROW()-5)) | H16: 11 | I16: =IF(H16<$H$2+1,($I$2-($I$2-1)*(LOG(H16)/LOG($H$2))),"") | J16: =INT(LOG($H$2,2))-ROUNDUP(LOG(H16,2),0)+IF(OR($H$2=1,$H$2=2,$H$2=4,$H$2=8,$H$2=16,$H$2=32,$H$2=64,$H$2=128,$H$2=256),0,1) -> -1 | K16: =J16*$J$2 -> -10 | M16: =IF(I16<>"",K16+I16+L16,0) -> 0
A17: =M17 -> 0 | B17: =IF(H17>$H$2,"",(ROW()-5)) | H17: 12 | I17: =IF(H17<$H$2+1,($I$2-($I$2-1)*(LOG(H17)/LOG($H$2))),"") | J17: =INT(LOG($H$2,2))-ROUNDUP(LOG(H17,2),0)+IF(OR($H$2=1,$H$2=2,$H$2=4,$H$2=8,$H$2=16,$H$2=32,$H$2=64,$H$2=128,$H$2=256),0,1) -> -1 | K17: =J17*$J$2 -> -10 | M17: =IF(I17<>"",K17+I17+L17,0) -> 0
A18: =M18 -> 0 | B18: =IF(H18>$H$2,"",(ROW()-5)) | H18: 13 | I18: =IF(H18<$H$2+1,($I$2-($I$2-1)*(LOG(H18)/LOG($H$2))),"") | J18: =INT(LOG($H$2,2))-ROUNDUP(LOG(H18,2),0)+IF(OR($H$2=1,$H$2=2,$H$2=4,$H$2=8,$H$2=16,$H$2=32,$H$2=64,$H$2=128,$H$2=256),0,1) -> -1 | K18: =J18*$J$2 -> -10 | M18: =IF(I18<>"",K18+I18+L18,0) -> 0
A19: =M19 -> 0 | B19: =IF(H19>$H$2,"",(ROW()-5)) | H19: 14 | I19: =IF(H19<$H$2+1,($I$2-($I$2-1)*(LOG(H19)/LOG($H$2))),"") | J19: =INT(LOG($H$2,2))-ROUNDUP(LOG(H19,2),0)+IF(OR($H$2=1,$H$2=2,$H$2=4,$H$2=8,$H$2=16,$H$2=32,$H$2=64,$H$2=128,$H$2=256),0,1) -> -1 | K19: =J19*$J$2 -> -10 | M19: =IF(I19<>"",K19+I19+L19,0) -> 0
A20: =M20 -> 0 | B20: =IF(H20>$H$2,"",(ROW()-5)) | H20: 15 | I20: =IF(H20<$H$2+1,($I$2-($I$2-1)*(LOG(H20)/LOG($H$2))),"") | J20: =INT(LOG($H$2,2))-ROUNDUP(LOG(H20,2),0)+IF(OR($H$2=1,$H$2=2,$H$2=4,$H$2=8,$H$2=16,$H$2=32,$H$2=64,$H$2=128,$H$2=256),0,1) -> -1 | K20: =J20*$J$2 -> -10 | M20: =IF(I20<>"",K20+I20+L20,0) -> 0
A21: =M21 -> 0 | B21: =IF(H21>$H$2,"",(ROW()-5)) | H21: 16 | I21: =IF(H21<$H$2+1,($I$2-($I$2-1)*(LOG(H21)/LOG($H$2))),"") | J21: =INT(LOG($H$2,2))-ROUNDUP(LOG(H21,2),0)+IF(OR($H$2=1,$H$2=2,$H$2=4,$H$2=8,$H$2=16,$H$2=32,$H$2=64,$H$2=128,$H$2=256),0,1) -> -1 | K21: =J21*$J$2 -> -10 | M21: =IF(I21<>"",K21+I21+L21,0) -> 0
A22: =M22 -> 0 | B22: =IF(H22>$H$2,"",(ROW()-5)) | H22: 17 | I22: =IF(H22<$H$2+1,($I$2-($I$2-1)*(LOG(H22)/LOG($H$2))),"") | J22: =INT(LOG($H$2,2))-ROUNDUP(LOG(H22,2),0)+IF(OR($H$2=1,$H$2=2,$H$2=4,$H$2=8,$H$2=16,$H$2=32,$H$2=64,$H$2=128,$H$2=256),0,1) -> -2 | K22: =J22*$J$2 -> -20 | M22: =IF(I22<>"",K22+I22+L22,0) -> 0
A23: =M23 -> 0 | B23: =IF(H23>$H$2,"",(ROW()-5)) | H23: 18 | I23: =IF(H23<$H$2+1,($I$2-($I$2-1)*(LOG(H23)/LOG($H$2))),"") | J23: =INT(LOG($H$2,2))-ROUNDUP(LOG(H23,2),0)+IF(OR($H$2=1,$H$2=2,$H$2=4,$H$2=8,$H$2=16,$H$2=32,$H$2=64,$H$2=128,$H$2=256),0,1) -> -2 | K23: =J23*$J$2 -> -20 | M23: =IF(I23<>"",K23+I23+L23,0) -> 0
A24: =M24 -> 0 | B24: =IF(H24>$H$2,"",(ROW()-5)) | H24: 19 | I24: =IF(H24<$H$2+1,($I$2-($I$2-1)*(LOG(H24)/LOG($H$2))),"") | J24: =INT(LOG($H$2,2))-ROUNDUP(LOG(H24,2),0)+IF(OR($H$2=1,$H$2=2,$H$2=4,$H$2=8,$H$2=16,$H$2=32,$H$2=64,$H$2=128,$H$2=256),0,1) -> -2 | K24: =J24*$J$2 -> -20 | M24: =IF(I24<>"",K24+I24+L24,0) -> 0
A25: =M25 -> 0 | B25: =IF(H25>$H$2,"",(ROW()-5)) | H25: 20 | I25: =IF(H25<$H$2+1,($I$2-($I$2-1)*(LOG(H25)/LOG($H$2))),"") | J25: =INT(LOG($H$2,2))-ROUNDUP(LOG(H25,2),0)+IF(OR($H$2=1,$H$2=2,$H$2=4,$H$2=8,$H$2=16,$H$2=32,$H$2=64,$H$2=128,$H$2=256),0,1) -> -2 | K25: =J25*$J$2 -> -20 | M25: =IF(I25<>"",K25+I25+L25,0) -> 0
... A37: =M37 -> 0 | B37: =IF(H37>$H$2,"",(ROW()-5)) | H37: 32 | I37: =IF(H37<$H$2+1,($I$2-($I$2-1)*(LOG(H37)/LOG($H$2))),"") | J37: =INT(LOG($H$2,2))-ROUNDUP(LOG(H37,2),0)+IF(OR($H$2=1,$H$2=2,$H$2=4,$H$2=8,$H$2=16,$H$2=32,$H$2=64,$H$2=128,$H$2=256),0,1) -> -2 | K37: =J37*$J$2 -> -20 | M37: =IF(I37<>"",K37+I37+L37,0) -> 0
B38: =IF(H38>$H$2,"",(ROW()-5)) | H38: 33 | I38: =IF(H38<$H$2+1,($I$2-($I$2-1)*(LOG(H38)/LOG($H$2))),"") | J38: =INT(LOG($H$2,2))-ROUNDUP(LOG(H38,2),0)+IF(OR($H$2=1,$H$2=2,$H$2=4,$H$2=8,$H$2=16,$H$2=32,$H$2=64,$H$2=128,$H$2=256),0,1) -> -3 | K38: =J38*$J$2 -> -30 | M38: =IF(I38<>"",K38+I38+L38,0) -> 0
B39: =IF(H39>$H$2,"",(ROW()-5)) | H39: 34 | I39: =IF(H39<$H$2+1,($I$2-($I$2-1)*(LOG(H39)/LOG($H$2))),"") | J39: =INT(LOG($H$2,2))-ROUNDUP(LOG(H39,2),0)+IF(OR($H$2=1,$H$2=2,$H$2=4,$H$2=8,$H$2=16,$H$2=32,$H$2=64,$H$2=128,$H$2=256),0,1) -> -3 | K39: =J39*$J$2 -> -30 | M39: =IF(I39<>"",K39+I39+L39,0) -> 0
B40: =IF(H40>$H$2,"",(ROW()-5)) | H40: 35 | I40: =IF(H40<$H$2+1,($I$2-($I$2-1)*(LOG(H40)/LOG($H$2))),"") | J40: =INT(LOG($H$2,2))-ROUNDUP(LOG(H40,2),0)+IF(OR($H$2=1,$H$2=2,$H$2=4,$H$2=8,$H$2=16,$H$2=32,$H$2=64,$H$2=128,$H$2=256),0,1) -> -3 | K40: =J40*$J$2 -> -30 | M40: =IF(I40<>"",K40+I40+L40,0) -> 0
B41: =IF(H41>$H$2,"",(ROW()-5)) | H41: 36 | I41: =IF(H41<$H$2+1,($I$2-($I$2-1)*(LOG(H41)/LOG($H$2))),"") | J41: =INT(LOG($H$2,2))-ROUNDUP(LOG(H41,2),0)+IF(OR($H$2=1,$H$2=2,$H$2=4,$H$2=8,$H$2=16,$H$2=32,$H$2=64,$H$2=128,$H$2=256),0,1) -> -3 | K41: =J41*$J$2 -> -30 | M41: =IF(I41<>"",K41+I41+L41,0) -> 0
B42: =IF(H42>$H$2,"",(ROW()-5)) | H42: 37 | I42: =IF(H42<$H$2+1,($I$2-($I$2-1)*(LOG(H42)/LOG($H$2))),"") | J42: =INT(LOG($H$2,2))-ROUNDUP(LOG(H42,2),0)+IF(OR($H$2=1,$H$2=2,$H$2=4,$H$2=8,$H$2=16,$H$2=32,$H$2=64,$H$2=128,$H$2=256),0,1) -> -3 | K42: =J42*$J$2 -> -30 | M42: =IF(I42<>"",K42+I42+L42,0) -> 0
B43: =IF(H43>$H$2,"",(ROW()-5)) | H43: 38 | I43: =IF(H43<$H$2+1,($I$2-($I$2-1)*(LOG(H43)/LOG($H$2))),"") | J43: =INT(LOG($H$2,2))-ROUNDUP(LOG(H43,2),0)+IF(OR($H$2=1,$H$2=2,$H$2=4,$H$2=8,$H$2=16,$H$2=32,$H$2=64,$H$2=128,$H$2=256),0,1) -> -3 | K43: =J43*$J$2 -> -30 | M43: =IF(I43<>"",K43+I43+L43,0) -> 0
B44: =IF(H44>$H$2,"",(ROW()-5)) | H44: 39 | I44: =IF(H44<$H$2+1,($I$2-($I$2-1)*(LOG(H44)/LOG($H$2))),"") | J44: =INT(LOG($H$2,2))-ROUNDUP(LOG(H44,2),0)+IF(OR($H$2=1,$H$2=2,$H$2=4,$H$2=8,$H$2=16,$H$2=32,$H$2=64,$H$2=128,$H$2=256),0,1) -> -3 | K44: =J44*$J$2 -> -30 | M44: =IF(I44<>"",K44+I44+L44,0) -> 0
B45: =IF(H45>$H$2,"",(ROW()-5)) | H45: 40 | I45: =IF(H45<$H$2+1,($I$2-($I$2-1)*(LOG(H45)/LOG($H$2))),"") | J45: =INT(LOG($H$2,2))-ROUNDUP(LOG(H45,2),0)+IF(OR($H$2=1,$H$2=2,$H$2=4,$H$2=8,$H$2=16,$H$2=32,$H$2=64,$H$2=128,$H$2=256),0,1) -> -3 | K45: =J45*$J$2 -> -30 | M45: =IF(I45<>"",K45+I45+L45,0) -> 0
B46: =IF(H46>$H$2,"",(ROW()-5)) | H46: 41 | I46: =IF(H46<$H$2+1,($I$2-($I$2-1)*(LOG(H46)/LOG($H$2))),"") | J46: =INT(LOG($H$2,2))-ROUNDUP(LOG(H46,2),0)+IF(OR($H$2=1,$H$2=2,$H$2=4,$H$2=8,$H$2=16,$H$2=32,$H$2=64,$H$2=128,$H$2=256),0,1) -> -3 | K46: =J46*$J$2 -> -30 | M46: =IF(I46<>"",K46+I46+L46,0) -> 0
B47: =IF(H47>$H$2,"",(ROW()-5)) | H47: 42 | I47: =IF(H47<$H$2+1,($I$2-($I$2-1)*(LOG(H47)/LOG($H$2))),"") | J47: =INT(LOG($H$2,2))-ROUNDUP(LOG(H47,2),0)+IF(OR($H$2=1,$H$2=2,$H$2=4,$H$2=8,$H$2=16,$H$2=32,$H$2=64,$H$2=128,$H$2=256),0,1) -> -3 | K47: =J47*$J$2 -> -30 | M47: =IF(I47<>"",K47+I47+L47,0) -> 0
B48: =IF(H48>$H$2,"",(ROW()-5)) | H48: 43 | I48: =IF(H48<$H$2+1,($I$2-($I$2-1)*(LOG(H48)/LOG($H$2))),"") | J48: =INT(LOG($H$2,2))-ROUNDUP(LOG(H48,2),0)+IF(OR($H$2=1,$H$2=2,$H$2=4,$H$2=8,$H$2=16,$H$2=32,$H$2=64,$H$2=128,$H$2=256),0,1) -> -3 | K48: =J48*$J$2 -> -30 | M48: =IF(I48<>"",K48+I48+L48,0) -> 0
B49: =IF(H49>$H$2,"",(ROW()-5)) | H49: 44 | I49: =IF(H49<$H$2+1,($I$2-($I$2-1)*(LOG(H49)/LOG($H$2))),"") | J49: =INT(LOG($H$2,2))-ROUNDUP(LOG(H49,2),0)+IF(OR($H$2=1,$H$2=2,$H$2=4,$H$2=8,$H$2=16,$H$2=32,$H$2=64,$H$2=128,$H$2=256),0,1) -> -3 | K49: =J49*$J$2 -> -30 | M49: =IF(I49<>"",K49+I49+L49,0) -> 0
... B65: =IF(H65>$H$2,"",(ROW()-5)) | H65: 60 | I65: =IF(H65<$H$2+1,($I$2-($I$2-1)*(LOG(H65)/LOG($H$2))),"") | J65: =INT(LOG($H$2,2))-ROUNDUP(LOG(H65,2),0)+IF(OR($H$2=1,$H$2=2,$H$2=4,$H$2=8,$H$2=16,$H$2=32,$H$2=64,$H$2=128,$H$2=256),0,1) -> -3 | K65: =J65*$J$2 -> -30 | M65: =IF(I65<>"",K65+I65+L65,0) -> 0
H66: 61 | I66: =IF(H66<$H$2+1,($I$2-($I$2-1)*(LOG(H66)/LOG($H$2))),"") | J66: =INT(LOG($H$2,2))-ROUNDUP(LOG(H66,2),0)+IF(OR($H$2=1,$H$2=2,$H$2=4,$H$2=8,$H$2=16,$H$2=32,$H$2=64,$H$2=128,$H$2=256),0,1) -> -3 | K66: =J66*$J$2 -> -30 | M66: =IF(I66<>"",K66+I66+L66,0) -> 0
H67: 62 | I67: =IF(H67<$H$2+1,($I$2-($I$2-1)*(LOG(H67)/LOG($H$2))),"") | J67: =INT(LOG($H$2,2))-ROUNDUP(LOG(H67,2),0)+IF(OR($H$2=1,$H$2=2,$H$2=4,$H$2=8,$H$2=16,$H$2=32,$H$2=64,$H$2=128,$H$2=256),0,1) -> -3 | K67: =J67*$J$2 -> -30 | M67: =IF(I67<>"",K67+I67+L67,0) -> 0
H68: 63 | I68: =IF(H68<$H$2+1,($I$2-($I$2-1)*(LOG(H68)/LOG($H$2))),"") | J68: =INT(LOG($H$2,2))-ROUNDUP(LOG(H68,2),0)+IF(OR($H$2=1,$H$2=2,$H$2=4,$H$2=8,$H$2=16,$H$2=32,$H$2=64,$H$2=128,$H$2=256),0,1) -> -3 | K68: =J68*$J$2 -> -30 | M68: =IF(I68<>"",K68+I68+L68,0) -> 0
H69: 64 | I69: =IF(H69<$H$2+1,($I$2-($I$2-1)*(LOG(H69)/LOG($H$2))),"") | J69: =INT(LOG($H$2,2))-ROUNDUP(LOG(H69,2),0)+IF(OR($H$2=1,$H$2=2,$H$2=4,$H$2=8,$H$2=16,$H$2=32,$H$2=64,$H$2=128,$H$2=256),0,1) -> -3 | K69: =J69*$J$2 -> -30 | M69: =IF(I69<>"",K69+I69+L69,0) -> 0
H70: 65 | I70: =IF(H70<$H$2+1,($I$2-($I$2-1)*(LOG(H70)/LOG($H$2))),"") | J70: =INT(LOG($H$2,2))-ROUNDUP(LOG(H70,2),0)+IF(OR($H$2=1,$H$2=2,$H$2=4,$H$2=8,$H$2=16,$H$2=32,$H$2=64,$H$2=128,$H$2=256),0,1) -> -4 | K70: =J70*$J$2 -> -40 | M70: =IF(I70<>"",K70+I70+L70,0) -> 0
H71: 66 | I71: =IF(H71<$H$2+1,($I$2-($I$2-1)*(LOG(H71)/LOG($H$2))),"") | J71: =INT(LOG($H$2,2))-ROUNDUP(LOG(H71,2),0)+IF(OR($H$2=1,$H$2=2,$H$2=4,$H$2=8,$H$2=16,$H$2=32,$H$2=64,$H$2=128,$H$2=256),0,1) -> -4 | K71: =J71*$J$2 -> -40 | M71: =IF(I71<>"",K71+I71+L71,0) -> 0
H72: 67 | I72: =IF(H72<$H$2+1,($I$2-($I$2-1)*(LOG(H72)/LOG($H$2))),"") | J72: =INT(LOG($H$2,2))-ROUNDUP(LOG(H72,2),0)+IF(OR($H$2=1,$H$2=2,$H$2=4,$H$2=8,$H$2=16,$H$2=32,$H$2=64,$H$2=128,$H$2=256),0,1) -> -4 | K72: =J72*$J$2 -> -40 | M72: =IF(I72<>"",K72+I72+L72,0) -> 0
H73: 68 | I73: =IF(H73<$H$2+1,($I$2-($I$2-1)*(LOG(H73)/LOG($H$2))),"") | J73: =INT(LOG($H$2,2))-ROUNDUP(LOG(H73,2),0)+IF(OR($H$2=1,$H$2=2,$H$2=4,$H$2=8,$H$2=16,$H$2=32,$H$2=64,$H$2=128,$H$2=256),0,1) -> -4 | K73: =J73*$J$2 -> -40 | M73: =IF(I73<>"",K73+I73+L73,0) -> 0
H74: 69 | I74: =IF(H74<$H$2+1,($I$2-($I$2-1)*(LOG(H74)/LOG($H$2))),"") | J74: =INT(LOG($H$2,2))-ROUNDUP(LOG(H74,2),0)+IF(OR($H$2=1,$H$2=2,$H$2=4,$H$2=8,$H$2=16,$H$2=32,$H$2=64,$H$2=128,$H$2=256),0,1) -> -4 | K74: =J74*$J$2 -> -40 | M74: =IF(I74<>"",K74+I74+L74,0) -> 0
H75: 70 | I75: =IF(H75<$H$2+1,($I$2-($I$2-1)*(LOG(H75)/LOG($H$2))),"") | J75: =INT(LOG($H$2,2))-ROUNDUP(LOG(H75,2),0)+IF(OR($H$2=1,$H$2=2,$H$2=4,$H$2=8,$H$2=16,$H$2=32,$H$2=64,$H$2=128,$H$2=256),0,1) -> -4 | K75: =J75*$J$2 -> -40 | M75: =IF(I75<>"",K75+I75+L75,0) -> 0
H76: 71 | I76: =IF(H76<$H$2+1,($I$2-($I$2-1)*(LOG(H76)/LOG($H$2))),"") | J76: =INT(LOG($H$2,2))-ROUNDUP(LOG(H76,2),0)+IF(OR($H$2=1,$H$2=2,$H$2=4,$H$2=8,$H$2=16,$H$2=32,$H$2=64,$H$2=128,$H$2=256),0,1) -> -4 | K76: =J76*$J$2 -> -40 | M76: =IF(I76<>"",K76+I76+L76,0) -> 0
H77: 72 | I77: =IF(H77<$H$2+1,($I$2-($I$2-1)*(LOG(H77)/LOG($H$2))),"") | J77: =INT(LOG($H$2,2))-ROUNDUP(LOG(H77,2),0)+IF(OR($H$2=1,$H$2=2,$H$2=4,$H$2=8,$H$2=16,$H$2=32,$H$2=64,$H$2=128,$H$2=256),0,1) -> -4 | K77: =J77*$J$2 -> -40 | M77: =IF(I77<>"",K77+I77+L77,0) -> 0
... H305: 300 | I305: =IF(H305<$H$2+1,($I$2-($I$2-1)*(LOG(H305)/LOG($H$2))),"") | J305: =INT(LOG($H$2,2))-ROUNDUP(LOG(H305,2),0)+IF(OR($H$2=1,$H$2=2,$H$2=4,$H$2=8,$H$2=16,$H$2=32,$H$2=64,$H$2=128,$H$2=256),0,1) -> -6 | K305: =J305*$J$2 -> -60 | M305: =IF(I305<>"",K305+I305+L305,0) -> 0
J306: =INT(LOG($H$2,2))-ROUNDUP(LOG(H306,2),0)+IF(OR($H$2=1,$H$2=2,$H$2=4,$H$2=8,$H$2=16,$H$2=32,$H$2=64,$H$2=128,$H$2=256),0,1) -> #NUM!
J307: =INT(LOG($H$2,2))-ROUNDUP(LOG(H307,2),0)+IF(OR($H$2=1,$H$2=2,$H$2=4,$H$2=8,$H$2=16,$H$2=32,$H$2=64,$H$2=128,$H$2=256),0,1) -> #NUM!
J308: =INT(LOG($H$2,2))-ROUNDUP(LOG(H308,2),0)+IF(OR($H$2=1,$H$2=2,$H$2=4,$H$2=8,$H$2=16,$H$2=32,$H$2=64,$H$2=128,$H$2=256),0,1) -> #NUM!
J309: =INT(LOG($H$2,2))-ROUNDUP(LOG(H309,2),0)+IF(OR($H$2=1,$H$2=2,$H$2=4,$H$2=8,$H$2=16,$H$2=32,$H$2=64,$H$2=128,$H$2=256),0,1) -> #NUM!
J310: =INT(LOG($H$2,2))-ROUNDUP(LOG(H310,2),0)+IF(OR($H$2=1,$H$2=2,$H$2=4,$H$2=8,$H$2=16,$H$2=32,$H$2=64,$H$2=128,$H$2=256),0,1) -> #NUM!
J311: =INT(LOG($H$2,2))-ROUNDUP(LOG(H311,2),0)+IF(OR($H$2=1,$H$2=2,$H$2=4,$H$2=8,$H$2=16,$H$2=32,$H$2=64,$H$2=128,$H$2=256),0,1) -> #NUM!
J312: =INT(LOG($H$2,2))-ROUNDUP(LOG(H312,2),0)+IF(OR($H$2=1,$H$2=2,$H$2=4,$H$2=8,$H$2=16,$H$2=32,$H$2=64,$H$2=128,$H$2=256),0,1) -> #NUM!
J313: =INT(LOG($H$2,2))-ROUNDUP(LOG(H313,2),0)+IF(OR($H$2=1,$H$2=2,$H$2=4,$H$2=8,$H$2=16,$H$2=32,$H$2=64,$H$2=128,$H$2=256),0,1) -> #NUM!
J314: =INT(LOG($H$2,2))-ROUNDUP(LOG(H314,2),0)+IF(OR($H$2=1,$H$2=2,$H$2=4,$H$2=8,$H$2=16,$H$2=32,$H$2=64,$H$2=128,$H$2=256),0,1) -> #NUM!
J315: =INT(LOG($H$2,2))-ROUNDUP(LOG(H315,2),0)+IF(OR($H$2=1,$H$2=2,$H$2=4,$H$2=8,$H$2=16,$H$2=32,$H$2=64,$H$2=128,$H$2=256),0,1) -> #NUM!
J316: =INT(LOG($H$2,2))-ROUNDUP(LOG(H316,2),0)+IF(OR($H$2=1,$H$2=2,$H$2=4,$H$2=8,$H$2=16,$H$2=32,$H$2=64,$H$2=128,$H$2=256),0,1) -> #NUM!
J317: =INT(LOG($H$2,2))-ROUNDUP(LOG(H317,2),0)+IF(OR($H$2=1,$H$2=2,$H$2=4,$H$2=8,$H$2=16,$H$2=32,$H$2=64,$H$2=128,$H$2=256),0,1) -> #NUM!
... J687: =INT(LOG($H$2,2))-ROUNDUP(LOG(H687,2),0)+IF(OR($H$2=1,$H$2=2,$H$2=4,$H$2=8,$H$2=16,$H$2=32,$H$2=64,$H$2=128,$H$2=256),0,1) -> #NUM!

Sheet PP2
B1: miejsce: | C1: II Puchar Weteranów Poznań | H1: Liczba uczestników: | I1: GP Punkty | J1: Bonus za rundę | K1: Mnożnik za podium
A2: LINK | B2: turniej: | C2: SZPADA MĘŻCZYZN 2 WETERANI | H2: 8 | I2: 50 | J2: 10 | K2: =3*H2^(1/3) -> 6
A3: B | B3: data: | C3: Sunday, October 26, 2025 1:00 PM
C4: httPS://www.fencingtimelive.com/events/results/download/0387CC20A25B4EBA9BDAFAB148E8C12B
A5: Punkty | B5: Miejsce Place | C5: Nazwisko Imię Name | D5: Klub Club(s) | E5: Okręg Division | F5: Państwo Country | H5: Miejsce | I5: Punkty za miejsce | J5: liczba wygranych walk pucharowych | K5: bonus z rundy pucharowej | L5: punkty za podium | M5: Suma
A6: =M6 -> 98 | B6: =IF(H6>$H$2,"",(ROW()-5)) -> 1 | C6: KORONA Przemysław | D6: AZS AWF WARSZAWA | H6: 1 | I6: =IF(H2=1,50,IF(H6<$H$2+1,($I$2-($I$2-1)*(LOG(H6)/LOG($H$2))),"")) -> 50 | J6: =INT(LOG($H$2,2))-ROUNDUP(LOG(H6,2),0)+IF(OR($H$2=1,$H$2=2,$H$2=4,$H$2=8,$H$2=16,$H$2=32,$H$2=64,$H$2=128,$H$2=256),0,1) -> 3 | K6: =J6*$J$2 -> 30 | L6: =3*K2 -> 18 | M6: =IF(I6<>"",K6+I6+L6,0) -> 98
A7: =M7 -> 65.666667 | B7: =IF(H7>$H$2,"",(ROW()-5)) -> 2 | C7: DROBIŃSKI Leszek | D7: WARTA-MUSZKIETEROWIE POZNAŃ | H7: 2 | I7: =IF(H7<$H$2+1,($I$2-($I$2-1)*(LOG(H7)/LOG($H$2))),"") -> 33.666667 | J7: =INT(LOG($H$2,2))-ROUNDUP(LOG(H7,2),0)+IF(OR($H$2=1,$H$2=2,$H$2=4,$H$2=8,$H$2=16,$H$2=32,$H$2=64,$H$2=128,$H$2=256),0,1) -> 2 | K7: =J7*$J$2 -> 20 | L7: =2*K2 -> 12 | M7: =IF(I7<>"",K7+I7+L7,0) -> 65.666667
A8: =M8 -> 40.112279 | B8: =IF(H8>$H$2,"",(ROW()-5)) -> 3 | C8: ŻUKOWSKI Wojciech | D8: STOWARZYSZENIE POLSKICH WETERANÓW SZERMIERKI | H8: 3 | I8: =IF(H8<$H$2+1,($I$2-($I$2-1)*(LOG(H8)/LOG($H$2))),"") -> 24.112279 | J8: =INT(LOG($H$2,2))-ROUNDUP(LOG(H8,2),0)+IF(OR($H$2=1,$H$2=2,$H$2=4,$H$2=8,$H$2=16,$H$2=32,$H$2=64,$H$2=128,$H$2=256),0,1) -> 1 | K8: =J8*$J$2 -> 10 | L8: =K2 -> 6 | M8: =IF(I8<>"",K8+I8+L8,0) -> 40.112279
A9: =M9 -> 27.333333 | B9: =IF(H9>$H$2,"",(ROW()-5)) -> 4 | C9: STANIEWICZ Witold | D9: WARTA-MUSZKIETEROWIE POZNAŃ | H9: 4 | I9: =IF(H9<$H$2+1,($I$2-($I$2-1)*(LOG(H9)/LOG($H$2))),"") -> 17.333333 | J9: =INT(LOG($H$2,2))-ROUNDUP(LOG(H9,2),0)+IF(OR($H$2=1,$H$2=2,$H$2=4,$H$2=8,$H$2=16,$H$2=32,$H$2=64,$H$2=128,$H$2=256),0,1) -> 1 | K9: =J9*$J$2 -> 10 | M9: =IF(I9<>"",K9+I9+L9,0) -> 27.333333
A10: =M10 -> 12.075174 | B10: =IF(H10>$H$2,"",(ROW()-5)) -> 5 | C10: WIERZBICKI Jacek | D10: AZS KU POLITECHNIKI OPOLSKIEJ | H10: 5 | I10: =IF(H10<$H$2+1,($I$2-($I$2-1)*(LOG(H10)/LOG($H$2))),"") -> 12.075174 | J10: =INT(LOG($H$2,2))-ROUNDUP(LOG(H10,2),0)+IF(OR($H$2=1,$H$2=2,$H$2=4,$H$2=8,$H$2=16,$H$2=32,$H$2=64,$H$2=128,$H$2=256),0,1) -> 0 | K10: =J10*$J$2 -> 0 | M10: =IF(I10<>"",K10+I10+L10,0) -> 12.075174
A11: =M11 -> 7.7789458 | B11: =IF(H11>$H$2,"",(ROW()-5)) -> 6 | C11: PARDUS Borys | D11: K.S. SZERMIERZ ŁOMIANKI | H11: 6 | I11: =IF(H11<$H$2+1,($I$2-($I$2-1)*(LOG(H11)/LOG($H$2))),"") -> 7.7789458 | J11: =INT(LOG($H$2,2))-ROUNDUP(LOG(H11,2),0)+IF(OR($H$2=1,$H$2=2,$H$2=4,$H$2=8,$H$2=16,$H$2=32,$H$2=64,$H$2=128,$H$2=256),0,1) -> 0 | K11: =J11*$J$2 -> 0 | M11: =IF(I11<>"",K11+I11+L11,0) -> 7.7789458
A12: =M12 -> 4.1465363 | B12: =IF(H12>$H$2,"",(ROW()-5)) -> 7 | C12: HEŁKA Jacek | D12: Tomasz Motyka Team AZS Wratislavia | H12: 7 | I12: =IF(H12<$H$2+1,($I$2-($I$2-1)*(LOG(H12)/LOG($H$2))),"") -> 4.1465363 | J12: =INT(LOG($H$2,2))-ROUNDUP(LOG(H12,2),0)+IF(OR($H$2=1,$H$2=2,$H$2=4,$H$2=8,$H$2=16,$H$2=32,$H$2=64,$H$2=128,$H$2=256),0,1) -> 0 | K12: =J12*$J$2 -> 0 | M12: =IF(I12<>"",K12+I12+L12,0) -> 4.1465363
A13: =M13 -> 1 | B13: =IF(H13>$H$2,"",(ROW()-5)) -> 8 | C13: TOMCZAK Ireneusz | D13: ŚA WARTA ŚREM | H13: 8 | I13: =IF(H13<$H$2+1,($I$2-($I$2-1)*(LOG(H13)/LOG($H$2))),"") -> 1 | J13: =INT(LOG($H$2,2))-ROUNDUP(LOG(H13,2),0)+IF(OR($H$2=1,$H$2=2,$H$2=4,$H$2=8,$H$2=16,$H$2=32,$H$2=64,$H$2=128,$H$2=256),0,1) -> 0 | K13: =J13*$J$2 -> 0 | M13: =IF(I13<>"",K13+I13+L13,0) -> 1
A14: =M14 -> 0 | B14: =IF(H14>$H$2,"",(ROW()-5)) | H14: 9 | I14: =IF(H14<$H$2+1,($I$2-($I$2-1)*(LOG(H14)/LOG($H$2))),"") | J14: =INT(LOG($H$2,2))-ROUNDUP(LOG(H14,2),0)+IF(OR($H$2=1,$H$2=2,$H$2=4,$H$2=8,$H$2=16,$H$2=32,$H$2=64,$H$2=128,$H$2=256),0,1) -> -1 | K14: =J14*$J$2 -> -10 | M14: =IF(I14<>"",K14+I14+L14,0) -> 0
A15: =M15 -> 0 | B15: =IF(H15>$H$2,"",(ROW()-5)) | H15: 10 | I15: =IF(H15<$H$2+1,($I$2-($I$2-1)*(LOG(H15)/LOG($H$2))),"") | J15: =INT(LOG($H$2,2))-ROUNDUP(LOG(H15,2),0)+IF(OR($H$2=1,$H$2=2,$H$2=4,$H$2=8,$H$2=16,$H$2=32,$H$2=64,$H$2=128,$H$2=256),0,1) -> -1 | K15: =J15*$J$2 -> -10 | M15: =IF(I15<>"",K15+I15+L15,0) -> 0
A16: =M16 -> 0 | B16: =IF(H16>$H$2,"",(ROW()-5)) | H16: 11 | I16: =IF(H16<$H$2+1,($I$2-($I$2-1)*(LOG(H16)/LOG($H$2))),"") | J16: =INT(LOG($H$2,2))-ROUNDUP(LOG(H16,2),0)+IF(OR($H$2=1,$H$2=2,$H$2=4,$H$2=8,$H$2=16,$H$2=32,$H$2=64,$H$2=128,$H$2=256),0,1) -> -1 | K16: =J16*$J$2 -> -10 | M16: =IF(I16<>"",K16+I16+L16,0) -> 0
A17: =M17 -> 0 | B17: =IF(H17>$H$2,"",(ROW()-5)) | H17: 12 | I17: =IF(H17<$H$2+1,($I$2-($I$2-1)*(LOG(H17)/LOG($H$2))),"") | J17: =INT(LOG($H$2,2))-ROUNDUP(LOG(H17,2),0)+IF(OR($H$2=1,$H$2=2,$H$2=4,$H$2=8,$H$2=16,$H$2=32,$H$2=64,$H$2=128,$H$2=256),0,1) -> -1 | K17: =J17*$J$2 -> -10 | M17: =IF(I17<>"",K17+I17+L17,0) -> 0
A18: =M18 -> 0 | B18: =IF(H18>$H$2,"",(ROW()-5)) | H18: 13 | I18: =IF(H18<$H$2+1,($I$2-($I$2-1)*(LOG(H18)/LOG($H$2))),"") | J18: =INT(LOG($H$2,2))-ROUNDUP(LOG(H18,2),0)+IF(OR($H$2=1,$H$2=2,$H$2=4,$H$2=8,$H$2=16,$H$2=32,$H$2=64,$H$2=128,$H$2=256),0,1) -> -1 | K18: =J18*$J$2 -> -10 | M18: =IF(I18<>"",K18+I18+L18,0) -> 0
A19: =M19 -> 0 | B19: =IF(H19>$H$2,"",(ROW()-5)) | H19: 14 | I19: =IF(H19<$H$2+1,($I$2-($I$2-1)*(LOG(H19)/LOG($H$2))),"") | J19: =INT(LOG($H$2,2))-ROUNDUP(LOG(H19,2),0)+IF(OR($H$2=1,$H$2=2,$H$2=4,$H$2=8,$H$2=16,$H$2=32,$H$2=64,$H$2=128,$H$2=256),0,1) -> -1 | K19: =J19*$J$2 -> -10 | M19: =IF(I19<>"",K19+I19+L19,0) -> 0
A20: =M20 -> 0 | B20: =IF(H20>$H$2,"",(ROW()-5)) | H20: 15 | I20: =IF(H20<$H$2+1,($I$2-($I$2-1)*(LOG(H20)/LOG($H$2))),"") | J20: =INT(LOG($H$2,2))-ROUNDUP(LOG(H20,2),0)+IF(OR($H$2=1,$H$2=2,$H$2=4,$H$2=8,$H$2=16,$H$2=32,$H$2=64,$H$2=128,$H$2=256),0,1) -> -1 | K20: =J20*$J$2 -> -10 | M20: =IF(I20<>"",K20+I20+L20,0) -> 0
A21: =M21 -> 0 | B21: =IF(H21>$H$2,"",(ROW()-5)) | H21: 16 | I21: =IF(H21<$H$2+1,($I$2-($I$2-1)*(LOG(H21)/LOG($H$2))),"") | J21: =INT(LOG($H$2,2))-ROUNDUP(LOG(H21,2),0)+IF(OR($H$2=1,$H$2=2,$H$2=4,$H$2=8,$H$2=16,$H$2=32,$H$2=64,$H$2=128,$H$2=256),0,1) -> -1 | K21: =J21*$J$2 -> -10 | M21: =IF(I21<>"",K21+I21+L21,0) -> 0
A22: =M22 -> 0 | B22: =IF(H22>$H$2,"",(ROW()-5)) | H22: 17 | I22: =IF(H22<$H$2+1,($I$2-($I$2-1)*(LOG(H22)/LOG($H$2))),"") | J22: =INT(LOG($H$2,2))-ROUNDUP(LOG(H22,2),0)+IF(OR($H$2=1,$H$2=2,$H$2=4,$H$2=8,$H$2=16,$H$2=32,$H$2=64,$H$2=128,$H$2=256),0,1) -> -2 | K22: =J22*$J$2 -> -20 | M22: =IF(I22<>"",K22+I22+L22,0) -> 0
A23: =M23 -> 0 | B23: =IF(H23>$H$2,"",(ROW()-5)) | H23: 18 | I23: =IF(H23<$H$2+1,($I$2-($I$2-1)*(LOG(H23)/LOG($H$2))),"") | J23: =INT(LOG($H$2,2))-ROUNDUP(LOG(H23,2),0)+IF(OR($H$2=1,$H$2=2,$H$2=4,$H$2=8,$H$2=16,$H$2=32,$H$2=64,$H$2=128,$H$2=256),0,1) -> -2 | K23: =J23*$J$2 -> -20 | M23: =IF(I23<>"",K23+I23+L23,0) -> 0
A24: =M24 -> 0 | B24: =IF(H24>$H$2,"",(ROW()-5)) | H24: 19 | I24: =IF(H24<$H$2+1,($I$2-($I$2-1)*(LOG(H24)/LOG($H$2))),"") | J24: =INT(LOG($H$2,2))-ROUNDUP(LOG(H24,2),0)+IF(OR($H$2=1,$H$2=2,$H$2=4,$H$2=8,$H$2=16,$H$2=32,$H$2=64,$H$2=128,$H$2=256),0,1) -> -2 | K24: =J24*$J$2 -> -20 | M24: =IF(I24<>"",K24+I24+L24,0) -> 0
A25: =M25 -> 0 | B25: =IF(H25>$H$2,"",(ROW()-5)) | H25: 20 | I25: =IF(H25<$H$2+1,($I$2-($I$2-1)*(LOG(H25)/LOG($H$2))),"") | J25: =INT(LOG($H$2,2))-ROUNDUP(LOG(H25,2),0)+IF(OR($H$2=1,$H$2=2,$H$2=4,$H$2=8,$H$2=16,$H$2=32,$H$2=64,$H$2=128,$H$2=256),0,1) -> -2 | K25: =J25*$J$2 -> -20 | M25: =IF(I25<>"",K25+I25+L25,0) -> 0
... A269: =M269 -> 0 | B269: =IF(H269>$H$2,"",(ROW()-5)) | H269: 264 | I269: =IF(H269<$H$2+1,($I$2-($I$2-1)*(LOG(H269)/LOG($H$2))),"") | J269: =INT(LOG($H$2,2))-ROUNDUP(LOG(H269,2),0)+IF(OR($H$2=1,$H$2=2,$H$2=4,$H$2=8,$H$2=16,$H$2=32,$H$2=64,$H$2=128,$H$2=256),0,1) -> -6 | K269: =J269*$J$2 -> -60 | M269: =IF(I269<>"",K269+I269+L269,0) -> 0
H270: 265 | I270: =IF(H270<$H$2+1,($I$2-($I$2-1)*(LOG(H270)/LOG($H$2))),"") | J270: =INT(LOG($H$2,2))-ROUNDUP(LOG(H270,2),0)+IF(OR($H$2=1,$H$2=2,$H$2=4,$H$2=8,$H$2=16,$H$2=32,$H$2=64,$H$2=128,$H$2=256),0,1) -> -6 | K270: =J270*$J$2 -> -60 | M270: =IF(I270<>"",K270+I270+L270,0) -> 0
H271: 266 | I271: =IF(H271<$H$2+1,($I$2-($I$2-1)*(LOG(H271)/LOG($H$2))),"") | J271: =INT(LOG($H$2,2))-ROUNDUP(LOG(H271,2),0)+IF(OR($H$2=1,$H$2=2,$H$2=4,$H$2=8,$H$2=16,$H$2=32,$H$2=64,$H$2=128,$H$2=256),0,1) -> -6 | K271: =J271*$J$2 -> -60 | M271: =IF(I271<>"",K271+I271+L271,0) -> 0
H272: 267 | I272: =IF(H272<$H$2+1,($I$2-($I$2-1)*(LOG(H272)/LOG($H$2))),"") | J272: =INT(LOG($H$2,2))-ROUNDUP(LOG(H272,2),0)+IF(OR($H$2=1,$H$2=2,$H$2=4,$H$2=8,$H$2=16,$H$2=32,$H$2=64,$H$2=128,$H$2=256),0,1) -> -6 | K272: =J272*$J$2 -> -60 | M272: =IF(I272<>"",K272+I272+L272,0) -> 0
H273: 268 | I273: =IF(H273<$H$2+1,($I$2-($I$2-1)*(LOG(H273)/LOG($H$2))),"") | J273: =INT(LOG($H$2,2))-ROUNDUP(LOG(H273,2),0)+IF(OR($H$2=1,$H$2=2,$H$2=4,$H$2=8,$H$2=16,$H$2=32,$H$2=64,$H$2=128,$H$2=256),0,1) -> -6 | K273: =J273*$J$2 -> -60 | M273: =IF(I273<>"",K273+I273+L273,0) -> 0
H274: 269 | I274: =IF(H274<$H$2+1,($I$2-($I$2-1)*(LOG(H274)/LOG($H$2))),"") | J274: =INT(LOG($H$2,2))-ROUNDUP(LOG(H274,2),0)+IF(OR($H$2=1,$H$2=2,$H$2=4,$H$2=8,$H$2=16,$H$2=32,$H$2=64,$H$2=128,$H$2=256),0,1) -> -6 | K274: =J274*$J$2 -> -60 | M274: =IF(I274<>"",K274+I274+L274,0) -> 0
H275: 270 | I275: =IF(H275<$H$2+1,($I$2-($I$2-1)*(LOG(H275)/LOG($H$2))),"") | J275: =INT(LOG($H$2,2))-ROUNDUP(LOG(H275,2),0)+IF(OR($H$2=1,$H$2=2,$H$2=4,$H$2=8,$H$2=16,$H$2=32,$H$2=64,$H$2=128,$H$2=256),0,1) -> -6 | K275: =J275*$J$2 -> -60 | M275: =IF(I275<>"",K275+I275+L275,0) -> 0
H276: 271 | I276: =IF(H276<$H$2+1,($I$2-($I$2-1)*(LOG(H276)/LOG($H$2))),"") | J276: =INT(LOG($H$2,2))-ROUNDUP(LOG(H276,2),0)+IF(OR($H$2=1,$H$2=2,$H$2=4,$H$2=8,$H$2=16,$H$2=32,$H$2=64,$H$2=128,$H$2=256),0,1) -> -6 | K276: =J276*$J$2 -> -60 | M276: =IF(I276<>"",K276+I276+L276,0) -> 0
H277: 272 | I277: =IF(H277<$H$2+1,($I$2-($I$2-1)*(LOG(H277)/LOG($H$2))),"") | J277: =INT(LOG($H$2,2))-ROUNDUP(LOG(H277,2),0)+IF(OR($H$2=1,$H$2=2,$H$2=4,$H$2=8,$H$2=16,$H$2=32,$H$2=64,$H$2=128,$H$2=256),0,1) -> -6 | K277: =J277*$J$2 -> -60 | M277: =IF(I277<>"",K277+I277+L277,0) -> 0
H278: 273 | I278: =IF(H278<$H$2+1,($I$2-($I$2-1)*(LOG(H278)/LOG($H$2))),"") | J278: =INT(LOG($H$2,2))-ROUNDUP(LOG(H278,2),0)+IF(OR($H$2=1,$H$2=2,$H$2=4,$H$2=8,$H$2=16,$H$2=32,$H$2=64,$H$2=128,$H$2=256),0,1) -> -6 | K278: =J278*$J$2 -> -60 | M278: =IF(I278<>"",K278+I278+L278,0) -> 0
H279: 274 | I279: =IF(H279<$H$2+1,($I$2-($I$2-1)*(LOG(H279)/LOG($H$2))),"") | J279: =INT(LOG($H$2,2))-ROUNDUP(LOG(H279,2),0)+IF(OR($H$2=1,$H$2=2,$H$2=4,$H$2=8,$H$2=16,$H$2=32,$H$2=64,$H$2=128,$H$2=256),0,1) -> -6 | K279: =J279*$J$2 -> -60 | M279: =IF(I279<>"",K279+I279+L279,0) -> 0
H280: 275 | I280: =IF(H280<$H$2+1,($I$2-($I$2-1)*(LOG(H280)/LOG($H$2))),"") | J280: =INT(LOG($H$2,2))-ROUNDUP(LOG(H280,2),0)+IF(OR($H$2=1,$H$2=2,$H$2=4,$H$2=8,$H$2=16,$H$2=32,$H$2=64,$H$2=128,$H$2=256),0,1) -> -6 | K280: =J280*$J$2 -> -60 | M280: =IF(I280<>"",K280+I280+L280,0) -> 0
H281: 276 | I281: =IF(H281<$H$2+1,($I$2-($I$2-1)*(LOG(H281)/LOG($H$2))),"") | J281: =INT(LOG($H$2,2))-ROUNDUP(LOG(H281,2),0)+IF(OR($H$2=1,$H$2=2,$H$2=4,$H$2=8,$H$2=16,$H$2=32,$H$2=64,$H$2=128,$H$2=256),0,1) -> -6 | K281: =J281*$J$2 -> -60 | M281: =IF(I281<>"",K281+I281+L281,0) -> 0
... H305: 300 | I305: =IF(H305<$H$2+1,($I$2-($I$2-1)*(LOG(H305)/LOG($H$2))),"") | J305: =INT(LOG($H$2,2))-ROUNDUP(LOG(H305,2),0)+IF(OR($H$2=1,$H$2=2,$H$2=4,$H$2=8,$H$2=16,$H$2=32,$H$2=64,$H$2=128,$H$2=256),0,1) -> -6 | K305: =J305*$J$2 -> -60 | M305: =IF(I305<>"",K305+I305+L305,0) -> 0
J306: =INT(LOG($H$2,2))-ROUNDUP(LOG(H306,2),0)+IF(OR($H$2=1,$H$2=2,$H$2=4,$H$2=8,$H$2=16,$H$2=32,$H$2=64,$H$2=128,$H$2=256),0,1) -> #NUM!
J307: =INT(LOG($H$2,2))-ROUNDUP(LOG(H307,2),0)+IF(OR($H$2=1,$H$2=2,$H$2=4,$H$2=8,$H$2=16,$H$2=32,$H$2=64,$H$2=128,$H$2=256),0,1) -> #NUM!
J308: =INT(LOG($H$2,2))-ROUNDUP(LOG(H308,2),0)+IF(OR($H$2=1,$H$2=2,$H$2=4,$H$2=8,$H$2=16,$H$2=32,$H$2=64,$H$2=128,$H$2=256),0,1) -> #NUM!
J309: =INT(LOG($H$2,2))-ROUNDUP(LOG(H309,2),0)+IF(OR($H$2=1,$H$2=2,$H$2=4,$H$2=8,$H$2=16,$H$2=32,$H$2=64,$H$2=128,$H$2=256),0,1) -> #NUM!
J310: =INT(LOG($H$2,2))-ROUNDUP(LOG(H310,2),0)+IF(OR($H$2=1,$H$2=2,$H$2=4,$H$2=8,$H$2=16,$H$2=32,$H$2=64,$H$2=128,$H$2=256),0,1) -> #NUM!
J311: =INT(LOG($H$2,2))-ROUNDUP(LOG(H311,2),0)+IF(OR($H$2=1,$H$2=2,$H$2=4,$H$2=8,$H$2=16,$H$2=32,$H$2=64,$H$2=128,$H$2=256),0,1) -> #NUM!
J312: =INT(LOG($H$2,2))-ROUNDUP(LOG(H312,2),0)+IF(OR($H$2=1,$H$2=2,$H$2=4,$H$2=8,$H$2=16,$H$2=32,$H$2=64,$H$2=128,$H$2=256),0,1) -> #NUM!
J313: =INT(LOG($H$2,2))-ROUNDUP(LOG(H313,2),0)+IF(OR($H$2=1,$H$2=2,$H$2=4,$H$2=8,$H$2=16,$H$2=32,$H$2=64,$H$2=128,$H$2=256),0,1) -> #NUM!
J314: =INT(LOG($H$2,2))-ROUNDUP(LOG(H314,2),0)+IF(OR($H$2=1,$H$2=2,$H$2=4,$H$2=8,$H$2=16,$H$2=32,$H$2=64,$H$2=128,$H$2=256),0,1) -> #NUM!
J315: =INT(LOG($H$2,2))-ROUNDUP(LOG(H315,2),0)+IF(OR($H$2=1,$H$2=2,$H$2=4,$H$2=8,$H$2=16,$H$2=32,$H$2=64,$H$2=128,$H$2=256),0,1) -> #NUM!
J316: =INT(LOG($H$2,2))-ROUNDUP(LOG(H316,2),0)+IF(OR($H$2=1,$H$2=2,$H$2=4,$H$2=8,$H$2=16,$H$2=32,$H$2=64,$H$2=128,$H$2=256),0,1) -> #NUM!
J317: =INT(LOG($H$2,2))-ROUNDUP(LOG(H317,2),0)+IF(OR($H$2=1,$H$2=2,$H$2=4,$H$2=8,$H$2=16,$H$2=32,$H$2=64,$H$2=128,$H$2=256),0,1) -> #NUM!
... J373: =INT(LOG($H$2,2))-ROUNDUP(LOG(H373,2),0)+IF(OR($H$2=1,$H$2=2,$H$2=4,$H$2=8,$H$2=16,$H$2=32,$H$2=64,$H$2=128,$H$2=256),0,1) -> #NUM!

Sheet PP3
B1: miejsce: | C1: Warsaw Epee Open | H1: Liczba uczestników: | I1: GP Punkty | J1: Bonus za rundę | K1: Mnożnik za podium
A2: LINK | B2: turniej: | C2: Szpada Mężczyzn kat. 2 | H2: 19 | I2: 50 | J2: 10 | K2: =3*H2^(1/3) -> 8.0052049
A3: b | B3: data: | C3: Saturday, December 13, 2025 5:00 PM
C4: https://www.fencingtimelive.com/events/results/download/2034F718AC554C8D89A639B0EC0984DD
A5: Punkty | B5: Miejsce Place | C5: Nazwisko Imię Name | D5: Klub Club(s) | E5: Okręg Division | F5: Państwo Country | H5: Miejsce | I5: Punkty za miejsce | J5: liczba wygranych walk pucharowych | K5: bonus z rundy pucharowej | L5: punkty za podium | M5: Suma
A6: =M6 -> 124.01561 | B6: =IF(H6>$H$2,"",(ROW()-5)) -> 1 | C6: ATANASSOW Aleksander | D6: KS AGH Kraków | F6: POL | H6: 1 | I6: =IF(H2=1,50,IF(H6<$H$2+1,($I$2-($I$2-1)*(LOG(H6)/LOG($H$2))),"")) -> 50 | J6: =INT(LOG($H$2,2))-ROUNDUP(LOG(H6,2),0)+IF(OR($H$2=1,$H$2=2,$H$2=4,$H$2=8,$H$2=16,$H$2=32,$H$2=64,$H$2=128,$H$2=256),0,1) -> 5 | K6: =J6*$J$2 -> 50 | L6: =3*K2 -> 24.015615 | M6: =IF(I6<>"",K6+I6+L6,0) -> 124.01561
A7: =M7 -> 94.475373 | B7: =IF(H7>$H$2,"",(ROW()-5)) -> 2 | C7: JENDRYŚ Marek | D7: PIAST GLIWICE | F7: POL | H7: 2 | I7: =IF(H7<$H$2+1,($I$2-($I$2-1)*(LOG(H7)/LOG($H$2))),"") -> 38.464963 | J7: =INT(LOG($H$2,2))-ROUNDUP(LOG(H7,2),0)+IF(OR($H$2=1,$H$2=2,$H$2=4,$H$2=8,$H$2=16,$H$2=32,$H$2=64,$H$2=128,$H$2=256),0,1) -> 4 | K7: =J7*$J$2 -> 40 | L7: =2*K2 -> 16.01041 | M7: =IF(I7<>"",K7+I7+L7,0) -> 94.475373
A8: =M8 -> 69.722604 | B8: =IF(H8>$H$2,"",(ROW()-5)) -> 3 | C8: KORONA Przemysław | D8: AZS AWF WARSZAWA | F8: POL | H8: 3 | I8: =IF(H8<$H$2+1,($I$2-($I$2-1)*(LOG(H8)/LOG($H$2))),"") -> 31.717399 | J8: =INT(LOG($H$2,2))-ROUNDUP(LOG(H8,2),0)+IF(OR($H$2=1,$H$2=2,$H$2=4,$H$2=8,$H$2=16,$H$2=32,$H$2=64,$H$2=128,$H$2=256),0,1) -> 3 | K8: =J8*$J$2 -> 30 | L8: =K2 -> 8.0052049 | M8: =IF(I8<>"",K8+I8+L8,0) -> 69.722604
A9: =M9 -> 56.929926 | B9: =IF(H9>$H$2,"",(ROW()-5)) -> 4 | C9: LEAHEY John | D9: Malvern Hills | F9: GBR | H9: 4 | I9: =IF(H9<$H$2+1,($I$2-($I$2-1)*(LOG(H9)/LOG($H$2))),"") -> 26.929926 | J9: =INT(LOG($H$2,2))-ROUNDUP(LOG(H9,2),0)+IF(OR($H$2=1,$H$2=2,$H$2=4,$H$2=8,$H$2=16,$H$2=32,$H$2=64,$H$2=128,$H$2=256),0,1) -> 3 | K9: =J9*$J$2 -> 30 | M9: =IF(I9<>"",K9+I9+L9,0) -> 56.929926
A10: =M10 -> 43.216474 | B10: =IF(H10>$H$2,"",(ROW()-5)) -> 5 | C10: ZIELIŃSKI Dariusz | D10: ST. POLSKICH WETERANÓW SZERMIERKI | F10: POL | H10: 5 | I10: =IF(H10<$H$2+1,($I$2-($I$2-1)*(LOG(H10)/LOG($H$2))),"") -> 23.216474 | J10: =INT(LOG($H$2,2))-ROUNDUP(LOG(H10,2),0)+IF(OR($H$2=1,$H$2=2,$H$2=4,$H$2=8,$H$2=16,$H$2=32,$H$2=64,$H$2=128,$H$2=256),0,1) -> 2 | K10: =J10*$J$2 -> 20 | M10: =IF(I10<>"",K10+I10+L10,0) -> 43.216474
A11: =M11 -> 40.182363 | B11: =IF(H11>$H$2,"",(ROW()-5)) -> 6 | C11: JASZCZAK Piotr | D11: K.S. SZERMIERZ ŁOMIANKI | F11: POL | H11: 6 | I11: =IF(H11<$H$2+1,($I$2-($I$2-1)*(LOG(H11)/LOG($H$2))),"") -> 20.182363 | J11: =INT(LOG($H$2,2))-ROUNDUP(LOG(H11,2),0)+IF(OR($H$2=1,$H$2=2,$H$2=4,$H$2=8,$H$2=16,$H$2=32,$H$2=64,$H$2=128,$H$2=256),0,1) -> 2 | K11: =J11*$J$2 -> 20 | M11: =IF(I11<>"",K11+I11+L11,0) -> 40.182363
A12: =M12 -> 37.617058 | B12: =IF(H12>$H$2,"",(ROW()-5)) -> 7 | C12: OLSZEWSKI Mikołaj | D12: KSz WARSZAWIANKA | F12: POL | H12: 7 | I12: =IF(H12<$H$2+1,($I$2-($I$2-1)*(LOG(H12)/LOG($H$2))),"") -> 17.617058 | J12: =INT(LOG($H$2,2))-ROUNDUP(LOG(H12,2),0)+IF(OR($H$2=1,$H$2=2,$H$2=4,$H$2=8,$H$2=16,$H$2=32,$H$2=64,$H$2=128,$H$2=256),0,1) -> 2 | K12: =J12*$J$2 -> 20 | M12: =IF(I12<>"",K12+I12+L12,0) -> 37.617058
A13: =M13 -> 35.39489 | B13: =IF(H13>$H$2,"",(ROW()-5)) -> 8 | C13: PILUTKIEWICZ Igor | D13: KSz WARSZAWIANKA | F13: POL | H13: 8 | I13: =IF(H13<$H$2+1,($I$2-($I$2-1)*(LOG(H13)/LOG($H$2))),"") -> 15.39489 | J13: =INT(LOG($H$2,2))-ROUNDUP(LOG(H13,2),0)+IF(OR($H$2=1,$H$2=2,$H$2=4,$H$2=8,$H$2=16,$H$2=32,$H$2=64,$H$2=128,$H$2=256),0,1) -> 2 | K13: =J13*$J$2 -> 20 | M13: =IF(I13<>"",K13+I13+L13,0) -> 35.39489
A14: =M14 -> 23.434799 | B14: =IF(H14>$H$2,"",(ROW()-5)) -> 9 | C14: DROBIŃSKI Leszek | D14: WARTA-MUSZKIETEROWIE POZNAŃ | F14: POL | H14: 9 | I14: =IF(H14<$H$2+1,($I$2-($I$2-1)*(LOG(H14)/LOG($H$2))),"") -> 13.434799 | J14: =INT(LOG($H$2,2))-ROUNDUP(LOG(H14,2),0)+IF(OR($H$2=1,$H$2=2,$H$2=4,$H$2=8,$H$2=16,$H$2=32,$H$2=64,$H$2=128,$H$2=256),0,1) -> 1 | K14: =J14*$J$2 -> 10 | M14: =IF(I14<>"",K14+I14+L14,0) -> 23.434799
A15: =M15 -> 21.681437 | B15: =IF(H15>$H$2,"",(ROW()-5)) -> 10 | C15: ŻUKOWSKI Wojciech | D15: Szczecińska Szkoła Szermiecza | F15: POL | H15: 10 | I15: =IF(H15<$H$2+1,($I$2-($I$2-1)*(LOG(H15)/LOG($H$2))),"") -> 11.681437 | J15: =INT(LOG($H$2,2))-ROUNDUP(LOG(H15,2),0)+IF(OR($H$2=1,$H$2=2,$H$2=4,$H$2=8,$H$2=16,$H$2=32,$H$2=64,$H$2=128,$H$2=256),0,1) -> 1 | K15: =J15*$J$2 -> 10 | M15: =IF(I15<>"",K15+I15+L15,0) -> 21.681437
A16: =M16 -> 20.095329 | B16: =IF(H16>$H$2,"",(ROW()-5)) -> 11 | C16: GERTSMAN Alex | D16: Maccabi Harish Fencing Club | F16: ISR | H16: 11 | I16: =IF(H16<$H$2+1,($I$2-($I$2-1)*(LOG(H16)/LOG($H$2))),"") -> 10.095329 | J16: =INT(LOG($H$2,2))-ROUNDUP(LOG(H16,2),0)+IF(OR($H$2=1,$H$2=2,$H$2=4,$H$2=8,$H$2=16,$H$2=32,$H$2=64,$H$2=128,$H$2=256),0,1) -> 1 | K16: =J16*$J$2 -> 10 | M16: =IF(I16<>"",K16+I16+L16,0) -> 20.095329
A17: =M17 -> 18.647326 | B17: =IF(H17>$H$2,"",(ROW()-5)) -> 12 | C17: SKOCZEK Artur | D17: NAUKA SZERMIERKI | F17: POL | H17: 12 | I17: =IF(H17<$H$2+1,($I$2-($I$2-1)*(LOG(H17)/LOG($H$2))),"") -> 8.6473258 | J17: =INT(LOG($H$2,2))-ROUNDUP(LOG(H17,2),0)+IF(OR($H$2=1,$H$2=2,$H$2=4,$H$2=8,$H$2=16,$H$2=32,$H$2=64,$H$2=128,$H$2=256),0,1) -> 1 | K17: =J17*$J$2 -> 10 | M17: =IF(I17<>"",K17+I17+L17,0) -> 18.647326
A18: =M18 -> 17.315292 | B18: =IF(H18>$H$2,"",(ROW()-5)) -> 13 | C18: ODOLAK Jarosław | D18: AKADEMIA SZERMIERKI W-WA | F18: POL | H18: 13 | I18: =IF(H18<$H$2+1,($I$2-($I$2-1)*(LOG(H18)/LOG($H$2))),"") -> 7.3152918 | J18: =INT(LOG($H$2,2))-ROUNDUP(LOG(H18,2),0)+IF(OR($H$2=1,$H$2=2,$H$2=4,$H$2=8,$H$2=16,$H$2=32,$H$2=64,$H$2=128,$H$2=256),0,1) -> 1 | K18: =J18*$J$2 -> 10 | M18: =IF(I18<>"",K18+I18+L18,0) -> 17.315292
A19: =M19 -> 16.082021 | B19: =IF(H19>$H$2,"",(ROW()-5)) -> 14 | C19: TOMCZAK Ireneusz | D19: Śremska Akademia Szermierki | F19: POL | H19: 14 | I19: =IF(H19<$H$2+1,($I$2-($I$2-1)*(LOG(H19)/LOG($H$2))),"") -> 6.082021 | J19: =INT(LOG($H$2,2))-ROUNDUP(LOG(H19,2),0)+IF(OR($H$2=1,$H$2=2,$H$2=4,$H$2=8,$H$2=16,$H$2=32,$H$2=64,$H$2=128,$H$2=256),0,1) -> 1 | K19: =J19*$J$2 -> 10 | M19: =IF(I19<>"",K19+I19+L19,0) -> 16.082021
A20: =M20 -> 14.933873 | B20: =IF(H20>$H$2,"",(ROW()-5)) -> 15 | C20: SERWATKA Marek | D20: MKS ZORZA ŁOMŻA | F20: POL | H20: 15 | I20: =IF(H20<$H$2+1,($I$2-($I$2-1)*(LOG(H20)/LOG($H$2))),"") -> 4.9338734 | J20: =INT(LOG($H$2,2))-ROUNDUP(LOG(H20,2),0)+IF(OR($H$2=1,$H$2=2,$H$2=4,$H$2=8,$H$2=16,$H$2=32,$H$2=64,$H$2=128,$H$2=256),0,1) -> 1 | K20: =J20*$J$2 -> 10 | M20: =IF(I20<>"",K20+I20+L20,0) -> 14.933873
... A24: =M24 -> 1 | B24: =IF(H24>$H$2,"",(ROW()-5)) -> 19 | C24: GOLD Oleg | D24: Maccabi Harish Fencing Club | F24: ISR | H24: 19 | I24: =IF(H24<$H$2+1,($I$2-($I$2-1)*(LOG(H24)/LOG($H$2))),"") -> 1 | J24: =INT(LOG($H$2,2))-ROUNDUP(LOG(H24,2),0)+IF(OR($H$2=1,$H$2=2,$H$2=4,$H$2=8,$H$2=16,$H$2=32,$H$2=64,$H$2=128,$H$2=256),0,1) -> 0 | K24: =J24*$J$2 -> 0 | M24: =IF(I24<>"",K24+I24+L24,0) -> 1
A25: =M25 -> 0 | B25: =IF(H25>$H$2,"",(ROW()-5)) | H25: 20 | I25: =IF(H25<$H$2+1,($I$2-($I$2-1)*(LOG(H25)/LOG($H$2))),"") | J25: =INT(LOG($H$2,2))-ROUNDUP(LOG(H25,2),0)+IF(OR($H$2=1,$H$2=2,$H$2=4,$H$2=8,$H$2=16,$H$2=32,$H$2=64,$H$2=128,$H$2=256),0,1) -> 0 | K25: =J25*$J$2 -> 0 | M25: =IF(I25<>"",K25+I25+L25,0) -> 0
A26: =M26 -> 0 | B26: =IF(H26>$H$2,"",(ROW()-5)) | H26: 21 | I26: =IF(H26<$H$2+1,($I$2-($I$2-1)*(LOG(H26)/LOG($H$2))),"") | J26: =INT(LOG($H$2,2))-ROUNDUP(LOG(H26,2),0)+IF(OR($H$2=1,$H$2=2,$H$2=4,$H$2=8,$H$2=16,$H$2=32,$H$2=64,$H$2=128,$H$2=256),0,1) -> 0 | K26: =J26*$J$2 -> 0 | M26: =IF(I26<>"",K26+I26+L26,0) -> 0
A27: =M27 -> 0 | B27: =IF(H27>$H$2,"",(ROW()-5)) | H27: 22 | I27: =IF(H27<$H$2+1,($I$2-($I$2-1)*(LOG(H27)/LOG($H$2))),"") | J27: =INT(LOG($H$2,2))-ROUNDUP(LOG(H27,2),0)+IF(OR($H$2=1,$H$2=2,$H$2=4,$H$2=8,$H$2=16,$H$2=32,$H$2=64,$H$2=128,$H$2=256),0,1) -> 0 | K27: =J27*$J$2 -> 0 | M27: =IF(I27<>"",K27+I27+L27,0) -> 0
A28: =M28 -> 0 | B28: =IF(H28>$H$2,"",(ROW()-5)) | H28: 23 | I28: =IF(H28<$H$2+1,($I$2-($I$2-1)*(LOG(H28)/LOG($H$2))),"") | J28: =INT(LOG($H$2,2))-ROUNDUP(LOG(H28,2),0)+IF(OR($H$2=1,$H$2=2,$H$2=4,$H$2=8,$H$2=16,$H$2=32,$H$2=64,$H$2=128,$H$2=256),0,1) -> 0 | K28: =J28*$J$2 -> 0 | M28: =IF(I28<>"",K28+I28+L28,0) -> 0
A29: =M29 -> 0 | B29: =IF(H29>$H$2,"",(ROW()-5)) | H29: 24 | I29: =IF(H29<$H$2+1,($I$2-($I$2-1)*(LOG(H29)/LOG($H$2))),"") | J29: =INT(LOG($H$2,2))-ROUNDUP(LOG(H29,2),0)+IF(OR($H$2=1,$H$2=2,$H$2=4,$H$2=8,$H$2=16,$H$2=32,$H$2=64,$H$2=128,$H$2=256),0,1) -> 0 | K29: =J29*$J$2 -> 0 | M29: =IF(I29<>"",K29+I29+L29,0) -> 0
A30: =M30 -> 0 | B30: =IF(H30>$H$2,"",(ROW()-5)) | H30: 25 | I30: =IF(H30<$H$2+1,($I$2-($I$2-1)*(LOG(H30)/LOG($H$2))),"") | J30: =INT(LOG($H$2,2))-ROUNDUP(LOG(H30,2),0)+IF(OR($H$2=1,$H$2=2,$H$2=4,$H$2=8,$H$2=16,$H$2=32,$H$2=64,$H$2=128,$H$2=256),0,1) -> 0 | K30: =J30*$J$2 -> 0 | M30: =IF(I30<>"",K30+I30+L30,0) -> 0
A31: =M31 -> 0 | B31: =IF(H31>$H$2,"",(ROW()-5)) | H31: 26 | I31: =IF(H31<$H$2+1,($I$2-($I$2-1)*(LOG(H31)/LOG($H$2))),"") | J31: =INT(LOG($H$2,2))-ROUNDUP(LOG(H31,2),0)+IF(OR($H$2=1,$H$2=2,$H$2=4,$H$2=8,$H$2=16,$H$2=32,$H$2=64,$H$2=128,$H$2=256),0,1) -> 0 | K31: =J31*$J$2 -> 0 | M31: =IF(I31<>"",K31+I31+L31,0) -> 0
A32: =M32 -> 0 | B32: =IF(H32>$H$2,"",(ROW()-5)) | H32: 27 | I32: =IF(H32<$H$2+1,($I$2-($I$2-1)*(LOG(H32)/LOG($H$2))),"") | J32: =INT(LOG($H$2,2))-ROUNDUP(LOG(H32,2),0)+IF(OR($H$2=1,$H$2=2,$H$2=4,$H$2=8,$H$2=16,$H$2=32,$H$2=64,$H$2=128,$H$2=256),0,1) -> 0 | K32: =J32*$J$2 -> 0 | M32: =IF(I32<>"",K32+I32+L32,0) -> 0
A33: =M33 -> 0 | B33: =IF(H33>$H$2,"",(ROW()-5)) | H33: 28 | I33: =IF(H33<$H$2+1,($I$2-($I$2-1)*(LOG(H33)/LOG($H$2))),"") | J33: =INT(LOG($H$2,2))-ROUNDUP(LOG(H33,2),0)+IF(OR($H$2=1,$H$2=2,$H$2=4,$H$2=8,$H$2=16,$H$2=32,$H$2=64,$H$2=128,$H$2=256),0,1) -> 0 | K33: =J33*$J$2 -> 0 | M33: =IF(I33<>"",K33+I33+L33,0) -> 0
A34: =M34 -> 0 | B34: =IF(H34>$H$2,"",(ROW()-5)) | H34: 29 | I34: =IF(H34<$H$2+1,($I$2-($I$2-1)*(LOG(H34)/LOG($H$2))),"") | J34: =INT(LOG($H$2,2))-ROUNDUP(LOG(H34,2),0)+IF(OR($H$2=1,$H$2=2,$H$2=4,$H$2=8,$H$2=16,$H$2=32,$H$2=64,$H$2=128,$H$2=256),0,1) -> 0 | K34: =J34*$J$2 -> 0 | M34: =IF(I34<>"",K34+I34+L34,0) -> 0
A35: =M35 -> 0 | B35: =IF(H35>$H$2,"",(ROW()-5)) | H35: 30 | I35: =IF(H35<$H$2+1,($I$2-($I$2-1)*(LOG(H35)/LOG($H$2))),"") | J35: =INT(LOG($H$2,2))-ROUNDUP(LOG(H35,2),0)+IF(OR($H$2=1,$H$2=2,$H$2=4,$H$2=8,$H$2=16,$H$2=32,$H$2=64,$H$2=128,$H$2=256),0,1) -> 0 | K35: =J35*$J$2 -> 0 | M35: =IF(I35<>"",K35+I35+L35,0) -> 0
A36: =M36 -> 0 | B36: =IF(H36>$H$2,"",(ROW()-5)) | H36: 31 | I36: =IF(H36<$H$2+1,($I$2-($I$2-1)*(LOG(H36)/LOG($H$2))),"") | J36: =INT(LOG($H$2,2))-ROUNDUP(LOG(H36,2),0)+IF(OR($H$2=1,$H$2=2,$H$2=4,$H$2=8,$H$2=16,$H$2=32,$H$2=64,$H$2=128,$H$2=256),0,1) -> 0 | K36: =J36*$J$2 -> 0 | M36: =IF(I36<>"",K36+I36+L36,0) -> 0
... A269: =M269 -> 0 | B269: =IF(H269>$H$2,"",(ROW()-5)) | H269: 264 | I269: =IF(H269<$H$2+1,($I$2-($I$2-1)*(LOG(H269)/LOG($H$2))),"") | J269: =INT(LOG($H$2,2))-ROUNDUP(LOG(H269,2),0)+IF(OR($H$2=1,$H$2=2,$H$2=4,$H$2=8,$H$2=16,$H$2=32,$H$2=64,$H$2=128,$H$2=256),0,1) -> -4 | K269: =J269*$J$2 -> -40 | M269: =IF(I269<>"",K269+I269+L269,0) -> 0
H270: 265 | I270: =IF(H270<$H$2+1,($I$2-($I$2-1)*(LOG(H270)/LOG($H$2))),"") | J270: =INT(LOG($H$2,2))-ROUNDUP(LOG(H270,2),0)+IF(OR($H$2=1,$H$2=2,$H$2=4,$H$2=8,$H$2=16,$H$2=32,$H$2=64,$H$2=128,$H$2=256),0,1) -> -4 | K270: =J270*$J$2 -> -40 | M270: =IF(I270<>"",K270+I270+L270,0) -> 0
H271: 266 | I271: =IF(H271<$H$2+1,($I$2-($I$2-1)*(LOG(H271)/LOG($H$2))),"") | J271: =INT(LOG($H$2,2))-ROUNDUP(LOG(H271,2),0)+IF(OR($H$2=1,$H$2=2,$H$2=4,$H$2=8,$H$2=16,$H$2=32,$H$2=64,$H$2=128,$H$2=256),0,1) -> -4 | K271: =J271*$J$2 -> -40 | M271: =IF(I271<>"",K271+I271+L271,0) -> 0
H272: 267 | I272: =IF(H272<$H$2+1,($I$2-($I$2-1)*(LOG(H272)/LOG($H$2))),"") | J272: =INT(LOG($H$2,2))-ROUNDUP(LOG(H272,2),0)+IF(OR($H$2=1,$H$2=2,$H$2=4,$H$2=8,$H$2=16,$H$2=32,$H$2=64,$H$2=128,$H$2=256),0,1) -> -4 | K272: =J272*$J$2 -> -40 | M272: =IF(I272<>"",K272+I272+L272,0) -> 0
H273: 268 | I273: =IF(H273<$H$2+1,($I$2-($I$2-1)*(LOG(H273)/LOG($H$2))),"") | J273: =INT(LOG($H$2,2))-ROUNDUP(LOG(H273,2),0)+IF(OR($H$2=1,$H$2=2,$H$2=4,$H$2=8,$H$2=16,$H$2=32,$H$2=64,$H$2=128,$H$2=256),0,1) -> -4 | K273: =J273*$J$2 -> -40 | M273: =IF(I273<>"",K273+I273+L273,0) -> 0
H274: 269 | I274: =IF(H274<$H$2+1,($I$2-($I$2-1)*(LOG(H274)/LOG($H$2))),"") | J274: =INT(LOG($H$2,2))-ROUNDUP(LOG(H274,2),0)+IF(OR($H$2=1,$H$2=2,$H$2=4,$H$2=8,$H$2=16,$H$2=32,$H$2=64,$H$2=128,$H$2=256),0,1) -> -4 | K274: =J274*$J$2 -> -40 | M274: =IF(I274<>"",K274+I274+L274,0) -> 0
H275: 270 | I275: =IF(H275<$H$2+1,($I$2-($I$2-1)*(LOG(H275)/LOG($H$2))),"") | J275: =INT(LOG($H$2,2))-ROUNDUP(LOG(H275,2),0)+IF(OR($H$2=1,$H$2=2,$H$2=4,$H$2=8,$H$2=16,$H$2=32,$H$2=64,$H$2=128,$H$2=256),0,1) -> -4 | K275: =J275*$J$2 -> -40 | M275: =IF(I275<>"",K275+I275+L275,0) -> 0
H276: 271 | I276: =IF(H276<$H$2+1,($I$2-($I$2-1)*(LOG(H276)/LOG($H$2))),"") | J276: =INT(LOG($H$2,2))-ROUNDUP(LOG(H276,2),0)+IF(OR($H$2=1,$H$2=2,$H$2=4,$H$2=8,$H$2=16,$H$2=32,$H$2=64,$H$2=128,$H$2=256),0,1) -> -4 | K276: =J276*$J$2 -> -40 | M276: =IF(I276<>"",K276+I276+L276,0) -> 0
H277: 272 | I277: =IF(H277<$H$2+1,($I$2-($I$2-1)*(LOG(H277)/LOG($H$2))),"") | J277: =INT(LOG($H$2,2))-ROUNDUP(LOG(H277,2),0)+IF(OR($H$2=1,$H$2=2,$H$2=4,$H$2=8,$H$2=16,$H$2=32,$H$2=64,$H$2=128,$H$2=256),0,1) -> -4 | K277: =J277*$J$2 -> -40 | M277: =IF(I277<>"",K277+I277+L277,0) -> 0
H278: 273 | I278: =IF(H278<$H$2+1,($I$2-($I$2-1)*(LOG(H278)/LOG($H$2))),"") | J278: =INT(LOG($H$2,2))-ROUNDUP(LOG(H278,2),0)+IF(OR($H$2=1,$H$2=2,$H$2=4,$H$2=8,$H$2=16,$H$2=32,$H$2=64,$H$2=128,$H$2=256),0,1) -> -4 | K278: =J278*$J$2 -> -40 | M278: =IF(I278<>"",K278+I278+L278,0) -> 0
H279: 274 | I279: =IF(H279<$H$2+1,($I$2-($I$2-1)*(LOG(H279)/LOG($H$2))),"") | J279: =INT(LOG($H$2,2))-ROUNDUP(LOG(H279,2),0)+IF(OR($H$2=1,$H$2=2,$H$2=4,$H$2=8,$H$2=16,$H$2=32,$H$2=64,$H$2=128,$H$2=256),0,1) -> -4 | K279: =J279*$J$2 -> -40 | M279: =IF(I279<>"",K279+I279+L279,0) -> 0
H280: 275 | I280: =IF(H280<$H$2+1,($I$2-($I$2-1)*(LOG(H280)/LOG($H$2))),"") | J280: =INT(LOG($H$2,2))-ROUNDUP(LOG(H280,2),0)+IF(OR($H$2=1,$H$2=2,$H$2=4,$H$2=8,$H$2=16,$H$2=32,$H$2=64,$H$2=128,$H$2=256),0,1) -> -4 | K280: =J280*$J$2 -> -40 | M280: =IF(I280<>"",K280+I280+L280,0) -> 0
H281: 276 | I281: =IF(H281<$H$2+1,($I$2-($I$2-1)*(LOG(H281)/LOG($H$2))),"") | J281: =INT(LOG($H$2,2))-ROUNDUP(LOG(H281,2),0)+IF(OR($H$2=1,$H$2=2,$H$2=4,$H$2=8,$H$2=16,$H$2=32,$H$2=64,$H$2=128,$H$2=256),0,1) -> -4 | K281: =J281*$J$2 -> -40 | M281: =IF(I281<>"",K281+I281+L281,0) -> 0
... H305: 300 | I305: =IF(H305<$H$2+1,($I$2-($I$2-1)*(LOG(H305)/LOG($H$2))),"") | J305: =INT(LOG($H$2,2))-ROUNDUP(LOG(H305,2),0)+IF(OR($H$2=1,$H$2=2,$H$2=4,$H$2=8,$H$2=16,$H$2=32,$H$2=64,$H$2=128,$H$2=256),0,1) -> -4 | K305: =J305*$J$2 -> -40 | M305: =IF(I305<>"",K305+I305+L305,0) -> 0
J306: =INT(LOG($H$2,2))-ROUNDUP(LOG(H306,2),0)+IF(OR($H$2=1,$H$2=2,$H$2=4,$H$2=8,$H$2=16,$H$2=32,$H$2=64,$H$2=128,$H$2=256),0,1) -> #NUM!
J307: =INT(LOG($H$2,2))-ROUNDUP(LOG(H307,2),0)+IF(OR($H$2=1,$H$2=2,$H$2=4,$H$2=8,$H$2=16,$H$2=32,$H$2=64,$H$2=128,$H$2=256),0,1) -> #NUM!
J308: =INT(LOG($H$2,2))-ROUNDUP(LOG(H308,2),0)+IF(OR($H$2=1,$H$2=2,$H$2=4,$H$2=8,$H$2=16,$H$2=32,$H$2=64,$H$2=128,$H$2=256),0,1) -> #NUM!
J309: =INT(LOG($H$2,2))-ROUNDUP(LOG(H309,2),0)+IF(OR($H$2=1,$H$2=2,$H$2=4,$H$2=8,$H$2=16,$H$2=32,$H$2=64,$H$2=128,$H$2=256),0,1) -> #NUM!
J310: =INT(LOG($H$2,2))-ROUNDUP(LOG(H310,2),0)+IF(OR($H$2=1,$H$2=2,$H$2=4,$H$2=8,$H$2=16,$H$2=32,$H$2=64,$H$2=128,$H$2=256),0,1) -> #NUM!
J311: =INT(LOG($H$2,2))-ROUNDUP(LOG(H311,2),0)+IF(OR($H$2=1,$H$2=2,$H$2=4,$H$2=8,$H$2=16,$H$2=32,$H$2=64,$H$2=128,$H$2=256),0,1) -> #NUM!
J312: =INT(LOG($H$2,2))-ROUNDUP(LOG(H312,2),0)+IF(OR($H$2=1,$H$2=2,$H$2=4,$H$2=8,$H$2=16,$H$2=32,$H$2=64,$H$2=128,$H$2=256),0,1) -> #NUM!
J313: =INT(LOG($H$2,2))-ROUNDUP(LOG(H313,2),0)+IF(OR($H$2=1,$H$2=2,$H$2=4,$H$2=8,$H$2=16,$H$2=32,$H$2=64,$H$2=128,$H$2=256),0,1) -> #NUM!
J314: =INT(LOG($H$2,2))-ROUNDUP(LOG(H314,2),0)+IF(OR($H$2=1,$H$2=2,$H$2=4,$H$2=8,$H$2=16,$H$2=32,$H$2=64,$H$2=128,$H$2=256),0,1) -> #NUM!
J315: =INT(LOG($H$2,2))-ROUNDUP(LOG(H315,2),0)+IF(OR($H$2=1,$H$2=2,$H$2=4,$H$2=8,$H$2=16,$H$2=32,$H$2=64,$H$2=128,$H$2=256),0,1) -> #NUM!
J316: =INT(LOG($H$2,2))-ROUNDUP(LOG(H316,2),0)+IF(OR($H$2=1,$H$2=2,$H$2=4,$H$2=8,$H$2=16,$H$2=32,$H$2=64,$H$2=128,$H$2=256),0,1) -> #NUM!
J317: =INT(LOG($H$2,2))-ROUNDUP(LOG(H317,2),0)+IF(OR($H$2=1,$H$2=2,$H$2=4,$H$2=8,$H$2=16,$H$2=32,$H$2=64,$H$2=128,$H$2=256),0,1) -> #NUM!
... J373: =INT(LOG($H$2,2))-ROUNDUP(LOG(H373,2),0)+IF(OR($H$2=1,$H$2=2,$H$2=4,$H$2=8,$H$2=16,$H$2=32,$H$2=64,$H$2=128,$H$2=256),0,1) -> #NUM!

Sheet PP4
H1: Liczba uczestników: | I1: GP Punkty | J1: Bonus za rundę | K1: Mnożnik za podium
B2: miejsce: | C2: WARSZAWA | H2: 8 | I2: 50 | J2: 10 | K2: =3*H2^(1/3) -> 6
B3: data: | C3: 22.02.2025
A5: Punkty | B5: Miejsce Place | C5: Nazwisko Imię Name | D5: Klub Club(s) | E5: Okręg Division | F5: Państwo Country | H5: Miejsce | I5: Punkty za miejsce | J5: awans do kolejnej rundy pucharowej | K5: bonus za rundy pucharowe | L5: punkty za podium | M5: Suma
A6: =M6 -> 98 | B6: =IF(H6>$H$2,"",(ROW()-5)) -> 1 | C6: ATANASSOW Aleksander | D6: KS AGH Kraków | E6: POL | H6: 1 | I6: =IF(H2=1,50,IF(H6<$H$2+1,($I$2-($I$2-1)*(LOG(H6)/LOG($H$2))),"")) -> 50 | J6: =INT(LOG($H$2,2))-ROUNDUP(LOG(H6,2),0)+IF(OR($H$2=1,$H$2=2,$H$2=4,$H$2=8,$H$2=16,$H$2=32,$H$2=64,$H$2=128,$H$2=256),0,1) -> 3 | K6: =J6*$J$2 -> 30 | L6: =3*K2 -> 18 | M6: =IF(I6<>"",K6+I6+L6,0) -> 98
A7: =M7 -> 65.666667 | B7: =IF(H7>$H$2,"",(ROW()-5)) -> 2 | C7: ZIELIŃSKI Dariusz | D7: PIAST GLIWICE | E7: POL | H7: 2 | I7: =IF(H7<$H$2+1,($I$2-($I$2-1)*(LOG(H7)/LOG($H$2))),"") -> 33.666667 | J7: =INT(LOG($H$2,2))-ROUNDUP(LOG(H7,2),0)+IF(OR($H$2=1,$H$2=2,$H$2=4,$H$2=8,$H$2=16,$H$2=32,$H$2=64,$H$2=128,$H$2=256),0,1) -> 2 | K7: =J7*$J$2 -> 20 | L7: =2*K2 -> 12 | M7: =IF(I7<>"",K7+I7+L7,0) -> 65.666667
A8: =M8 -> 40.112279 | B8: =IF(H8>$H$2,"",(ROW()-5)) -> 3 | C8: PILUTKIEWICZ Igor | D8: KSz WARSZAWIANKA | E8: POL | H8: 3 | I8: =IF(H8<$H$2+1,($I$2-($I$2-1)*(LOG(H8)/LOG($H$2))),"") -> 24.112279 | J8: =INT(LOG($H$2,2))-ROUNDUP(LOG(H8,2),0)+IF(OR($H$2=1,$H$2=2,$H$2=4,$H$2=8,$H$2=16,$H$2=32,$H$2=64,$H$2=128,$H$2=256),0,1) -> 1 | K8: =J8*$J$2 -> 10 | L8: =K2 -> 6 | M8: =IF(I8<>"",K8+I8+L8,0) -> 40.112279
A9: =M9 -> 27.333333 | B9: =IF(H9>$H$2,"",(ROW()-5)) -> 4 | C9: JASZCZAK Piotr | D9: K.S. SZERMIERZ ŁOMIANKI | E9: POL | H9: 4 | I9: =IF(H9<$H$2+1,($I$2-($I$2-1)*(LOG(H9)/LOG($H$2))),"") -> 17.333333 | J9: =INT(LOG($H$2,2))-ROUNDUP(LOG(H9,2),0)+IF(OR($H$2=1,$H$2=2,$H$2=4,$H$2=8,$H$2=16,$H$2=32,$H$2=64,$H$2=128,$H$2=256),0,1) -> 1 | K9: =J9*$J$2 -> 10 | M9: =IF(I9<>"",K9+I9+L9,0) -> 27.333333 | AH9: x | AI9: 23
A10: =M10 -> 12.075174 | B10: =IF(H10>$H$2,"",(ROW()-5)) -> 5 | C10: PARDUS Borys | D10: K.S. SZERMIERZ ŁOMIANKI | E10: POL | H10: 5 | I10: =IF(H10<$H$2+1,($I$2-($I$2-1)*(LOG(H10)/LOG($H$2))),"") -> 12.075174 | J10: =INT(LOG($H$2,2))-ROUNDUP(LOG(H10,2),0)+IF(OR($H$2=1,$H$2=2,$H$2=4,$H$2=8,$H$2=16,$H$2=32,$H$2=64,$H$2=128,$H$2=256),0,1) -> 0 | K10: =J10*$J$2 -> 0 | M10: =IF(I10<>"",K10+I10+L10,0) -> 12.075174 | AH10: N | AI10: 45
A11: =M11 -> 7.7789458 | B11: =IF(H11>$H$2,"",(ROW()-5)) -> 6 | C11: ODOLAK Jarosław | D11: AKADEMIA SZERMIERKI W-WA | E11: POL | H11: 6 | I11: =IF(H11<$H$2+1,($I$2-($I$2-1)*(LOG(H11)/LOG($H$2))),"") -> 7.7789458 | J11: =INT(LOG($H$2,2))-ROUNDUP(LOG(H11,2),0)+IF(OR($H$2=1,$H$2=2,$H$2=4,$H$2=8,$H$2=16,$H$2=32,$H$2=64,$H$2=128,$H$2=256),0,1) -> 0 | K11: =J11*$J$2 -> 0 | M11: =IF(I11<>"",K11+I11+L11,0) -> 7.7789458 | AH11: MP | AI11: 50
A12: =M12 -> 4.1465363 | B12: =IF(H12>$H$2,"",(ROW()-5)) -> 7 | C12: SKOCZEK Artur | D12: NAUKA SZERMIERKI | E12: POL | H12: 7 | I12: =IF(H12<$H$2+1,($I$2-($I$2-1)*(LOG(H12)/LOG($H$2))),"") -> 4.1465363 | J12: =INT(LOG($H$2,2))-ROUNDUP(LOG(H12,2),0)+IF(OR($H$2=1,$H$2=2,$H$2=4,$H$2=8,$H$2=16,$H$2=32,$H$2=64,$H$2=128,$H$2=256),0,1) -> 0 | K12: =J12*$J$2 -> 0 | M12: =IF(I12<>"",K12+I12+L12,0) -> 4.1465363 | AH12: MP-1 | AI12: =AI11-1 -> 49
A13: =M13 -> 1 | B13: =IF(H13>$H$2,"",(ROW()-5)) -> 8 | C13: WIERZBICKI JACEK | D13: AZS KU POLITECHNIKI OPOLSKIEJ | E13: POL | H13: 8 | I13: =IF(H13<$H$2+1,($I$2-($I$2-1)*(LOG(H13)/LOG($H$2))),"") -> 1 | J13: =INT(LOG($H$2,2))-ROUNDUP(LOG(H13,2),0)+IF(OR($H$2=1,$H$2=2,$H$2=4,$H$2=8,$H$2=16,$H$2=32,$H$2=64,$H$2=128,$H$2=256),0,1) -> 0 | K13: =J13*$J$2 -> 0 | M13: =IF(I13<>"",K13+I13+L13,0) -> 1 | AH13: log(x) | AI13: =LOG(AI9) -> 1.3617278
A14: =M14 -> 0 | B14: =IF(H14>$H$2,"",(ROW()-5)) | H14: 9 | I14: =IF(H14<$H$2+1,($I$2-($I$2-1)*(LOG(H14)/LOG($H$2))),"") | J14: =INT(LOG($H$2,2))-ROUNDUP(LOG(H14,2),0)+IF(OR($H$2=1,$H$2=2,$H$2=4,$H$2=8,$H$2=16,$H$2=32,$H$2=64,$H$2=128,$H$2=256),0,1) -> -1 | K14: =J14*$J$2 -> -10 | M14: =IF(I14<>"",K14+I14+L14,0) -> 0 | AH14: Log(N) | AI14: =LOG(AI10) -> 1.6532125
A15: =M15 -> 0 | B15: =IF(H15>$H$2,"",(ROW()-5)) | H15: 10 | I15: =IF(H15<$H$2+1,($I$2-($I$2-1)*(LOG(H15)/LOG($H$2))),"") | J15: =INT(LOG($H$2,2))-ROUNDUP(LOG(H15,2),0)+IF(OR($H$2=1,$H$2=2,$H$2=4,$H$2=8,$H$2=16,$H$2=32,$H$2=64,$H$2=128,$H$2=256),0,1) -> -1 | K15: =J15*$J$2 -> -10 | M15: =IF(I15<>"",K15+I15+L15,0) -> 0
A16: 12.075174 | B16: 5k1 | C16: KORONA Przemysław | H16: 11 | I16: =IF(H16<$H$2+1,($I$2-($I$2-1)*(LOG(H16)/LOG($H$2))),"") | J16: =INT(LOG($H$2,2))-ROUNDUP(LOG(H16,2),0)+IF(OR($H$2=1,$H$2=2,$H$2=4,$H$2=8,$H$2=16,$H$2=32,$H$2=64,$H$2=128,$H$2=256),0,1) -> -1 | K16: =J16*$J$2 -> -10 | M16: =IF(I16<>"",K16+I16+L16,0) -> 0 | AH16: MP - (MP-1)*LOG(x)/LOG(N) | AI16: =AI11-AI12*AI13/AI14 -> 9.6393909 | AJ16: points
A17: 7.7789458 | B17: 6k1 | C17: KOBIERSKI Krzysztof | H17: 12 | I17: =IF(H17<$H$2+1,($I$2-($I$2-1)*(LOG(H17)/LOG($H$2))),"") | J17: =INT(LOG($H$2,2))-ROUNDUP(LOG(H17,2),0)+IF(OR($H$2=1,$H$2=2,$H$2=4,$H$2=8,$H$2=16,$H$2=32,$H$2=64,$H$2=128,$H$2=256),0,1) -> -1 | K17: =J17*$J$2 -> -10 | M17: =IF(I17<>"",K17+I17+L17,0) -> 0
A18: =M18 -> 0 | B18: =IF(H18>$H$2,"",(ROW()-5)) | H18: 13 | I18: =IF(H18<$H$2+1,($I$2-($I$2-1)*(LOG(H18)/LOG($H$2))),"") | J18: =INT(LOG($H$2,2))-ROUNDUP(LOG(H18,2),0)+IF(OR($H$2=1,$H$2=2,$H$2=4,$H$2=8,$H$2=16,$H$2=32,$H$2=64,$H$2=128,$H$2=256),0,1) -> -1 | K18: =J18*$J$2 -> -10 | M18: =IF(I18<>"",K18+I18+L18,0) -> 0
A19: =M19 -> 0 | B19: =IF(H19>$H$2,"",(ROW()-5)) | H19: 14 | I19: =IF(H19<$H$2+1,($I$2-($I$2-1)*(LOG(H19)/LOG($H$2))),"") | J19: =INT(LOG($H$2,2))-ROUNDUP(LOG(H19,2),0)+IF(OR($H$2=1,$H$2=2,$H$2=4,$H$2=8,$H$2=16,$H$2=32,$H$2=64,$H$2=128,$H$2=256),0,1) -> -1 | K19: =J19*$J$2 -> -10 | M19: =IF(I19<>"",K19+I19+L19,0) -> 0
A20: =M20 -> 0 | B20: =IF(H20>$H$2,"",(ROW()-5)) | H20: 15 | I20: =IF(H20<$H$2+1,($I$2-($I$2-1)*(LOG(H20)/LOG($H$2))),"") | J20: =INT(LOG($H$2,2))-ROUNDUP(LOG(H20,2),0)+IF(OR($H$2=1,$H$2=2,$H$2=4,$H$2=8,$H$2=16,$H$2=32,$H$2=64,$H$2=128,$H$2=256),0,1) -> -1 | K20: =J20*$J$2 -> -10 | M20: =IF(I20<>"",K20+I20+L20,0) -> 0
A21: =M21 -> 0 | B21: =IF(H21>$H$2,"",(ROW()-5)) | H21: 16 | I21: =IF(H21<$H$2+1,($I$2-($I$2-1)*(LOG(H21)/LOG($H$2))),"") | J21: =INT(LOG($H$2,2))-ROUNDUP(LOG(H21,2),0)+IF(OR($H$2=1,$H$2=2,$H$2=4,$H$2=8,$H$2=16,$H$2=32,$H$2=64,$H$2=128,$H$2=256),0,1) -> -1 | K21: =J21*$J$2 -> -10 | M21: =IF(I21<>"",K21+I21+L21,0) -> 0
A22: =M22 -> 0 | B22: =IF(H22>$H$2,"",(ROW()-5)) | H22: 17 | I22: =IF(H22<$H$2+1,($I$2-($I$2-1)*(LOG(H22)/LOG($H$2))),"") | J22: =INT(LOG($H$2,2))-ROUNDUP(LOG(H22,2),0)+IF(OR($H$2=1,$H$2=2,$H$2=4,$H$2=8,$H$2=16,$H$2=32,$H$2=64,$H$2=128,$H$2=256),0,1) -> -2 | K22: =J22*$J$2 -> -20 | M22: =IF(I22<>"",K22+I22+L22,0) -> 0
A23: =M23 -> 0 | B23: =IF(H23>$H$2,"",(ROW()-5)) | H23: 18 | I23: =IF(H23<$H$2+1,($I$2-($I$2-1)*(LOG(H23)/LOG($H$2))),"") | J23: =INT(LOG($H$2,2))-ROUNDUP(LOG(H23,2),0)+IF(OR($H$2=1,$H$2=2,$H$2=4,$H$2=8,$H$2=16,$H$2=32,$H$2=64,$H$2=128,$H$2=256),0,1) -> -2 | K23: =J23*$J$2 -> -20 | M23: =IF(I23<>"",K23+I23+L23,0) -> 0
A24: =M24 -> 0 | B24: =IF(H24>$H$2,"",(ROW()-5)) | H24: 19 | I24: =IF(H24<$H$2+1,($I$2-($I$2-1)*(LOG(H24)/LOG($H$2))),"") | J24: =INT(LOG($H$2,2))-ROUNDUP(LOG(H24,2),0)+IF(OR($H$2=1,$H$2=2,$H$2=4,$H$2=8,$H$2=16,$H$2=32,$H$2=64,$H$2=128,$H$2=256),0,1) -> -2 | K24: =J24*$J$2 -> -20 | M24: =IF(I24<>"",K24+I24+L24,0) -> 0
A25: =M25 -> 0 | B25: =IF(H25>$H$2,"",(ROW()-5)) | H25: 20 | I25: =IF(H25<$H$2+1,($I$2-($I$2-1)*(LOG(H25)/LOG($H$2))),"") | J25: =INT(LOG($H$2,2))-ROUNDUP(LOG(H25,2),0)+IF(OR($H$2=1,$H$2=2,$H$2=4,$H$2=8,$H$2=16,$H$2=32,$H$2=64,$H$2=128,$H$2=256),0,1) -> -2 | K25: =J25*$J$2 -> -20 | M25: =IF(I25<>"",K25+I25+L25,0) -> 0
A26: =M26 -> 0 | B26: =IF(H26>$H$2,"",(ROW()-5)) | H26: 21 | I26: =IF(H26<$H$2+1,($I$2-($I$2-1)*(LOG(H26)/LOG($H$2))),"") | J26: =INT(LOG($H$2,2))-ROUNDUP(LOG(H26,2),0)+IF(OR($H$2=1,$H$2=2,$H$2=4,$H$2=8,$H$2=16,$H$2=32,$H$2=64,$H$2=128,$H$2=256),0,1) -> -2 | K26: =J26*$J$2 -> -20 | M26: =IF(I26<>"",K26+I26+L26,0) -> 0
A27: =M27 -> 0 | B27: =IF(H27>$H$2,"",(ROW()-5)) | H27: 22 | I27: =IF(H27<$H$2+1,($I$2-($I$2-1)*(LOG(H27)/LOG($H$2))),"") | J27: =INT(LOG($H$2,2))-ROUNDUP(LOG(H27,2),0)+IF(OR($H$2=1,$H$2=2,$H$2=4,$H$2=8,$H$2=16,$H$2=32,$H$2=64,$H$2=128,$H$2=256),0,1) -> -2 | K27: =J27*$J$2 -> -20 | M27: =IF(I27<>"",K27+I27+L27,0) -> 0
A28: =M28 -> 0 | B28: =IF(H28>$H$2,"",(ROW()-5)) | H28: 23 | I28: =IF(H28<$H$2+1,($I$2-($I$2-1)*(LOG(H28)/LOG($H$2))),"") | J28: =INT(LOG($H$2,2))-ROUNDUP(LOG(H28,2),0)+IF(OR($H$2=1,$H$2=2,$H$2=4,$H$2=8,$H$2=16,$H$2=32,$H$2=64,$H$2=128,$H$2=256),0,1) -> -2 | K28: =J28*$J$2 -> -20 | M28: =IF(I28<>"",K28+I28+L28,0) -> 0
A29: =M29 -> 0 | B29: =IF(H29>$H$2,"",(ROW()-5)) | H29: 24 | I29: =IF(H29<$H$2+1,($I$2-($I$2-1)*(LOG(H29)/LOG($H$2))),"") | J29: =INT(LOG($H$2,2))-ROUNDUP(LOG(H29,2),0)+IF(OR($H$2=1,$H$2=2,$H$2=4,$H$2=8,$H$2=16,$H$2=32,$H$2=64,$H$2=128,$H$2=256),0,1) -> -2 | K29: =J29*$J$2 -> -20 | M29: =IF(I29<>"",K29+I29+L29,0) -> 0
... A37: =M37 -> 0 | B37: =IF(H37>$H$2,"",(ROW()-5)) | H37: 32 | I37: =IF(H37<$H$2+1,($I$2-($I$2-1)*(LOG(H37)/LOG($H$2))),"") | J37: =INT(LOG($H$2,2))-ROUNDUP(LOG(H37,2),0)+IF(OR($H$2=1,$H$2=2,$H$2=4,$H$2=8,$H$2=16,$H$2=32,$H$2=64,$H$2=128,$H$2=256),0,1) -> -2 | K37: =J37*$J$2 -> -20 | M37: =IF(I37<>"",K37+I37+L37,0) -> 0
B38: =IF(H38>$H$2,"",(ROW()-5)) | H38: 33 | I38: =IF(H38<$H$2+1,($I$2-($I$2-1)*(LOG(H38)/LOG($H$2))),"") | J38: =INT(LOG($H$2,2))-ROUNDUP(LOG(H38,2),0)+IF(OR($H$2=1,$H$2=2,$H$2=4,$H$2=8,$H$2=16,$H$2=32,$H$2=64,$H$2=128,$H$2=256),0,1) -> -3 | K38: =J38*$J$2 -> -30 | M38: =IF(I38<>"",K38+I38+L38,0) -> 0
B39: =IF(H39>$H$2,"",(ROW()-5)) | H39: 34 | I39: =IF(H39<$H$2+1,($I$2-($I$2-1)*(LOG(H39)/LOG($H$2))),"") | J39: =INT(LOG($H$2,2))-ROUNDUP(LOG(H39,2),0)+IF(OR($H$2=1,$H$2=2,$H$2=4,$H$2=8,$H$2=16,$H$2=32,$H$2=64,$H$2=128,$H$2=256),0,1) -> -3 | K39: =J39*$J$2 -> -30 | M39: =IF(I39<>"",K39+I39+L39,0) -> 0
B40: =IF(H40>$H$2,"",(ROW()-5)) | H40: 35 | I40: =IF(H40<$H$2+1,($I$2-($I$2-1)*(LOG(H40)/LOG($H$2))),"") | J40: =INT(LOG($H$2,2))-ROUNDUP(LOG(H40,2),0)+IF(OR($H$2=1,$H$2=2,$H$2=4,$H$2=8,$H$2=16,$H$2=32,$H$2=64,$H$2=128,$H$2=256),0,1) -> -3 | K40: =J40*$J$2 -> -30 | M40: =IF(I40<>"",K40+I40+L40,0) -> 0
B41: =IF(H41>$H$2,"",(ROW()-5)) | H41: 36 | I41: =IF(H41<$H$2+1,($I$2-($I$2-1)*(LOG(H41)/LOG($H$2))),"") | J41: =INT(LOG($H$2,2))-ROUNDUP(LOG(H41,2),0)+IF(OR($H$2=1,$H$2=2,$H$2=4,$H$2=8,$H$2=16,$H$2=32,$H$2=64,$H$2=128,$H$2=256),0,1) -> -3 | K41: =J41*$J$2 -> -30 | M41: =IF(I41<>"",K41+I41+L41,0) -> 0
B42: =IF(H42>$H$2,"",(ROW()-5)) | H42: 37 | I42: =IF(H42<$H$2+1,($I$2-($I$2-1)*(LOG(H42)/LOG($H$2))),"") | J42: =INT(LOG($H$2,2))-ROUNDUP(LOG(H42,2),0)+IF(OR($H$2=1,$H$2=2,$H$2=4,$H$2=8,$H$2=16,$H$2=32,$H$2=64,$H$2=128,$H$2=256),0,1) -> -3 | K42: =J42*$J$2 -> -30 | M42: =IF(I42<>"",K42+I42+L42,0) -> 0
B43: =IF(H43>$H$2,"",(ROW()-5)) | H43: 38 | I43: =IF(H43<$H$2+1,($I$2-($I$2-1)*(LOG(H43)/LOG($H$2))),"") | J43: =INT(LOG($H$2,2))-ROUNDUP(LOG(H43,2),0)+IF(OR($H$2=1,$H$2=2,$H$2=4,$H$2=8,$H$2=16,$H$2=32,$H$2=64,$H$2=128,$H$2=256),0,1) -> -3 | K43: =J43*$J$2 -> -30 | M43: =IF(I43<>"",K43+I43+L43,0) -> 0
B44: =IF(H44>$H$2,"",(ROW()-5)) | H44: 39 | I44: =IF(H44<$H$2+1,($I$2-($I$2-1)*(LOG(H44)/LOG($H$2))),"") | J44: =INT(LOG($H$2,2))-ROUNDUP(LOG(H44,2),0)+IF(OR($H$2=1,$H$2=2,$H$2=4,$H$2=8,$H$2=16,$H$2=32,$H$2=64,$H$2=128,$H$2=256),0,1) -> -3 | K44: =J44*$J$2 -> -30 | M44: =IF(I44<>"",K44+I44+L44,0) -> 0
B45: =IF(H45>$H$2,"",(ROW()-5)) | H45: 40 | I45: =IF(H45<$H$2+1,($I$2-($I$2-1)*(LOG(H45)/LOG($H$2))),"") | J45: =INT(LOG($H$2,2))-ROUNDUP(LOG(H45,2),0)+IF(OR($H$2=1,$H$2=2,$H$2=4,$H$2=8,$H$2=16,$H$2=32,$H$2=64,$H$2=128,$H$2=256),0,1) -> -3 | K45: =J45*$J$2 -> -30 | M45: =IF(I45<>"",K45+I45+L45,0) -> 0
B46: =IF(H46>$H$2,"",(ROW()-5)) | H46: 41 | I46: =IF(H46<$H$2+1,($I$2-($I$2-1)*(LOG(H46)/LOG($H$2))),"") | J46: =INT(LOG($H$2,2))-ROUNDUP(LOG(H46,2),0)+IF(OR($H$2=1,$H$2=2,$H$2=4,$H$2=8,$H$2=16,$H$2=32,$H$2=64,$H$2=128,$H$2=256),0,1) -> -3 | K46: =J46*$J$2 -> -30 | M46: =IF(I46<>"",K46+I46+L46,0) -> 0 | R46: =LOG($H$2,2) -> 3 | T46: =LOG(H38,2) -> 5.0443941 | U46: =R46-T46 -> -2.0443941
B47: =IF(H47>$H$2,"",(ROW()-5)) | H47: 42 | I47: =IF(H47<$H$2+1,($I$2-($I$2-1)*(LOG(H47)/LOG($H$2))),"") | J47: =INT(LOG($H$2,2))-ROUNDUP(LOG(H47,2),0)+IF(OR($H$2=1,$H$2=2,$H$2=4,$H$2=8,$H$2=16,$H$2=32,$H$2=64,$H$2=128,$H$2=256),0,1) -> -3 | K47: =J47*$J$2 -> -30 | M47: =IF(I47<>"",K47+I47+L47,0) -> 0
B48: =IF(H48>$H$2,"",(ROW()-5)) | H48: 43 | I48: =IF(H48<$H$2+1,($I$2-($I$2-1)*(LOG(H48)/LOG($H$2))),"") | J48: =INT(LOG($H$2,2))-ROUNDUP(LOG(H48,2),0)+IF(OR($H$2=1,$H$2=2,$H$2=4,$H$2=8,$H$2=16,$H$2=32,$H$2=64,$H$2=128,$H$2=256),0,1) -> -3 | K48: =J48*$J$2 -> -30 | M48: =IF(I48<>"",K48+I48+L48,0) -> 0
B49: =IF(H49>$H$2,"",(ROW()-5)) | H49: 44 | I49: =IF(H49<$H$2+1,($I$2-($I$2-1)*(LOG(H49)/LOG($H$2))),"") | J49: =INT(LOG($H$2,2))-ROUNDUP(LOG(H49,2),0)+IF(OR($H$2=1,$H$2=2,$H$2=4,$H$2=8,$H$2=16,$H$2=32,$H$2=64,$H$2=128,$H$2=256),0,1) -> -3 | K49: =J49*$J$2 -> -30 | M49: =IF(I49<>"",K49+I49+L49,0) -> 0
B50: =IF(H50>$H$2,"",(ROW()-5)) | H50: 45 | I50: =IF(H50<$H$2+1,($I$2-($I$2-1)*(LOG(H50)/LOG($H$2))),"") | J50: =INT(LOG($H$2,2))-ROUNDUP(LOG(H50,2),0)+IF(OR($H$2=1,$H$2=2,$H$2=4,$H$2=8,$H$2=16,$H$2=32,$H$2=64,$H$2=128,$H$2=256),0,1) -> -3 | K50: =J50*$J$2 -> -30 | M50: =IF(I50<>"",K50+I50+L50,0) -> 0
B51: =IF(H51>$H$2,"",(ROW()-5)) | H51: 46 | I51: =IF(H51<$H$2+1,($I$2-($I$2-1)*(LOG(H51)/LOG($H$2))),"") | J51: =INT(LOG($H$2,2))-ROUNDUP(LOG(H51,2),0)+IF(OR($H$2=1,$H$2=2,$H$2=4,$H$2=8,$H$2=16,$H$2=32,$H$2=64,$H$2=128,$H$2=256),0,1) -> -3 | K51: =J51*$J$2 -> -30 | M51: =IF(I51<>"",K51+I51+L51,0) -> 0
B52: =IF(H52>$H$2,"",(ROW()-5)) | H52: 47 | I52: =IF(H52<$H$2+1,($I$2-($I$2-1)*(LOG(H52)/LOG($H$2))),"") | J52: =INT(LOG($H$2,2))-ROUNDUP(LOG(H52,2),0)+IF(OR($H$2=1,$H$2=2,$H$2=4,$H$2=8,$H$2=16,$H$2=32,$H$2=64,$H$2=128,$H$2=256),0,1) -> -3 | K52: =J52*$J$2 -> -30 | M52: =IF(I52<>"",K52+I52+L52,0) -> 0
B53: =IF(H53>$H$2,"",(ROW()-5)) | H53: 48 | I53: =IF(H53<$H$2+1,($I$2-($I$2-1)*(LOG(H53)/LOG($H$2))),"") | J53: =INT(LOG($H$2,2))-ROUNDUP(LOG(H53,2),0)+IF(OR($H$2=1,$H$2=2,$H$2=4,$H$2=8,$H$2=16,$H$2=32,$H$2=64,$H$2=128,$H$2=256),0,1) -> -3 | K53: =J53*$J$2 -> -30 | M53: =IF(I53<>"",K53+I53+L53,0) -> 0
B54: =IF(H54>$H$2,"",(ROW()-5)) | H54: 49 | I54: =IF(H54<$H$2+1,($I$2-($I$2-1)*(LOG(H54)/LOG($H$2))),"") | J54: =INT(LOG($H$2,2))-ROUNDUP(LOG(H54,2),0)+IF(OR($H$2=1,$H$2=2,$H$2=4,$H$2=8,$H$2=16,$H$2=32,$H$2=64,$H$2=128,$H$2=256),0,1) -> -3 | K54: =J54*$J$2 -> -30 | M54: =IF(I54<>"",K54+I54+L54,0) -> 0
B55: =IF(H55>$H$2,"",(ROW()-5)) | H55: 50 | I55: =IF(H55<$H$2+1,($I$2-($I$2-1)*(LOG(H55)/LOG($H$2))),"") | J55: =INT(LOG($H$2,2))-ROUNDUP(LOG(H55,2),0)+IF(OR($H$2=1,$H$2=2,$H$2=4,$H$2=8,$H$2=16,$H$2=32,$H$2=64,$H$2=128,$H$2=256),0,1) -> -3 | K55: =J55*$J$2 -> -30 | M55: =IF(I55<>"",K55+I55+L55,0) -> 0
B56: =IF(H56>$H$2,"",(ROW()-5)) | H56: 51 | I56: =IF(H56<$H$2+1,($I$2-($I$2-1)*(LOG(H56)/LOG($H$2))),"") | J56: =INT(LOG($H$2,2))-ROUNDUP(LOG(H56,2),0)+IF(OR($H$2=1,$H$2=2,$H$2=4,$H$2=8,$H$2=16,$H$2=32,$H$2=64,$H$2=128,$H$2=256),0,1) -> -3 | K56: =J56*$J$2 -> -30 | M56: =IF(I56<>"",K56+I56+L56,0) -> 0
B57: =IF(H57>$H$2,"",(ROW()-5)) | H57: 52 | I57: =IF(H57<$H$2+1,($I$2-($I$2-1)*(LOG(H57)/LOG($H$2))),"") | J57: =INT(LOG($H$2,2))-ROUNDUP(LOG(H57,2),0)+IF(OR($H$2=1,$H$2=2,$H$2=4,$H$2=8,$H$2=16,$H$2=32,$H$2=64,$H$2=128,$H$2=256),0,1) -> -3 | K57: =J57*$J$2 -> -30 | M57: =IF(I57<>"",K57+I57+L57,0) -> 0
B58: =IF(H58>$H$2,"",(ROW()-5)) | H58: 53 | I58: =IF(H58<$H$2+1,($I$2-($I$2-1)*(LOG(H58)/LOG($H$2))),"") | J58: =INT(LOG($H$2,2))-ROUNDUP(LOG(H58,2),0)+IF(OR($H$2=1,$H$2=2,$H$2=4,$H$2=8,$H$2=16,$H$2=32,$H$2=64,$H$2=128,$H$2=256),0,1) -> -3 | K58: =J58*$J$2 -> -30 | M58: =IF(I58<>"",K58+I58+L58,0) -> 0
... B65: =IF(H65>$H$2,"",(ROW()-5)) | H65: 60 | I65: =IF(H65<$H$2+1,($I$2-($I$2-1)*(LOG(H65)/LOG($H$2))),"") | J65: =INT(LOG($H$2,2))-ROUNDUP(LOG(H65,2),0)+IF(OR($H$2=1,$H$2=2,$H$2=4,$H$2=8,$H$2=16,$H$2=32,$H$2=64,$H$2=128,$H$2=256),0,1) -> -3 | K65: =J65*$J$2 -> -30 | M65: =IF(I65<>"",K65+I65+L65,0) -> 0
H66: 61 | I66: =IF(H66<$H$2+1,($I$2-($I$2-1)*(LOG(H66)/LOG($H$2))),"") | J66: =INT(LOG($H$2,2))-ROUNDUP(LOG(H66,2),0)+IF(OR($H$2=1,$H$2=2,$H$2=4,$H$2=8,$H$2=16,$H$2=32,$H$2=64,$H$2=128,$H$2=256),0,1) -> -3 | K66: =J66*$J$2 -> -30 | M66: =IF(I66<>"",K66+I66+L66,0) -> 0
H67: 62 | I67: =IF(H67<$H$2+1,($I$2-($I$2-1)*(LOG(H67)/LOG($H$2))),"") | J67: =INT(LOG($H$2,2))-ROUNDUP(LOG(H67,2),0)+IF(OR($H$2=1,$H$2=2,$H$2=4,$H$2=8,$H$2=16,$H$2=32,$H$2=64,$H$2=128,$H$2=256),0,1) -> -3 | K67: =J67*$J$2 -> -30 | M67: =IF(I67<>"",K67+I67+L67,0) -> 0
H68: 63 | I68: =IF(H68<$H$2+1,($I$2-($I$2-1)*(LOG(H68)/LOG($H$2))),"") | J68: =INT(LOG($H$2,2))-ROUNDUP(LOG(H68,2),0)+IF(OR($H$2=1,$H$2=2,$H$2=4,$H$2=8,$H$2=16,$H$2=32,$H$2=64,$H$2=128,$H$2=256),0,1) -> -3 | K68: =J68*$J$2 -> -30 | M68: =IF(I68<>"",K68+I68+L68,0) -> 0
H69: 64 | I69: =IF(H69<$H$2+1,($I$2-($I$2-1)*(LOG(H69)/LOG($H$2))),"") | J69: =INT(LOG($H$2,2))-ROUNDUP(LOG(H69,2),0)+IF(OR($H$2=1,$H$2=2,$H$2=4,$H$2=8,$H$2=16,$H$2=32,$H$2=64,$H$2=128,$H$2=256),0,1) -> -3 | K69: =J69*$J$2 -> -30 | M69: =IF(I69<>"",K69+I69+L69,0) -> 0
H70: 65 | I70: =IF(H70<$H$2+1,($I$2-($I$2-1)*(LOG(H70)/LOG($H$2))),"") | J70: =INT(LOG($H$2,2))-ROUNDUP(LOG(H70,2),0)+IF(OR($H$2=1,$H$2=2,$H$2=4,$H$2=8,$H$2=16,$H$2=32,$H$2=64,$H$2=128,$H$2=256),0,1) -> -4 | K70: =J70*$J$2 -> -40 | M70: =IF(I70<>"",K70+I70+L70,0) -> 0
H71: 66 | I71: =IF(H71<$H$2+1,($I$2-($I$2-1)*(LOG(H71)/LOG($H$2))),"") | J71: =INT(LOG($H$2,2))-ROUNDUP(LOG(H71,2),0)+IF(OR($H$2=1,$H$2=2,$H$2=4,$H$2=8,$H$2=16,$H$2=32,$H$2=64,$H$2=128,$H$2=256),0,1) -> -4 | K71: =J71*$J$2 -> -40 | M71: =IF(I71<>"",K71+I71+L71,0) -> 0
H72: 67 | I72: =IF(H72<$H$2+1,($I$2-($I$2-1)*(LOG(H72)/LOG($H$2))),"") | J72: =INT(LOG($H$2,2))-ROUNDUP(LOG(H72,2),0)+IF(OR($H$2=1,$H$2=2,$H$2=4,$H$2=8,$H$2=16,$H$2=32,$H$2=64,$H$2=128,$H$2=256),0,1) -> -4 | K72: =J72*$J$2 -> -40 | M72: =IF(I72<>"",K72+I72+L72,0) -> 0
H73: 68 | I73: =IF(H73<$H$2+1,($I$2-($I$2-1)*(LOG(H73)/LOG($H$2))),"") | J73: =INT(LOG($H$2,2))-ROUNDUP(LOG(H73,2),0)+IF(OR($H$2=1,$H$2=2,$H$2=4,$H$2=8,$H$2=16,$H$2=32,$H$2=64,$H$2=128,$H$2=256),0,1) -> -4 | K73: =J73*$J$2 -> -40 | M73: =IF(I73<>"",K73+I73+L73,0) -> 0
H74: 69 | I74: =IF(H74<$H$2+1,($I$2-($I$2-1)*(LOG(H74)/LOG($H$2))),"") | J74: =INT(LOG($H$2,2))-ROUNDUP(LOG(H74,2),0)+IF(OR($H$2=1,$H$2=2,$H$2=4,$H$2=8,$H$2=16,$H$2=32,$H$2=64,$H$2=128,$H$2=256),0,1) -> -4 | K74: =J74*$J$2 -> -40 | M74: =IF(I74<>"",K74+I74+L74,0) -> 0
H75: 70 | I75: =IF(H75<$H$2+1,($I$2-($I$2-1)*(LOG(H75)/LOG($H$2))),"") | J75: =INT(LOG($H$2,2))-ROUNDUP(LOG(H75,2),0)+IF(OR($H$2=1,$H$2=2,$H$2=4,$H$2=8,$H$2=16,$H$2=32,$H$2=64,$H$2=128,$H$2=256),0,1) -> -4 | K75: =J75*$J$2 -> -40 | M75: =IF(I75<>"",K75+I75+L75,0) -> 0
H76: 71 | I76: =IF(H76<$H$2+1,($I$2-($I$2-1)*(LOG(H76)/LOG($H$2))),"") | J76: =INT(LOG($H$2,2))-ROUNDUP(LOG(H76,2),0)+IF(OR($H$2=1,$H$2=2,$H$2=4,$H$2=8,$H$2=16,$H$2=32,$H$2=64,$H$2=128,$H$2=256),0,1) -> -4 | K76: =J76*$J$2 -> -40 | M76: =IF(I76<>"",K76+I76+L76,0) -> 0
H77: 72 | I77: =IF(H77<$H$2+1,($I$2-($I$2-1)*(LOG(H77)/LOG($H$2))),"") | J77: =INT(LOG($H$2,2))-ROUNDUP(LOG(H77,2),0)+IF(OR($H$2=1,$H$2=2,$H$2=4,$H$2=8,$H$2=16,$H$2=32,$H$2=64,$H$2=128,$H$2=256),0,1) -> -4 | K77: =J77*$J$2 -> -40 | M77: =IF(I77<>"",K77+I77+L77,0) -> 0
... H305: 300 | I305: =IF(H305<$H$2+1,($I$2-($I$2-1)*(LOG(H305)/LOG($H$2))),"") | J305: =INT(LOG($H$2,2))-ROUNDUP(LOG(H305,2),0)+IF(OR($H$2=1,$H$2=2,$H$2=4,$H$2=8,$H$2=16,$H$2=32,$H$2=64,$H$2=128,$H$2=256),0,1) -> -6 | K305: =J305*$J$2 -> -60 | M305: =IF(I305<>"",K305+I305+L305,0) -> 0

Sheet PP5
H1: Liczba uczestników: | I1: GP Punkty | J1: Bonus za rundę | K1: Mnożnik za podium
B2: miejsce: | C2: SZCZECIN | H2: 4 | I2: 50 | J2: 10 | K2: =3*H2^(1/3) -> 4.7622032
B3: data: | C3: 26.04.2025
A5: Punkty | B5: Miejsce Place | C5: Nazwisko Imię Name | D5: Klub Club(s) | E5: Okręg Division | F5: Państwo Country | H5: Miejsce | I5: Punkty za miejsce | J5: awans do kolejnej rundy pucharowej | K5: bonus za rundy pucharowe | L5: punkty za podium | M5: Suma
A6: =M6 -> 84.286609 | B6: =IF(H6>$H$2,"",(ROW()-5)) -> 1 | C6: DROBIŃSKI Leszek | D6: ŚAS WARTA ŚREM | F6: POL | H6: 1 | I6: =IF(H2=1,50,IF(H6<$H$2+1,($I$2-($I$2-1)*(LOG(H6)/LOG($H$2))),"")) -> 50 | J6: =INT(LOG($H$2,2))-ROUNDUP(LOG(H6,2),0)+IF(OR($H$2=1,$H$2=2,$H$2=4,$H$2=8,$H$2=16,$H$2=32,$H$2=64,$H$2=128,$H$2=256),0,1) -> 2 | K6: =J6*$J$2 -> 20 | L6: =3*K2 -> 14.286609 | M6: =IF(I6<>"",K6+I6+L6,0) -> 84.286609
A7: =M7 -> 45.024406 | B7: =IF(H7>$H$2,"",(ROW()-5)) -> 2 | C7: ŻUKOWSKI Wojciech | D7: SZCZECIŃSKA SZKOŁA SZERMIERCZA | F7: POL | H7: 2 | I7: =IF(H7<$H$2+1,($I$2-($I$2-1)*(LOG(H7)/LOG($H$2))),"") -> 25.5 | J7: =INT(LOG($H$2,2))-ROUNDUP(LOG(H7,2),0)+IF(OR($H$2=1,$H$2=2,$H$2=4,$H$2=8,$H$2=16,$H$2=32,$H$2=64,$H$2=128,$H$2=256),0,1) -> 1 | K7: =J7*$J$2 -> 10 | L7: =2*K2 -> 9.5244063 | M7: =IF(I7<>"",K7+I7+L7,0) -> 45.024406
A8: =M8 -> 15.930622 | B8: =IF(H8>$H$2,"",(ROW()-5)) -> 3 | C8: PILUTKIEWICZ Igor | D8: KLUB SZERMIERCZY WARSZAWIANKA | F8: POL | H8: 3 | I8: =IF(H8<$H$2+1,($I$2-($I$2-1)*(LOG(H8)/LOG($H$2))),"") -> 11.168419 | J8: =INT(LOG($H$2,2))-ROUNDUP(LOG(H8,2),0)+IF(OR($H$2=1,$H$2=2,$H$2=4,$H$2=8,$H$2=16,$H$2=32,$H$2=64,$H$2=128,$H$2=256),0,1) -> 0 | K8: =J8*$J$2 -> 0 | L8: =K2 -> 4.7622032 | M8: =IF(I8<>"",K8+I8+L8,0) -> 15.930622
A9: =M9 -> 1 | B9: =IF(H9>$H$2,"",(ROW()-5)) -> 4 | C9: WIERZBICKI Jacek | D9: AZS POLITECHNIKA OPOLSKA | F9: POL | H9: 4 | I9: =IF(H9<$H$2+1,($I$2-($I$2-1)*(LOG(H9)/LOG($H$2))),"") -> 1 | J9: =INT(LOG($H$2,2))-ROUNDUP(LOG(H9,2),0)+IF(OR($H$2=1,$H$2=2,$H$2=4,$H$2=8,$H$2=16,$H$2=32,$H$2=64,$H$2=128,$H$2=256),0,1) -> 0 | K9: =J9*$J$2 -> 0 | M9: =IF(I9<>"",K9+I9+L9,0) -> 1 | AH9: x | AI9: 23
A10: =M10 -> 0 | B10: =IF(H10>$H$2,"",(ROW()-5)) | H10: 5 | I10: =IF(H10<$H$2+1,($I$2-($I$2-1)*(LOG(H10)/LOG($H$2))),"") | J10: =INT(LOG($H$2,2))-ROUNDUP(LOG(H10,2),0)+IF(OR($H$2=1,$H$2=2,$H$2=4,$H$2=8,$H$2=16,$H$2=32,$H$2=64,$H$2=128,$H$2=256),0,1) -> -1 | K10: =J10*$J$2 -> -10 | M10: =IF(I10<>"",K10+I10+L10,0) -> 0 | AH10: N | AI10: 45
A11: 61.946936 | B11: 2k1 | C11: WASIOŁKA Sebastian | H11: 6 | I11: =IF(H11<$H$2+1,($I$2-($I$2-1)*(LOG(H11)/LOG($H$2))),"") | J11: =INT(LOG($H$2,2))-ROUNDUP(LOG(H11,2),0)+IF(OR($H$2=1,$H$2=2,$H$2=4,$H$2=8,$H$2=16,$H$2=32,$H$2=64,$H$2=128,$H$2=256),0,1) -> -1 | K11: =J11*$J$2 -> -10 | M11: =IF(I11<>"",K11+I11+L11,0) -> 0 | AH11: MP | AI11: 50
A12: =M12 -> 0 | B12: =IF(H12>$H$2,"",(ROW()-5)) | H12: 7 | I12: =IF(H12<$H$2+1,($I$2-($I$2-1)*(LOG(H12)/LOG($H$2))),"") | J12: =INT(LOG($H$2,2))-ROUNDUP(LOG(H12,2),0)+IF(OR($H$2=1,$H$2=2,$H$2=4,$H$2=8,$H$2=16,$H$2=32,$H$2=64,$H$2=128,$H$2=256),0,1) -> -1 | K12: =J12*$J$2 -> -10 | M12: =IF(I12<>"",K12+I12+L12,0) -> 0 | AH12: MP-1 | AI12: =AI11-1 -> 49
A13: =M13 -> 0 | B13: =IF(H13>$H$2,"",(ROW()-5)) | H13: 8 | I13: =IF(H13<$H$2+1,($I$2-($I$2-1)*(LOG(H13)/LOG($H$2))),"") | J13: =INT(LOG($H$2,2))-ROUNDUP(LOG(H13,2),0)+IF(OR($H$2=1,$H$2=2,$H$2=4,$H$2=8,$H$2=16,$H$2=32,$H$2=64,$H$2=128,$H$2=256),0,1) -> -1 | K13: =J13*$J$2 -> -10 | M13: =IF(I13<>"",K13+I13+L13,0) -> 0 | AH13: log(x) | AI13: =LOG(AI9) -> 1.3617278
A14: =M14 -> 0 | B14: =IF(H14>$H$2,"",(ROW()-5)) | H14: 9 | I14: =IF(H14<$H$2+1,($I$2-($I$2-1)*(LOG(H14)/LOG($H$2))),"") | J14: =INT(LOG($H$2,2))-ROUNDUP(LOG(H14,2),0)+IF(OR($H$2=1,$H$2=2,$H$2=4,$H$2=8,$H$2=16,$H$2=32,$H$2=64,$H$2=128,$H$2=256),0,1) -> -2 | K14: =J14*$J$2 -> -20 | M14: =IF(I14<>"",K14+I14+L14,0) -> 0 | AH14: Log(N) | AI14: =LOG(AI10) -> 1.6532125
A15: =M15 -> 0 | B15: =IF(H15>$H$2,"",(ROW()-5)) | H15: 10 | I15: =IF(H15<$H$2+1,($I$2-($I$2-1)*(LOG(H15)/LOG($H$2))),"") | J15: =INT(LOG($H$2,2))-ROUNDUP(LOG(H15,2),0)+IF(OR($H$2=1,$H$2=2,$H$2=4,$H$2=8,$H$2=16,$H$2=32,$H$2=64,$H$2=128,$H$2=256),0,1) -> -2 | K15: =J15*$J$2 -> -20 | M15: =IF(I15<>"",K15+I15+L15,0) -> 0
A16: =M16 -> 0 | B16: =IF(H16>$H$2,"",(ROW()-5)) | H16: 11 | I16: =IF(H16<$H$2+1,($I$2-($I$2-1)*(LOG(H16)/LOG($H$2))),"") | J16: =INT(LOG($H$2,2))-ROUNDUP(LOG(H16,2),0)+IF(OR($H$2=1,$H$2=2,$H$2=4,$H$2=8,$H$2=16,$H$2=32,$H$2=64,$H$2=128,$H$2=256),0,1) -> -2 | K16: =J16*$J$2 -> -20 | M16: =IF(I16<>"",K16+I16+L16,0) -> 0 | AH16: MP - (MP-1)*LOG(x)/LOG(N) | AI16: =AI11-AI12*AI13/AI14 -> 9.6393909 | AJ16: points
A17: =M17 -> 0 | B17: =IF(H17>$H$2,"",(ROW()-5)) | H17: 12 | I17: =IF(H17<$H$2+1,($I$2-($I$2-1)*(LOG(H17)/LOG($H$2))),"") | J17: =INT(LOG($H$2,2))-ROUNDUP(LOG(H17,2),0)+IF(OR($H$2=1,$H$2=2,$H$2=4,$H$2=8,$H$2=16,$H$2=32,$H$2=64,$H$2=128,$H$2=256),0,1) -> -2 | K17: =J17*$J$2 -> -20 | M17: =IF(I17<>"",K17+I17+L17,0) -> 0
A18: =M18 -> 0 | B18: =IF(H18>$H$2,"",(ROW()-5)) | H18: 13 | I18: =IF(H18<$H$2+1,($I$2-($I$2-1)*(LOG(H18)/LOG($H$2))),"") | J18: =INT(LOG($H$2,2))-ROUNDUP(LOG(H18,2),0)+IF(OR($H$2=1,$H$2=2,$H$2=4,$H$2=8,$H$2=16,$H$2=32,$H$2=64,$H$2=128,$H$2=256),0,1) -> -2 | K18: =J18*$J$2 -> -20 | M18: =IF(I18<>"",K18+I18+L18,0) -> 0
A19: =M19 -> 0 | B19: =IF(H19>$H$2,"",(ROW()-5)) | H19: 14 | I19: =IF(H19<$H$2+1,($I$2-($I$2-1)*(LOG(H19)/LOG($H$2))),"") | J19: =INT(LOG($H$2,2))-ROUNDUP(LOG(H19,2),0)+IF(OR($H$2=1,$H$2=2,$H$2=4,$H$2=8,$H$2=16,$H$2=32,$H$2=64,$H$2=128,$H$2=256),0,1) -> -2 | K19: =J19*$J$2 -> -20 | M19: =IF(I19<>"",K19+I19+L19,0) -> 0
A20: =M20 -> 0 | B20: =IF(H20>$H$2,"",(ROW()-5)) | H20: 15 | I20: =IF(H20<$H$2+1,($I$2-($I$2-1)*(LOG(H20)/LOG($H$2))),"") | J20: =INT(LOG($H$2,2))-ROUNDUP(LOG(H20,2),0)+IF(OR($H$2=1,$H$2=2,$H$2=4,$H$2=8,$H$2=16,$H$2=32,$H$2=64,$H$2=128,$H$2=256),0,1) -> -2 | K20: =J20*$J$2 -> -20 | M20: =IF(I20<>"",K20+I20+L20,0) -> 0
A21: =M21 -> 0 | B21: =IF(H21>$H$2,"",(ROW()-5)) | H21: 16 | I21: =IF(H21<$H$2+1,($I$2-($I$2-1)*(LOG(H21)/LOG($H$2))),"") | J21: =INT(LOG($H$2,2))-ROUNDUP(LOG(H21,2),0)+IF(OR($H$2=1,$H$2=2,$H$2=4,$H$2=8,$H$2=16,$H$2=32,$H$2=64,$H$2=128,$H$2=256),0,1) -> -2 | K21: =J21*$J$2 -> -20 | M21: =IF(I21<>"",K21+I21+L21,0) -> 0
A22: =M22 -> 0 | B22: =IF(H22>$H$2,"",(ROW()-5)) | H22: 17 | I22: =IF(H22<$H$2+1,($I$2-($I$2-1)*(LOG(H22)/LOG($H$2))),"") | J22: =INT(LOG($H$2,2))-ROUNDUP(LOG(H22,2),0)+IF(OR($H$2=1,$H$2=2,$H$2=4,$H$2=8,$H$2=16,$H$2=32,$H$2=64,$H$2=128,$H$2=256),0,1) -> -3 | K22: =J22*$J$2 -> -30 | M22: =IF(I22<>"",K22+I22+L22,0) -> 0
A23: =M23 -> 0 | B23: =IF(H23>$H$2,"",(ROW()-5)) | H23: 18 | I23: =IF(H23<$H$2+1,($I$2-($I$2-1)*(LOG(H23)/LOG($H$2))),"") | J23: =INT(LOG($H$2,2))-ROUNDUP(LOG(H23,2),0)+IF(OR($H$2=1,$H$2=2,$H$2=4,$H$2=8,$H$2=16,$H$2=32,$H$2=64,$H$2=128,$H$2=256),0,1) -> -3 | K23: =J23*$J$2 -> -30 | M23: =IF(I23<>"",K23+I23+L23,0) -> 0
A24: =M24 -> 0 | B24: =IF(H24>$H$2,"",(ROW()-5)) | H24: 19 | I24: =IF(H24<$H$2+1,($I$2-($I$2-1)*(LOG(H24)/LOG($H$2))),"") | J24: =INT(LOG($H$2,2))-ROUNDUP(LOG(H24,2),0)+IF(OR($H$2=1,$H$2=2,$H$2=4,$H$2=8,$H$2=16,$H$2=32,$H$2=64,$H$2=128,$H$2=256),0,1) -> -3 | K24: =J24*$J$2 -> -30 | M24: =IF(I24<>"",K24+I24+L24,0) -> 0
A25: =M25 -> 0 | B25: =IF(H25>$H$2,"",(ROW()-5)) | H25: 20 | I25: =IF(H25<$H$2+1,($I$2-($I$2-1)*(LOG(H25)/LOG($H$2))),"") | J25: =INT(LOG($H$2,2))-ROUNDUP(LOG(H25,2),0)+IF(OR($H$2=1,$H$2=2,$H$2=4,$H$2=8,$H$2=16,$H$2=32,$H$2=64,$H$2=128,$H$2=256),0,1) -> -3 | K25: =J25*$J$2 -> -30 | M25: =IF(I25<>"",K25+I25+L25,0) -> 0
A26: =M26 -> 0 | B26: =IF(H26>$H$2,"",(ROW()-5)) | H26: 21 | I26: =IF(H26<$H$2+1,($I$2-($I$2-1)*(LOG(H26)/LOG($H$2))),"") | J26: =INT(LOG($H$2,2))-ROUNDUP(LOG(H26,2),0)+IF(OR($H$2=1,$H$2=2,$H$2=4,$H$2=8,$H$2=16,$H$2=32,$H$2=64,$H$2=128,$H$2=256),0,1) -> -3 | K26: =J26*$J$2 -> -30 | M26: =IF(I26<>"",K26+I26+L26,0) -> 0
A27: =M27 -> 0 | B27: =IF(H27>$H$2,"",(ROW()-5)) | H27: 22 | I27: =IF(H27<$H$2+1,($I$2-($I$2-1)*(LOG(H27)/LOG($H$2))),"") | J27: =INT(LOG($H$2,2))-ROUNDUP(LOG(H27,2),0)+IF(OR($H$2=1,$H$2=2,$H$2=4,$H$2=8,$H$2=16,$H$2=32,$H$2=64,$H$2=128,$H$2=256),0,1) -> -3 | K27: =J27*$J$2 -> -30 | M27: =IF(I27<>"",K27+I27+L27,0) -> 0
A28: =M28 -> 0 | B28: =IF(H28>$H$2,"",(ROW()-5)) | H28: 23 | I28: =IF(H28<$H$2+1,($I$2-($I$2-1)*(LOG(H28)/LOG($H$2))),"") | J28: =INT(LOG($H$2,2))-ROUNDUP(LOG(H28,2),0)+IF(OR($H$2=1,$H$2=2,$H$2=4,$H$2=8,$H$2=16,$H$2=32,$H$2=64,$H$2=128,$H$2=256),0,1) -> -3 | K28: =J28*$J$2 -> -30 | M28: =IF(I28<>"",K28+I28+L28,0) -> 0
... A37: =M37 -> 0 | B37: =IF(H37>$H$2,"",(ROW()-5)) | H37: 32 | I37: =IF(H37<$H$2+1,($I$2-($I$2-1)*(LOG(H37)/LOG($H$2))),"") | J37: =INT(LOG($H$2,2))-ROUNDUP(LOG(H37,2),0)+IF(OR($H$2=1,$H$2=2,$H$2=4,$H$2=8,$H$2=16,$H$2=32,$H$2=64,$H$2=128,$H$2=256),0,1) -> -3 | K37: =J37*$J$2 -> -30 | M37: =IF(I37<>"",K37+I37+L37,0) -> 0
B38: =IF(H38>$H$2,"",(ROW()-5)) | H38: 33 | I38: =IF(H38<$H$2+1,($I$2-($I$2-1)*(LOG(H38)/LOG($H$2))),"") | J38: =INT(LOG($H$2,2))-ROUNDUP(LOG(H38,2),0)+IF(OR($H$2=1,$H$2=2,$H$2=4,$H$2=8,$H$2=16,$H$2=32,$H$2=64,$H$2=128,$H$2=256),0,1) -> -4 | K38: =J38*$J$2 -> -40 | M38: =IF(I38<>"",K38+I38+L38,0) -> 0
B39: =IF(H39>$H$2,"",(ROW()-5)) | H39: 34 | I39: =IF(H39<$H$2+1,($I$2-($I$2-1)*(LOG(H39)/LOG($H$2))),"") | J39: =INT(LOG($H$2,2))-ROUNDUP(LOG(H39,2),0)+IF(OR($H$2=1,$H$2=2,$H$2=4,$H$2=8,$H$2=16,$H$2=32,$H$2=64,$H$2=128,$H$2=256),0,1) -> -4 | K39: =J39*$J$2 -> -40 | M39: =IF(I39<>"",K39+I39+L39,0) -> 0
B40: =IF(H40>$H$2,"",(ROW()-5)) | H40: 35 | I40: =IF(H40<$H$2+1,($I$2-($I$2-1)*(LOG(H40)/LOG($H$2))),"") | J40: =INT(LOG($H$2,2))-ROUNDUP(LOG(H40,2),0)+IF(OR($H$2=1,$H$2=2,$H$2=4,$H$2=8,$H$2=16,$H$2=32,$H$2=64,$H$2=128,$H$2=256),0,1) -> -4 | K40: =J40*$J$2 -> -40 | M40: =IF(I40<>"",K40+I40+L40,0) -> 0
B41: =IF(H41>$H$2,"",(ROW()-5)) | H41: 36 | I41: =IF(H41<$H$2+1,($I$2-($I$2-1)*(LOG(H41)/LOG($H$2))),"") | J41: =INT(LOG($H$2,2))-ROUNDUP(LOG(H41,2),0)+IF(OR($H$2=1,$H$2=2,$H$2=4,$H$2=8,$H$2=16,$H$2=32,$H$2=64,$H$2=128,$H$2=256),0,1) -> -4 | K41: =J41*$J$2 -> -40 | M41: =IF(I41<>"",K41+I41+L41,0) -> 0
B42: =IF(H42>$H$2,"",(ROW()-5)) | H42: 37 | I42: =IF(H42<$H$2+1,($I$2-($I$2-1)*(LOG(H42)/LOG($H$2))),"") | J42: =INT(LOG($H$2,2))-ROUNDUP(LOG(H42,2),0)+IF(OR($H$2=1,$H$2=2,$H$2=4,$H$2=8,$H$2=16,$H$2=32,$H$2=64,$H$2=128,$H$2=256),0,1) -> -4 | K42: =J42*$J$2 -> -40 | M42: =IF(I42<>"",K42+I42+L42,0) -> 0
B43: =IF(H43>$H$2,"",(ROW()-5)) | H43: 38 | I43: =IF(H43<$H$2+1,($I$2-($I$2-1)*(LOG(H43)/LOG($H$2))),"") | J43: =INT(LOG($H$2,2))-ROUNDUP(LOG(H43,2),0)+IF(OR($H$2=1,$H$2=2,$H$2=4,$H$2=8,$H$2=16,$H$2=32,$H$2=64,$H$2=128,$H$2=256),0,1) -> -4 | K43: =J43*$J$2 -> -40 | M43: =IF(I43<>"",K43+I43+L43,0) -> 0
B44: =IF(H44>$H$2,"",(ROW()-5)) | H44: 39 | I44: =IF(H44<$H$2+1,($I$2-($I$2-1)*(LOG(H44)/LOG($H$2))),"") | J44: =INT(LOG($H$2,2))-ROUNDUP(LOG(H44,2),0)+IF(OR($H$2=1,$H$2=2,$H$2=4,$H$2=8,$H$2=16,$H$2=32,$H$2=64,$H$2=128,$H$2=256),0,1) -> -4 | K44: =J44*$J$2 -> -40 | M44: =IF(I44<>"",K44+I44+L44,0) -> 0
B45: =IF(H45>$H$2,"",(ROW()-5)) | H45: 40 | I45: =IF(H45<$H$2+1,($I$2-($I$2-1)*(LOG(H45)/LOG($H$2))),"") | J45: =INT(LOG($H$2,2))-ROUNDUP(LOG(H45,2),0)+IF(OR($H$2=1,$H$2=2,$H$2=4,$H$2=8,$H$2=16,$H$2=32,$H$2=64,$H$2=128,$H$2=256),0,1) -> -4 | K45: =J45*$J$2 -> -40 | M45: =IF(I45<>"",K45+I45+L45,0) -> 0
B46: =IF(H46>$H$2,"",(ROW()-5)) | H46: 41 | I46: =IF(H46<$H$2+1,($I$2-($I$2-1)*(LOG(H46)/LOG($H$2))),"") | J46: =INT(LOG($H$2,2))-ROUNDUP(LOG(H46,2),0)+IF(OR($H$2=1,$H$2=2,$H$2=4,$H$2=8,$H$2=16,$H$2=32,$H$2=64,$H$2=128,$H$2=256),0,1) -> -4 | K46: =J46*$J$2 -> -40 | M46: =IF(I46<>"",K46+I46+L46,0) -> 0 | R46: =LOG($H$2,2) -> 2 | T46: =LOG(H38,2) -> 5.0443941 | U46: =R46-T46 -> -3.0443941
B47: =IF(H47>$H$2,"",(ROW()-5)) | H47: 42 | I47: =IF(H47<$H$2+1,($I$2-($I$2-1)*(LOG(H47)/LOG($H$2))),"") | J47: =INT(LOG($H$2,2))-ROUNDUP(LOG(H47,2),0)+IF(OR($H$2=1,$H$2=2,$H$2=4,$H$2=8,$H$2=16,$H$2=32,$H$2=64,$H$2=128,$H$2=256),0,1) -> -4 | K47: =J47*$J$2 -> -40 | M47: =IF(I47<>"",K47+I47+L47,0) -> 0
B48: =IF(H48>$H$2,"",(ROW()-5)) | H48: 43 | I48: =IF(H48<$H$2+1,($I$2-($I$2-1)*(LOG(H48)/LOG($H$2))),"") | J48: =INT(LOG($H$2,2))-ROUNDUP(LOG(H48,2),0)+IF(OR($H$2=1,$H$2=2,$H$2=4,$H$2=8,$H$2=16,$H$2=32,$H$2=64,$H$2=128,$H$2=256),0,1) -> -4 | K48: =J48*$J$2 -> -40 | M48: =IF(I48<>"",K48+I48+L48,0) -> 0
B49: =IF(H49>$H$2,"",(ROW()-5)) | H49: 44 | I49: =IF(H49<$H$2+1,($I$2-($I$2-1)*(LOG(H49)/LOG($H$2))),"") | J49: =INT(LOG($H$2,2))-ROUNDUP(LOG(H49,2),0)+IF(OR($H$2=1,$H$2=2,$H$2=4,$H$2=8,$H$2=16,$H$2=32,$H$2=64,$H$2=128,$H$2=256),0,1) -> -4 | K49: =J49*$J$2 -> -40 | M49: =IF(I49<>"",K49+I49+L49,0) -> 0
B50: =IF(H50>$H$2,"",(ROW()-5)) | H50: 45 | I50: =IF(H50<$H$2+1,($I$2-($I$2-1)*(LOG(H50)/LOG($H$2))),"") | J50: =INT(LOG($H$2,2))-ROUNDUP(LOG(H50,2),0)+IF(OR($H$2=1,$H$2=2,$H$2=4,$H$2=8,$H$2=16,$H$2=32,$H$2=64,$H$2=128,$H$2=256),0,1) -> -4 | K50: =J50*$J$2 -> -40 | M50: =IF(I50<>"",K50+I50+L50,0) -> 0
B51: =IF(H51>$H$2,"",(ROW()-5)) | H51: 46 | I51: =IF(H51<$H$2+1,($I$2-($I$2-1)*(LOG(H51)/LOG($H$2))),"") | J51: =INT(LOG($H$2,2))-ROUNDUP(LOG(H51,2),0)+IF(OR($H$2=1,$H$2=2,$H$2=4,$H$2=8,$H$2=16,$H$2=32,$H$2=64,$H$2=128,$H$2=256),0,1) -> -4 | K51: =J51*$J$2 -> -40 | M51: =IF(I51<>"",K51+I51+L51,0) -> 0
B52: =IF(H52>$H$2,"",(ROW()-5)) | H52: 47 | I52: =IF(H52<$H$2+1,($I$2-($I$2-1)*(LOG(H52)/LOG($H$2))),"") | J52: =INT(LOG($H$2,2))-ROUNDUP(LOG(H52,2),0)+IF(OR($H$2=1,$H$2=2,$H$2=4,$H$2=8,$H$2=16,$H$2=32,$H$2=64,$H$2=128,$H$2=256),0,1) -> -4 | K52: =J52*$J$2 -> -40 | M52: =IF(I52<>"",K52+I52+L52,0) -> 0
B53: =IF(H53>$H$2,"",(ROW()-5)) | H53: 48 | I53: =IF(H53<$H$2+1,($I$2-($I$2-1)*(LOG(H53)/LOG($H$2))),"") | J53: =INT(LOG($H$2,2))-ROUNDUP(LOG(H53,2),0)+IF(OR($H$2=1,$H$2=2,$H$2=4,$H$2=8,$H$2=16,$H$2=32,$H$2=64,$H$2=128,$H$2=256),0,1) -> -4 | K53: =J53*$J$2 -> -40 | M53: =IF(I53<>"",K53+I53+L53,0) -> 0
B54: =IF(H54>$H$2,"",(ROW()-5)) | H54: 49 | I54: =IF(H54<$H$2+1,($I$2-($I$2-1)*(LOG(H54)/LOG($H$2))),"") | J54: =INT(LOG($H$2,2))-ROUNDUP(LOG(H54,2),0)+IF(OR($H$2=1,$H$2=2,$H$2=4,$H$2=8,$H$2=16,$H$2=32,$H$2=64,$H$2=128,$H$2=256),0,1) -> -4 | K54: =J54*$J$2 -> -40 | M54: =IF(I54<>"",K54+I54+L54,0) -> 0
B55: =IF(H55>$H$2,"",(ROW()-5)) | H55: 50 | I55: =IF(H55<$H$2+1,($I$2-($I$2-1)*(LOG(H55)/LOG($H$2))),"") | J55: =INT(LOG($H$2,2))-ROUNDUP(LOG(H55,2),0)+IF(OR($H$2=1,$H$2=2,$H$2=4,$H$2=8,$H$2=16,$H$2=32,$H$2=64,$H$2=128,$H$2=256),0,1) -> -4 | K55: =J55*$J$2 -> -40 | M55: =IF(I55<>"",K55+I55+L55,0) -> 0
B56: =IF(H56>$H$2,"",(ROW()-5)) | H56: 51 | I56: =IF(H56<$H$2+1,($I$2-($I$2-1)*(LOG(H56)/LOG($H$2))),"") | J56: =INT(LOG($H$2,2))-ROUNDUP(LOG(H56,2),0)+IF(OR($H$2=1,$H$2=2,$H$2=4,$H$2=8,$H$2=16,$H$2=32,$H$2=64,$H$2=128,$H$2=256),0,1) -> -4 | K56: =J56*$J$2 -> -40 | M56: =IF(I56<>"",K56+I56+L56,0) -> 0
B57: =IF(H57>$H$2,"",(ROW()-5)) | H57: 52 | I57: =IF(H57<$H$2+1,($I$2-($I$2-1)*(LOG(H57)/LOG($H$2))),"") | J57: =INT(LOG($H$2,2))-ROUNDUP(LOG(H57,2),0)+IF(OR($H$2=1,$H$2=2,$H$2=4,$H$2=8,$H$2=16,$H$2=32,$H$2=64,$H$2=128,$H$2=256),0,1) -> -4 | K57: =J57*$J$2 -> -40 | M57: =IF(I57<>"",K57+I57+L57,0) -> 0
B58: =IF(H58>$H$2,"",(ROW()-5)) | H58: 53 | I58: =IF(H58<$H$2+1,($I$2-($I$2-1)*(LOG(H58)/LOG($H$2))),"") | J58: =INT(LOG($H$2,2))-ROUNDUP(LOG(H58,2),0)+IF(OR($H$2=1,$H$2=2,$H$2=4,$H$2=8,$H$2=16,$H$2=32,$H$2=64,$H$2=128,$H$2=256),0,1) -> -4 | K58: =J58*$J$2 -> -40 | M58: =IF(I58<>"",K58+I58+L58,0) -> 0
... B65: =IF(H65>$H$2,"",(ROW()-5)) | H65: 60 | I65: =IF(H65<$H$2+1,($I$2-($I$2-1)*(LOG(H65)/LOG($H$2))),"") | J65: =INT(LOG($H$2,2))-ROUNDUP(LOG(H65,2),0)+IF(OR($H$2=1,$H$2=2,$H$2=4,$H$2=8,$H$2=16,$H$2=32,$H$2=64,$H$2=128,$H$2=256),0,1) -> -4 | K65: =J65*$J$2 -> -40 | M65: =IF(I65<>"",K65+I65+L65,0) -> 0
H66: 61 | I66: =IF(H66<$H$2+1,($I$2-($I$2-1)*(LOG(H66)/LOG($H$2))),"") | J66: =INT(LOG($H$2,2))-ROUNDUP(LOG(H66,2),0)+IF(OR($H$2=1,$H$2=2,$H$2=4,$H$2=8,$H$2=16,$H$2=32,$H$2=64,$H$2=128,$H$2=256),0,1) -> -4 | K66: =J66*$J$2 -> -40 | M66: =IF(I66<>"",K66+I66+L66,0) -> 0
H67: 62 | I67: =IF(H67<$H$2+1,($I$2-($I$2-1)*(LOG(H67)/LOG($H$2))),"") | J67: =INT(LOG($H$2,2))-ROUNDUP(LOG(H67,2),0)+IF(OR($H$2=1,$H$2=2,$H$2=4,$H$2=8,$H$2=16,$H$2=32,$H$2=64,$H$2=128,$H$2=256),0,1) -> -4 | K67: =J67*$J$2 -> -40 | M67: =IF(I67<>"",K67+I67+L67,0) -> 0
H68: 63 | I68: =IF(H68<$H$2+1,($I$2-($I$2-1)*(LOG(H68)/LOG($H$2))),"") | J68: =INT(LOG($H$2,2))-ROUNDUP(LOG(H68,2),0)+IF(OR($H$2=1,$H$2=2,$H$2=4,$H$2=8,$H$2=16,$H$2=32,$H$2=64,$H$2=128,$H$2=256),0,1) -> -4 | K68: =J68*$J$2 -> -40 | M68: =IF(I68<>"",K68+I68+L68,0) -> 0
H69: 64 | I69: =IF(H69<$H$2+1,($I$2-($I$2-1)*(LOG(H69)/LOG($H$2))),"") | J69: =INT(LOG($H$2,2))-ROUNDUP(LOG(H69,2),0)+IF(OR($H$2=1,$H$2=2,$H$2=4,$H$2=8,$H$2=16,$H$2=32,$H$2=64,$H$2=128,$H$2=256),0,1) -> -4 | K69: =J69*$J$2 -> -40 | M69: =IF(I69<>"",K69+I69+L69,0) -> 0
H70: 65 | I70: =IF(H70<$H$2+1,($I$2-($I$2-1)*(LOG(H70)/LOG($H$2))),"") | J70: =INT(LOG($H$2,2))-ROUNDUP(LOG(H70,2),0)+IF(OR($H$2=1,$H$2=2,$H$2=4,$H$2=8,$H$2=16,$H$2=32,$H$2=64,$H$2=128,$H$2=256),0,1) -> -5 | K70: =J70*$J$2 -> -50 | M70: =IF(I70<>"",K70+I70+L70,0) -> 0
H71: 66 | I71: =IF(H71<$H$2+1,($I$2-($I$2-1)*(LOG(H71)/LOG($H$2))),"") | J71: =INT(LOG($H$2,2))-ROUNDUP(LOG(H71,2),0)+IF(OR($H$2=1,$H$2=2,$H$2=4,$H$2=8,$H$2=16,$H$2=32,$H$2=64,$H$2=128,$H$2=256),0,1) -> -5 | K71: =J71*$J$2 -> -50 | M71: =IF(I71<>"",K71+I71+L71,0) -> 0
H72: 67 | I72: =IF(H72<$H$2+1,($I$2-($I$2-1)*(LOG(H72)/LOG($H$2))),"") | J72: =INT(LOG($H$2,2))-ROUNDUP(LOG(H72,2),0)+IF(OR($H$2=1,$H$2=2,$H$2=4,$H$2=8,$H$2=16,$H$2=32,$H$2=64,$H$2=128,$H$2=256),0,1) -> -5 | K72: =J72*$J$2 -> -50 | M72: =IF(I72<>"",K72+I72+L72,0) -> 0
H73: 68 | I73: =IF(H73<$H$2+1,($I$2-($I$2-1)*(LOG(H73)/LOG($H$2))),"") | J73: =INT(LOG($H$2,2))-ROUNDUP(LOG(H73,2),0)+IF(OR($H$2=1,$H$2=2,$H$2=4,$H$2=8,$H$2=16,$H$2=32,$H$2=64,$H$2=128,$H$2=256),0,1) -> -5 | K73: =J73*$J$2 -> -50 | M73: =IF(I73<>"",K73+I73+L73,0) -> 0
H74: 69 | I74: =IF(H74<$H$2+1,($I$2-($I$2-1)*(LOG(H74)/LOG($H$2))),"") | J74: =INT(LOG($H$2,2))-ROUNDUP(LOG(H74,2),0)+IF(OR($H$2=1,$H$2=2,$H$2=4,$H$2=8,$H$2=16,$H$2=32,$H$2=64,$H$2=128,$H$2=256),0,1) -> -5 | K74: =J74*$J$2 -> -50 | M74: =IF(I74<>"",K74+I74+L74,0) -> 0
H75: 70 | I75: =IF(H75<$H$2+1,($I$2-($I$2-1)*(LOG(H75)/LOG($H$2))),"") | J75: =INT(LOG($H$2,2))-ROUNDUP(LOG(H75,2),0)+IF(OR($H$2=1,$H$2=2,$H$2=4,$H$2=8,$H$2=16,$H$2=32,$H$2=64,$H$2=128,$H$2=256),0,1) -> -5 | K75: =J75*$J$2 -> -50 | M75: =IF(I75<>"",K75+I75+L75,0) -> 0
H76: 71 | I76: =IF(H76<$H$2+1,($I$2-($I$2-1)*(LOG(H76)/LOG($H$2))),"") | J76: =INT(LOG($H$2,2))-ROUNDUP(LOG(H76,2),0)+IF(OR($H$2=1,$H$2=2,$H$2=4,$H$2=8,$H$2=16,$H$2=32,$H$2=64,$H$2=128,$H$2=256),0,1) -> -5 | K76: =J76*$J$2 -> -50 | M76: =IF(I76<>"",K76+I76+L76,0) -> 0
H77: 72 | I77: =IF(H77<$H$2+1,($I$2-($I$2-1)*(LOG(H77)/LOG($H$2))),"") | J77: =INT(LOG($H$2,2))-ROUNDUP(LOG(H77,2),0)+IF(OR($H$2=1,$H$2=2,$H$2=4,$H$2=8,$H$2=16,$H$2=32,$H$2=64,$H$2=128,$H$2=256),0,1) -> -5 | K77: =J77*$J$2 -> -50 | M77: =IF(I77<>"",K77+I77+L77,0) -> 0
... H305: 300 | I305: =IF(H305<$H$2+1,($I$2-($I$2-1)*(LOG(H305)/LOG($H$2))),"") | J305: =INT(LOG($H$2,2))-ROUNDUP(LOG(H305,2),0)+IF(OR($H$2=1,$H$2=2,$H$2=4,$H$2=8,$H$2=16,$H$2=32,$H$2=64,$H$2=128,$H$2=256),0,1) -> -7 | K305: =J305*$J$2 -> -70 | M305: =IF(I305<>"",K305+I305+L305,0) -> 0

Sheet MPW
H1: Liczba uczestników: | I1: GP Punkty | J1: Bonus za rundę | K1: Podium | L1: Współczynnik MPW
B2: miejsce: | C2: PABIANICE | H2: 6 | I2: 50 | J2: 10 | K2: =3*H2^(1/3) -> 5.4513618 | L2: =1.2 -> 1.2
B3: data: | C3: 7.06.2025
A5: Punkty | B5: Miejsce Place | C5: Nazwisko Imię Name | D5: Klub Club(s) | E5: Okręg Division | F5: Państwo Country | H5: Miejsce | I5: Punkty za miejsce | J5: liczba wygranych walk pucharowych | K5: bonus z rundy pucharowej | L5: punkty za podium | M5: Suma | N5: Punkty MPW
A6: =N6 -> 115.6249 | B6: 1 | C6: ZIELIŃSKI Dariusz | D6: Stowarzyszenie Polskich Weteranów Szermierki | E6: POL | F6: POL | H6: 1 | I6: =IF(H2=1,50,IF(H6<$H$2+1,($I$2-($I$2-1)*(LOG(H6)/LOG($H$2))),"")) -> 50 | J6: =INT(LOG($H$2,2))-ROUNDUP(LOG(H6,2),0)+IF(OR($H$2=1,$H$2=2,$H$2=4,$H$2=8,$H$2=16,$H$2=32,$H$2=64,$H$2=128,$H$2=256),0,1) -> 3 | K6: =J6*$J$2 -> 30 | L6: =3*K2 -> 16.354085 | M6: =IF(I6<>"",K6+I6+L6,0) -> 96.354085 | N6: =IF(I6<>"",M6*L$2,0) -> 115.6249
A7: =N7 -> 74.336323 | B7: 2 | C7: JENDRYŚ Marek | D7: Piast Gliwice | E7: POL | F7: POL | H7: 2 | I7: =IF(H7<$H$2+1,($I$2-($I$2-1)*(LOG(H7)/LOG($H$2))),"") -> 31.044212 | J7: =INT(LOG($H$2,2))-ROUNDUP(LOG(H7,2),0)+IF(OR($H$2=1,$H$2=2,$H$2=4,$H$2=8,$H$2=16,$H$2=32,$H$2=64,$H$2=128,$H$2=256),0,1) -> 2 | K7: =J7*$J$2 -> 20 | L7: =2*K2 -> 10.902724 | M7: =IF(I7<>"",K7+I7+L7,0) -> 61.946936 | N7: =IF(I7<>"",M7*L$2,0) -> 74.336323
A8: =N8 -> 42.488579 | B8: 3 | C8: WOJTAS Bogusław | D8: KKS Kraków | E8: POL | F8: POL | H8: 3 | I8: =IF(H8<$H$2+1,($I$2-($I$2-1)*(LOG(H8)/LOG($H$2))),"") -> 19.955788 | J8: =INT(LOG($H$2,2))-ROUNDUP(LOG(H8,2),0)+IF(OR($H$2=1,$H$2=2,$H$2=4,$H$2=8,$H$2=16,$H$2=32,$H$2=64,$H$2=128,$H$2=256),0,1) -> 1 | K8: =J8*$J$2 -> 10 | L8: =K2 -> 5.4513618 | M8: =IF(I8<>"",K8+I8+L8,0) -> 35.407149 | N8: =IF(I8<>"",M8*L$2,0) -> 42.488579
A9: =N9 -> 26.50611 | B9: 4 | C9: ŻUKOWSKI Wojciech | D9: Szczecińska Szkoła Szermiercza | E9: POL | F9: POL | H9: 4 | I9: =IF(H9<$H$2+1,($I$2-($I$2-1)*(LOG(H9)/LOG($H$2))),"") -> 12.088425 | J9: =INT(LOG($H$2,2))-ROUNDUP(LOG(H9,2),0)+IF(OR($H$2=1,$H$2=2,$H$2=4,$H$2=8,$H$2=16,$H$2=32,$H$2=64,$H$2=128,$H$2=256),0,1) -> 1 | K9: =J9*$J$2 -> 10 | M9: =IF(I9<>"",K9+I9+L9,0) -> 22.088425 | N9: =IF(I9<>"",M9*L$2,0) -> 26.50611
A10: =N10 -> 7.1832292 | B10: 5 | C10: TRACZ Jerzy | D10: Nauka Szermierki | E10: POL | F10: POL | H10: 5 | I10: =IF(H10<$H$2+1,($I$2-($I$2-1)*(LOG(H10)/LOG($H$2))),"") -> 5.9860243 | J10: =INT(LOG($H$2,2))-ROUNDUP(LOG(H10,2),0)+IF(OR($H$2=1,$H$2=2,$H$2=4,$H$2=8,$H$2=16,$H$2=32,$H$2=64,$H$2=128,$H$2=256),0,1) -> 0 | K10: =J10*$J$2 -> 0 | M10: =IF(I10<>"",K10+I10+L10,0) -> 5.9860243 | N10: =IF(I10<>"",M10*L$2,0) -> 7.1832292
A11: =N11 -> 1.2 | B11: 6 | C11: PARDUS Borys | D11: KS Szermierz Łomianki | E11: POL | F11: POL | H11: 6 | I11: =IF(H11<$H$2+1,($I$2-($I$2-1)*(LOG(H11)/LOG($H$2))),"") -> 1 | J11: =INT(LOG($H$2,2))-ROUNDUP(LOG(H11,2),0)+IF(OR($H$2=1,$H$2=2,$H$2=4,$H$2=8,$H$2=16,$H$2=32,$H$2=64,$H$2=128,$H$2=256),0,1) -> 0 | K11: =J11*$J$2 -> 0 | M11: =IF(I11<>"",K11+I11+L11,0) -> 1 | N11: =IF(I11<>"",M11*L$2,0) -> 1.2
A12: =N12 -> 0 | B12: =IF(H12>$H$2,"",(ROW()-5)) | H12: 7 | I12: =IF(H12<$H$2+1,($I$2-($I$2-1)*(LOG(H12)/LOG($H$2))),"") | J12: =INT(LOG($H$2,2))-ROUNDUP(LOG(H12,2),0)+IF(OR($H$2=1,$H$2=2,$H$2=4,$H$2=8,$H$2=16,$H$2=32,$H$2=64,$H$2=128,$H$2=256),0,1) -> 0 | K12: =J12*$J$2 -> 0 | M12: =IF(I12<>"",K12+I12+L12,0) -> 0 | N12: =IF(I12<>"",M12*L$2,0) -> 0
A13: 95.015645 | B13: 2k1 | C13: WASIOŁKA Sebastian | H13: 8 | I13: =IF(H13<$H$2+1,($I$2-($I$2-1)*(LOG(H13)/LOG($H$2))),"") | J13: =INT(LOG($H$2,2))-ROUNDUP(LOG(H13,2),0)+IF(OR($H$2=1,$H$2=2,$H$2=4,$H$2=8,$H$2=16,$H$2=32,$H$2=64,$H$2=128,$H$2=256),0,1) -> 0 | K13: =J13*$J$2 -> 0 | M13: =IF(I13<>"",K13+I13+L13,0) -> 0 | N13: =IF(I13<>"",M13*L$2,0) -> 0
A14: 32.534161 | B14: 5k1 | C14: KORONA Przemysław | H14: 9 | I14: =IF(H14<$H$2+1,($I$2-($I$2-1)*(LOG(H14)/LOG($H$2))),"") | J14: =INT(LOG($H$2,2))-ROUNDUP(LOG(H14,2),0)+IF(OR($H$2=1,$H$2=2,$H$2=4,$H$2=8,$H$2=16,$H$2=32,$H$2=64,$H$2=128,$H$2=256),0,1) -> -1 | K14: =J14*$J$2 -> -10 | M14: =IF(I14<>"",K14+I14+L14,0) -> 0 | N14: =IF(I14<>"",M14*L$2,0) -> 0
A15: =N15 -> 0 | B15: =IF(H15>$H$2,"",(ROW()-5)) | H15: 10 | I15: =IF(H15<$H$2+1,($I$2-($I$2-1)*(LOG(H15)/LOG($H$2))),"") | J15: =INT(LOG($H$2,2))-ROUNDUP(LOG(H15,2),0)+IF(OR($H$2=1,$H$2=2,$H$2=4,$H$2=8,$H$2=16,$H$2=32,$H$2=64,$H$2=128,$H$2=256),0,1) -> -1 | K15: =J15*$J$2 -> -10 | M15: =IF(I15<>"",K15+I15+L15,0) -> 0 | N15: =IF(I15<>"",M15*L$2,0) -> 0
A16: =N16 -> 0 | B16: =IF(H16>$H$2,"",(ROW()-5)) | H16: 11 | I16: =IF(H16<$H$2+1,($I$2-($I$2-1)*(LOG(H16)/LOG($H$2))),"") | J16: =INT(LOG($H$2,2))-ROUNDUP(LOG(H16,2),0)+IF(OR($H$2=1,$H$2=2,$H$2=4,$H$2=8,$H$2=16,$H$2=32,$H$2=64,$H$2=128,$H$2=256),0,1) -> -1 | K16: =J16*$J$2 -> -10 | M16: =IF(I16<>"",K16+I16+L16,0) -> 0 | N16: =IF(I16<>"",M16*L$2,0) -> 0
A17: =N17 -> 0 | B17: =IF(H17>$H$2,"",(ROW()-5)) | H17: 12 | I17: =IF(H17<$H$2+1,($I$2-($I$2-1)*(LOG(H17)/LOG($H$2))),"") | J17: =INT(LOG($H$2,2))-ROUNDUP(LOG(H17,2),0)+IF(OR($H$2=1,$H$2=2,$H$2=4,$H$2=8,$H$2=16,$H$2=32,$H$2=64,$H$2=128,$H$2=256),0,1) -> -1 | K17: =J17*$J$2 -> -10 | M17: =IF(I17<>"",K17+I17+L17,0) -> 0 | N17: =IF(I17<>"",M17*L$2,0) -> 0
A18: =N18 -> 0 | B18: =IF(H18>$H$2,"",(ROW()-5)) | H18: 13 | I18: =IF(H18<$H$2+1,($I$2-($I$2-1)*(LOG(H18)/LOG($H$2))),"") | J18: =INT(LOG($H$2,2))-ROUNDUP(LOG(H18,2),0)+IF(OR($H$2=1,$H$2=2,$H$2=4,$H$2=8,$H$2=16,$H$2=32,$H$2=64,$H$2=128,$H$2=256),0,1) -> -1 | K18: =J18*$J$2 -> -10 | M18: =IF(I18<>"",K18+I18+L18,0) -> 0 | N18: =IF(I18<>"",M18*L$2,0) -> 0
A19: =N19 -> 0 | B19: =IF(H19>$H$2,"",(ROW()-5)) | H19: 14 | I19: =IF(H19<$H$2+1,($I$2-($I$2-1)*(LOG(H19)/LOG($H$2))),"") | J19: =INT(LOG($H$2,2))-ROUNDUP(LOG(H19,2),0)+IF(OR($H$2=1,$H$2=2,$H$2=4,$H$2=8,$H$2=16,$H$2=32,$H$2=64,$H$2=128,$H$2=256),0,1) -> -1 | K19: =J19*$J$2 -> -10 | M19: =IF(I19<>"",K19+I19+L19,0) -> 0 | N19: =IF(I19<>"",M19*L$2,0) -> 0
A20: =N20 -> 0 | B20: =IF(H20>$H$2,"",(ROW()-5)) | H20: 17 | I20: =IF(H20<$H$2+1,($I$2-($I$2-1)*(LOG(H20)/LOG($H$2))),"") | J20: =INT(LOG($H$2,2))-ROUNDUP(LOG(H20,2),0)+IF(OR($H$2=1,$H$2=2,$H$2=4,$H$2=8,$H$2=16,$H$2=32,$H$2=64,$H$2=128,$H$2=256),0,1) -> -2 | K20: =J20*$J$2 -> -20 | M20: =IF(I20<>"",K20+I20+L20,0) -> 0 | N20: =IF(I20<>"",M20*L$2,0) -> 0
A21: =N21 -> 0 | B21: =IF(H21>$H$2,"",(ROW()-5)) | H21: 16 | I21: =IF(H21<$H$2+1,($I$2-($I$2-1)*(LOG(H21)/LOG($H$2))),"") | J21: =INT(LOG($H$2,2))-ROUNDUP(LOG(H21,2),0)+IF(OR($H$2=1,$H$2=2,$H$2=4,$H$2=8,$H$2=16,$H$2=32,$H$2=64,$H$2=128,$H$2=256),0,1) -> -1 | K21: =J21*$J$2 -> -10 | M21: =IF(I21<>"",K21+I21+L21,0) -> 0 | N21: =IF(I21<>"",M21*L$2,0) -> 0
A22: =N22 -> 0 | B22: =IF(H22>$H$2,"",(ROW()-5)) | H22: 17 | I22: =IF(H22<$H$2+1,($I$2-($I$2-1)*(LOG(H22)/LOG($H$2))),"") | J22: =INT(LOG($H$2,2))-ROUNDUP(LOG(H22,2),0)+IF(OR($H$2=1,$H$2=2,$H$2=4,$H$2=8,$H$2=16,$H$2=32,$H$2=64,$H$2=128,$H$2=256),0,1) -> -2 | K22: =J22*$J$2 -> -20 | M22: =IF(I22<>"",K22+I22+L22,0) -> 0 | N22: =IF(I22<>"",M22*L$2,0) -> 0
A23: =N23 -> 0 | B23: =IF(H23>$H$2,"",(ROW()-5)) | H23: 18 | I23: =IF(H23<$H$2+1,($I$2-($I$2-1)*(LOG(H23)/LOG($H$2))),"") | J23: =INT(LOG($H$2,2))-ROUNDUP(LOG(H23,2),0)+IF(OR($H$2=1,$H$2=2,$H$2=4,$H$2=8,$H$2=16,$H$2=32,$H$2=64,$H$2=128,$H$2=256),0,1) -> -2 | K23: =J23*$J$2 -> -20 | M23: =IF(I23<>"",K23+I23+L23,0) -> 0 | N23: =IF(I23<>"",M23*L$2,0) -> 0
A24: =N24 -> 0 | B24: =IF(H24>$H$2,"",(ROW()-5)) | H24: 19 | I24: =IF(H24<$H$2+1,($I$2-($I$2-1)*(LOG(H24)/LOG($H$2))),"") | J24: =INT(LOG($H$2,2))-ROUNDUP(LOG(H24,2),0)+IF(OR($H$2=1,$H$2=2,$H$2=4,$H$2=8,$H$2=16,$H$2=32,$H$2=64,$H$2=128,$H$2=256),0,1) -> -2 | K24: =J24*$J$2 -> -20 | M24: =IF(I24<>"",K24+I24+L24,0) -> 0 | N24: =IF(I24<>"",M24*L$2,0) -> 0
A25: =N25 -> 0 | B25: =IF(H25>$H$2,"",(ROW()-5)) | H25: 20 | I25: =IF(H25<$H$2+1,($I$2-($I$2-1)*(LOG(H25)/LOG($H$2))),"") | J25: =INT(LOG($H$2,2))-ROUNDUP(LOG(H25,2),0)+IF(OR($H$2=1,$H$2=2,$H$2=4,$H$2=8,$H$2=16,$H$2=32,$H$2=64,$H$2=128,$H$2=256),0,1) -> -2 | K25: =J25*$J$2 -> -20 | M25: =IF(I25<>"",K25+I25+L25,0) -> 0 | N25: =IF(I25<>"",M25*L$2,0) -> 0
A26: =N26 -> 0 | B26: =IF(H26>$H$2,"",(ROW()-5)) | H26: 21 | I26: =IF(H26<$H$2+1,($I$2-($I$2-1)*(LOG(H26)/LOG($H$2))),"") | J26: =INT(LOG($H$2,2))-ROUNDUP(LOG(H26,2),0)+IF(OR($H$2=1,$H$2=2,$H$2=4,$H$2=8,$H$2=16,$H$2=32,$H$2=64,$H$2=128,$H$2=256),0,1) -> -2 | K26: =J26*$J$2 -> -20 | M26: =IF(I26<>"",K26+I26+L26,0) -> 0 | N26: =IF(I26<>"",M26*L$2,0) -> 0
... A65: =N65 -> 0 | B65: =IF(H65>$H$2,"",(ROW()-5)) | H65: 60 | I65: =IF(H65<$H$2+1,($I$2-($I$2-1)*(LOG(H65)/LOG($H$2))),"") | J65: =INT(LOG($H$2,2))-ROUNDUP(LOG(H65,2),0)+IF(OR($H$2=1,$H$2=2,$H$2=4,$H$2=8,$H$2=16,$H$2=32,$H$2=64,$H$2=128,$H$2=256),0,1) -> -3 | K65: =J65*$J$2 -> -30 | M65: =IF(I65<>"",K65+I65+L65,0) -> 0 | N65: =IF(I65<>"",M65*L$2,0) -> 0
A66: =N66 -> 0 | H66: 61 | I66: =IF(H66<$H$2+1,($I$2-($I$2-1)*(LOG(H66)/LOG($H$2))),"") | J66: =INT(LOG($H$2,2))-ROUNDUP(LOG(H66,2),0)+IF(OR($H$2=1,$H$2=2,$H$2=4,$H$2=8,$H$2=16,$H$2=32,$H$2=64,$H$2=128,$H$2=256),0,1) -> -3 | K66: =J66*$J$2 -> -30 | M66: =IF(I66<>"",K66+I66+L66,0) -> 0 | N66: =IF(I66<>"",M66*L$2,0) -> 0
A67: =N67 -> 0 | H67: 62 | I67: =IF(H67<$H$2+1,($I$2-($I$2-1)*(LOG(H67)/LOG($H$2))),"") | J67: =INT(LOG($H$2,2))-ROUNDUP(LOG(H67,2),0)+IF(OR($H$2=1,$H$2=2,$H$2=4,$H$2=8,$H$2=16,$H$2=32,$H$2=64,$H$2=128,$H$2=256),0,1) -> -3 | K67: =J67*$J$2 -> -30 | M67: =IF(I67<>"",K67+I67+L67,0) -> 0 | N67: =IF(I67<>"",M67*L$2,0) -> 0
A68: =N68 -> 0 | H68: 63 | I68: =IF(H68<$H$2+1,($I$2-($I$2-1)*(LOG(H68)/LOG($H$2))),"") | J68: =INT(LOG($H$2,2))-ROUNDUP(LOG(H68,2),0)+IF(OR($H$2=1,$H$2=2,$H$2=4,$H$2=8,$H$2=16,$H$2=32,$H$2=64,$H$2=128,$H$2=256),0,1) -> -3 | K68: =J68*$J$2 -> -30 | M68: =IF(I68<>"",K68+I68+L68,0) -> 0 | N68: =IF(I68<>"",M68*L$2,0) -> 0
A69: =N69 -> 0 | H69: 64 | I69: =IF(H69<$H$2+1,($I$2-($I$2-1)*(LOG(H69)/LOG($H$2))),"") | J69: =INT(LOG($H$2,2))-ROUNDUP(LOG(H69,2),0)+IF(OR($H$2=1,$H$2=2,$H$2=4,$H$2=8,$H$2=16,$H$2=32,$H$2=64,$H$2=128,$H$2=256),0,1) -> -3 | K69: =J69*$J$2 -> -30 | M69: =IF(I69<>"",K69+I69+L69,0) -> 0 | N69: =IF(I69<>"",M69*L$2,0) -> 0
A70: =N70 -> 0 | H70: 65 | I70: =IF(H70<$H$2+1,($I$2-($I$2-1)*(LOG(H70)/LOG($H$2))),"") | J70: =INT(LOG($H$2,2))-ROUNDUP(LOG(H70,2),0)+IF(OR($H$2=1,$H$2=2,$H$2=4,$H$2=8,$H$2=16,$H$2=32,$H$2=64,$H$2=128,$H$2=256),0,1) -> -4 | K70: =J70*$J$2 -> -40 | M70: =IF(I70<>"",K70+I70+L70,0) -> 0 | N70: =IF(I70<>"",M70*L$2,0) -> 0
A71: =N71 -> 0 | H71: 66 | I71: =IF(H71<$H$2+1,($I$2-($I$2-1)*(LOG(H71)/LOG($H$2))),"") | J71: =INT(LOG($H$2,2))-ROUNDUP(LOG(H71,2),0)+IF(OR($H$2=1,$H$2=2,$H$2=4,$H$2=8,$H$2=16,$H$2=32,$H$2=64,$H$2=128,$H$2=256),0,1) -> -4 | K71: =J71*$J$2 -> -40 | M71: =IF(I71<>"",K71+I71+L71,0) -> 0 | N71: =IF(I71<>"",M71*L$2,0) -> 0
A72: =N72 -> 0 | H72: 67 | I72: =IF(H72<$H$2+1,($I$2-($I$2-1)*(LOG(H72)/LOG($H$2))),"") | J72: =INT(LOG($H$2,2))-ROUNDUP(LOG(H72,2),0)+IF(OR($H$2=1,$H$2=2,$H$2=4,$H$2=8,$H$2=16,$H$2=32,$H$2=64,$H$2=128,$H$2=256),0,1) -> -4 | K72: =J72*$J$2 -> -40 | M72: =IF(I72<>"",K72+I72+L72,0) -> 0 | N72: =IF(I72<>"",M72*L$2,0) -> 0
A73: =N73 -> 0 | H73: 68 | I73: =IF(H73<$H$2+1,($I$2-($I$2-1)*(LOG(H73)/LOG($H$2))),"") | J73: =INT(LOG($H$2,2))-ROUNDUP(LOG(H73,2),0)+IF(OR($H$2=1,$H$2=2,$H$2=4,$H$2=8,$H$2=16,$H$2=32,$H$2=64,$H$2=128,$H$2=256),0,1) -> -4 | K73: =J73*$J$2 -> -40 | M73: =IF(I73<>"",K73+I73+L73,0) -> 0 | N73: =IF(I73<>"",M73*L$2,0) -> 0
A74: =N74 -> 0 | H74: 69 | I74: =IF(H74<$H$2+1,($I$2-($I$2-1)*(LOG(H74)/LOG($H$2))),"") | J74: =INT(LOG($H$2,2))-ROUNDUP(LOG(H74,2),0)+IF(OR($H$2=1,$H$2=2,$H$2=4,$H$2=8,$H$2=16,$H$2=32,$H$2=64,$H$2=128,$H$2=256),0,1) -> -4 | K74: =J74*$J$2 -> -40 | M74: =IF(I74<>"",K74+I74+L74,0) -> 0 | N74: =IF(I74<>"",M74*L$2,0) -> 0
A75: =N75 -> 0 | H75: 70 | I75: =IF(H75<$H$2+1,($I$2-($I$2-1)*(LOG(H75)/LOG($H$2))),"") | J75: =INT(LOG($H$2,2))-ROUNDUP(LOG(H75,2),0)+IF(OR($H$2=1,$H$2=2,$H$2=4,$H$2=8,$H$2=16,$H$2=32,$H$2=64,$H$2=128,$H$2=256),0,1) -> -4 | K75: =J75*$J$2 -> -40 | M75: =IF(I75<>"",K75+I75+L75,0) -> 0 | N75: =IF(I75<>"",M75*L$2,0) -> 0
A76: =N76 -> 0 | H76: 71 | I76: =IF(H76<$H$2+1,($I$2-($I$2-1)*(LOG(H76)/LOG($H$2))),"") | J76: =INT(LOG($H$2,2))-ROUNDUP(LOG(H76,2),0)+IF(OR($H$2=1,$H$2=2,$H$2=4,$H$2=8,$H$2=16,$H$2=32,$H$2=64,$H$2=128,$H$2=256),0,1) -> -4 | K76: =J76*$J$2 -> -40 | M76: =IF(I76<>"",K76+I76+L76,0) -> 0 | N76: =IF(I76<>"",M76*L$2,0) -> 0
A77: =N77 -> 0 | H77: 72 | I77: =IF(H77<$H$2+1,($I$2-($I$2-1)*(LOG(H77)/LOG($H$2))),"") | J77: =INT(LOG($H$2,2))-ROUNDUP(LOG(H77,2),0)+IF(OR($H$2=1,$H$2=2,$H$2=4,$H$2=8,$H$2=16,$H$2=32,$H$2=64,$H$2=128,$H$2=256),0,1) -> -4 | K77: =J77*$J$2 -> -40 | M77: =IF(I77<>"",K77+I77+L77,0) -> 0 | N77: =IF(I77<>"",M77*L$2,0) -> 0
... A305: =N305 -> 0 | H305: 300 | I305: =IF(H305<$H$2+1,($I$2-($I$2-1)*(LOG(H305)/LOG($H$2))),"") | J305: =INT(LOG($H$2,2))-ROUNDUP(LOG(H305,2),0)+IF(OR($H$2=1,$H$2=2,$H$2=4,$H$2=8,$H$2=16,$H$2=32,$H$2=64,$H$2=128,$H$2=256),0,1) -> -6 | K305: =J305*$J$2 -> -60 | M305: =IF(I305<>"",K305+I305+L305,0) -> 0 | N305: =IF(I305<>"",M305*L$2,0) -> 0
J306: =INT(LOG($H$2,2))-ROUNDUP(LOG(H306,2),0)+IF(OR($H$2=1,$H$2=2,$H$2=4,$H$2=8,$H$2=16,$H$2=32,$H$2=64,$H$2=128,$H$2=256),0,1) -> #NUM!
J307: =INT(LOG($H$2,2))-ROUNDUP(LOG(H307,2),0)+IF(OR($H$2=1,$H$2=2,$H$2=4,$H$2=8,$H$2=16,$H$2=32,$H$2=64,$H$2=128,$H$2=256),0,1) -> #NUM!
J308: =INT(LOG($H$2,2))-ROUNDUP(LOG(H308,2),0)+IF(OR($H$2=1,$H$2=2,$H$2=4,$H$2=8,$H$2=16,$H$2=32,$H$2=64,$H$2=128,$H$2=256),0,1) -> #NUM!
J309: =INT(LOG($H$2,2))-ROUNDUP(LOG(H309,2),0)+IF(OR($H$2=1,$H$2=2,$H$2=4,$H$2=8,$H$2=16,$H$2=32,$H$2=64,$H$2=128,$H$2=256),0,1) -> #NUM!
J310: =INT(LOG($H$2,2))-ROUNDUP(LOG(H310,2),0)+IF(OR($H$2=1,$H$2=2,$H$2=4,$H$2=8,$H$2=16,$H$2=32,$H$2=64,$H$2=128,$H$2=256),0,1) -> #NUM!
J311: =INT(LOG($H$2,2))-ROUNDUP(LOG(H311,2),0)+IF(OR($H$2=1,$H$2=2,$H$2=4,$H$2=8,$H$2=16,$H$2=32,$H$2=64,$H$2=128,$H$2=256),0,1) -> #NUM!
J312: =INT(LOG($H$2,2))-ROUNDUP(LOG(H312,2),0)+IF(OR($H$2=1,$H$2=2,$H$2=4,$H$2=8,$H$2=16,$H$2=32,$H$2=64,$H$2=128,$H$2=256),0,1) -> #NUM!
J313: =INT(LOG($H$2,2))-ROUNDUP(LOG(H313,2),0)+IF(OR($H$2=1,$H$2=2,$H$2=4,$H$2=8,$H$2=16,$H$2=32,$H$2=64,$H$2=128,$H$2=256),0,1) -> #NUM!
J314: =INT(LOG($H$2,2))-ROUNDUP(LOG(H314,2),0)+IF(OR($H$2=1,$H$2=2,$H$2=4,$H$2=8,$H$2=16,$H$2=32,$H$2=64,$H$2=128,$H$2=256),0,1) -> #NUM!
J315: =INT(LOG($H$2,2))-ROUNDUP(LOG(H315,2),0)+IF(OR($H$2=1,$H$2=2,$H$2=4,$H$2=8,$H$2=16,$H$2=32,$H$2=64,$H$2=128,$H$2=256),0,1) -> #NUM!
J316: =INT(LOG($H$2,2))-ROUNDUP(LOG(H316,2),0)+IF(OR($H$2=1,$H$2=2,$H$2=4,$H$2=8,$H$2=16,$H$2=32,$H$2=64,$H$2=128,$H$2=256),0,1) -> #NUM!
J317: =INT(LOG($H$2,2))-ROUNDUP(LOG(H317,2),0)+IF(OR($H$2=1,$H$2=2,$H$2=4,$H$2=8,$H$2=16,$H$2=32,$H$2=64,$H$2=128,$H$2=256),0,1) -> #NUM!
... J373: =INT(LOG($H$2,2))-ROUNDUP(LOG(H373,2),0)+IF(OR($H$2=1,$H$2=2,$H$2=4,$H$2=8,$H$2=16,$H$2=32,$H$2=64,$H$2=128,$H$2=256),0,1) -> #NUM!

Sheet Kadra
D1: Klasyfikacja będą podstawą do rekomendacji dla PZSZERM powołań do kadry na międzynarodowe zawody rangi mistrzowskiej. | R1: Zawody uwzględniane w punktacji zależą od przynależności zawodnika do Kadry A,B,C lub D. Szczegóły w Regulaminie powoływania do drużyny na zawody międzynarodowe.
B2: Dołączył/a do kategorii w tym roku
D3: MĘŻCZYŹNI Kat.2
A4: L.P. | B4: NAZWISKO Imię | C4: KADRA | D4: PUNKTY | E4: I PP | G4: II PP | I4: III PP | K4: IV PP | M4: V PP | O4: MPW | R4: I PEW | T4: II PEW | V4: III PEW | X4: IV PEW | Z4: V PEW | AB4: VI PEW | AD4: VII PEW | AF4: PS | AH4: IMEW | AJ4: IMSW
E5: M | F5: P | G5: M | H5: P | I5: M | J5: P | K5: M | L5: P | M5: M | N5: P | O5: M | P5: P | R5: M | S5: P | T5: M | U5: P | V5: M | W5: P | X5: M | Y5: P | Z5: M | AA5: P | AB5: M | AC5: P | AD5: M | AE5: P | AF5: M | AG5: P | AH5: M | AI5: P | AJ5: M | AK5: P | AM5: kadra A | AN5: kadra B | AO5: Kadra C | AP5: Kadra D | AR5: SPWS1 | AS5: SPWS2 | AT5: SPWS3 | AU5: SPWS4 | AV5: SPWS5 | AW5: SPWS6 | AY5: PEVF1 | AZ5: PEVF2 | BA5: PEVF3 | BB5: PEVF4 | BC5: PEVF5 | BD5: PEVF6 | BE5: PEVF7 | BF5: PEVF8 | BG5: PEVF9
A6: =ROW()-5 -> 1 | B6: KORONA Przemysław | C6: {=IF(AND(COUNTIF(E6:P6,"")<3,SUM(LARGE((S6,U6,W6,Y6,AA6,AC6,AE6,AG6,AI6,AK6),{1;2;3;4}))>=150),"kadra A", IF(AND(COUNTIF(E6:P6,"")<3,SUM(LARGE((S6,U6,W6,Y6,AA6,AC6,AE6,AG6,AI6,AK6),{1;2;3;4}))>=75),"kadra B", IF(COUNTIF(E6:P6,"")<4,"kadra C", IF(B6="","","kadra D") )))} -> kadra A | D6: =IF(C6="kadra A",AM6,IF(C6="kadra B",AN6,IF(C6="kadra C",AO6,IF(C6="kadra D",AP6,0)))) -> 594.79751 | E6: =_xlfn.XLOOKUP($B6,'PP1'!$C$6:$C$150,'PP1'!$B$6:$B$150,"") -> 4 | F6: =_xlfn.XLOOKUP(E6,'PP1'!$B$6:$B$75,'PP1'!$A$6:$A$75,0) -> 27.333333 | G6: =_xlfn.XLOOKUP($B6,'PP2'!$C$6:$C$150,'PP2'!$B$6:$B$150,"") -> 1 | H6: =_xlfn.XLOOKUP(G6,'PP2'!$B$6:$B$75,'PP2'!$A$6:$A$75,0) -> 98 | I6: =_xlfn.XLOOKUP($B6,'PP3'!$C$6:$C$150,'PP3'!$B$6:$B$150,"") -> 3 | J6: =_xlfn.XLOOKUP(I6,'PP3'!$B$6:$B$75,'PP3'!$A$6:$A$75,0) -> 69.722604 | K6: =_xlfn.XLOOKUP($B6,'PP4'!$C$6:$C$150,'PP4'!$B$6:$B$150,"") -> 5k1 | L6: =_xlfn.XLOOKUP(K6,'PP4'!$B$6:$B$75,'PP4'!$A$6:$A$75,0) -> 12.075174 | M6: =_xlfn.XLOOKUP($B6,'PP5'!$C$6:$C$150,'PP5'!$B$6:$B$150,"") | N6: =_xlfn.XLOOKUP(M6,'PP5'!$B$6:$B$75,'PP5'!$A$6:$A$75,0) -> 0 | O6: =_xlfn.XLOOKUP(B6,MPW!C$6:C$150,MPW!B$6:B$150,"") -> 5k1 | P6: =_xlfn.XLOOKUP(O6,MPW!B$6:B$75,MPW!A$6:A$75,0) -> 32.534161 | R6: =_xlfn.XLOOKUP($B6,'PEW1'!$C$6:$C$150,'PEW1'!$B$6:$B$150,"") -> 14 | S6: =_xlfn.XLOOKUP(R6,'PEW1'!$B$6:$B$75,'PEW1'!$A$6:$A$75,0) -> 38.015788 | T6: =_xlfn.XLOOKUP($B6,'PEW2'!$C$6:$C$150,'PEW2'!$B$6:$B$150,"") -> 1 | U6: =_xlfn.XLOOKUP(T6,'PEW2'!$B$6:$B$75,'PEW2'!$A$6:$A$75,0) -> 138.86781 | V6: =_xlfn.XLOOKUP($B6,'PEW3'!$C$6:$C$150,'PEW3'!$B$6:$B$150,"") -> 3k1 | W6: =_xlfn.XLOOKUP(V6,'PEW3'!$B$6:$B$75,'PEW3'!$A$6:$A$75,0) -> 70.990633 | X6: =_xlfn.XLOOKUP($B6,'PEW4'!$C$6:$C$150,'PEW4'!$B$6:$B$150,"") -> 2k1 | Y6: =_xlfn.XLOOKUP(X6,'PEW4'!$B$6:$B$75,'PEW4'!$A$6:$A$75,0) -> 113.42218 | Z6: =_xlfn.XLOOKUP($B6,'PEW5'!$C$6:$C$150,'PEW5'!$B$6:$B$150,"") -> 11k1 | AA6: =_xlfn.XLOOKUP(Z6,'PEW5'!$B$6:$B$75,'PEW5'!$A$6:$A$75,0) -> 20.778582 | AB6: =_xlfn.XLOOKUP($B6,'PEW6'!$C$6:$C$150,'PEW6'!$B$6:$B$150,"") -> 6k1 | AC6: =_xlfn.XLOOKUP(AB6,'PEW6'!$B$6:$B$75,'PEW6'!$A$6:$A$75,0) -> 43.926789 | AD6: =_xlfn.XLOOKUP($B6,'PEW7'!$C$6:$C$150,'PEW7'!$B$6:$B$150,"") | AE6: =_xlfn.XLOOKUP(AD6,'PEW7'!$B$6:$B$75,'PEW7'!$A$6:$A$75,0) -> 0 | AF6: =_xlfn.XLOOKUP($B6,PS!$C$6:$C$150,PS!$B$6:$B$150,"") -> 8k1 | AG6: =_xlfn.XLOOKUP(AF6,PS!$B$6:$B$75,PS!$A$6:$A$75,0) -> 0 | AH6: =_xlfn.XLOOKUP($B6,IMEW!$C$6:$C$150,IMEW!$B$6:$B$150,"") -> 3k1 | AI6: =_xlfn.XLOOKUP(AH6,IMEW!$B$6:$B$75,IMEW!$A$6:$A$75,0) -> 0 | AJ6: {=_xlfn.XLOOKUP($B6,IMSW!C$6:C$201,IMSW!$B$6:B$201,"")} -> 37 | AK6: =_xlfn.XLOOKUP(AJ6,IMSW!$B$6:$B$201,IMSW!$A$6:$A$201,0) -> 19.144338 | AM6: {=IF(AY6>=150,SUM(AR6,AS6,AT6,AU6,AY6)+SUM(LARGE((AV6,AW6,AZ6,BA6,BB6),{1;2;3})), IF(AY6+AZ6>=150,SUM(AR6,AS6,AT6,AU6,AY6,AZ6)+SUM(LARGE((AV6,AW6,BA6,BB6),{1;2})), IF(AY6+AZ6+BA6>=150,SUM(AR6,AS6,AT6,AU6,AY6,AZ6,BA6)+SUM(LARGE((AV6,AW6,BB6),1)), IF(AY6+AZ6+BA6+BB6>=150,SUM(AR6,AS6,AT6,AU6,AY6,AZ6,BA6,BB6),0) ) ) )} -> 594.79751 | AN6: {=IF(AY6>=75,SUM(AR6,AS6,AT6,AU6,AY6)+SUM(LARGE((AV6,AW6,AZ6,BA6,BB6),{1;2;3})), IF(AY6+AZ6>=75,SUM(AR6,AS6,AT6,AU6,AY6,AZ6)+SUM(LARGE((AV6,AW6,BA6,BB6),{1;2})), IF(AY6+AZ6+BA6>=75,SUM(AR6,AS6,AT6,AU6,AY6,AZ6,BA6)+SUM(LARGE((AV6,AW6,BB6),1)), IF(AY6+AZ6+BA6+BB6>=75,SUM(AR6,AS6,AT6,AU6,AY6,AZ6,BA6,BB6),0) ) ) )} -> 594.79751 | AO6: {=SUM(AR6:AT6)+SUM(LARGE((AU6:BC6),{1;2;3;4;5}))} -> 605.47997 | AP6: {=SUM(LARGE((AR6:BF6),{1;2;3;4;5;6;7;8}))} -> 605.47997 | AR6: =LARGE((F6,H6,J6,L6,N6,P6),1) -> 98 | AS6: =LARGE((F6,H6,J6,L6,N6,P6),2) -> 69.722604 | AT6: =LARGE((F6,H6,J6,L6,N6,P6),3) -> 32.534161 | AU6: =LARGE((F6,H6,J6,L6,N6,P6),4) -> 27.333333 | AV6: =LARGE((F6,H6,J6,L6,N6,P6),5) -> 12.075174 | AW6: =LARGE((F6,H6,J6,L6,N6,P6),6) -> 0 | AY6: =LARGE((S6,U6,W6,Y6,AA6,AC6,AE6,AG6,AI6,AK6),1) -> 138.86781 | AZ6: =LARGE((S6,U6,W6,Y6,AA6,AC6,AE6,AG6,AI6,AK6),2) -> 113.42218 | BA6: =LARGE((S6,U6,W6,Y6,AA6,AC6,AE6,AG6,AI6,AK6),3) -> 70.990633 | BB6: =LARGE((S6,U6,W6,Y6,AA6,AC6,AE6,AG6,AI6,AK6),4) -> 43.926789 | BC6: =LARGE((S6,U6,W6,Y6,AA6,AC6,AE6,AG6,AI6,AK6),5) -> 38.015788 | BD6: =LARGE((S6,U6,W6,Y6,AA6,AC6,AE6,AG6,AI6,AK6),6) -> 20.778582 | BE6: =LARGE((S6,U6,W6,Y6,AA6,AC6,AE6,AG6,AI6,AK6),7) -> 19.144338 | BF6: =LARGE((S6,U6,W6,Y6,AA6,AC6,AE6,AG6,AI6,AK6),8) -> 0 | BG6: =LARGE((S6,U6,W6,Y6,AA6,AC6,AE6,AG6,AI6,AK6),9) -> 0
A7: =ROW()-5 -> 2 | B7: ZIELIŃSKI Dariusz | C7: {=IF(AND(COUNTIF(E7:P7,"")<3,SUM(LARGE((S7,U7,W7,Y7,AA7,AC7,AE7,AG7,AI7,AK7),{1;2;3;4}))>=150),"kadra A", IF(AND(COUNTIF(E7:P7,"")<3,SUM(LARGE((S7,U7,W7,Y7,AA7,AC7,AE7,AG7,AI7,AK7),{1;2;3;4}))>=75),"kadra B", IF(COUNTIF(E7:P7,"")<4,"kadra C", IF(B7="","","kadra D") )))} -> kadra A | D7: =IF(C7="kadra A",AM7,IF(C7="kadra B",AN7,IF(C7="kadra C",AO7,IF(C7="kadra D",AP7,0)))) -> 517.79427 | E7: =_xlfn.XLOOKUP($B7,'PP1'!$C$6:$C$150,'PP1'!$B$6:$B$150,"") -> 1 | F7: =_xlfn.XLOOKUP(E7,'PP1'!$B$6:$B$75,'PP1'!$A$6:$A$75,0) -> 98 | G7: =_xlfn.XLOOKUP($B7,'PP2'!$C$6:$C$150,'PP2'!$B$6:$B$150,"") | H7: =_xlfn.XLOOKUP(G7,'PP2'!$B$6:$B$75,'PP2'!$A$6:$A$75,0) -> 0 | I7: =_xlfn.XLOOKUP($B7,'PP3'!$C$6:$C$150,'PP3'!$B$6:$B$150,"") -> 5 | J7: =_xlfn.XLOOKUP(I7,'PP3'!$B$6:$B$75,'PP3'!$A$6:$A$75,0) -> 43.216474 | K7: =_xlfn.XLOOKUP($B7,'PP4'!$C$6:$C$150,'PP4'!$B$6:$B$150,"") -> 2 | L7: =_xlfn.XLOOKUP(K7,'PP4'!$B$6:$B$75,'PP4'!$A$6:$A$75,0) -> 65.666667 | M7: =_xlfn.XLOOKUP($B7,'PP5'!$C$6:$C$150,'PP5'!$B$6:$B$150,"") | N7: =_xlfn.XLOOKUP(M7,'PP5'!$B$6:$B$75,'PP5'!$A$6:$A$75,0) -> 0 | O7: =_xlfn.XLOOKUP(B7,MPW!C$6:C$150,MPW!B$6:B$150,"") -> 1 | P7: =_xlfn.XLOOKUP(O7,MPW!B$6:B$75,MPW!A$6:A$75,0) -> 115.6249 | R7: =_xlfn.XLOOKUP($B7,'PEW1'!$C$6:$C$150,'PEW1'!$B$6:$B$150,"") | S7: =_xlfn.XLOOKUP(R7,'PEW1'!$B$6:$B$75,'PEW1'!$A$6:$A$75,0) -> 0 | T7: =_xlfn.XLOOKUP($B7,'PEW2'!$C$6:$C$150,'PEW2'!$B$6:$B$150,"") | U7: =_xlfn.XLOOKUP(T7,'PEW2'!$B$6:$B$75,'PEW2'!$A$6:$A$75,0) -> 0 | V7: =_xlfn.XLOOKUP($B7,'PEW3'!$C$6:$C$150,'PEW3'!$B$6:$B$150,"") | W7: =_xlfn.XLOOKUP(V7,'PEW3'!$B$6:$B$75,'PEW3'!$A$6:$A$75,0) -> 0 | X7: =_xlfn.XLOOKUP($B7,'PEW4'!$C$6:$C$150,'PEW4'!$B$6:$B$150,"") | Y7: =_xlfn.XLOOKUP(X7,'PEW4'!$B$6:$B$75,'PEW4'!$A$6:$A$75,0) -> 0 | Z7: =_xlfn.XLOOKUP($B7,'PEW5'!$C$6:$C$150,'PEW5'!$B$6:$B$150,"") | AA7: =_xlfn.XLOOKUP(Z7,'PEW5'!$B$6:$B$75,'PEW5'!$A$6:$A$75,0) -> 0 | AB7: =_xlfn.XLOOKUP($B7,'PEW6'!$C$6:$C$150,'PEW6'!$B$6:$B$150,"") -> 9 | AC7: =_xlfn.XLOOKUP(AB7,'PEW6'!$B$6:$B$75,'PEW6'!$A$6:$A$75,0) -> 41.716956 | AD7: =_xlfn.XLOOKUP($B7,'PEW7'!$C$6:$C$150,'PEW7'!$B$6:$B$150,"") | AE7: =_xlfn.XLOOKUP(AD7,'PEW7'!$B$6:$B$75,'PEW7'!$A$6:$A$75,0) -> 0 | AF7: =_xlfn.XLOOKUP($B7,PS!$C$6:$C$150,PS!$B$6:$B$150,"") | AG7: =_xlfn.XLOOKUP(AF7,PS!$B$6:$B$75,PS!$A$6:$A$75,0) -> 0 | AH7: =_xlfn.XLOOKUP($B7,IMEW!$C$6:$C$150,IMEW!$B$6:$B$150,"") -> 6 | AI7: =_xlfn.XLOOKUP(AH7,IMEW!$B$6:$B$75,IMEW!$A$6:$A$75,0) -> 85.586236 | AJ7: {=_xlfn.XLOOKUP($B7,IMSW!C$6:C$201,IMSW!$B$6:B$201,"")} -> 7 | AK7: =_xlfn.XLOOKUP(AJ7,IMSW!$B$6:$B$201,IMSW!$A$6:$A$201,0) -> 67.983037 | AM7: {=IF(AY7>=150,SUM(AR7,AS7,AT7,AU7,AY7)+SUM(LARGE((AV7,AW7,AZ7,BA7,BB7),{1;2;3})), IF(AY7+AZ7>=150,SUM(AR7,AS7,AT7,AU7,AY7,AZ7)+SUM(LARGE((AV7,AW7,BA7,BB7),{1;2})), IF(AY7+AZ7+BA7>=150,SUM(AR7,AS7,AT7,AU7,AY7,AZ7,BA7)+SUM(LARGE((AV7,AW7,BB7),1)), IF(AY7+AZ7+BA7+BB7>=150,SUM(AR7,AS7,AT7,AU7,AY7,AZ7,BA7,BB7),0) ) ) )} -> 517.79427 | AN7: {=IF(AY7>=75,SUM(AR7,AS7,AT7,AU7,AY7)+SUM(LARGE((AV7,AW7,AZ7,BA7,BB7),{1;2;3})), IF(AY7+AZ7>=75,SUM(AR7,AS7,AT7,AU7,AY7,AZ7)+SUM(LARGE((AV7,AW7,BA7,BB7),{1;2})), IF(AY7+AZ7+BA7>=75,SUM(AR7,AS7,AT7,AU7,AY7,AZ7,BA7)+SUM(LARGE((AV7,AW7,BB7),1)), IF(AY7+AZ7+BA7+BB7>=75,SUM(AR7,AS7,AT7,AU7,AY7,AZ7,BA7,BB7),0) ) ) )} -> 517.79427 | AO7: {=SUM(AR7:AT7)+SUM(LARGE((AU7:BC7),{1;2;3;4;5}))} -> 517.79427 | AP7: {=SUM(LARGE((AR7:BF7),{1;2;3;4;5;6;7;8}))} -> 517.79427 | AR7: =LARGE((F7,H7,J7,L7,N7,P7),1) -> 115.6249 | AS7: =LARGE((F7,H7,J7,L7,N7,P7),2) -> 98 | AT7: =LARGE((F7,H7,J7,L7,N7,P7),3) -> 65.666667 | AU7: =LARGE((F7,H7,J7,L7,N7,P7),4) -> 43.216474 | AV7: =LARGE((F7,H7,J7,L7,N7,P7),5) -> 0 | AW7: =LARGE((F7,H7,J7,L7,N7,P7),6) -> 0 | AY7: =LARGE((S7,U7,W7,Y7,AA7,AC7,AE7,AG7,AI7,AK7),1) -> 85.586236 | AZ7: =LARGE((S7,U7,W7,Y7,AA7,AC7,AE7,AG7,AI7,AK7),2) -> 67.983037 | BA7: =LARGE((S7,U7,W7,Y7,AA7,AC7,AE7,AG7,AI7,AK7),3) -> 41.716956 | BB7: =LARGE((S7,U7,W7,Y7,AA7,AC7,AE7,AG7,AI7,AK7),4) -> 0 | BC7: =LARGE((S7,U7,W7,Y7,AA7,AC7,AE7,AG7,AI7,AK7),5) -> 0 | BD7: =LARGE((S7,U7,W7,Y7,AA7,AC7,AE7,AG7,AI7,AK7),6) -> 0 | BE7: =LARGE((S7,U7,W7,Y7,AA7,AC7,AE7,AG7,AI7,AK7),7) -> 0 | BF7: =LARGE((S7,U7,W7,Y7,AA7,AC7,AE7,AG7,AI7,AK7),8) -> 0 | BG7: =LARGE((S7,U7,W7,Y7,AA7,AC7,AE7,AG7,AI7,AK7),9) -> 0
A8: =ROW()-5 -> 3 | B8: ATANASSOW Aleksander | C8: {=IF(AND(COUNTIF(E8:P8,"")<3,SUM(LARGE((S8,U8,W8,Y8,AA8,AC8,AE8,AG8,AI8,AK8),{1;2;3;4}))>=150),"kadra A", IF(AND(COUNTIF(E8:P8,"")<3,SUM(LARGE((S8,U8,W8,Y8,AA8,AC8,AE8,AG8,AI8,AK8),{1;2;3;4}))>=75),"kadra B", IF(COUNTIF(E8:P8,"")<4,"kadra C", IF(B8="","","kadra D") )))} -> kadra C | D8: =IF(C8="kadra A",AM8,IF(C8="kadra B",AN8,IF(C8="kadra C",AO8,IF(C8="kadra D",AP8,0)))) -> 992.09315 | E8: =_xlfn.XLOOKUP($B8,'PP1'!$C$6:$C$150,'PP1'!$B$6:$B$150,"") -> 2 | F8: =_xlfn.XLOOKUP(E8,'PP1'!$B$6:$B$75,'PP1'!$A$6:$A$75,0) -> 65.666667 | G8: =_xlfn.XLOOKUP($B8,'PP2'!$C$6:$C$150,'PP2'!$B$6:$B$150,"") | H8: =_xlfn.XLOOKUP(G8,'PP2'!$B$6:$B$75,'PP2'!$A$6:$A$75,0) -> 0 | I8: =_xlfn.XLOOKUP($B8,'PP3'!$C$6:$C$150,'PP3'!$B$6:$B$150,"") -> 1 | J8: =_xlfn.XLOOKUP(I8,'PP3'!$B$6:$B$75,'PP3'!$A$6:$A$75,0) -> 124.01561 | K8: =_xlfn.XLOOKUP($B8,'PP4'!$C$6:$C$150,'PP4'!$B$6:$B$150,"") -> 1 | L8: =_xlfn.XLOOKUP(K8,'PP4'!$B$6:$B$75,'PP4'!$A$6:$A$75,0) -> 98 | M8: =_xlfn.XLOOKUP($B8,'PP5'!$C$6:$C$150,'PP5'!$B$6:$B$150,"") | N8: =_xlfn.XLOOKUP(M8,'PP5'!$B$6:$B$75,'PP5'!$A$6:$A$75,0) -> 0 | O8: =_xlfn.XLOOKUP(B8,MPW!C$6:C$150,MPW!B$6:B$150,"") | P8: =_xlfn.XLOOKUP(O8,MPW!B$6:B$75,MPW!A$6:A$75,0) -> 0 | R8: =_xlfn.XLOOKUP($B8,'PEW1'!$C$6:$C$150,'PEW1'!$B$6:$B$150,"") -> 1 | S8: =_xlfn.XLOOKUP(R8,'PEW1'!$B$6:$B$75,'PEW1'!$A$6:$A$75,0) -> 144.63651 | T8: =_xlfn.XLOOKUP($B8,'PEW2'!$C$6:$C$150,'PEW2'!$B$6:$B$150,"") | U8: =_xlfn.XLOOKUP(T8,'PEW2'!$B$6:$B$75,'PEW2'!$A$6:$A$75,0) -> 0 | V8: =_xlfn.XLOOKUP($B8,'PEW3'!$C$6:$C$150,'PEW3'!$B$6:$B$150,"") -> 1 | W8: =_xlfn.XLOOKUP(V8,'PEW3'!$B$6:$B$75,'PEW3'!$A$6:$A$75,0) -> 143.80657 | X8: =_xlfn.XLOOKUP($B8,'PEW4'!$C$6:$C$150,'PEW4'!$B$6:$B$150,"") -> 2 | Y8: =_xlfn.XLOOKUP(X8,'PEW4'!$B$6:$B$75,'PEW4'!$A$6:$A$75,0) -> 115.83333 | Z8: =_xlfn.XLOOKUP($B8,'PEW5'!$C$6:$C$150,'PEW5'!$B$6:$B$150,"") | AA8: =_xlfn.XLOOKUP(Z8,'PEW5'!$B$6:$B$75,'PEW5'!$A$6:$A$75,0) -> 0 | AB8: =_xlfn.XLOOKUP($B8,'PEW6'!$C$6:$C$150,'PEW6'!$B$6:$B$150,"") -> 1 | AC8: =_xlfn.XLOOKUP(AB8,'PEW6'!$B$6:$B$75,'PEW6'!$A$6:$A$75,0) -> 142.01204 | AD8: =_xlfn.XLOOKUP($B8,'PEW7'!$C$6:$C$150,'PEW7'!$B$6:$B$150,"") | AE8: =_xlfn.XLOOKUP(AD8,'PEW7'!$B$6:$B$75,'PEW7'!$A$6:$A$75,0) -> 0 | AF8: =_xlfn.XLOOKUP($B8,PS!$C$6:$C$150,PS!$B$6:$B$150,"") | AG8: =_xlfn.XLOOKUP(AF8,PS!$B$6:$B$75,PS!$A$6:$A$75,0) -> 0 | AH8: =_xlfn.XLOOKUP($B8,IMEW!$C$6:$C$150,IMEW!$B$6:$B$150,"") -> 19 | AI8: =_xlfn.XLOOKUP(AH8,IMEW!$B$6:$B$75,IMEW!$A$6:$A$75,0) -> 47.166953 | AJ8: {=_xlfn.XLOOKUP($B8,IMSW!C$6:C$201,IMSW!$B$6:B$201,"")} -> 1 | AK8: =_xlfn.XLOOKUP(AJ8,IMSW!$B$6:$B$201,IMSW!$A$6:$A$201,0) -> 158.12241 | AM8: {=IF(AY8>=150,SUM(AR8,AS8,AT8,AU8,AY8)+SUM(LARGE((AV8,AW8,AZ8,BA8,BB8),{1;2;3})), IF(AY8+AZ8>=150,SUM(AR8,AS8,AT8,AU8,AY8,AZ8)+SUM(LARGE((AV8,AW8,BA8,BB8),{1;2})), IF(AY8+AZ8+BA8>=150,SUM(AR8,AS8,AT8,AU8,AY8,AZ8,BA8)+SUM(LARGE((AV8,AW8,BB8),1)), IF(AY8+AZ8+BA8+BB8>=150,SUM(AR8,AS8,AT8,AU8,AY8,AZ8,BA8,BB8),0) ) ) )} -> 876.25982 | AN8: {=IF(AY8>=75,SUM(AR8,AS8,AT8,AU8,AY8)+SUM(LARGE((AV8,AW8,AZ8,BA8,BB8),{1;2;3})), IF(AY8+AZ8>=75,SUM(AR8,AS8,AT8,AU8,AY8,AZ8)+SUM(LARGE((AV8,AW8,BA8,BB8),{1;2})), IF(AY8+AZ8+BA8>=75,SUM(AR8,AS8,AT8,AU8,AY8,AZ8,BA8)+SUM(LARGE((AV8,AW8,BB8),1)), IF(AY8+AZ8+BA8+BB8>=75,SUM(AR8,AS8,AT8,AU8,AY8,AZ8,BA8,BB8),0) ) ) )} -> 876.25982 | AO8: {=SUM(AR8:AT8)+SUM(LARGE((AU8:BC8),{1;2;3;4;5}))} -> 992.09315 | AP8: {=SUM(LARGE((AR8:BF8),{1;2;3;4;5;6;7;8}))} -> 992.09315 | AR8: =LARGE((F8,H8,J8,L8,N8,P8),1) -> 124.01561 | AS8: =LARGE((F8,H8,J8,L8,N8,P8),2) -> 98 | AT8: =LARGE((F8,H8,J8,L8,N8,P8),3) -> 65.666667 | AU8: =LARGE((F8,H8,J8,L8,N8,P8),4) -> 0 | AV8: =LARGE((F8,H8,J8,L8,N8,P8),5) -> 0 | AW8: =LARGE((F8,H8,J8,L8,N8,P8),6) -> 0 | AY8: =LARGE((S8,U8,W8,Y8,AA8,AC8,AE8,AG8,AI8,AK8),1) -> 158.12241 | AZ8: =LARGE((S8,U8,W8,Y8,AA8,AC8,AE8,AG8,AI8,AK8),2) -> 144.63651 | BA8: =LARGE((S8,U8,W8,Y8,AA8,AC8,AE8,AG8,AI8,AK8),3) -> 143.80657 | BB8: =LARGE((S8,U8,W8,Y8,AA8,AC8,AE8,AG8,AI8,AK8),4) -> 142.01204 | BC8: =LARGE((S8,U8,W8,Y8,AA8,AC8,AE8,AG8,AI8,AK8),5) -> 115.83333 | BD8: =LARGE((S8,U8,W8,Y8,AA8,AC8,AE8,AG8,AI8,AK8),6) -> 47.166953 | BE8: =LARGE((S8,U8,W8,Y8,AA8,AC8,AE8,AG8,AI8,AK8),7) -> 0 | BF8: =LARGE((S8,U8,W8,Y8,AA8,AC8,AE8,AG8,AI8,AK8),8) -> 0 | BG8: =LARGE((S8,U8,W8,Y8,AA8,AC8,AE8,AG8,AI8,AK8),9) -> 0
A9: =ROW()-5 -> 4 | B9: JENDRYŚ Marek | C9: {=IF(AND(COUNTIF(E9:P9,"")<3,SUM(LARGE((S9,U9,W9,Y9,AA9,AC9,AE9,AG9,AI9,AK9),{1;2;3;4}))>=150),"kadra A", IF(AND(COUNTIF(E9:P9,"")<3,SUM(LARGE((S9,U9,W9,Y9,AA9,AC9,AE9,AG9,AI9,AK9),{1;2;3;4}))>=75),"kadra B", IF(COUNTIF(E9:P9,"")<4,"kadra C", IF(B9="","","kadra D") )))} -> kadra C | D9: =IF(C9="kadra A",AM9,IF(C9="kadra B",AN9,IF(C9="kadra C",AO9,IF(C9="kadra D",AP9,0)))) -> 249.28471 | E9: =_xlfn.XLOOKUP($B9,'PP1'!$C$6:$C$150,'PP1'!$B$6:$B$150,"") -> 3 | F9: =_xlfn.XLOOKUP(E9,'PP1'!$B$6:$B$75,'PP1'!$A$6:$A$75,0) -> 40.112279 | G9: =_xlfn.XLOOKUP($B9,'PP2'!$C$6:$C$150,'PP2'!$B$6:$B$150,"") | H9: =_xlfn.XLOOKUP(G9,'PP2'!$B$6:$B$75,'PP2'!$A$6:$A$75,0) -> 0 | I9: =_xlfn.XLOOKUP($B9,'PP3'!$C$6:$C$150,'PP3'!$B$6:$B$150,"") -> 2 | J9: =_xlfn.XLOOKUP(I9,'PP3'!$B$6:$B$75,'PP3'!$A$6:$A$75,0) -> 94.475373 | K9: =_xlfn.XLOOKUP($B9,'PP4'!$C$6:$C$150,'PP4'!$B$6:$B$150,"") | L9: =_xlfn.XLOOKUP(K9,'PP4'!$B$6:$B$75,'PP4'!$A$6:$A$75,0) -> 0 | M9: =_xlfn.XLOOKUP($B9,'PP5'!$C$6:$C$150,'PP5'!$B$6:$B$150,"") | N9: =_xlfn.XLOOKUP(M9,'PP5'!$B$6:$B$75,'PP5'!$A$6:$A$75,0) -> 0 | O9: =_xlfn.XLOOKUP(B9,MPW!C$6:C$150,MPW!B$6:B$150,"") -> 2 | P9: =_xlfn.XLOOKUP(O9,MPW!B$6:B$75,MPW!A$6:A$75,0) -> 74.336323 | R9: =_xlfn.XLOOKUP($B9,'PEW1'!$C$6:$C$150,'PEW1'!$B$6:$B$150,"") | S9: =_xlfn.XLOOKUP(R9,'PEW1'!$B$6:$B$75,'PEW1'!$A$6:$A$75,0) -> 0 | T9: =_xlfn.XLOOKUP($B9,'PEW2'!$C$6:$C$150,'PEW2'!$B$6:$B$150,"") | U9: =_xlfn.XLOOKUP(T9,'PEW2'!$B$6:$B$75,'PEW2'!$A$6:$A$75,0) -> 0 | V9: =_xlfn.XLOOKUP($B9,'PEW3'!$C$6:$C$150,'PEW3'!$B$6:$B$150,"") | W9: =_xlfn.XLOOKUP(V9,'PEW3'!$B$6:$B$75,'PEW3'!$A$6:$A$75,0) -> 0 | X9: =_xlfn.XLOOKUP($B9,'PEW4'!$C$6:$C$150,'PEW4'!$B$6:$B$150,"") | Y9: =_xlfn.XLOOKUP(X9,'PEW4'!$B$6:$B$75,'PEW4'!$A$6:$A$75,0) -> 0 | Z9: =_xlfn.XLOOKUP($B9,'PEW5'!$C$6:$C$150,'PEW5'!$B$6:$B$150,"") | AA9: =_xlfn.XLOOKUP(Z9,'PEW5'!$B$6:$B$75,'PEW5'!$A$6:$A$75,0) -> 0 | AB9: =_xlfn.XLOOKUP($B9,'PEW6'!$C$6:$C$150,'PEW6'!$B$6:$B$150,"") -> 10 | AC9: =_xlfn.XLOOKUP(AB9,'PEW6'!$B$6:$B$75,'PEW6'!$A$6:$A$75,0) -> 40.360737 | AD9: =_xlfn.XLOOKUP($B9,'PEW7'!$C$6:$C$150,'PEW7'!$B$6:$B$150,"") | AE9: =_xlfn.XLOOKUP(AD9,'PEW7'!$B$6:$B$75,'PEW7'!$A$6:$A$75,0) -> 0 | AF9: =_xlfn.XLOOKUP($B9,PS!$C$6:$C$150,PS!$B$6:$B$150,"") | AG9: =_xlfn.XLOOKUP(AF9,PS!$B$6:$B$75,PS!$A$6:$A$75,0) -> 0 | AH9: =_xlfn.XLOOKUP($B9,IMEW!$C$6:$C$150,IMEW!$B$6:$B$150,"") | AI9: =_xlfn.XLOOKUP(AH9,IMEW!$B$6:$B$75,IMEW!$A$6:$A$75,0) -> 0 | AJ9: {=_xlfn.XLOOKUP($B9,IMSW!C$6:C$201,IMSW!$B$6:B$201,"")} | AK9: =_xlfn.XLOOKUP(AJ9,IMSW!$B$6:$B$201,IMSW!$A$6:$A$201,0) -> 0 | AM9: {=IF(AY9>=150,SUM(AR9,AS9,AT9,AU9,AY9)+SUM(LARGE((AV9,AW9,AZ9,BA9,BB9),{1;2;3})), IF(AY9+AZ9>=150,SUM(AR9,AS9,AT9,AU9,AY9,AZ9)+SUM(LARGE((AV9,AW9,BA9,BB9),{1;2})), IF(AY9+AZ9+BA9>=150,SUM(AR9,AS9,AT9,AU9,AY9,AZ9,BA9)+SUM(LARGE((AV9,AW9,BB9),1)), IF(AY9+AZ9+BA9+BB9>=150,SUM(AR9,AS9,AT9,AU9,AY9,AZ9,BA9,BB9),0) ) ) )} -> 0 | AN9: {=IF(AY9>=75,SUM(AR9,AS9,AT9,AU9,AY9)+SUM(LARGE((AV9,AW9,AZ9,BA9,BB9),{1;2;3})), IF(AY9+AZ9>=75,SUM(AR9,AS9,AT9,AU9,AY9,AZ9)+SUM(LARGE((AV9,AW9,BA9,BB9),{1;2})), IF(AY9+AZ9+BA9>=75,SUM(AR9,AS9,AT9,AU9,AY9,AZ9,BA9)+SUM(LARGE((AV9,AW9,BB9),1)), IF(AY9+AZ9+BA9+BB9>=75,SUM(AR9,AS9,AT9,AU9,AY9,AZ9,BA9,BB9),0) ) ) )} -> 0 | AO9: {=SUM(AR9:AT9)+SUM(LARGE((AU9:BC9),{1;2;3;4;5}))} -> 249.28471 | AP9: {=SUM(LARGE((AR9:BF9),{1;2;3;4;5;6;7;8}))} -> 249.28471 | AR9: =LARGE((F9,H9,J9,L9,N9,P9),1) -> 94.475373 | AS9: =LARGE((F9,H9,J9,L9,N9,P9),2) -> 74.336323 | AT9: =LARGE((F9,H9,J9,L9,N9,P9),3) -> 40.112279 | AU9: =LARGE((F9,H9,J9,L9,N9,P9),4) -> 0 | AV9: =LARGE((F9,H9,J9,L9,N9,P9),5) -> 0 | AW9: =LARGE((F9,H9,J9,L9,N9,P9),6) -> 0 | AY9: =LARGE((S9,U9,W9,Y9,AA9,AC9,AE9,AG9,AI9,AK9),1) -> 40.360737 | AZ9: =LARGE((S9,U9,W9,Y9,AA9,AC9,AE9,AG9,AI9,AK9),2) -> 0 | BA9: =LARGE((S9,U9,W9,Y9,AA9,AC9,AE9,AG9,AI9,AK9),3) -> 0 | BB9: =LARGE((S9,U9,W9,Y9,AA9,AC9,AE9,AG9,AI9,AK9),4) -> 0 | BC9: =LARGE((S9,U9,W9,Y9,AA9,AC9,AE9,AG9,AI9,AK9),5) -> 0 | BD9: =LARGE((S9,U9,W9,Y9,AA9,AC9,AE9,AG9,AI9,AK9),6) -> 0 | BE9: =LARGE((S9,U9,W9,Y9,AA9,AC9,AE9,AG9,AI9,AK9),7) -> 0 | BF9: =LARGE((S9,U9,W9,Y9,AA9,AC9,AE9,AG9,AI9,AK9),8) -> 0 | BG9: =LARGE((S9,U9,W9,Y9,AA9,AC9,AE9,AG9,AI9,AK9),9) -> 0
A10: =ROW()-5 -> 5 | B10: DROBIŃSKI Leszek | C10: {=IF(AND(COUNTIF(E10:P10,"")<3,SUM(LARGE((S10,U10,W10,Y10,AA10,AC10,AE10,AG10,AI10,AK10),{1;2;3;4}))>=150),"kadra A", IF(AND(COUNTIF(E10:P10,"")<3,SUM(LARGE((S10,U10,W10,Y10,AA10,AC10,AE10,AG10,AI10,AK10),{1;2;3;4}))>=75),"kadra B", IF(COUNTIF(E10:P10,"")<4,"kadra C", IF(B10="","","kadra D") )))} -> kadra C | D10: =IF(C10="kadra A",AM10,IF(C10="kadra B",AN10,IF(C10="kadra C",AO10,IF(C10="kadra D",AP10,0)))) -> 185.46325 | E10: =_xlfn.XLOOKUP($B10,'PP1'!$C$6:$C$150,'PP1'!$B$6:$B$150,"") -> 5 | F10: =_xlfn.XLOOKUP(E10,'PP1'!$B$6:$B$75,'PP1'!$A$6:$A$75,0) -> 12.075174 | G10: =_xlfn.XLOOKUP($B10,'PP2'!$C$6:$C$150,'PP2'!$B$6:$B$150,"") -> 2 | H10: =_xlfn.XLOOKUP(G10,'PP2'!$B$6:$B$75,'PP2'!$A$6:$A$75,0) -> 65.666667 | I10: =_xlfn.XLOOKUP($B10,'PP3'!$C$6:$C$150,'PP3'!$B$6:$B$150,"") -> 9 | J10: =_xlfn.XLOOKUP(I10,'PP3'!$B$6:$B$75,'PP3'!$A$6:$A$75,0) -> 23.434799 | K10: =_xlfn.XLOOKUP($B10,'PP4'!$C$6:$C$150,'PP4'!$B$6:$B$150,"") | L10: =_xlfn.XLOOKUP(K10,'PP4'!$B$6:$B$75,'PP4'!$A$6:$A$75,0) -> 0 | M10: =_xlfn.XLOOKUP($B10,'PP5'!$C$6:$C$150,'PP5'!$B$6:$B$150,"") -> 1 | N10: =_xlfn.XLOOKUP(M10,'PP5'!$B$6:$B$75,'PP5'!$A$6:$A$75,0) -> 84.286609 | O10: =_xlfn.XLOOKUP(B10,MPW!C$6:C$150,MPW!B$6:B$150,"") | P10: =_xlfn.XLOOKUP(O10,MPW!B$6:B$75,MPW!A$6:A$75,0) -> 0 | R10: =_xlfn.XLOOKUP($B10,'PEW1'!$C$6:$C$150,'PEW1'!$B$6:$B$150,"") | S10: =_xlfn.XLOOKUP(R10,'PEW1'!$B$6:$B$75,'PEW1'!$A$6:$A$75,0) -> 0 | T10: =_xlfn.XLOOKUP($B10,'PEW2'!$C$6:$C$150,'PEW2'!$B$6:$B$150,"") | U10: =_xlfn.XLOOKUP(T10,'PEW2'!$B$6:$B$75,'PEW2'!$A$6:$A$75,0) -> 0 | V10: =_xlfn.XLOOKUP($B10,'PEW3'!$C$6:$C$150,'PEW3'!$B$6:$B$150,"") | W10: =_xlfn.XLOOKUP(V10,'PEW3'!$B$6:$B$75,'PEW3'!$A$6:$A$75,0) -> 0 | X10: =_xlfn.XLOOKUP($B10,'PEW4'!$C$6:$C$150,'PEW4'!$B$6:$B$150,"") | Y10: =_xlfn.XLOOKUP(X10,'PEW4'!$B$6:$B$75,'PEW4'!$A$6:$A$75,0) -> 0 | Z10: =_xlfn.XLOOKUP($B10,'PEW5'!$C$6:$C$150,'PEW5'!$B$6:$B$150,"") | AA10: =_xlfn.XLOOKUP(Z10,'PEW5'!$B$6:$B$75,'PEW5'!$A$6:$A$75,0) -> 0 | AB10: =_xlfn.XLOOKUP($B10,'PEW6'!$C$6:$C$150,'PEW6'!$B$6:$B$150,"") | AC10: =_xlfn.XLOOKUP(AB10,'PEW6'!$B$6:$B$75,'PEW6'!$A$6:$A$75,0) -> 0 | AD10: =_xlfn.XLOOKUP($B10,'PEW7'!$C$6:$C$150,'PEW7'!$B$6:$B$150,"") | AE10: =_xlfn.XLOOKUP(AD10,'PEW7'!$B$6:$B$75,'PEW7'!$A$6:$A$75,0) -> 0 | AF10: =_xlfn.XLOOKUP($B10,PS!$C$6:$C$150,PS!$B$6:$B$150,"") | AG10: =_xlfn.XLOOKUP(AF10,PS!$B$6:$B$75,PS!$A$6:$A$75,0) -> 0 | AH10: =_xlfn.XLOOKUP($B10,IMEW!$C$6:$C$150,IMEW!$B$6:$B$150,"") | AI10: =_xlfn.XLOOKUP(AH10,IMEW!$B$6:$B$75,IMEW!$A$6:$A$75,0) -> 0 | AJ10: {=_xlfn.XLOOKUP($B10,IMSW!C$6:C$201,IMSW!$B$6:B$201,"")} | AK10: =_xlfn.XLOOKUP(AJ10,IMSW!$B$6:$B$201,IMSW!$A$6:$A$201,0) -> 0 | AM10: {=IF(AY10>=150,SUM(AR10,AS10,AT10,AU10,AY10)+SUM(LARGE((AV10,AW10,AZ10,BA10,BB10),{1;2;3})), IF(AY10+AZ10>=150,SUM(AR10,AS10,AT10,AU10,AY10,AZ10)+SUM(LARGE((AV10,AW10,BA10,BB10),{1;2})), IF(AY10+AZ10+BA10>=150,SUM(AR10,AS10,AT10,AU10,AY10,AZ10,BA10)+SUM(LARGE((AV10,AW10,BB10),1)), IF(AY10+AZ10+BA10+BB10>=150,SUM(AR10,AS10,AT10,AU10,AY10,AZ10,BA10,BB10),0) ) ) )} -> 0 | AN10: {=IF(AY10>=75,SUM(AR10,AS10,AT10,AU10,AY10)+SUM(LARGE((AV10,AW10,AZ10,BA10,BB10),{1;2;3})), IF(AY10+AZ10>=75,SUM(AR10,AS10,AT10,AU10,AY10,AZ10)+SUM(LARGE((AV10,AW10,BA10,BB10),{1;2})), IF(AY10+AZ10+BA10>=75,SUM(AR10,AS10,AT10,AU10,AY10,AZ10,BA10)+SUM(LARGE((AV10,AW10,BB10),1)), IF(AY10+AZ10+BA10+BB10>=75,SUM(AR10,AS10,AT10,AU10,AY10,AZ10,BA10,BB10),0) ) ) )} -> 0 | AO10: {=SUM(AR10:AT10)+SUM(LARGE((AU10:BC10),{1;2;3;4;5}))} -> 185.46325 | AP10: {=SUM(LARGE((AR10:BF10),{1;2;3;4;5;6;7;8}))} -> 185.46325 | AR10: =LARGE((F10,H10,J10,L10,N10,P10),1) -> 84.286609 | AS10: =LARGE((F10,H10,J10,L10,N10,P10),2) -> 65.666667 | AT10: =LARGE((F10,H10,J10,L10,N10,P10),3) -> 23.434799 | AU10: =LARGE((F10,H10,J10,L10,N10,P10),4) -> 12.075174 | AV10: =LARGE((F10,H10,J10,L10,N10,P10),5) -> 0 | AW10: =LARGE((F10,H10,J10,L10,N10,P10),6) -> 0 | AY10: =LARGE((S10,U10,W10,Y10,AA10,AC10,AE10,AG10,AI10,AK10),1) -> 0 | AZ10: =LARGE((S10,U10,W10,Y10,AA10,AC10,AE10,AG10,AI10,AK10),2) -> 0 | BA10: =LARGE((S10,U10,W10,Y10,AA10,AC10,AE10,AG10,AI10,AK10),3) -> 0 | BB10: =LARGE((S10,U10,W10,Y10,AA10,AC10,AE10,AG10,AI10,AK10),4) -> 0 | BC10: =LARGE((S10,U10,W10,Y10,AA10,AC10,AE10,AG10,AI10,AK10),5) -> 0 | BD10: =LARGE((S10,U10,W10,Y10,AA10,AC10,AE10,AG10,AI10,AK10),6) -> 0 | BE10: =LARGE((S10,U10,W10,Y10,AA10,AC10,AE10,AG10,AI10,AK10),7) -> 0 | BF10: =LARGE((S10,U10,W10,Y10,AA10,AC10,AE10,AG10,AI10,AK10),8) -> 0 | BG10: =LARGE((S10,U10,W10,Y10,AA10,AC10,AE10,AG10,AI10,AK10),9) -> 0
A11: =ROW()-5 -> 6 | B11: ŻUKOWSKI Wojciech | C11: {=IF(AND(COUNTIF(E11:P11,"")<3,SUM(LARGE((S11,U11,W11,Y11,AA11,AC11,AE11,AG11,AI11,AK11),{1;2;3;4}))>=150),"kadra A", IF(AND(COUNTIF(E11:P11,"")<3,SUM(LARGE((S11,U11,W11,Y11,AA11,AC11,AE11,AG11,AI11,AK11),{1;2;3;4}))>=75),"kadra B", IF(COUNTIF(E11:P11,"")<4,"kadra C", IF(B11="","","kadra D") )))} -> kadra C | D11: =IF(C11="kadra A",AM11,IF(C11="kadra B",AN11,IF(C11="kadra C",AO11,IF(C11="kadra D",AP11,0)))) -> 173.29221 | E11: =_xlfn.XLOOKUP($B11,'PP1'!$C$6:$C$150,'PP1'!$B$6:$B$150,"") | F11: =_xlfn.XLOOKUP(E11,'PP1'!$B$6:$B$75,'PP1'!$A$6:$A$75,0) -> 0 | G11: =_xlfn.XLOOKUP($B11,'PP2'!$C$6:$C$150,'PP2'!$B$6:$B$150,"") -> 3 | H11: =_xlfn.XLOOKUP(G11,'PP2'!$B$6:$B$75,'PP2'!$A$6:$A$75,0) -> 40.112279 | I11: =_xlfn.XLOOKUP($B11,'PP3'!$C$6:$C$150,'PP3'!$B$6:$B$150,"") -> 10 | J11: =_xlfn.XLOOKUP(I11,'PP3'!$B$6:$B$75,'PP3'!$A$6:$A$75,0) -> 21.681437 | K11: =_xlfn.XLOOKUP($B11,'PP4'!$C$6:$C$150,'PP4'!$B$6:$B$150,"") | L11: =_xlfn.XLOOKUP(K11,'PP4'!$B$6:$B$75,'PP4'!$A$6:$A$75,0) -> 0 | M11: =_xlfn.XLOOKUP($B11,'PP5'!$C$6:$C$150,'PP5'!$B$6:$B$150,"") -> 2 | N11: =_xlfn.XLOOKUP(M11,'PP5'!$B$6:$B$75,'PP5'!$A$6:$A$75,0) -> 45.024406 | O11: =_xlfn.XLOOKUP(B11,MPW!C$6:C$150,MPW!B$6:B$150,"") -> 4 | P11: =_xlfn.XLOOKUP(O11,MPW!B$6:B$75,MPW!A$6:A$75,0) -> 26.50611 | R11: =_xlfn.XLOOKUP($B11,'PEW1'!$C$6:$C$150,'PEW1'!$B$6:$B$150,"") | S11: =_xlfn.XLOOKUP(R11,'PEW1'!$B$6:$B$75,'PEW1'!$A$6:$A$75,0) -> 0 | T11: =_xlfn.XLOOKUP($B11,'PEW2'!$C$6:$C$150,'PEW2'!$B$6:$B$150,"") | U11: =_xlfn.XLOOKUP(T11,'PEW2'!$B$6:$B$75,'PEW2'!$A$6:$A$75,0) -> 0 | V11: =_xlfn.XLOOKUP($B11,'PEW3'!$C$6:$C$150,'PEW3'!$B$6:$B$150,"") | W11: =_xlfn.XLOOKUP(V11,'PEW3'!$B$6:$B$75,'PEW3'!$A$6:$A$75,0) -> 0 | X11: =_xlfn.XLOOKUP($B11,'PEW4'!$C$6:$C$150,'PEW4'!$B$6:$B$150,"") | Y11: =_xlfn.XLOOKUP(X11,'PEW4'!$B$6:$B$75,'PEW4'!$A$6:$A$75,0) -> 0 | Z11: =_xlfn.XLOOKUP($B11,'PEW5'!$C$6:$C$150,'PEW5'!$B$6:$B$150,"") | AA11: =_xlfn.XLOOKUP(Z11,'PEW5'!$B$6:$B$75,'PEW5'!$A$6:$A$75,0) -> 0 | AB11: =_xlfn.XLOOKUP($B11,'PEW6'!$C$6:$C$150,'PEW6'!$B$6:$B$150,"") -> 17 | AC11: =_xlfn.XLOOKUP(AB11,'PEW6'!$B$6:$B$75,'PEW6'!$A$6:$A$75,0) -> 23.530401 | AD11: =_xlfn.XLOOKUP($B11,'PEW7'!$C$6:$C$150,'PEW7'!$B$6:$B$150,"") | AE11: =_xlfn.XLOOKUP(AD11,'PEW7'!$B$6:$B$75,'PEW7'!$A$6:$A$75,0) -> 0 | AF11: =_xlfn.XLOOKUP($B11,PS!$C$6:$C$150,PS!$B$6:$B$150,"") | AG11: =_xlfn.XLOOKUP(AF11,PS!$B$6:$B$75,PS!$A$6:$A$75,0) -> 0 | AH11: =_xlfn.XLOOKUP($B11,IMEW!$C$6:$C$150,IMEW!$B$6:$B$150,"") | AI11: =_xlfn.XLOOKUP(AH11,IMEW!$B$6:$B$75,IMEW!$A$6:$A$75,0) -> 0 | AJ11: {=_xlfn.XLOOKUP($B11,IMSW!C$6:C$201,IMSW!$B$6:B$201,"")} -> 47 | AK11: =_xlfn.XLOOKUP(AJ11,IMSW!$B$6:$B$201,IMSW!$A$6:$A$201,0) -> 16.437578 | AM11: {=IF(AY11>=150,SUM(AR11,AS11,AT11,AU11,AY11)+SUM(LARGE((AV11,AW11,AZ11,BA11,BB11),{1;2;3})), IF(AY11+AZ11>=150,SUM(AR11,AS11,AT11,AU11,AY11,AZ11)+SUM(LARGE((AV11,AW11,BA11,BB11),{1;2})), IF(AY11+AZ11+BA11>=150,SUM(AR11,AS11,AT11,AU11,AY11,AZ11,BA11)+SUM(LARGE((AV11,AW11,BB11),1)), IF(AY11+AZ11+BA11+BB11>=150,SUM(AR11,AS11,AT11,AU11,AY11,AZ11,BA11,BB11),0) ) ) )} -> 0 | AN11: {=IF(AY11>=75,SUM(AR11,AS11,AT11,AU11,AY11)+SUM(LARGE((AV11,AW11,AZ11,BA11,BB11),{1;2;3})), IF(AY11+AZ11>=75,SUM(AR11,AS11,AT11,AU11,AY11,AZ11)+SUM(LARGE((AV11,AW11,BA11,BB11),{1;2})), IF(AY11+AZ11+BA11>=75,SUM(AR11,AS11,AT11,AU11,AY11,AZ11,BA11)+SUM(LARGE((AV11,AW11,BB11),1)), IF(AY11+AZ11+BA11+BB11>=75,SUM(AR11,AS11,AT11,AU11,AY11,AZ11,BA11,BB11),0) ) ) )} -> 0 | AO11: {=SUM(AR11:AT11)+SUM(LARGE((AU11:BC11),{1;2;3;4;5}))} -> 173.29221 | AP11: {=SUM(LARGE((AR11:BF11),{1;2;3;4;5;6;7;8}))} -> 173.29221 | AR11: =LARGE((F11,H11,J11,L11,N11,P11),1) -> 45.024406 | AS11: =LARGE((F11,H11,J11,L11,N11,P11),2) -> 40.112279 | AT11: =LARGE((F11,H11,J11,L11,N11,P11),3) -> 26.50611 | AU11: =LARGE((F11,H11,J11,L11,N11,P11),4) -> 21.681437 | AV11: =LARGE((F11,H11,J11,L11,N11,P11),5) -> 0 | AW11: =LARGE((F11,H11,J11,L11,N11,P11),6) -> 0 | AY11: =LARGE((S11,U11,W11,Y11,AA11,AC11,AE11,AG11,AI11,AK11),1) -> 23.530401 | AZ11: =LARGE((S11,U11,W11,Y11,AA11,AC11,AE11,AG11,AI11,AK11),2) -> 16.437578 | BA11: =LARGE((S11,U11,W11,Y11,AA11,AC11,AE11,AG11,AI11,AK11),3) -> 0 | BB11: =LARGE((S11,U11,W11,Y11,AA11,AC11,AE11,AG11,AI11,AK11),4) -> 0 | BC11: =LARGE((S11,U11,W11,Y11,AA11,AC11,AE11,AG11,AI11,AK11),5) -> 0 | BD11: =LARGE((S11,U11,W11,Y11,AA11,AC11,AE11,AG11,AI11,AK11),6) -> 0 | BE11: =LARGE((S11,U11,W11,Y11,AA11,AC11,AE11,AG11,AI11,AK11),7) -> 0 | BF11: =LARGE((S11,U11,W11,Y11,AA11,AC11,AE11,AG11,AI11,AK11),8) -> 0 | BG11: =LARGE((S11,U11,W11,Y11,AA11,AC11,AE11,AG11,AI11,AK11),9) -> 0
A12: =ROW()-5 -> 7 | B12: PILUTKIEWICZ Igor | C12: {=IF(AND(COUNTIF(E12:P12,"")<3,SUM(LARGE((S12,U12,W12,Y12,AA12,AC12,AE12,AG12,AI12,AK12),{1;2;3;4}))>=150),"kadra A", IF(AND(COUNTIF(E12:P12,"")<3,SUM(LARGE((S12,U12,W12,Y12,AA12,AC12,AE12,AG12,AI12,AK12),{1;2;3;4}))>=75),"kadra B", IF(COUNTIF(E12:P12,"")<4,"kadra C", IF(B12="","","kadra D") )))} -> kadra C | D12: =IF(C12="kadra A",AM12,IF(C12="kadra B",AN12,IF(C12="kadra C",AO12,IF(C12="kadra D",AP12,0)))) -> 91.437791 | E12: =_xlfn.XLOOKUP($B12,'PP1'!$C$6:$C$150,'PP1'!$B$6:$B$150,"") | F12: =_xlfn.XLOOKUP(E12,'PP1'!$B$6:$B$75,'PP1'!$A$6:$A$75,0) -> 0 | G12: =_xlfn.XLOOKUP($B12,'PP2'!$C$6:$C$150,'PP2'!$B$6:$B$150,"") | H12: =_xlfn.XLOOKUP(G12,'PP2'!$B$6:$B$75,'PP2'!$A$6:$A$75,0) -> 0 | I12: =_xlfn.XLOOKUP($B12,'PP3'!$C$6:$C$150,'PP3'!$B$6:$B$150,"") -> 8 | J12: =_xlfn.XLOOKUP(I12,'PP3'!$B$6:$B$75,'PP3'!$A$6:$A$75,0) -> 35.39489 | K12: =_xlfn.XLOOKUP($B12,'PP4'!$C$6:$C$150,'PP4'!$B$6:$B$150,"") -> 3 | L12: =_xlfn.XLOOKUP(K12,'PP4'!$B$6:$B$75,'PP4'!$A$6:$A$75,0) -> 40.112279 | M12: =_xlfn.XLOOKUP($B12,'PP5'!$C$6:$C$150,'PP5'!$B$6:$B$150,"") -> 3 | N12: =_xlfn.XLOOKUP(M12,'PP5'!$B$6:$B$75,'PP5'!$A$6:$A$75,0) -> 15.930622 | O12: =_xlfn.XLOOKUP(B12,MPW!C$6:C$150,MPW!B$6:B$150,"") | P12: =_xlfn.XLOOKUP(O12,MPW!B$6:B$75,MPW!A$6:A$75,0) -> 0 | R12: =_xlfn.XLOOKUP($B12,'PEW1'!$C$6:$C$150,'PEW1'!$B$6:$B$150,"") | S12: =_xlfn.XLOOKUP(R12,'PEW1'!$B$6:$B$75,'PEW1'!$A$6:$A$75,0) -> 0 | T12: =_xlfn.XLOOKUP($B12,'PEW2'!$C$6:$C$150,'PEW2'!$B$6:$B$150,"") | U12: =_xlfn.XLOOKUP(T12,'PEW2'!$B$6:$B$75,'PEW2'!$A$6:$A$75,0) -> 0 | V12: =_xlfn.XLOOKUP($B12,'PEW3'!$C$6:$C$150,'PEW3'!$B$6:$B$150,"") | W12: =_xlfn.XLOOKUP(V12,'PEW3'!$B$6:$B$75,'PEW3'!$A$6:$A$75,0) -> 0 | X12: =_xlfn.XLOOKUP($B12,'PEW4'!$C$6:$C$150,'PEW4'!$B$6:$B$150,"") | Y12: =_xlfn.XLOOKUP(X12,'PEW4'!$B$6:$B$75,'PEW4'!$A$6:$A$75,0) -> 0 | Z12: =_xlfn.XLOOKUP($B12,'PEW5'!$C$6:$C$150,'PEW5'!$B$6:$B$150,"") | AA12: =_xlfn.XLOOKUP(Z12,'PEW5'!$B$6:$B$75,'PEW5'!$A$6:$A$75,0) -> 0 | AB12: =_xlfn.XLOOKUP($B12,'PEW6'!$C$6:$C$150,'PEW6'!$B$6:$B$150,"") | AC12: =_xlfn.XLOOKUP(AB12,'PEW6'!$B$6:$B$75,'PEW6'!$A$6:$A$75,0) -> 0 | AD12: =_xlfn.XLOOKUP($B12,'PEW7'!$C$6:$C$150,'PEW7'!$B$6:$B$150,"") | AE12: =_xlfn.XLOOKUP(AD12,'PEW7'!$B$6:$B$75,'PEW7'!$A$6:$A$75,0) -> 0 | AF12: =_xlfn.XLOOKUP($B12,PS!$C$6:$C$150,PS!$B$6:$B$150,"") | AG12: =_xlfn.XLOOKUP(AF12,PS!$B$6:$B$75,PS!$A$6:$A$75,0) -> 0 | AH12: =_xlfn.XLOOKUP($B12,IMEW!$C$6:$C$150,IMEW!$B$6:$B$150,"") | AI12: =_xlfn.XLOOKUP(AH12,IMEW!$B$6:$B$75,IMEW!$A$6:$A$75,0) -> 0 | AJ12: {=_xlfn.XLOOKUP($B12,IMSW!C$6:C$201,IMSW!$B$6:B$201,"")} | AK12: =_xlfn.XLOOKUP(AJ12,IMSW!$B$6:$B$201,IMSW!$A$6:$A$201,0) -> 0 | AM12: {=IF(AY12>=150,SUM(AR12,AS12,AT12,AU12,AY12)+SUM(LARGE((AV12,AW12,AZ12,BA12,BB12),{1;2;3})), IF(AY12+AZ12>=150,SUM(AR12,AS12,AT12,AU12,AY12,AZ12)+SUM(LARGE((AV12,AW12,BA12,BB12),{1;2})), IF(AY12+AZ12+BA12>=150,SUM(AR12,AS12,AT12,AU12,AY12,AZ12,BA12)+SUM(LARGE((AV12,AW12,BB12),1)), IF(AY12+AZ12+BA12+BB12>=150,SUM(AR12,AS12,AT12,AU12,AY12,AZ12,BA12,BB12),0) ) ) )} -> 0 | AN12: {=IF(AY12>=75,SUM(AR12,AS12,AT12,AU12,AY12)+SUM(LARGE((AV12,AW12,AZ12,BA12,BB12),{1;2;3})), IF(AY12+AZ12>=75,SUM(AR12,AS12,AT12,AU12,AY12,AZ12)+SUM(LARGE((AV12,AW12,BA12,BB12),{1;2})), IF(AY12+AZ12+BA12>=75,SUM(AR12,AS12,AT12,AU12,AY12,AZ12,BA12)+SUM(LARGE((AV12,AW12,BB12),1)), IF(AY12+AZ12+BA12+BB12>=75,SUM(AR12,AS12,AT12,AU12,AY12,AZ12,BA12,BB12),0) ) ) )} -> 0 | AO12: {=SUM(AR12:AT12)+SUM(LARGE((AU12:BC12),{1;2;3;4;5}))} -> 91.437791 | AP12: {=SUM(LARGE((AR12:BF12),{1;2;3;4;5;6;7;8}))} -> 91.437791 | AR12: =LARGE((F12,H12,J12,L12,N12,P12),1) -> 40.112279 | AS12: =LARGE((F12,H12,J12,L12,N12,P12),2) -> 35.39489 | AT12: =LARGE((F12,H12,J12,L12,N12,P12),3) -> 15.930622 | AU12: =LARGE((F12,H12,J12,L12,N12,P12),4) -> 0 | AV12: =LARGE((F12,H12,J12,L12,N12,P12),5) -> 0 | AW12: =LARGE((F12,H12,J12,L12,N12,P12),6) -> 0 | AY12: =LARGE((S12,U12,W12,Y12,AA12,AC12,AE12,AG12,AI12,AK12),1) -> 0 | AZ12: =LARGE((S12,U12,W12,Y12,AA12,AC12,AE12,AG12,AI12,AK12),2) -> 0 | BA12: =LARGE((S12,U12,W12,Y12,AA12,AC12,AE12,AG12,AI12,AK12),3) -> 0 | BB12: =LARGE((S12,U12,W12,Y12,AA12,AC12,AE12,AG12,AI12,AK12),4) -> 0 | BC12: =LARGE((S12,U12,W12,Y12,AA12,AC12,AE12,AG12,AI12,AK12),5) -> 0 | BD12: =LARGE((S12,U12,W12,Y12,AA12,AC12,AE12,AG12,AI12,AK12),6) -> 0 | BE12: =LARGE((S12,U12,W12,Y12,AA12,AC12,AE12,AG12,AI12,AK12),7) -> 0 | BF12: =LARGE((S12,U12,W12,Y12,AA12,AC12,AE12,AG12,AI12,AK12),8) -> 0 | BG12: =LARGE((S12,U12,W12,Y12,AA12,AC12,AE12,AG12,AI12,AK12),9) -> 0
A13: =ROW()-5 -> 8 | B13: PARDUS Borys | C13: {=IF(AND(COUNTIF(E13:P13,"")<3,SUM(LARGE((S13,U13,W13,Y13,AA13,AC13,AE13,AG13,AI13,AK13),{1;2;3;4}))>=150),"kadra A", IF(AND(COUNTIF(E13:P13,"")<3,SUM(LARGE((S13,U13,W13,Y13,AA13,AC13,AE13,AG13,AI13,AK13),{1;2;3;4}))>=75),"kadra B", IF(COUNTIF(E13:P13,"")<4,"kadra C", IF(B13="","","kadra D") )))} -> kadra C | D13: =IF(C13="kadra A",AM13,IF(C13="kadra B",AN13,IF(C13="kadra C",AO13,IF(C13="kadra D",AP13,0)))) -> 91.169644 | E13: =_xlfn.XLOOKUP($B13,'PP1'!$C$6:$C$150,'PP1'!$B$6:$B$150,"") -> 6 | F13: =_xlfn.XLOOKUP(E13,'PP1'!$B$6:$B$75,'PP1'!$A$6:$A$75,0) -> 7.7789458 | G13: =_xlfn.XLOOKUP($B13,'PP2'!$C$6:$C$150,'PP2'!$B$6:$B$150,"") -> 6 | H13: =_xlfn.XLOOKUP(G13,'PP2'!$B$6:$B$75,'PP2'!$A$6:$A$75,0) -> 7.7789458 | I13: =_xlfn.XLOOKUP($B13,'PP3'!$C$6:$C$150,'PP3'!$B$6:$B$150,"") -> 17 | J13: =_xlfn.XLOOKUP(I13,'PP3'!$B$6:$B$75,'PP3'!$A$6:$A$75,0) -> 2.8509659 | K13: =_xlfn.XLOOKUP($B13,'PP4'!$C$6:$C$150,'PP4'!$B$6:$B$150,"") -> 5 | L13: =_xlfn.XLOOKUP(K13,'PP4'!$B$6:$B$75,'PP4'!$A$6:$A$75,0) -> 12.075174 | M13: =_xlfn.XLOOKUP($B13,'PP5'!$C$6:$C$150,'PP5'!$B$6:$B$150,"") | N13: =_xlfn.XLOOKUP(M13,'PP5'!$B$6:$B$75,'PP5'!$A$6:$A$75,0) -> 0 | O13: =_xlfn.XLOOKUP(B13,MPW!C$6:C$150,MPW!B$6:B$150,"") -> 6 | P13: =_xlfn.XLOOKUP(O13,MPW!B$6:B$75,MPW!A$6:A$75,0) -> 1.2 | R13: =_xlfn.XLOOKUP($B13,'PEW1'!$C$6:$C$150,'PEW1'!$B$6:$B$150,"") | S13: =_xlfn.XLOOKUP(R13,'PEW1'!$B$6:$B$75,'PEW1'!$A$6:$A$75,0) -> 0 | T13: =_xlfn.XLOOKUP($B13,'PEW2'!$C$6:$C$150,'PEW2'!$B$6:$B$150,"") -> 24 | U13: =_xlfn.XLOOKUP(T13,'PEW2'!$B$6:$B$75,'PEW2'!$A$6:$A$75,0) -> 15.462805 | V13: =_xlfn.XLOOKUP($B13,'PEW3'!$C$6:$C$150,'PEW3'!$B$6:$B$150,"") -> 39 | W13: =_xlfn.XLOOKUP(V13,'PEW3'!$B$6:$B$75,'PEW3'!$A$6:$A$75,0) -> 4.7855612 | X13: =_xlfn.XLOOKUP($B13,'PEW4'!$C$6:$C$150,'PEW4'!$B$6:$B$150,"") -> 31 | Y13: =_xlfn.XLOOKUP(X13,'PEW4'!$B$6:$B$75,'PEW4'!$A$6:$A$75,0) -> 19.54073 | Z13: =_xlfn.XLOOKUP($B13,'PEW5'!$C$6:$C$150,'PEW5'!$B$6:$B$150,"") -> 22 | AA13: =_xlfn.XLOOKUP(Z13,'PEW5'!$B$6:$B$75,'PEW5'!$A$6:$A$75,0) -> 5.8935223 | AB13: =_xlfn.XLOOKUP($B13,'PEW6'!$C$6:$C$150,'PEW6'!$B$6:$B$150,"") -> 35 | AC13: =_xlfn.XLOOKUP(AB13,'PEW6'!$B$6:$B$75,'PEW6'!$A$6:$A$75,0) -> 4.2349616 | AD13: =_xlfn.XLOOKUP($B13,'PEW7'!$C$6:$C$150,'PEW7'!$B$6:$B$150,"") | AE13: =_xlfn.XLOOKUP(AD13,'PEW7'!$B$6:$B$75,'PEW7'!$A$6:$A$75,0) -> 0 | AF13: =_xlfn.XLOOKUP($B13,PS!$C$6:$C$150,PS!$B$6:$B$150,"") -> 41 | AG13: =_xlfn.XLOOKUP(AF13,PS!$B$6:$B$75,PS!$A$6:$A$75,0) -> 17.853959 | AH13: =_xlfn.XLOOKUP($B13,IMEW!$C$6:$C$150,IMEW!$B$6:$B$150,"") -> 78 | AI13: =_xlfn.XLOOKUP(AH13,IMEW!$B$6:$B$75,IMEW!$A$6:$A$75,0) -> 0 | AJ13: {=_xlfn.XLOOKUP($B13,IMSW!C$6:C$201,IMSW!$B$6:B$201,"")} | AK13: =_xlfn.XLOOKUP(AJ13,IMSW!$B$6:$B$201,IMSW!$A$6:$A$201,0) -> 0 | AM13: {=IF(AY13>=150,SUM(AR13,AS13,AT13,AU13,AY13)+SUM(LARGE((AV13,AW13,AZ13,BA13,BB13),{1;2;3})), IF(AY13+AZ13>=150,SUM(AR13,AS13,AT13,AU13,AY13,AZ13)+SUM(LARGE((AV13,AW13,BA13,BB13),{1;2})), IF(AY13+AZ13+BA13>=150,SUM(AR13,AS13,AT13,AU13,AY13,AZ13,BA13)+SUM(LARGE((AV13,AW13,BB13),1)), IF(AY13+AZ13+BA13+BB13>=150,SUM(AR13,AS13,AT13,AU13,AY13,AZ13,BA13,BB13),0) ) ) )} -> 0 | AN13: {=IF(AY13>=75,SUM(AR13,AS13,AT13,AU13,AY13)+SUM(LARGE((AV13,AW13,AZ13,BA13,BB13),{1;2;3})), IF(AY13+AZ13>=75,SUM(AR13,AS13,AT13,AU13,AY13,AZ13)+SUM(LARGE((AV13,AW13,BA13,BB13),{1;2})), IF(AY13+AZ13+BA13>=75,SUM(AR13,AS13,AT13,AU13,AY13,AZ13,BA13)+SUM(LARGE((AV13,AW13,BB13),1)), IF(AY13+AZ13+BA13+BB13>=75,SUM(AR13,AS13,AT13,AU13,AY13,AZ13,BA13,BB13),0) ) ) )} -> 0 | AO13: {=SUM(AR13:AT13)+SUM(LARGE((AU13:BC13),{1;2;3;4;5}))} -> 91.169644 | AP13: {=SUM(LARGE((AR13:BF13),{1;2;3;4;5;6;7;8}))} -> 91.169644 | AR13: =LARGE((F13,H13,J13,L13,N13,P13),1) -> 12.075174 | AS13: =LARGE((F13,H13,J13,L13,N13,P13),2) -> 7.7789458 | AT13: =LARGE((F13,H13,J13,L13,N13,P13),3) -> 7.7789458 | AU13: =LARGE((F13,H13,J13,L13,N13,P13),4) -> 2.8509659 | AV13: =LARGE((F13,H13,J13,L13,N13,P13),5) -> 1.2 | AW13: =LARGE((F13,H13,J13,L13,N13,P13),6) -> 0 | AY13: =LARGE((S13,U13,W13,Y13,AA13,AC13,AE13,AG13,AI13,AK13),1) -> 19.54073 | AZ13: =LARGE((S13,U13,W13,Y13,AA13,AC13,AE13,AG13,AI13,AK13),2) -> 17.853959 | BA13: =LARGE((S13,U13,W13,Y13,AA13,AC13,AE13,AG13,AI13,AK13),3) -> 15.462805 | BB13: =LARGE((S13,U13,W13,Y13,AA13,AC13,AE13,AG13,AI13,AK13),4) -> 5.8935223 | BC13: =LARGE((S13,U13,W13,Y13,AA13,AC13,AE13,AG13,AI13,AK13),5) -> 4.7855612 | BD13: =LARGE((S13,U13,W13,Y13,AA13,AC13,AE13,AG13,AI13,AK13),6) -> 4.2349616 | BE13: =LARGE((S13,U13,W13,Y13,AA13,AC13,AE13,AG13,AI13,AK13),7) -> 0 | BF13: =LARGE((S13,U13,W13,Y13,AA13,AC13,AE13,AG13,AI13,AK13),8) -> 0 | BG13: =LARGE((S13,U13,W13,Y13,AA13,AC13,AE13,AG13,AI13,AK13),9) -> 0
A14: =ROW()-5 -> 9 | B14: WIERZBICKI Jacek | C14: {=IF(AND(COUNTIF(E14:P14,"")<3,SUM(LARGE((S14,U14,W14,Y14,AA14,AC14,AE14,AG14,AI14,AK14),{1;2;3;4}))>=150),"kadra A", IF(AND(COUNTIF(E14:P14,"")<3,SUM(LARGE((S14,U14,W14,Y14,AA14,AC14,AE14,AG14,AI14,AK14),{1;2;3;4}))>=75),"kadra B", IF(COUNTIF(E14:P14,"")<4,"kadra C", IF(B14="","","kadra D") )))} -> kadra C | D14: =IF(C14="kadra A",AM14,IF(C14="kadra B",AN14,IF(C14="kadra C",AO14,IF(C14="kadra D",AP14,0)))) -> 37.78675 | E14: =_xlfn.XLOOKUP($B14,'PP1'!$C$6:$C$150,'PP1'!$B$6:$B$150,"") -> 7 | F14: =_xlfn.XLOOKUP(E14,'PP1'!$B$6:$B$75,'PP1'!$A$6:$A$75,0) -> 4.1465363 | G14: =_xlfn.XLOOKUP($B14,'PP2'!$C$6:$C$150,'PP2'!$B$6:$B$150,"") -> 5 | H14: =_xlfn.XLOOKUP(G14,'PP2'!$B$6:$B$75,'PP2'!$A$6:$A$75,0) -> 12.075174 | I14: =_xlfn.XLOOKUP($B14,'PP3'!$C$6:$C$150,'PP3'!$B$6:$B$150,"") -> 16 | J14: =_xlfn.XLOOKUP(I14,'PP3'!$B$6:$B$75,'PP3'!$A$6:$A$75,0) -> 13.859853 | K14: =_xlfn.XLOOKUP($B14,'PP4'!$C$6:$C$150,'PP4'!$B$6:$B$150,"") -> 8 | L14: =_xlfn.XLOOKUP(K14,'PP4'!$B$6:$B$75,'PP4'!$A$6:$A$75,0) -> 1 | M14: =_xlfn.XLOOKUP($B14,'PP5'!$C$6:$C$150,'PP5'!$B$6:$B$150,"") -> 4 | N14: =_xlfn.XLOOKUP(M14,'PP5'!$B$6:$B$75,'PP5'!$A$6:$A$75,0) -> 1 | O14: =_xlfn.XLOOKUP(B14,MPW!C$6:C$150,MPW!B$6:B$150,"") | P14: =_xlfn.XLOOKUP(O14,MPW!B$6:B$75,MPW!A$6:A$75,0) -> 0 | R14: =_xlfn.XLOOKUP($B14,'PEW1'!$C$6:$C$150,'PEW1'!$B$6:$B$150,"") -> 43 | S14: =_xlfn.XLOOKUP(R14,'PEW1'!$B$6:$B$75,'PEW1'!$A$6:$A$75,0) -> 4.4159118 | T14: =_xlfn.XLOOKUP($B14,'PEW2'!$C$6:$C$150,'PEW2'!$B$6:$B$150,"") | U14: =_xlfn.XLOOKUP(T14,'PEW2'!$B$6:$B$75,'PEW2'!$A$6:$A$75,0) -> 0 | V14: =_xlfn.XLOOKUP($B14,'PEW3'!$C$6:$C$150,'PEW3'!$B$6:$B$150,"") | W14: =_xlfn.XLOOKUP(V14,'PEW3'!$B$6:$B$75,'PEW3'!$A$6:$A$75,0) -> 0 | X14: =_xlfn.XLOOKUP($B14,'PEW4'!$C$6:$C$150,'PEW4'!$B$6:$B$150,"") | Y14: =_xlfn.XLOOKUP(X14,'PEW4'!$B$6:$B$75,'PEW4'!$A$6:$A$75,0) -> 0 | Z14: =_xlfn.XLOOKUP($B14,'PEW5'!$C$6:$C$150,'PEW5'!$B$6:$B$150,"") | AA14: =_xlfn.XLOOKUP(Z14,'PEW5'!$B$6:$B$75,'PEW5'!$A$6:$A$75,0) -> 0 | AB14: =_xlfn.XLOOKUP($B14,'PEW6'!$C$6:$C$150,'PEW6'!$B$6:$B$150,"") -> 44 | AC14: =_xlfn.XLOOKUP(AB14,'PEW6'!$B$6:$B$75,'PEW6'!$A$6:$A$75,0) -> 1.2892744 | AD14: =_xlfn.XLOOKUP($B14,'PEW7'!$C$6:$C$150,'PEW7'!$B$6:$B$150,"") | AE14: =_xlfn.XLOOKUP(AD14,'PEW7'!$B$6:$B$75,'PEW7'!$A$6:$A$75,0) -> 0 | AF14: =_xlfn.XLOOKUP($B14,PS!$C$6:$C$150,PS!$B$6:$B$150,"") | AG14: =_xlfn.XLOOKUP(AF14,PS!$B$6:$B$75,PS!$A$6:$A$75,0) -> 0 | AH14: =_xlfn.XLOOKUP($B14,IMEW!$C$6:$C$150,IMEW!$B$6:$B$150,"") | AI14: =_xlfn.XLOOKUP(AH14,IMEW!$B$6:$B$75,IMEW!$A$6:$A$75,0) -> 0 | AJ14: {=_xlfn.XLOOKUP($B14,IMSW!C$6:C$201,IMSW!$B$6:B$201,"")} | AK14: =_xlfn.XLOOKUP(AJ14,IMSW!$B$6:$B$201,IMSW!$A$6:$A$201,0) -> 0 | AM14: {=IF(AY14>=150,SUM(AR14,AS14,AT14,AU14,AY14)+SUM(LARGE((AV14,AW14,AZ14,BA14,BB14),{1;2;3})), IF(AY14+AZ14>=150,SUM(AR14,AS14,AT14,AU14,AY14,AZ14)+SUM(LARGE((AV14,AW14,BA14,BB14),{1;2})), IF(AY14+AZ14+BA14>=150,SUM(AR14,AS14,AT14,AU14,AY14,AZ14,BA14)+SUM(LARGE((AV14,AW14,BB14),1)), IF(AY14+AZ14+BA14+BB14>=150,SUM(AR14,AS14,AT14,AU14,AY14,AZ14,BA14,BB14),0) ) ) )} -> 0 | AN14: {=IF(AY14>=75,SUM(AR14,AS14,AT14,AU14,AY14)+SUM(LARGE((AV14,AW14,AZ14,BA14,BB14),{1;2;3})), IF(AY14+AZ14>=75,SUM(AR14,AS14,AT14,AU14,AY14,AZ14)+SUM(LARGE((AV14,AW14,BA14,BB14),{1;2})), IF(AY14+AZ14+BA14>=75,SUM(AR14,AS14,AT14,AU14,AY14,AZ14,BA14)+SUM(LARGE((AV14,AW14,BB14),1)), IF(AY14+AZ14+BA14+BB14>=75,SUM(AR14,AS14,AT14,AU14,AY14,AZ14,BA14,BB14),0) ) ) )} -> 0 | AO14: {=SUM(AR14:AT14)+SUM(LARGE((AU14:BC14),{1;2;3;4;5}))} -> 37.78675 | AP14: {=SUM(LARGE((AR14:BF14),{1;2;3;4;5;6;7;8}))} -> 37.78675 | AR14: =LARGE((F14,H14,J14,L14,N14,P14),1) -> 13.859853 | AS14: =LARGE((F14,H14,J14,L14,N14,P14),2) -> 12.075174 | AT14: =LARGE((F14,H14,J14,L14,N14,P14),3) -> 4.1465363 | AU14: =LARGE((F14,H14,J14,L14,N14,P14),4) -> 1 | AV14: =LARGE((F14,H14,J14,L14,N14,P14),5) -> 1 | AW14: =LARGE((F14,H14,J14,L14,N14,P14),6) -> 0 | AY14: =LARGE((S14,U14,W14,Y14,AA14,AC14,AE14,AG14,AI14,AK14),1) -> 4.4159118 | AZ14: =LARGE((S14,U14,W14,Y14,AA14,AC14,AE14,AG14,AI14,AK14),2) -> 1.2892744 | BA14: =LARGE((S14,U14,W14,Y14,AA14,AC14,AE14,AG14,AI14,AK14),3) -> 0 | BB14: =LARGE((S14,U14,W14,Y14,AA14,AC14,AE14,AG14,AI14,AK14),4) -> 0 | BC14: =LARGE((S14,U14,W14,Y14,AA14,AC14,AE14,AG14,AI14,AK14),5) -> 0 | BD14: =LARGE((S14,U14,W14,Y14,AA14,AC14,AE14,AG14,AI14,AK14),6) -> 0 | BE14: =LARGE((S14,U14,W14,Y14,AA14,AC14,AE14,AG14,AI14,AK14),7) -> 0 | BF14: =LARGE((S14,U14,W14,Y14,AA14,AC14,AE14,AG14,AI14,AK14),8) -> 0 | BG14: =LARGE((S14,U14,W14,Y14,AA14,AC14,AE14,AG14,AI14,AK14),9) -> 0
A15: =ROW()-5 -> 10 | B15: WASIOŁKA Sebastian | C15: {=IF(AND(COUNTIF(E15:P15,"")<3,SUM(LARGE((S15,U15,W15,Y15,AA15,AC15,AE15,AG15,AI15,AK15),{1;2;3;4}))>=150),"kadra A", IF(AND(COUNTIF(E15:P15,"")<3,SUM(LARGE((S15,U15,W15,Y15,AA15,AC15,AE15,AG15,AI15,AK15),{1;2;3;4}))>=75),"kadra B", IF(COUNTIF(E15:P15,"")<4,"kadra C", IF(B15="","","kadra D") )))} -> kadra D | D15: =IF(C15="kadra A",AM15,IF(C15="kadra B",AN15,IF(C15="kadra C",AO15,IF(C15="kadra D",AP15,0)))) -> 183.45597 | E15: =_xlfn.XLOOKUP($B15,'PP1'!$C$6:$C$150,'PP1'!$B$6:$B$150,"") | F15: =_xlfn.XLOOKUP(E15,'PP1'!$B$6:$B$75,'PP1'!$A$6:$A$75,0) -> 0 | G15: =_xlfn.XLOOKUP($B15,'PP2'!$C$6:$C$150,'PP2'!$B$6:$B$150,"") | H15: =_xlfn.XLOOKUP(G15,'PP2'!$B$6:$B$75,'PP2'!$A$6:$A$75,0) -> 0 | I15: =_xlfn.XLOOKUP($B15,'PP3'!$C$6:$C$150,'PP3'!$B$6:$B$150,"") | J15: =_xlfn.XLOOKUP(I15,'PP3'!$B$6:$B$75,'PP3'!$A$6:$A$75,0) -> 0 | K15: =_xlfn.XLOOKUP($B15,'PP4'!$C$6:$C$150,'PP4'!$B$6:$B$150,"") | L15: =_xlfn.XLOOKUP(K15,'PP4'!$B$6:$B$75,'PP4'!$A$6:$A$75,0) -> 0 | M15: =_xlfn.XLOOKUP($B15,'PP5'!$C$6:$C$150,'PP5'!$B$6:$B$150,"") -> 2k1 | N15: =_xlfn.XLOOKUP(M15,'PP5'!$B$6:$B$75,'PP5'!$A$6:$A$75,0) -> 61.946936 | O15: =_xlfn.XLOOKUP(B15,MPW!C$6:C$150,MPW!B$6:B$150,"") -> 2k1 | P15: =_xlfn.XLOOKUP(O15,MPW!B$6:B$75,MPW!A$6:A$75,0) -> 95.015645 | R15: =_xlfn.XLOOKUP($B15,'PEW1'!$C$6:$C$150,'PEW1'!$B$6:$B$150,"") | S15: =_xlfn.XLOOKUP(R15,'PEW1'!$B$6:$B$75,'PEW1'!$A$6:$A$75,0) -> 0 | T15: =_xlfn.XLOOKUP($B15,'PEW2'!$C$6:$C$150,'PEW2'!$B$6:$B$150,"") | U15: =_xlfn.XLOOKUP(T15,'PEW2'!$B$6:$B$75,'PEW2'!$A$6:$A$75,0) -> 0 | V15: =_xlfn.XLOOKUP($B15,'PEW3'!$C$6:$C$150,'PEW3'!$B$6:$B$150,"") | W15: =_xlfn.XLOOKUP(V15,'PEW3'!$B$6:$B$75,'PEW3'!$A$6:$A$75,0) -> 0 | X15: =_xlfn.XLOOKUP($B15,'PEW4'!$C$6:$C$150,'PEW4'!$B$6:$B$150,"") | Y15: =_xlfn.XLOOKUP(X15,'PEW4'!$B$6:$B$75,'PEW4'!$A$6:$A$75,0) -> 0 | Z15: =_xlfn.XLOOKUP($B15,'PEW5'!$C$6:$C$150,'PEW5'!$B$6:$B$150,"") | AA15: =_xlfn.XLOOKUP(Z15,'PEW5'!$B$6:$B$75,'PEW5'!$A$6:$A$75,0) -> 0 | AB15: =_xlfn.XLOOKUP($B15,'PEW6'!$C$6:$C$150,'PEW6'!$B$6:$B$150,"") -> 10k1 | AC15: =_xlfn.XLOOKUP(AB15,'PEW6'!$B$6:$B$75,'PEW6'!$A$6:$A$75,0) -> 26.49339 | AD15: =_xlfn.XLOOKUP($B15,'PEW7'!$C$6:$C$150,'PEW7'!$B$6:$B$150,"") | AE15: =_xlfn.XLOOKUP(AD15,'PEW7'!$B$6:$B$75,'PEW7'!$A$6:$A$75,0) -> 0 | AF15: =_xlfn.XLOOKUP($B15,PS!$C$6:$C$150,PS!$B$6:$B$150,"") | AG15: =_xlfn.XLOOKUP(AF15,PS!$B$6:$B$75,PS!$A$6:$A$75,0) -> 0 | AH15: =_xlfn.XLOOKUP($B15,IMEW!$C$6:$C$150,IMEW!$B$6:$B$150,"") | AI15: =_xlfn.XLOOKUP(AH15,IMEW!$B$6:$B$75,IMEW!$A$6:$A$75,0) -> 0 | AJ15: {=_xlfn.XLOOKUP($B15,IMSW!C$6:C$201,IMSW!$B$6:B$201,"")} | AK15: =_xlfn.XLOOKUP(AJ15,IMSW!$B$6:$B$201,IMSW!$A$6:$A$201,0) -> 0 | AM15: {=IF(AY15>=150,SUM(AR15,AS15,AT15,AU15,AY15)+SUM(LARGE((AV15,AW15,AZ15,BA15,BB15),{1;2;3})), IF(AY15+AZ15>=150,SUM(AR15,AS15,AT15,AU15,AY15,AZ15)+SUM(LARGE((AV15,AW15,BA15,BB15),{1;2})), IF(AY15+AZ15+BA15>=150,SUM(AR15,AS15,AT15,AU15,AY15,AZ15,BA15)+SUM(LARGE((AV15,AW15,BB15),1)), IF(AY15+AZ15+BA15+BB15>=150,SUM(AR15,AS15,AT15,AU15,AY15,AZ15,BA15,BB15),0) ) ) )} -> 0 | AN15: {=IF(AY15>=75,SUM(AR15,AS15,AT15,AU15,AY15)+SUM(LARGE((AV15,AW15,AZ15,BA15,BB15),{1;2;3})), IF(AY15+AZ15>=75,SUM(AR15,AS15,AT15,AU15,AY15,AZ15)+SUM(LARGE((AV15,AW15,BA15,BB15),{1;2})), IF(AY15+AZ15+BA15>=75,SUM(AR15,AS15,AT15,AU15,AY15,AZ15,BA15)+SUM(LARGE((AV15,AW15,BB15),1)), IF(AY15+AZ15+BA15+BB15>=75,SUM(AR15,AS15,AT15,AU15,AY15,AZ15,BA15,BB15),0) ) ) )} -> 0 | AO15: {=SUM(AR15:AT15)+SUM(LARGE((AU15:BC15),{1;2;3;4;5}))} -> 183.45597 | AP15: {=SUM(LARGE((AR15:BF15),{1;2;3;4;5;6;7;8}))} -> 183.45597 | AR15: =LARGE((F15,H15,J15,L15,N15,P15),1) -> 95.015645 | AS15: =LARGE((F15,H15,J15,L15,N15,P15),2) -> 61.946936 | AT15: =LARGE((F15,H15,J15,L15,N15,P15),3) -> 0 | AU15: =LARGE((F15,H15,J15,L15,N15,P15),4) -> 0 | AV15: =LARGE((F15,H15,J15,L15,N15,P15),5) -> 0 | AW15: =LARGE((F15,H15,J15,L15,N15,P15),6) -> 0 | AY15: =LARGE((S15,U15,W15,Y15,AA15,AC15,AE15,AG15,AI15,AK15),1) -> 26.49339 | AZ15: =LARGE((S15,U15,W15,Y15,AA15,AC15,AE15,AG15,AI15,AK15),2) -> 0 | BA15: =LARGE((S15,U15,W15,Y15,AA15,AC15,AE15,AG15,AI15,AK15),3) -> 0 | BB15: =LARGE((S15,U15,W15,Y15,AA15,AC15,AE15,AG15,AI15,AK15),4) -> 0 | BC15: =LARGE((S15,U15,W15,Y15,AA15,AC15,AE15,AG15,AI15,AK15),5) -> 0 | BD15: =LARGE((S15,U15,W15,Y15,AA15,AC15,AE15,AG15,AI15,AK15),6) -> 0 | BE15: =LARGE((S15,U15,W15,Y15,AA15,AC15,AE15,AG15,AI15,AK15),7) -> 0 | BF15: =LARGE((S15,U15,W15,Y15,AA15,AC15,AE15,AG15,AI15,AK15),8) -> 0 | BG15: =LARGE((S15,U15,W15,Y15,AA15,AC15,AE15,AG15,AI15,AK15),9) -> 0
A16: =ROW()-5 -> 11 | B16: JASZCZAK Piotr | C16: {=IF(AND(COUNTIF(E16:P16,"")<3,SUM(LARGE((S16,U16,W16,Y16,AA16,AC16,AE16,AG16,AI16,AK16),{1;2;3;4}))>=150),"kadra A", IF(AND(COUNTIF(E16:P16,"")<3,SUM(LARGE((S16,U16,W16,Y16,AA16,AC16,AE16,AG16,AI16,AK16),{1;2;3;4}))>=75),"kadra B", IF(COUNTIF(E16:P16,"")<4,"kadra C", IF(B16="","","kadra D") )))} -> kadra D | D16: =IF(C16="kadra A",AM16,IF(C16="kadra B",AN16,IF(C16="kadra C",AO16,IF(C16="kadra D",AP16,0)))) -> 89.367095 | E16: =_xlfn.XLOOKUP($B16,'PP1'!$C$6:$C$150,'PP1'!$B$6:$B$150,"") | F16: =_xlfn.XLOOKUP(E16,'PP1'!$B$6:$B$75,'PP1'!$A$6:$A$75,0) -> 0 | G16: =_xlfn.XLOOKUP($B16,'PP2'!$C$6:$C$150,'PP2'!$B$6:$B$150,"") | H16: =_xlfn.XLOOKUP(G16,'PP2'!$B$6:$B$75,'PP2'!$A$6:$A$75,0) -> 0 | I16: =_xlfn.XLOOKUP($B16,'PP3'!$C$6:$C$150,'PP3'!$B$6:$B$150,"") -> 6 | J16: =_xlfn.XLOOKUP(I16,'PP3'!$B$6:$B$75,'PP3'!$A$6:$A$75,0) -> 40.182363 | K16: =_xlfn.XLOOKUP($B16,'PP4'!$C$6:$C$150,'PP4'!$B$6:$B$150,"") -> 4 | L16: =_xlfn.XLOOKUP(K16,'PP4'!$B$6:$B$75,'PP4'!$A$6:$A$75,0) -> 27.333333 | M16: =_xlfn.XLOOKUP($B16,'PP5'!$C$6:$C$150,'PP5'!$B$6:$B$150,"") | N16: =_xlfn.XLOOKUP(M16,'PP5'!$B$6:$B$75,'PP5'!$A$6:$A$75,0) -> 0 | O16: =_xlfn.XLOOKUP(B16,MPW!C$6:C$150,MPW!B$6:B$150,"") | P16: =_xlfn.XLOOKUP(O16,MPW!B$6:B$75,MPW!A$6:A$75,0) -> 0 | R16: =_xlfn.XLOOKUP($B16,'PEW1'!$C$6:$C$150,'PEW1'!$B$6:$B$150,"") | S16: =_xlfn.XLOOKUP(R16,'PEW1'!$B$6:$B$75,'PEW1'!$A$6:$A$75,0) -> 0 | T16: =_xlfn.XLOOKUP($B16,'PEW2'!$C$6:$C$150,'PEW2'!$B$6:$B$150,"") | U16: =_xlfn.XLOOKUP(T16,'PEW2'!$B$6:$B$75,'PEW2'!$A$6:$A$75,0) -> 0 | V16: =_xlfn.XLOOKUP($B16,'PEW3'!$C$6:$C$150,'PEW3'!$B$6:$B$150,"") -> 22 | W16: =_xlfn.XLOOKUP(V16,'PEW3'!$B$6:$B$75,'PEW3'!$A$6:$A$75,0) -> 21.851399 | X16: =_xlfn.XLOOKUP($B16,'PEW4'!$C$6:$C$150,'PEW4'!$B$6:$B$150,"") | Y16: =_xlfn.XLOOKUP(X16,'PEW4'!$B$6:$B$75,'PEW4'!$A$6:$A$75,0) -> 0 | Z16: =_xlfn.XLOOKUP($B16,'PEW5'!$C$6:$C$150,'PEW5'!$B$6:$B$150,"") | AA16: =_xlfn.XLOOKUP(Z16,'PEW5'!$B$6:$B$75,'PEW5'!$A$6:$A$75,0) -> 0 | AB16: =_xlfn.XLOOKUP($B16,'PEW6'!$C$6:$C$150,'PEW6'!$B$6:$B$150,"") | AC16: =_xlfn.XLOOKUP(AB16,'PEW6'!$B$6:$B$75,'PEW6'!$A$6:$A$75,0) -> 0 | AD16: =_xlfn.XLOOKUP($B16,'PEW7'!$C$6:$C$150,'PEW7'!$B$6:$B$150,"") | AE16: =_xlfn.XLOOKUP(AD16,'PEW7'!$B$6:$B$75,'PEW7'!$A$6:$A$75,0) -> 0 | AF16: =_xlfn.XLOOKUP($B16,PS!$C$6:$C$150,PS!$B$6:$B$150,"") | AG16: =_xlfn.XLOOKUP(AF16,PS!$B$6:$B$75,PS!$A$6:$A$75,0) -> 0 | AH16: =_xlfn.XLOOKUP($B16,IMEW!$C$6:$C$150,IMEW!$B$6:$B$150,"") | AI16: =_xlfn.XLOOKUP(AH16,IMEW!$B$6:$B$75,IMEW!$A$6:$A$75,0) -> 0 | AJ16: {=_xlfn.XLOOKUP($B16,IMSW!C$6:C$201,IMSW!$B$6:B$201,"")} | AK16: =_xlfn.XLOOKUP(AJ16,IMSW!$B$6:$B$201,IMSW!$A$6:$A$201,0) -> 0 | AM16: {=IF(AY16>=150,SUM(AR16,AS16,AT16,AU16,AY16)+SUM(LARGE((AV16,AW16,AZ16,BA16,BB16),{1;2;3})), IF(AY16+AZ16>=150,SUM(AR16,AS16,AT16,AU16,AY16,AZ16)+SUM(LARGE((AV16,AW16,BA16,BB16),{1;2})), IF(AY16+AZ16+BA16>=150,SUM(AR16,AS16,AT16,AU16,AY16,AZ16,BA16)+SUM(LARGE((AV16,AW16,BB16),1)), IF(AY16+AZ16+BA16+BB16>=150,SUM(AR16,AS16,AT16,AU16,AY16,AZ16,BA16,BB16),0) ) ) )} -> 0 | AN16: {=IF(AY16>=75,SUM(AR16,AS16,AT16,AU16,AY16)+SUM(LARGE((AV16,AW16,AZ16,BA16,BB16),{1;2;3})), IF(AY16+AZ16>=75,SUM(AR16,AS16,AT16,AU16,AY16,AZ16)+SUM(LARGE((AV16,AW16,BA16,BB16),{1;2})), IF(AY16+AZ16+BA16>=75,SUM(AR16,AS16,AT16,AU16,AY16,AZ16,BA16)+SUM(LARGE((AV16,AW16,BB16),1)), IF(AY16+AZ16+BA16+BB16>=75,SUM(AR16,AS16,AT16,AU16,AY16,AZ16,BA16,BB16),0) ) ) )} -> 0 | AO16: {=SUM(AR16:AT16)+SUM(LARGE((AU16:BC16),{1;2;3;4;5}))} -> 89.367095 | AP16: {=SUM(LARGE((AR16:BF16),{1;2;3;4;5;6;7;8}))} -> 89.367095 | AR16: =LARGE((F16,H16,J16,L16,N16,P16),1) -> 40.182363 | AS16: =LARGE((F16,H16,J16,L16,N16,P16),2) -> 27.333333 | AT16: =LARGE((F16,H16,J16,L16,N16,P16),3) -> 0 | AU16: =LARGE((F16,H16,J16,L16,N16,P16),4) -> 0 | AV16: =LARGE((F16,H16,J16,L16,N16,P16),5) -> 0 | AW16: =LARGE((F16,H16,J16,L16,N16,P16),6) -> 0 | AY16: =LARGE((S16,U16,W16,Y16,AA16,AC16,AE16,AG16,AI16,AK16),1) -> 21.851399 | AZ16: =LARGE((S16,U16,W16,Y16,AA16,AC16,AE16,AG16,AI16,AK16),2) -> 0 | BA16: =LARGE((S16,U16,W16,Y16,AA16,AC16,AE16,AG16,AI16,AK16),3) -> 0 | BB16: =LARGE((S16,U16,W16,Y16,AA16,AC16,AE16,AG16,AI16,AK16),4) -> 0 | BC16: =LARGE((S16,U16,W16,Y16,AA16,AC16,AE16,AG16,AI16,AK16),5) -> 0 | BD16: =LARGE((S16,U16,W16,Y16,AA16,AC16,AE16,AG16,AI16,AK16),6) -> 0 | BE16: =LARGE((S16,U16,W16,Y16,AA16,AC16,AE16,AG16,AI16,AK16),7) -> 0 | BF16: =LARGE((S16,U16,W16,Y16,AA16,AC16,AE16,AG16,AI16,AK16),8) -> 0 | BG16: =LARGE((S16,U16,W16,Y16,AA16,AC16,AE16,AG16,AI16,AK16),9) -> 0
A17: =ROW()-5 -> 12 | B17: OLSZEWSKI Mikołaj | C17: {=IF(AND(COUNTIF(E17:P17,"")<3,SUM(LARGE((S17,U17,W17,Y17,AA17,AC17,AE17,AG17,AI17,AK17),{1;2;3;4}))>=150),"kadra A", IF(AND(COUNTIF(E17:P17,"")<3,SUM(LARGE((S17,U17,W17,Y17,AA17,AC17,AE17,AG17,AI17,AK17),{1;2;3;4}))>=75),"kadra B", IF(COUNTIF(E17:P17,"")<4,"kadra C", IF(B17="","","kadra D") )))} -> kadra D | D17: =IF(C17="kadra A",AM17,IF(C17="kadra B",AN17,IF(C17="kadra C",AO17,IF(C17="kadra D",AP17,0)))) -> 57.256449 | E17: =_xlfn.XLOOKUP($B17,'PP1'!$C$6:$C$150,'PP1'!$B$6:$B$150,"") | F17: =_xlfn.XLOOKUP(E17,'PP1'!$B$6:$B$75,'PP1'!$A$6:$A$75,0) -> 0 | G17: =_xlfn.XLOOKUP($B17,'PP2'!$C$6:$C$150,'PP2'!$B$6:$B$150,"") | H17: =_xlfn.XLOOKUP(G17,'PP2'!$B$6:$B$75,'PP2'!$A$6:$A$75,0) -> 0 | I17: =_xlfn.XLOOKUP($B17,'PP3'!$C$6:$C$150,'PP3'!$B$6:$B$150,"") -> 7 | J17: =_xlfn.XLOOKUP(I17,'PP3'!$B$6:$B$75,'PP3'!$A$6:$A$75,0) -> 37.617058 | K17: =_xlfn.XLOOKUP($B17,'PP4'!$C$6:$C$150,'PP4'!$B$6:$B$150,"") | L17: =_xlfn.XLOOKUP(K17,'PP4'!$B$6:$B$75,'PP4'!$A$6:$A$75,0) -> 0 | M17: =_xlfn.XLOOKUP($B17,'PP5'!$C$6:$C$150,'PP5'!$B$6:$B$150,"") | N17: =_xlfn.XLOOKUP(M17,'PP5'!$B$6:$B$75,'PP5'!$A$6:$A$75,0) -> 0 | O17: =_xlfn.XLOOKUP(B17,MPW!C$6:C$150,MPW!B$6:B$150,"") | P17: =_xlfn.XLOOKUP(O17,MPW!B$6:B$75,MPW!A$6:A$75,0) -> 0 | R17: =_xlfn.XLOOKUP($B17,'PEW1'!$C$6:$C$150,'PEW1'!$B$6:$B$150,"") | S17: =_xlfn.XLOOKUP(R17,'PEW1'!$B$6:$B$75,'PEW1'!$A$6:$A$75,0) -> 0 | T17: =_xlfn.XLOOKUP($B17,'PEW2'!$C$6:$C$150,'PEW2'!$B$6:$B$150,"") | U17: =_xlfn.XLOOKUP(T17,'PEW2'!$B$6:$B$75,'PEW2'!$A$6:$A$75,0) -> 0 | V17: =_xlfn.XLOOKUP($B17,'PEW3'!$C$6:$C$150,'PEW3'!$B$6:$B$150,"") | W17: =_xlfn.XLOOKUP(V17,'PEW3'!$B$6:$B$75,'PEW3'!$A$6:$A$75,0) -> 0 | X17: =_xlfn.XLOOKUP($B17,'PEW4'!$C$6:$C$150,'PEW4'!$B$6:$B$150,"") | Y17: =_xlfn.XLOOKUP(X17,'PEW4'!$B$6:$B$75,'PEW4'!$A$6:$A$75,0) -> 0 | Z17: =_xlfn.XLOOKUP($B17,'PEW5'!$C$6:$C$150,'PEW5'!$B$6:$B$150,"") | AA17: =_xlfn.XLOOKUP(Z17,'PEW5'!$B$6:$B$75,'PEW5'!$A$6:$A$75,0) -> 0 | AB17: =_xlfn.XLOOKUP($B17,'PEW6'!$C$6:$C$150,'PEW6'!$B$6:$B$150,"") -> 23 | AC17: =_xlfn.XLOOKUP(AB17,'PEW6'!$B$6:$B$75,'PEW6'!$A$6:$A$75,0) -> 19.639391 | AD17: =_xlfn.XLOOKUP($B17,'PEW7'!$C$6:$C$150,'PEW7'!$B$6:$B$150,"") | AE17: =_xlfn.XLOOKUP(AD17,'PEW7'!$B$6:$B$75,'PEW7'!$A$6:$A$75,0) -> 0 | AF17: =_xlfn.XLOOKUP($B17,PS!$C$6:$C$150,PS!$B$6:$B$150,"") | AG17: =_xlfn.XLOOKUP(AF17,PS!$B$6:$B$75,PS!$A$6:$A$75,0) -> 0 | AH17: =_xlfn.XLOOKUP($B17,IMEW!$C$6:$C$150,IMEW!$B$6:$B$150,"") | AI17: =_xlfn.XLOOKUP(AH17,IMEW!$B$6:$B$75,IMEW!$A$6:$A$75,0) -> 0 | AJ17: {=_xlfn.XLOOKUP($B17,IMSW!C$6:C$201,IMSW!$B$6:B$201,"")} | AK17: =_xlfn.XLOOKUP(AJ17,IMSW!$B$6:$B$201,IMSW!$A$6:$A$201,0) -> 0 | AM17: {=IF(AY17>=150,SUM(AR17,AS17,AT17,AU17,AY17)+SUM(LARGE((AV17,AW17,AZ17,BA17,BB17),{1;2;3})), IF(AY17+AZ17>=150,SUM(AR17,AS17,AT17,AU17,AY17,AZ17)+SUM(LARGE((AV17,AW17,BA17,BB17),{1;2})), IF(AY17+AZ17+BA17>=150,SUM(AR17,AS17,AT17,AU17,AY17,AZ17,BA17)+SUM(LARGE((AV17,AW17,BB17),1)), IF(AY17+AZ17+BA17+BB17>=150,SUM(AR17,AS17,AT17,AU17,AY17,AZ17,BA17,BB17),0) ) ) )} -> 0 | AN17: {=IF(AY17>=75,SUM(AR17,AS17,AT17,AU17,AY17)+SUM(LARGE((AV17,AW17,AZ17,BA17,BB17),{1;2;3})), IF(AY17+AZ17>=75,SUM(AR17,AS17,AT17,AU17,AY17,AZ17)+SUM(LARGE((AV17,AW17,BA17,BB17),{1;2})), IF(AY17+AZ17+BA17>=75,SUM(AR17,AS17,AT17,AU17,AY17,AZ17,BA17)+SUM(LARGE((AV17,AW17,BB17),1)), IF(AY17+AZ17+BA17+BB17>=75,SUM(AR17,AS17,AT17,AU17,AY17,AZ17,BA17,BB17),0) ) ) )} -> 0 | AO17: {=SUM(AR17:AT17)+SUM(LARGE((AU17:BC17),{1;2;3;4;5}))} -> 57.256449 | AP17: {=SUM(LARGE((AR17:BF17),{1;2;3;4;5;6;7;8}))} -> 57.256449 | AR17: =LARGE((F17,H17,J17,L17,N17,P17),1) -> 37.617058 | AS17: =LARGE((F17,H17,J17,L17,N17,P17),2) -> 0 | AT17: =LARGE((F17,H17,J17,L17,N17,P17),3) -> 0 | AU17: =LARGE((F17,H17,J17,L17,N17,P17),4) -> 0 | AV17: =LARGE((F17,H17,J17,L17,N17,P17),5) -> 0 | AW17: =LARGE((F17,H17,J17,L17,N17,P17),6) -> 0 | AY17: =LARGE((S17,U17,W17,Y17,AA17,AC17,AE17,AG17,AI17,AK17),1) -> 19.639391 | AZ17: =LARGE((S17,U17,W17,Y17,AA17,AC17,AE17,AG17,AI17,AK17),2) -> 0 | BA17: =LARGE((S17,U17,W17,Y17,AA17,AC17,AE17,AG17,AI17,AK17),3) -> 0 | BB17: =LARGE((S17,U17,W17,Y17,AA17,AC17,AE17,AG17,AI17,AK17),4) -> 0 | BC17: =LARGE((S17,U17,W17,Y17,AA17,AC17,AE17,AG17,AI17,AK17),5) -> 0 | BD17: =LARGE((S17,U17,W17,Y17,AA17,AC17,AE17,AG17,AI17,AK17),6) -> 0 | BE17: =LARGE((S17,U17,W17,Y17,AA17,AC17,AE17,AG17,AI17,AK17),7) -> 0 | BF17: =LARGE((S17,U17,W17,Y17,AA17,AC17,AE17,AG17,AI17,AK17),8) -> 0 | BG17: =LARGE((S17,U17,W17,Y17,AA17,AC17,AE17,AG17,AI17,AK17),9) -> 0
... A30: =ROW()-5 -> 25 | B30: BISKUPSKI Marek | C30: {=IF(AND(COUNTIF(E30:P30,"")<3,SUM(LARGE((S30,U30,W30,Y30,AA30,AC30,AE30,AG30,AI30,AK30),{1;2;3;4}))>=150),"kadra A", IF(AND(COUNTIF(E30:P30,"")<3,SUM(LARGE((S30,U30,W30,Y30,AA30,AC30,AE30,AG30,AI30,AK30),{1;2;3;4}))>=75),"kadra B", IF(COUNTIF(E30:P30,"")<4,"kadra C", IF(B30="","","kadra D") )))} -> kadra D | D30: =IF(C30="kadra A",AM30,IF(C30="kadra B",AN30,IF(C30="kadra C",AO30,IF(C30="kadra D",AP30,0)))) -> 1 | E30: =_xlfn.XLOOKUP($B30,'PP1'!$C$6:$C$150,'PP1'!$B$6:$B$150,"") | F30: =_xlfn.XLOOKUP(E30,'PP1'!$B$6:$B$75,'PP1'!$A$6:$A$75,0) -> 0 | G30: =_xlfn.XLOOKUP($B30,'PP2'!$C$6:$C$150,'PP2'!$B$6:$B$150,"") | H30: =_xlfn.XLOOKUP(G30,'PP2'!$B$6:$B$75,'PP2'!$A$6:$A$75,0) -> 0 | I30: =_xlfn.XLOOKUP($B30,'PP3'!$C$6:$C$150,'PP3'!$B$6:$B$150,"") | J30: =_xlfn.XLOOKUP(I30,'PP3'!$B$6:$B$75,'PP3'!$A$6:$A$75,0) -> 0 | K30: =_xlfn.XLOOKUP($B30,'PP4'!$C$6:$C$150,'PP4'!$B$6:$B$150,"") | L30: =_xlfn.XLOOKUP(K30,'PP4'!$B$6:$B$75,'PP4'!$A$6:$A$75,0) -> 0 | M30: =_xlfn.XLOOKUP($B30,'PP5'!$C$6:$C$150,'PP5'!$B$6:$B$150,"") | N30: =_xlfn.XLOOKUP(M30,'PP5'!$B$6:$B$75,'PP5'!$A$6:$A$75,0) -> 0 | O30: =_xlfn.XLOOKUP(B30,MPW!C$6:C$150,MPW!B$6:B$150,"") | P30: =_xlfn.XLOOKUP(O30,MPW!B$6:B$75,MPW!A$6:A$75,0) -> 0 | R30: =_xlfn.XLOOKUP($B30,'PEW1'!$C$6:$C$150,'PEW1'!$B$6:$B$150,"") | S30: =_xlfn.XLOOKUP(R30,'PEW1'!$B$6:$B$75,'PEW1'!$A$6:$A$75,0) -> 0 | T30: =_xlfn.XLOOKUP($B30,'PEW2'!$C$6:$C$150,'PEW2'!$B$6:$B$150,"") | U30: =_xlfn.XLOOKUP(T30,'PEW2'!$B$6:$B$75,'PEW2'!$A$6:$A$75,0) -> 0 | V30: =_xlfn.XLOOKUP($B30,'PEW3'!$C$6:$C$150,'PEW3'!$B$6:$B$150,"") | W30: =_xlfn.XLOOKUP(V30,'PEW3'!$B$6:$B$75,'PEW3'!$A$6:$A$75,0) -> 0 | X30: =_xlfn.XLOOKUP($B30,'PEW4'!$C$6:$C$150,'PEW4'!$B$6:$B$150,"") | Y30: =_xlfn.XLOOKUP(X30,'PEW4'!$B$6:$B$75,'PEW4'!$A$6:$A$75,0) -> 0 | Z30: =_xlfn.XLOOKUP($B30,'PEW5'!$C$6:$C$150,'PEW5'!$B$6:$B$150,"") | AA30: =_xlfn.XLOOKUP(Z30,'PEW5'!$B$6:$B$75,'PEW5'!$A$6:$A$75,0) -> 0 | AB30: =_xlfn.XLOOKUP($B30,'PEW6'!$C$6:$C$150,'PEW6'!$B$6:$B$150,"") -> 45 | AC30: =_xlfn.XLOOKUP(AB30,'PEW6'!$B$6:$B$75,'PEW6'!$A$6:$A$75,0) -> 1 | AD30: =_xlfn.XLOOKUP($B30,'PEW7'!$C$6:$C$150,'PEW7'!$B$6:$B$150,"") | AE30: =_xlfn.XLOOKUP(AD30,'PEW7'!$B$6:$B$75,'PEW7'!$A$6:$A$75,0) -> 0 | AF30: =_xlfn.XLOOKUP($B30,PS!$C$6:$C$150,PS!$B$6:$B$150,"") | AG30: =_xlfn.XLOOKUP(AF30,PS!$B$6:$B$75,PS!$A$6:$A$75,0) -> 0 | AH30: =_xlfn.XLOOKUP($B30,IMEW!$C$6:$C$150,IMEW!$B$6:$B$150,"") | AI30: =_xlfn.XLOOKUP(AH30,IMEW!$B$6:$B$75,IMEW!$A$6:$A$75,0) -> 0 | AJ30: {=_xlfn.XLOOKUP($B30,IMSW!C$6:C$201,IMSW!$B$6:B$201,"")} | AK30: =_xlfn.XLOOKUP(AJ30,IMSW!$B$6:$B$201,IMSW!$A$6:$A$201,0) -> 0 | AM30: {=IF(AY30>=150,SUM(AR30,AS30,AT30,AU30,AY30)+SUM(LARGE((AV30,AW30,AZ30,BA30,BB30),{1;2;3})), IF(AY30+AZ30>=150,SUM(AR30,AS30,AT30,AU30,AY30,AZ30)+SUM(LARGE((AV30,AW30,BA30,BB30),{1;2})), IF(AY30+AZ30+BA30>=150,SUM(AR30,AS30,AT30,AU30,AY30,AZ30,BA30)+SUM(LARGE((AV30,AW30,BB30),1)), IF(AY30+AZ30+BA30+BB30>=150,SUM(AR30,AS30,AT30,AU30,AY30,AZ30,BA30,BB30),0) ) ) )} -> 0 | AN30: {=IF(AY30>=75,SUM(AR30,AS30,AT30,AU30,AY30)+SUM(LARGE((AV30,AW30,AZ30,BA30,BB30),{1;2;3})), IF(AY30+AZ30>=75,SUM(AR30,AS30,AT30,AU30,AY30,AZ30)+SUM(LARGE((AV30,AW30,BA30,BB30),{1;2})), IF(AY30+AZ30+BA30>=75,SUM(AR30,AS30,AT30,AU30,AY30,AZ30,BA30)+SUM(LARGE((AV30,AW30,BB30),1)), IF(AY30+AZ30+BA30+BB30>=75,SUM(AR30,AS30,AT30,AU30,AY30,AZ30,BA30,BB30),0) ) ) )} -> 0 | AO30: {=SUM(AR30:AT30)+SUM(LARGE((AU30:BC30),{1;2;3;4;5}))} -> 1 | AP30: {=SUM(LARGE((AR30:BF30),{1;2;3;4;5;6;7;8}))} -> 1 | AR30: =LARGE((F30,H30,J30,L30,N30,P30),1) -> 0 | AS30: =LARGE((F30,H30,J30,L30,N30,P30),2) -> 0 | AT30: =LARGE((F30,H30,J30,L30,N30,P30),3) -> 0 | AU30: =LARGE((F30,H30,J30,L30,N30,P30),4) -> 0 | AV30: =LARGE((F30,H30,J30,L30,N30,P30),5) -> 0 | AW30: =LARGE((F30,H30,J30,L30,N30,P30),6) -> 0 | AY30: =LARGE((S30,U30,W30,Y30,AA30,AC30,AE30,AG30,AI30,AK30),1) -> 1 | AZ30: =LARGE((S30,U30,W30,Y30,AA30,AC30,AE30,AG30,AI30,AK30),2) -> 0 | BA30: =LARGE((S30,U30,W30,Y30,AA30,AC30,AE30,AG30,AI30,AK30),3) -> 0 | BB30: =LARGE((S30,U30,W30,Y30,AA30,AC30,AE30,AG30,AI30,AK30),4) -> 0 | BC30: =LARGE((S30,U30,W30,Y30,AA30,AC30,AE30,AG30,AI30,AK30),5) -> 0 | BD30: =LARGE((S30,U30,W30,Y30,AA30,AC30,AE30,AG30,AI30,AK30),6) -> 0 | BE30: =LARGE((S30,U30,W30,Y30,AA30,AC30,AE30,AG30,AI30,AK30),7) -> 0 | BF30: =LARGE((S30,U30,W30,Y30,AA30,AC30,AE30,AG30,AI30,AK30),8) -> 0 | BG30: =LARGE((S30,U30,W30,Y30,AA30,AC30,AE30,AG30,AI30,AK30),9) -> 0

Sheet PEW1
B1: miejsce: | C1: BUDAPEST CUP 2025.09.20 | H1: Liczba uczestników: | I1: GP Punkty | J1: Bonus za rundę | K1: Mnożnik za podium
A2: LINK | B2: turniej: | C2: INTERNATIONAL VETERAN CHAMPIONSHIPS | H2: 57 | I2: 50 | J2: 10 | K2: =3*H2^(1/3) -> 11.545503
B3: data:
C4: httPS://www.fencingtimelive.com/events/results/download/F335344201F74762AED57ADC339F65EF
A5: Punkty | B5: Miejsce Place | C5: Nazwisko Imię Name | D5: Klub Club(s) | E5: Okręg Division | F5: Państwo Country | H5: Miejsce | I5: Punkty za miejsce | J5: liczba wygranych walk pucharowych | K5: bonus z rundy pucharowej | L5: punkty za podium | M5: Suma
A6: =M6 -> 144.63651 | B6: =IF(H6>$H$2,"",(ROW()-5)) -> 1 | C6: ATANASSOW Aleksander | F6: POL | H6: 1 | I6: =IF(H2=1,50,IF(H6<$H$2+1,($I$2-($I$2-1)*(LOG(H6)/LOG($H$2))),"")) -> 50 | J6: =INT(LOG($H$2,2))-ROUNDUP(LOG(H6,2),0)+IF(OR($H$2=1,$H$2=2,$H$2=4,$H$2=8,$H$2=16,$H$2=32,$H$2=64,$H$2=128,$H$2=256),0,1) -> 6 | K6: =J6*$J$2 -> 60 | L6: =3*K2 -> 34.63651 | M6: =IF(I6<>"",K6+I6+L6,0) -> 144.63651
A7: =M7 -> 114.69037 | B7: =IF(H7>$H$2,"",(ROW()-5)) -> 2 | C7: GOETZ Gregory | F7: FRA | H7: 2 | I7: =IF(H7<$H$2+1,($I$2-($I$2-1)*(LOG(H7)/LOG($H$2))),"") -> 41.599362 | J7: =INT(LOG($H$2,2))-ROUNDUP(LOG(H7,2),0)+IF(OR($H$2=1,$H$2=2,$H$2=4,$H$2=8,$H$2=16,$H$2=32,$H$2=64,$H$2=128,$H$2=256),0,1) -> 5 | K7: =J7*$J$2 -> 50 | L7: =2*K2 -> 23.091007 | M7: =IF(I7<>"",K7+I7+L7,0) -> 114.69037
A8: =M8 -> 88.230807 | B8: =IF(H8>$H$2,"",(ROW()-5)) -> 3 | C8: ASHRAFI Ehsan | F8: SWE | H8: 3 | I8: =IF(H8<$H$2+1,($I$2-($I$2-1)*(LOG(H8)/LOG($H$2))),"") -> 36.685303 | J8: =INT(LOG($H$2,2))-ROUNDUP(LOG(H8,2),0)+IF(OR($H$2=1,$H$2=2,$H$2=4,$H$2=8,$H$2=16,$H$2=32,$H$2=64,$H$2=128,$H$2=256),0,1) -> 4 | K8: =J8*$J$2 -> 40 | L8: =K2 -> 11.545503 | M8: =IF(I8<>"",K8+I8+L8,0) -> 88.230807
A9: =M9 -> 73.198723 | B9: =IF(H9>$H$2,"",(ROW()-5)) -> 4 | C9: PÖNISCH Thomas | F9: GER | H9: 4 | I9: =IF(H9<$H$2+1,($I$2-($I$2-1)*(LOG(H9)/LOG($H$2))),"") -> 33.198723 | J9: =INT(LOG($H$2,2))-ROUNDUP(LOG(H9,2),0)+IF(OR($H$2=1,$H$2=2,$H$2=4,$H$2=8,$H$2=16,$H$2=32,$H$2=64,$H$2=128,$H$2=256),0,1) -> 4 | K9: =J9*$J$2 -> 40 | M9: =IF(I9<>"",K9+I9+L9,0) -> 73.198723
A10: =M10 -> 60.494322 | B10: =IF(H10>$H$2,"",(ROW()-5)) -> 5 | C10: LYONS Michael James | F10: HUN | H10: 5 | I10: =IF(H10<$H$2+1,($I$2-($I$2-1)*(LOG(H10)/LOG($H$2))),"") -> 30.494322 | J10: =INT(LOG($H$2,2))-ROUNDUP(LOG(H10,2),0)+IF(OR($H$2=1,$H$2=2,$H$2=4,$H$2=8,$H$2=16,$H$2=32,$H$2=64,$H$2=128,$H$2=256),0,1) -> 3 | K10: =J10*$J$2 -> 30 | M10: =IF(I10<>"",K10+I10+L10,0) -> 60.494322
A11: =M11 -> 58.284665 | B11: =IF(H11>$H$2,"",(ROW()-5)) -> 6 | C11: HIRNER Wolfgang | F11: AUT | H11: 6 | I11: =IF(H11<$H$2+1,($I$2-($I$2-1)*(LOG(H11)/LOG($H$2))),"") -> 28.284665 | J11: =INT(LOG($H$2,2))-ROUNDUP(LOG(H11,2),0)+IF(OR($H$2=1,$H$2=2,$H$2=4,$H$2=8,$H$2=16,$H$2=32,$H$2=64,$H$2=128,$H$2=256),0,1) -> 3 | K11: =J11*$J$2 -> 30 | M11: =IF(I11<>"",K11+I11+L11,0) -> 58.284665
A12: =M12 -> 56.416426 | B12: =IF(H12>$H$2,"",(ROW()-5)) -> 7 | C12: SCHATTENFROH Sebastian Dr. | F12: GER | H12: 7 | I12: =IF(H12<$H$2+1,($I$2-($I$2-1)*(LOG(H12)/LOG($H$2))),"") -> 26.416426 | J12: =INT(LOG($H$2,2))-ROUNDUP(LOG(H12,2),0)+IF(OR($H$2=1,$H$2=2,$H$2=4,$H$2=8,$H$2=16,$H$2=32,$H$2=64,$H$2=128,$H$2=256),0,1) -> 3 | K12: =J12*$J$2 -> 30 | M12: =IF(I12<>"",K12+I12+L12,0) -> 56.416426
A13: =M13 -> 54.798085 | B13: =IF(H13>$H$2,"",(ROW()-5)) -> 8 | C13: STRAKA Tomas | F13: CZE | H13: 8 | I13: =IF(H13<$H$2+1,($I$2-($I$2-1)*(LOG(H13)/LOG($H$2))),"") -> 24.798085 | J13: =INT(LOG($H$2,2))-ROUNDUP(LOG(H13,2),0)+IF(OR($H$2=1,$H$2=2,$H$2=4,$H$2=8,$H$2=16,$H$2=32,$H$2=64,$H$2=128,$H$2=256),0,1) -> 3 | K13: =J13*$J$2 -> 30 | M13: =IF(I13<>"",K13+I13+L13,0) -> 54.798085
A14: =M14 -> 43.370606 | B14: =IF(H14>$H$2,"",(ROW()-5)) -> 9 | C14: BERGER Matthias | F14: GER | H14: 9 | I14: =IF(H14<$H$2+1,($I$2-($I$2-1)*(LOG(H14)/LOG($H$2))),"") -> 23.370606 | J14: =INT(LOG($H$2,2))-ROUNDUP(LOG(H14,2),0)+IF(OR($H$2=1,$H$2=2,$H$2=4,$H$2=8,$H$2=16,$H$2=32,$H$2=64,$H$2=128,$H$2=256),0,1) -> 2 | K14: =J14*$J$2 -> 20 | M14: =IF(I14<>"",K14+I14+L14,0) -> 43.370606
A15: =M15 -> 42.093683 | B15: =IF(H15>$H$2,"",(ROW()-5)) -> 10 | C15: DEGAUQUE Gilles | F15: BEL | H15: 10 | I15: =IF(H15<$H$2+1,($I$2-($I$2-1)*(LOG(H15)/LOG($H$2))),"") -> 22.093683 | J15: =INT(LOG($H$2,2))-ROUNDUP(LOG(H15,2),0)+IF(OR($H$2=1,$H$2=2,$H$2=4,$H$2=8,$H$2=16,$H$2=32,$H$2=64,$H$2=128,$H$2=256),0,1) -> 2 | K15: =J15*$J$2 -> 20 | M15: =IF(I15<>"",K15+I15+L15,0) -> 42.093683
A16: =M16 -> 40.938566 | B16: =IF(H16>$H$2,"",(ROW()-5)) -> 11 | C16: SOKOL Vratislav | F16: CZE | H16: 11 | I16: =IF(H16<$H$2+1,($I$2-($I$2-1)*(LOG(H16)/LOG($H$2))),"") -> 20.938566 | J16: =INT(LOG($H$2,2))-ROUNDUP(LOG(H16,2),0)+IF(OR($H$2=1,$H$2=2,$H$2=4,$H$2=8,$H$2=16,$H$2=32,$H$2=64,$H$2=128,$H$2=256),0,1) -> 2 | K16: =J16*$J$2 -> 20 | M16: =IF(I16<>"",K16+I16+L16,0) -> 40.938566
A17: =M17 -> 39.884026 | B17: =IF(H17>$H$2,"",(ROW()-5)) -> 12 | C17: HAYEK Günter | F17: AUT | H17: 12 | I17: =IF(H17<$H$2+1,($I$2-($I$2-1)*(LOG(H17)/LOG($H$2))),"") -> 19.884026 | J17: =INT(LOG($H$2,2))-ROUNDUP(LOG(H17,2),0)+IF(OR($H$2=1,$H$2=2,$H$2=4,$H$2=8,$H$2=16,$H$2=32,$H$2=64,$H$2=128,$H$2=256),0,1) -> 2 | K17: =J17*$J$2 -> 20 | M17: =IF(I17<>"",K17+I17+L17,0) -> 39.884026
A18: =M18 -> 38.913944 | B18: =IF(H18>$H$2,"",(ROW()-5)) -> 13 | C18: PILHÁL Zsolt | F18: HUN | H18: 13 | I18: =IF(H18<$H$2+1,($I$2-($I$2-1)*(LOG(H18)/LOG($H$2))),"") -> 18.913944 | J18: =INT(LOG($H$2,2))-ROUNDUP(LOG(H18,2),0)+IF(OR($H$2=1,$H$2=2,$H$2=4,$H$2=8,$H$2=16,$H$2=32,$H$2=64,$H$2=128,$H$2=256),0,1) -> 2 | K18: =J18*$J$2 -> 20 | M18: =IF(I18<>"",K18+I18+L18,0) -> 38.913944
A19: =M19 -> 38.015788 | B19: =IF(H19>$H$2,"",(ROW()-5)) -> 14 | C19: KORONA Przemysław | F19: POL | H19: 14 | I19: =IF(H19<$H$2+1,($I$2-($I$2-1)*(LOG(H19)/LOG($H$2))),"") -> 18.015788 | J19: =INT(LOG($H$2,2))-ROUNDUP(LOG(H19,2),0)+IF(OR($H$2=1,$H$2=2,$H$2=4,$H$2=8,$H$2=16,$H$2=32,$H$2=64,$H$2=128,$H$2=256),0,1) -> 2 | K19: =J19*$J$2 -> 20 | M19: =IF(I19<>"",K19+I19+L19,0) -> 38.015788
A20: =M20 -> 37.179625 | B20: =IF(H20>$H$2,"",(ROW()-5)) -> 15 | C20: GOETTMANN Jean-Julien | F20: SUI | H20: 15 | I20: =IF(H20<$H$2+1,($I$2-($I$2-1)*(LOG(H20)/LOG($H$2))),"") -> 17.179625 | J20: =INT(LOG($H$2,2))-ROUNDUP(LOG(H20,2),0)+IF(OR($H$2=1,$H$2=2,$H$2=4,$H$2=8,$H$2=16,$H$2=32,$H$2=64,$H$2=128,$H$2=256),0,1) -> 2 | K20: =J20*$J$2 -> 20 | M20: =IF(I20<>"",K20+I20+L20,0) -> 37.179625
... A62: =M62 -> 1 | B62: =IF(H62>$H$2,"",(ROW()-5)) -> 57 | C62: VARGA Gergely | F62: HUN | H62: 57 | I62: =IF(H62<$H$2+1,($I$2-($I$2-1)*(LOG(H62)/LOG($H$2))),"") -> 1 | J62: =INT(LOG($H$2,2))-ROUNDUP(LOG(H62,2),0)+IF(OR($H$2=1,$H$2=2,$H$2=4,$H$2=8,$H$2=16,$H$2=32,$H$2=64,$H$2=128,$H$2=256),0,1) -> 0 | K62: =J62*$J$2 -> 0 | M62: =IF(I62<>"",K62+I62+L62,0) -> 1
A63: =M63 -> 0 | B63: =IF(H63>$H$2,"",(ROW()-5)) | H63: 58 | I63: =IF(H63<$H$2+1,($I$2-($I$2-1)*(LOG(H63)/LOG($H$2))),"") | J63: =INT(LOG($H$2,2))-ROUNDUP(LOG(H63,2),0)+IF(OR($H$2=1,$H$2=2,$H$2=4,$H$2=8,$H$2=16,$H$2=32,$H$2=64,$H$2=128,$H$2=256),0,1) -> 0 | K63: =J63*$J$2 -> 0 | M63: =IF(I63<>"",K63+I63+L63,0) -> 0
A64: =M64 -> 0 | B64: =IF(H64>$H$2,"",(ROW()-5)) | H64: 59 | I64: =IF(H64<$H$2+1,($I$2-($I$2-1)*(LOG(H64)/LOG($H$2))),"") | J64: =INT(LOG($H$2,2))-ROUNDUP(LOG(H64,2),0)+IF(OR($H$2=1,$H$2=2,$H$2=4,$H$2=8,$H$2=16,$H$2=32,$H$2=64,$H$2=128,$H$2=256),0,1) -> 0 | K64: =J64*$J$2 -> 0 | M64: =IF(I64<>"",K64+I64+L64,0) -> 0
A65: =M65 -> 0 | B65: =IF(H65>$H$2,"",(ROW()-5)) | H65: 60 | I65: =IF(H65<$H$2+1,($I$2-($I$2-1)*(LOG(H65)/LOG($H$2))),"") | J65: =INT(LOG($H$2,2))-ROUNDUP(LOG(H65,2),0)+IF(OR($H$2=1,$H$2=2,$H$2=4,$H$2=8,$H$2=16,$H$2=32,$H$2=64,$H$2=128,$H$2=256),0,1) -> 0 | K65: =J65*$J$2 -> 0 | M65: =IF(I65<>"",K65+I65+L65,0) -> 0
A66: =M66 -> 0 | B66: =IF(H66>$H$2,"",(ROW()-5)) | H66: 61 | I66: =IF(H66<$H$2+1,($I$2-($I$2-1)*(LOG(H66)/LOG($H$2))),"") | J66: =INT(LOG($H$2,2))-ROUNDUP(LOG(H66,2),0)+IF(OR($H$2=1,$H$2=2,$H$2=4,$H$2=8,$H$2=16,$H$2=32,$H$2=64,$H$2=128,$H$2=256),0,1) -> 0 | K66: =J66*$J$2 -> 0 | M66: =IF(I66<>"",K66+I66+L66,0) -> 0
A67: =M67 -> 0 | B67: =IF(H67>$H$2,"",(ROW()-5)) | H67: 62 | I67: =IF(H67<$H$2+1,($I$2-($I$2-1)*(LOG(H67)/LOG($H$2))),"") | J67: =INT(LOG($H$2,2))-ROUNDUP(LOG(H67,2),0)+IF(OR($H$2=1,$H$2=2,$H$2=4,$H$2=8,$H$2=16,$H$2=32,$H$2=64,$H$2=128,$H$2=256),0,1) -> 0 | K67: =J67*$J$2 -> 0 | M67: =IF(I67<>"",K67+I67+L67,0) -> 0
A68: =M68 -> 0 | B68: =IF(H68>$H$2,"",(ROW()-5)) | H68: 63 | I68: =IF(H68<$H$2+1,($I$2-($I$2-1)*(LOG(H68)/LOG($H$2))),"") | J68: =INT(LOG($H$2,2))-ROUNDUP(LOG(H68,2),0)+IF(OR($H$2=1,$H$2=2,$H$2=4,$H$2=8,$H$2=16,$H$2=32,$H$2=64,$H$2=128,$H$2=256),0,1) -> 0 | K68: =J68*$J$2 -> 0 | M68: =IF(I68<>"",K68+I68+L68,0) -> 0
A69: =M69 -> 0 | B69: =IF(H69>$H$2,"",(ROW()-5)) | H69: 64 | I69: =IF(H69<$H$2+1,($I$2-($I$2-1)*(LOG(H69)/LOG($H$2))),"") | J69: =INT(LOG($H$2,2))-ROUNDUP(LOG(H69,2),0)+IF(OR($H$2=1,$H$2=2,$H$2=4,$H$2=8,$H$2=16,$H$2=32,$H$2=64,$H$2=128,$H$2=256),0,1) -> 0 | K69: =J69*$J$2 -> 0 | M69: =IF(I69<>"",K69+I69+L69,0) -> 0
A70: =M70 -> 0 | B70: =IF(H70>$H$2,"",(ROW()-5)) | H70: 65 | I70: =IF(H70<$H$2+1,($I$2-($I$2-1)*(LOG(H70)/LOG($H$2))),"") | J70: =INT(LOG($H$2,2))-ROUNDUP(LOG(H70,2),0)+IF(OR($H$2=1,$H$2=2,$H$2=4,$H$2=8,$H$2=16,$H$2=32,$H$2=64,$H$2=128,$H$2=256),0,1) -> -1 | K70: =J70*$J$2 -> -10 | M70: =IF(I70<>"",K70+I70+L70,0) -> 0
A71: =M71 -> 0 | B71: =IF(H71>$H$2,"",(ROW()-5)) | H71: 66 | I71: =IF(H71<$H$2+1,($I$2-($I$2-1)*(LOG(H71)/LOG($H$2))),"") | J71: =INT(LOG($H$2,2))-ROUNDUP(LOG(H71,2),0)+IF(OR($H$2=1,$H$2=2,$H$2=4,$H$2=8,$H$2=16,$H$2=32,$H$2=64,$H$2=128,$H$2=256),0,1) -> -1 | K71: =J71*$J$2 -> -10 | M71: =IF(I71<>"",K71+I71+L71,0) -> 0
A72: =M72 -> 0 | B72: =IF(H72>$H$2,"",(ROW()-5)) | H72: 67 | I72: =IF(H72<$H$2+1,($I$2-($I$2-1)*(LOG(H72)/LOG($H$2))),"") | J72: =INT(LOG($H$2,2))-ROUNDUP(LOG(H72,2),0)+IF(OR($H$2=1,$H$2=2,$H$2=4,$H$2=8,$H$2=16,$H$2=32,$H$2=64,$H$2=128,$H$2=256),0,1) -> -1 | K72: =J72*$J$2 -> -10 | M72: =IF(I72<>"",K72+I72+L72,0) -> 0
A73: =M73 -> 0 | B73: =IF(H73>$H$2,"",(ROW()-5)) | H73: 68 | I73: =IF(H73<$H$2+1,($I$2-($I$2-1)*(LOG(H73)/LOG($H$2))),"") | J73: =INT(LOG($H$2,2))-ROUNDUP(LOG(H73,2),0)+IF(OR($H$2=1,$H$2=2,$H$2=4,$H$2=8,$H$2=16,$H$2=32,$H$2=64,$H$2=128,$H$2=256),0,1) -> -1 | K73: =J73*$J$2 -> -10 | M73: =IF(I73<>"",K73+I73+L73,0) -> 0
A74: =M74 -> 0 | B74: =IF(H74>$H$2,"",(ROW()-5)) | H74: 69 | I74: =IF(H74<$H$2+1,($I$2-($I$2-1)*(LOG(H74)/LOG($H$2))),"") | J74: =INT(LOG($H$2,2))-ROUNDUP(LOG(H74,2),0)+IF(OR($H$2=1,$H$2=2,$H$2=4,$H$2=8,$H$2=16,$H$2=32,$H$2=64,$H$2=128,$H$2=256),0,1) -> -1 | K74: =J74*$J$2 -> -10 | M74: =IF(I74<>"",K74+I74+L74,0) -> 0
... A269: =M269 -> 0 | B269: =IF(H269>$H$2,"",(ROW()-5)) | H269: 264 | I269: =IF(H269<$H$2+1,($I$2-($I$2-1)*(LOG(H269)/LOG($H$2))),"") | J269: =INT(LOG($H$2,2))-ROUNDUP(LOG(H269,2),0)+IF(OR($H$2=1,$H$2=2,$H$2=4,$H$2=8,$H$2=16,$H$2=32,$H$2=64,$H$2=128,$H$2=256),0,1) -> -3 | K269: =J269*$J$2 -> -30 | M269: =IF(I269<>"",K269+I269+L269,0) -> 0
H270: 265 | I270: =IF(H270<$H$2+1,($I$2-($I$2-1)*(LOG(H270)/LOG($H$2))),"") | J270: =INT(LOG($H$2,2))-ROUNDUP(LOG(H270,2),0)+IF(OR($H$2=1,$H$2=2,$H$2=4,$H$2=8,$H$2=16,$H$2=32,$H$2=64,$H$2=128,$H$2=256),0,1) -> -3 | K270: =J270*$J$2 -> -30 | M270: =IF(I270<>"",K270+I270+L270,0) -> 0
H271: 266 | I271: =IF(H271<$H$2+1,($I$2-($I$2-1)*(LOG(H271)/LOG($H$2))),"") | J271: =INT(LOG($H$2,2))-ROUNDUP(LOG(H271,2),0)+IF(OR($H$2=1,$H$2=2,$H$2=4,$H$2=8,$H$2=16,$H$2=32,$H$2=64,$H$2=128,$H$2=256),0,1) -> -3 | K271: =J271*$J$2 -> -30 | M271: =IF(I271<>"",K271+I271+L271,0) -> 0
H272: 267 | I272: =IF(H272<$H$2+1,($I$2-($I$2-1)*(LOG(H272)/LOG($H$2))),"") | J272: =INT(LOG($H$2,2))-ROUNDUP(LOG(H272,2),0)+IF(OR($H$2=1,$H$2=2,$H$2=4,$H$2=8,$H$2=16,$H$2=32,$H$2=64,$H$2=128,$H$2=256),0,1) -> -3 | K272: =J272*$J$2 -> -30 | M272: =IF(I272<>"",K272+I272+L272,0) -> 0
H273: 268 | I273: =IF(H273<$H$2+1,($I$2-($I$2-1)*(LOG(H273)/LOG($H$2))),"") | J273: =INT(LOG($H$2,2))-ROUNDUP(LOG(H273,2),0)+IF(OR($H$2=1,$H$2=2,$H$2=4,$H$2=8,$H$2=16,$H$2=32,$H$2=64,$H$2=128,$H$2=256),0,1) -> -3 | K273: =J273*$J$2 -> -30 | M273: =IF(I273<>"",K273+I273+L273,0) -> 0
H274: 269 | I274: =IF(H274<$H$2+1,($I$2-($I$2-1)*(LOG(H274)/LOG($H$2))),"") | J274: =INT(LOG($H$2,2))-ROUNDUP(LOG(H274,2),0)+IF(OR($H$2=1,$H$2=2,$H$2=4,$H$2=8,$H$2=16,$H$2=32,$H$2=64,$H$2=128,$H$2=256),0,1) -> -3 | K274: =J274*$J$2 -> -30 | M274: =IF(I274<>"",K274+I274+L274,0) -> 0
H275: 270 | I275: =IF(H275<$H$2+1,($I$2-($I$2-1)*(LOG(H275)/LOG($H$2))),"") | J275: =INT(LOG($H$2,2))-ROUNDUP(LOG(H275,2),0)+IF(OR($H$2=1,$H$2=2,$H$2=4,$H$2=8,$H$2=16,$H$2=32,$H$2=64,$H$2=128,$H$2=256),0,1) -> -3 | K275: =J275*$J$2 -> -30 | M275: =IF(I275<>"",K275+I275+L275,0) -> 0
H276: 271 | I276: =IF(H276<$H$2+1,($I$2-($I$2-1)*(LOG(H276)/LOG($H$2))),"") | J276: =INT(LOG($H$2,2))-ROUNDUP(LOG(H276,2),0)+IF(OR($H$2=1,$H$2=2,$H$2=4,$H$2=8,$H$2=16,$H$2=32,$H$2=64,$H$2=128,$H$2=256),0,1) -> -3 | K276: =J276*$J$2 -> -30 | M276: =IF(I276<>"",K276+I276+L276,0) -> 0
H277: 272 | I277: =IF(H277<$H$2+1,($I$2-($I$2-1)*(LOG(H277)/LOG($H$2))),"") | J277: =INT(LOG($H$2,2))-ROUNDUP(LOG(H277,2),0)+IF(OR($H$2=1,$H$2=2,$H$2=4,$H$2=8,$H$2=16,$H$2=32,$H$2=64,$H$2=128,$H$2=256),0,1) -> -3 | K277: =J277*$J$2 -> -30 | M277: =IF(I277<>"",K277+I277+L277,0) -> 0
H278: 273 | I278: =IF(H278<$H$2+1,($I$2-($I$2-1)*(LOG(H278)/LOG($H$2))),"") | J278: =INT(LOG($H$2,2))-ROUNDUP(LOG(H278,2),0)+IF(OR($H$2=1,$H$2=2,$H$2=4,$H$2=8,$H$2=16,$H$2=32,$H$2=64,$H$2=128,$H$2=256),0,1) -> -3 | K278: =J278*$J$2 -> -30 | M278: =IF(I278<>"",K278+I278+L278,0) -> 0
H279: 274 | I279: =IF(H279<$H$2+1,($I$2-($I$2-1)*(LOG(H279)/LOG($H$2))),"") | J279: =INT(LOG($H$2,2))-ROUNDUP(LOG(H279,2),0)+IF(OR($H$2=1,$H$2=2,$H$2=4,$H$2=8,$H$2=16,$H$2=32,$H$2=64,$H$2=128,$H$2=256),0,1) -> -3 | K279: =J279*$J$2 -> -30 | M279: =IF(I279<>"",K279+I279+L279,0) -> 0
H280: 275 | I280: =IF(H280<$H$2+1,($I$2-($I$2-1)*(LOG(H280)/LOG($H$2))),"") | J280: =INT(LOG($H$2,2))-ROUNDUP(LOG(H280,2),0)+IF(OR($H$2=1,$H$2=2,$H$2=4,$H$2=8,$H$2=16,$H$2=32,$H$2=64,$H$2=128,$H$2=256),0,1) -> -3 | K280: =J280*$J$2 -> -30 | M280: =IF(I280<>"",K280+I280+L280,0) -> 0
H281: 276 | I281: =IF(H281<$H$2+1,($I$2-($I$2-1)*(LOG(H281)/LOG($H$2))),"") | J281: =INT(LOG($H$2,2))-ROUNDUP(LOG(H281,2),0)+IF(OR($H$2=1,$H$2=2,$H$2=4,$H$2=8,$H$2=16,$H$2=32,$H$2=64,$H$2=128,$H$2=256),0,1) -> -3 | K281: =J281*$J$2 -> -30 | M281: =IF(I281<>"",K281+I281+L281,0) -> 0
... H305: 300 | I305: =IF(H305<$H$2+1,($I$2-($I$2-1)*(LOG(H305)/LOG($H$2))),"") | J305: =INT(LOG($H$2,2))-ROUNDUP(LOG(H305,2),0)+IF(OR($H$2=1,$H$2=2,$H$2=4,$H$2=8,$H$2=16,$H$2=32,$H$2=64,$H$2=128,$H$2=256),0,1) -> -3 | K305: =J305*$J$2 -> -30 | M305: =IF(I305<>"",K305+I305+L305,0) -> 0
J306: =INT(LOG($H$2,2))-ROUNDUP(LOG(H306,2),0)+IF(OR($H$2=1,$H$2=2,$H$2=4,$H$2=8,$H$2=16,$H$2=32,$H$2=64,$H$2=128,$H$2=256),0,1) -> #NUM!
J307: =INT(LOG($H$2,2))-ROUNDUP(LOG(H307,2),0)+IF(OR($H$2=1,$H$2=2,$H$2=4,$H$2=8,$H$2=16,$H$2=32,$H$2=64,$H$2=128,$H$2=256),0,1) -> #NUM!
J308: =INT(LOG($H$2,2))-ROUNDUP(LOG(H308,2),0)+IF(OR($H$2=1,$H$2=2,$H$2=4,$H$2=8,$H$2=16,$H$2=32,$H$2=64,$H$2=128,$H$2=256),0,1) -> #NUM!
J309: =INT(LOG($H$2,2))-ROUNDUP(LOG(H309,2),0)+IF(OR($H$2=1,$H$2=2,$H$2=4,$H$2=8,$H$2=16,$H$2=32,$H$2=64,$H$2=128,$H$2=256),0,1) -> #NUM!
J310: =INT(LOG($H$2,2))-ROUNDUP(LOG(H310,2),0)+IF(OR($H$2=1,$H$2=2,$H$2=4,$H$2=8,$H$2=16,$H$2=32,$H$2=64,$H$2=128,$H$2=256),0,1) -> #NUM!
J311: =INT(LOG($H$2,2))-ROUNDUP(LOG(H311,2),0)+IF(OR($H$2=1,$H$2=2,$H$2=4,$H$2=8,$H$2=16,$H$2=32,$H$2=64,$H$2=128,$H$2=256),0,1) -> #NUM!
J312: =INT(LOG($H$2,2))-ROUNDUP(LOG(H312,2),0)+IF(OR($H$2=1,$H$2=2,$H$2=4,$H$2=8,$H$2=16,$H$2=32,$H$2=64,$H$2=128,$H$2=256),0,1) -> #NUM!
J313: =INT(LOG($H$2,2))-ROUNDUP(LOG(H313,2),0)+IF(OR($H$2=1,$H$2=2,$H$2=4,$H$2=8,$H$2=16,$H$2=32,$H$2=64,$H$2=128,$H$2=256),0,1) -> #NUM!
J314: =INT(LOG($H$2,2))-ROUNDUP(LOG(H314,2),0)+IF(OR($H$2=1,$H$2=2,$H$2=4,$H$2=8,$H$2=16,$H$2=32,$H$2=64,$H$2=128,$H$2=256),0,1) -> #NUM!
J315: =INT(LOG($H$2,2))-ROUNDUP(LOG(H315,2),0)+IF(OR($H$2=1,$H$2=2,$H$2=4,$H$2=8,$H$2=16,$H$2=32,$H$2=64,$H$2=128,$H$2=256),0,1) -> #NUM!
J316: =INT(LOG($H$2,2))-ROUNDUP(LOG(H316,2),0)+IF(OR($H$2=1,$H$2=2,$H$2=4,$H$2=8,$H$2=16,$H$2=32,$H$2=64,$H$2=128,$H$2=256),0,1) -> #NUM!
J317: =INT(LOG($H$2,2))-ROUNDUP(LOG(H317,2),0)+IF(OR($H$2=1,$H$2=2,$H$2=4,$H$2=8,$H$2=16,$H$2=32,$H$2=64,$H$2=128,$H$2=256),0,1) -> #NUM!
... J373: =INT(LOG($H$2,2))-ROUNDUP(LOG(H373,2),0)+IF(OR($H$2=1,$H$2=2,$H$2=4,$H$2=8,$H$2=16,$H$2=32,$H$2=64,$H$2=128,$H$2=256),0,1) -> #NUM!

Sheet PEW2
B1: miejsce: | C1: MADRID _x000D_ | H1: Liczba uczestników: | I1: GP Punkty | J1: Bonus za rundę | K1: Mnożnik za podium
A2: LINK | B2: turniej: | C2: VI Ciudad de Madrid CUP VETERANS FENCING | H2: 33 | I2: 50 | J2: 10 | K2: =3*H2^(1/3) -> 9.622603
A3: B | B3: data: | C3: 2 - NOVIEMBRE -2025
C4: httPS://www.fencingtimelive.com/events/results/download/B62D97116A9A459796E0C76A590415A3
A5: Punkty | B5: Miejsce Place | C5: Nazwisko Imię Name | D5: Klub Club(s) | E5: Okręg Division | F5: Państwo Country | H5: Miejsce | I5: Punkty za miejsce | J5: liczba wygranych walk pucharowych | K5: bonus z rundy pucharowej | L5: punkty za podium | M5: Suma
A6: =M6 -> 138.86781 | B6: =IF(H6>$H$2,"",(ROW()-5)) -> 1 | C6: KORONA Przemysław | F6: POL | H6: 1 | I6: =IF(H2=1,50,IF(H6<$H$2+1,($I$2-($I$2-1)*(LOG(H6)/LOG($H$2))),"")) -> 50 | J6: =INT(LOG($H$2,2))-ROUNDUP(LOG(H6,2),0)+IF(OR($H$2=1,$H$2=2,$H$2=4,$H$2=8,$H$2=16,$H$2=32,$H$2=64,$H$2=128,$H$2=256),0,1) -> 6 | K6: =J6*$J$2 -> 60 | L6: =3*K2 -> 28.867809 | M6: =IF(I6<>"",K6+I6+L6,0) -> 138.86781
A7: =M7 -> 109.53145 | B7: =IF(H7>$H$2,"",(ROW()-5)) -> 2 | C7: ASHRAFI | F7: SWE | H7: 2 | I7: =IF(H7<$H$2+1,($I$2-($I$2-1)*(LOG(H7)/LOG($H$2))),"") -> 40.286247 | J7: =INT(LOG($H$2,2))-ROUNDUP(LOG(H7,2),0)+IF(OR($H$2=1,$H$2=2,$H$2=4,$H$2=8,$H$2=16,$H$2=32,$H$2=64,$H$2=128,$H$2=256),0,1) -> 5 | K7: =J7*$J$2 -> 50 | L7: =2*K2 -> 19.245206 | M7: =IF(I7<>"",K7+I7+L7,0) -> 109.53145
A8: =M8 -> 84.226668 | B8: =IF(H8>$H$2,"",(ROW()-5)) -> 3 | C8: LAUGA | F8: GBR | H8: 3 | I8: =IF(H8<$H$2+1,($I$2-($I$2-1)*(LOG(H8)/LOG($H$2))),"") -> 34.604065 | J8: =INT(LOG($H$2,2))-ROUNDUP(LOG(H8,2),0)+IF(OR($H$2=1,$H$2=2,$H$2=4,$H$2=8,$H$2=16,$H$2=32,$H$2=64,$H$2=128,$H$2=256),0,1) -> 4 | K8: =J8*$J$2 -> 40 | L8: =K2 -> 9.622603 | M8: =IF(I8<>"",K8+I8+L8,0) -> 84.226668
A9: =M9 -> 70.572493 | B9: =IF(H9>$H$2,"",(ROW()-5)) -> 4 | C9: LEAHEY | F9: GBR | H9: 4 | I9: =IF(H9<$H$2+1,($I$2-($I$2-1)*(LOG(H9)/LOG($H$2))),"") -> 30.572493 | J9: =INT(LOG($H$2,2))-ROUNDUP(LOG(H9,2),0)+IF(OR($H$2=1,$H$2=2,$H$2=4,$H$2=8,$H$2=16,$H$2=32,$H$2=64,$H$2=128,$H$2=256),0,1) -> 4 | K9: =J9*$J$2 -> 40 | M9: =IF(I9<>"",K9+I9+L9,0) -> 70.572493
A10: =M10 -> 57.445363 | B10: =IF(H10>$H$2,"",(ROW()-5)) -> 5 | C10: BERGER | F10: GER | H10: 5 | I10: =IF(H10<$H$2+1,($I$2-($I$2-1)*(LOG(H10)/LOG($H$2))),"") -> 27.445363 | J10: =INT(LOG($H$2,2))-ROUNDUP(LOG(H10,2),0)+IF(OR($H$2=1,$H$2=2,$H$2=4,$H$2=8,$H$2=16,$H$2=32,$H$2=64,$H$2=128,$H$2=256),0,1) -> 3 | K10: =J10*$J$2 -> 30 | M10: =IF(I10<>"",K10+I10+L10,0) -> 57.445363
A11: =M11 -> 54.890312 | B11: =IF(H11>$H$2,"",(ROW()-5)) -> 6 | C11: GARCIA CALDERON | F11: ESP | H11: 6 | I11: =IF(H11<$H$2+1,($I$2-($I$2-1)*(LOG(H11)/LOG($H$2))),"") -> 24.890312 | J11: =INT(LOG($H$2,2))-ROUNDUP(LOG(H11,2),0)+IF(OR($H$2=1,$H$2=2,$H$2=4,$H$2=8,$H$2=16,$H$2=32,$H$2=64,$H$2=128,$H$2=256),0,1) -> 3 | K11: =J11*$J$2 -> 30 | M11: =IF(I11<>"",K11+I11+L11,0) -> 54.890312
A12: =M12 -> 52.730047 | B12: =IF(H12>$H$2,"",(ROW()-5)) -> 7 | C12: AUTZEN | F12: GER | H12: 7 | I12: =IF(H12<$H$2+1,($I$2-($I$2-1)*(LOG(H12)/LOG($H$2))),"") -> 22.730047 | J12: =INT(LOG($H$2,2))-ROUNDUP(LOG(H12,2),0)+IF(OR($H$2=1,$H$2=2,$H$2=4,$H$2=8,$H$2=16,$H$2=32,$H$2=64,$H$2=128,$H$2=256),0,1) -> 3 | K12: =J12*$J$2 -> 30 | M12: =IF(I12<>"",K12+I12+L12,0) -> 52.730047
A13: =M13 -> 50.85874 | B13: =IF(H13>$H$2,"",(ROW()-5)) -> 8 | C13: DE BURGH | F13: GBR | H13: 8 | I13: =IF(H13<$H$2+1,($I$2-($I$2-1)*(LOG(H13)/LOG($H$2))),"") -> 20.85874 | J13: =INT(LOG($H$2,2))-ROUNDUP(LOG(H13,2),0)+IF(OR($H$2=1,$H$2=2,$H$2=4,$H$2=8,$H$2=16,$H$2=32,$H$2=64,$H$2=128,$H$2=256),0,1) -> 3 | K13: =J13*$J$2 -> 30 | M13: =IF(I13<>"",K13+I13+L13,0) -> 50.85874
A14: =M14 -> 39.208131 | B14: =IF(H14>$H$2,"",(ROW()-5)) -> 9 | C14: GOETTMANN | F14: SUI | H14: 9 | I14: =IF(H14<$H$2+1,($I$2-($I$2-1)*(LOG(H14)/LOG($H$2))),"") -> 19.208131 | J14: =INT(LOG($H$2,2))-ROUNDUP(LOG(H14,2),0)+IF(OR($H$2=1,$H$2=2,$H$2=4,$H$2=8,$H$2=16,$H$2=32,$H$2=64,$H$2=128,$H$2=256),0,1) -> 2 | K14: =J14*$J$2 -> 20 | M14: =IF(I14<>"",K14+I14+L14,0) -> 39.208131
A15: =M15 -> 37.73161 | B15: =IF(H15>$H$2,"",(ROW()-5)) -> 10 | C15: PULEGA | F15: ITA | H15: 10 | I15: =IF(H15<$H$2+1,($I$2-($I$2-1)*(LOG(H15)/LOG($H$2))),"") -> 17.73161 | J15: =INT(LOG($H$2,2))-ROUNDUP(LOG(H15,2),0)+IF(OR($H$2=1,$H$2=2,$H$2=4,$H$2=8,$H$2=16,$H$2=32,$H$2=64,$H$2=128,$H$2=256),0,1) -> 2 | K15: =J15*$J$2 -> 20 | M15: =IF(I15<>"",K15+I15+L15,0) -> 37.73161
A16: =M16 -> 36.395935 | B16: =IF(H16>$H$2,"",(ROW()-5)) -> 11 | C16: MOYA FERNÁNDEZ | F16: ESP | H16: 11 | I16: =IF(H16<$H$2+1,($I$2-($I$2-1)*(LOG(H16)/LOG($H$2))),"") -> 16.395935 | J16: =INT(LOG($H$2,2))-ROUNDUP(LOG(H16,2),0)+IF(OR($H$2=1,$H$2=2,$H$2=4,$H$2=8,$H$2=16,$H$2=32,$H$2=64,$H$2=128,$H$2=256),0,1) -> 2 | K16: =J16*$J$2 -> 20 | M16: =IF(I16<>"",K16+I16+L16,0) -> 36.395935
A17: =M17 -> 35.176559 | B17: =IF(H17>$H$2,"",(ROW()-5)) -> 12 | C17: ALCÁZAR ROLDÁN | F17: ESP | H17: 12 | I17: =IF(H17<$H$2+1,($I$2-($I$2-1)*(LOG(H17)/LOG($H$2))),"") -> 15.176559 | J17: =INT(LOG($H$2,2))-ROUNDUP(LOG(H17,2),0)+IF(OR($H$2=1,$H$2=2,$H$2=4,$H$2=8,$H$2=16,$H$2=32,$H$2=64,$H$2=128,$H$2=256),0,1) -> 2 | K17: =J17*$J$2 -> 20 | M17: =IF(I17<>"",K17+I17+L17,0) -> 35.176559
A18: =M18 -> 34.054841 | B18: =IF(H18>$H$2,"",(ROW()-5)) -> 13 | C18: DE BERNARDI | F18: ITA | H18: 13 | I18: =IF(H18<$H$2+1,($I$2-($I$2-1)*(LOG(H18)/LOG($H$2))),"") -> 14.054841 | J18: =INT(LOG($H$2,2))-ROUNDUP(LOG(H18,2),0)+IF(OR($H$2=1,$H$2=2,$H$2=4,$H$2=8,$H$2=16,$H$2=32,$H$2=64,$H$2=128,$H$2=256),0,1) -> 2 | K18: =J18*$J$2 -> 20 | M18: =IF(I18<>"",K18+I18+L18,0) -> 34.054841
A19: =M19 -> 33.016294 | B19: =IF(H19>$H$2,"",(ROW()-5)) -> 14 | C19: SWENNING | F19: SWE | H19: 14 | I19: =IF(H19<$H$2+1,($I$2-($I$2-1)*(LOG(H19)/LOG($H$2))),"") -> 13.016294 | J19: =INT(LOG($H$2,2))-ROUNDUP(LOG(H19,2),0)+IF(OR($H$2=1,$H$2=2,$H$2=4,$H$2=8,$H$2=16,$H$2=32,$H$2=64,$H$2=128,$H$2=256),0,1) -> 2 | K19: =J19*$J$2 -> 20 | M19: =IF(I19<>"",K19+I19+L19,0) -> 33.016294
A20: =M20 -> 32.049429 | B20: =IF(H20>$H$2,"",(ROW()-5)) -> 15 | C20: ZONNO | F20: ITA | H20: 15 | I20: =IF(H20<$H$2+1,($I$2-($I$2-1)*(LOG(H20)/LOG($H$2))),"") -> 12.049429 | J20: =INT(LOG($H$2,2))-ROUNDUP(LOG(H20,2),0)+IF(OR($H$2=1,$H$2=2,$H$2=4,$H$2=8,$H$2=16,$H$2=32,$H$2=64,$H$2=128,$H$2=256),0,1) -> 2 | K20: =J20*$J$2 -> 20 | M20: =IF(I20<>"",K20+I20+L20,0) -> 32.049429
... A38: =M38 -> 1 | B38: =IF(H38>$H$2,"",(ROW()-5)) -> 33 | C38: SALCEDO PLAZA | F38: ESP | H38: 33 | I38: =IF(H38<$H$2+1,($I$2-($I$2-1)*(LOG(H38)/LOG($H$2))),"") -> 1 | J38: =INT(LOG($H$2,2))-ROUNDUP(LOG(H38,2),0)+IF(OR($H$2=1,$H$2=2,$H$2=4,$H$2=8,$H$2=16,$H$2=32,$H$2=64,$H$2=128,$H$2=256),0,1) -> 0 | K38: =J38*$J$2 -> 0 | M38: =IF(I38<>"",K38+I38+L38,0) -> 1
A39: =M39 -> 0 | B39: =IF(H39>$H$2,"",(ROW()-5)) | H39: 34 | I39: =IF(H39<$H$2+1,($I$2-($I$2-1)*(LOG(H39)/LOG($H$2))),"") | J39: =INT(LOG($H$2,2))-ROUNDUP(LOG(H39,2),0)+IF(OR($H$2=1,$H$2=2,$H$2=4,$H$2=8,$H$2=16,$H$2=32,$H$2=64,$H$2=128,$H$2=256),0,1) -> 0 | K39: =J39*$J$2 -> 0 | M39: =IF(I39<>"",K39+I39+L39,0) -> 0
A40: =M40 -> 0 | B40: =IF(H40>$H$2,"",(ROW()-5)) | H40: 35 | I40: =IF(H40<$H$2+1,($I$2-($I$2-1)*(LOG(H40)/LOG($H$2))),"") | J40: =INT(LOG($H$2,2))-ROUNDUP(LOG(H40,2),0)+IF(OR($H$2=1,$H$2=2,$H$2=4,$H$2=8,$H$2=16,$H$2=32,$H$2=64,$H$2=128,$H$2=256),0,1) -> 0 | K40: =J40*$J$2 -> 0 | M40: =IF(I40<>"",K40+I40+L40,0) -> 0
A41: =M41 -> 0 | B41: =IF(H41>$H$2,"",(ROW()-5)) | H41: 36 | I41: =IF(H41<$H$2+1,($I$2-($I$2-1)*(LOG(H41)/LOG($H$2))),"") | J41: =INT(LOG($H$2,2))-ROUNDUP(LOG(H41,2),0)+IF(OR($H$2=1,$H$2=2,$H$2=4,$H$2=8,$H$2=16,$H$2=32,$H$2=64,$H$2=128,$H$2=256),0,1) -> 0 | K41: =J41*$J$2 -> 0 | M41: =IF(I41<>"",K41+I41+L41,0) -> 0
A42: =M42 -> 0 | B42: =IF(H42>$H$2,"",(ROW()-5)) | H42: 37 | I42: =IF(H42<$H$2+1,($I$2-($I$2-1)*(LOG(H42)/LOG($H$2))),"") | J42: =INT(LOG($H$2,2))-ROUNDUP(LOG(H42,2),0)+IF(OR($H$2=1,$H$2=2,$H$2=4,$H$2=8,$H$2=16,$H$2=32,$H$2=64,$H$2=128,$H$2=256),0,1) -> 0 | K42: =J42*$J$2 -> 0 | M42: =IF(I42<>"",K42+I42+L42,0) -> 0
