Workbook

Sheet All
A2: L,P, | B2: IMIĘ NAZWISKO | C2: V/M | D2: V/M | V2: TS | W2: TS | AO2: Ind | AP2: Ind
D3: MP | F3: GP1 | H3: GP2 | J3: GP3 | L3: GP4 | N3: GP5 | P3: GP6 | R3: GP7 | T3: GP8 | W3: MP | Y3: GP1 | AA3: GP2 | AC3: GP3 | AE3: GP4 | AG3: GP5 | AI3: GP6 | AK3: GP7 | AM3: GP8 | AP3: MP | AR3: GP1 | AT3: GP2 | AV3: GP3 | AX3: GP4 | AZ3: GP5 | BB3: GP6 | BD3: GP7 | BF3: GP8
D4: 1 | E4: 2 | F4: 1 | G4: 2 | H4: 1 | I4: 2 | J4: 1 | K4: 2 | L4: 1 | M4: 2 | N4: 1 | O4: 2 | P4: 1 | Q4: 2 | R4: 1 | S4: 2 | T4: 1 | U4: 2 | W4: 1 | X4: 2 | Y4: 1 | Z4: 2 | AA4: 1 | AB4: 2 | AC4: 1 | AD4: 2 | AE4: 1 | AF4: 2 | AG4: 1 | AH4: 2 | AI4: 1 | AJ4: 2 | AK4: 1 | AL4: 2 | AM4: 1 | AN4: 2 | AP4: 1 | AQ4: 2 | AR4: 1 | AS4: 2 | AT4: 1 | AU4: 2 | AV4: 1 | AW4: 2 | AX4: 1 | AY4: 2 | AZ4: 1 | BA4: 2 | BB4: 1 | BC4: 2 | BD4: 1 | BE4: 2 | BF4: 1 | BG4: 2
A5: =ROW()-4 -> 1 | B5: BAZAK Jacek | C5: =SUM(D5:U5) -> 9.45 | D5: =_xlfn.XLOOKUP($B5,'MP (1)'!$B$6:$B$99,'MP (1)'!$E$6:$E$99,"") -> 1 | E5: =_xlfn.XLOOKUP($B5,'MP (2)'!$B$6:$B$100,'MP (2)'!$E$6:$E$100,"") -> 1 | F5: =_xlfn.XLOOKUP($B5,'GP1 (1)'!$B$6:$B$100,'GP1 (1)'!$E$6:$E$100,"") -> 1 | G5: =_xlfn.XLOOKUP($B5,'GP1 (2)'!$B$6:$B$100,'GP1 (2)'!$E$6:$E$100,"") -> 0.8 | H5: =_xlfn.XLOOKUP($B5,'GP2 (1)'!$B$6:$B$101,'GP2 (1)'!$E$6:$E$101,"") -> 0.8 | I5: =_xlfn.XLOOKUP($B5,'GP2 (2)'!$B$6:$B$100,'GP2 (2)'!$E$6:$E$100,"") -> 0.6 | J5: =_xlfn.XLOOKUP($B5,'GP3 (1)'!$B$6:$B$100,'GP3 (1)'!$E$6:$E$100,"") | K5: =_xlfn.XLOOKUP($B5,'GP3 (2)'!$B$6:$B$100,'GP3 (2)'!$E$6:$E$100,"") | L5: =_xlfn.XLOOKUP($B5,'GP4 (1)'!$B$6:$B$66,'GP4 (1)'!$E$6:$E$66,"") -> 0.8 | M5: =_xlfn.XLOOKUP($B5,'GP4 (2)'!$B$6:$B$100,'GP4 (2)'!$E$6:$E$100,"") -> 0.8 | N5: =_xlfn.XLOOKUP($B5,'GP5 (1)'!$B$6:$B$99,'GP5 (1)'!$E$6:$E$99,"") -> 0.4 | O5: =_xlfn.XLOOKUP($B5,'GP5 (2)'!$B$6:$B$99,'GP5 (2)'!$E$6:$E$99,"") -> 0.75 | P5: =_xlfn.XLOOKUP($B5,'GP6 (1)'!$B$5:$B$99,'GP6 (1)'!$E$5:$E$99,"") | Q5: =_xlfn.XLOOKUP($B5,'GP6 (2)'!$B$5:$B$99,'GP6 (2)'!$E$5:$E$99,"") | R5: =_xlfn.XLOOKUP($B5,'GP7 (1)'!$B$6:$B$100,'GP7 (1)'!$E$6:$E$100,"") -> 0.80 | S5: =_xlfn.XLOOKUP($B5,'GP7 (2)'!$B$6:$B$100,'GP7 (2)'!$E$6:$E$100,"") -> 0.75 | T5: =_xlfn.XLOOKUP($B5,'GP8 (1)'!$B$6:$B$100,'GP8 (1)'!$E$6:$E$100,"") -> 0.80 | U5: =_xlfn.XLOOKUP($B5,'GP8 (2)'!$B$6:$B$100,'GP8 (2)'!$E$6:$E$100,"") -> 0.75 | V5: =SUM(W5:AN5) -> 311 | W5: =_xlfn.XLOOKUP($B5,'MP (1)'!$B$6:$B$99,'MP (1)'!$F$6:$F$99,"") -> 28 | X5: =_xlfn.XLOOKUP($B5,'MP (2)'!$B$6:$B$100,'MP (2)'!$F$6:$F$100,"") -> 30 | Y5: =_xlfn.XLOOKUP($B5,'GP1 (1)'!$B$6:$B$100,'GP1 (1)'!$F$6:$F$100,"") -> 30 | Z5: =_xlfn.XLOOKUP($B5,'GP1 (2)'!$B$6:$B$100,'GP1 (2)'!$F$6:$F$100,"") -> 21 | AA5: =_xlfn.XLOOKUP($B5,'GP2 (1)'!$B$6:$B$101,'GP2 (1)'!$F$6:$F$101,"") -> 22 | AB5: =_xlfn.XLOOKUP($B5,'GP2 (2)'!$B$6:$B$100,'GP2 (2)'!$F$6:$F$100,"") -> 20 | AC5: =_xlfn.XLOOKUP($B5,'GP3 (1)'!$B$6:$B$100,'GP3 (1)'!$F$6:$F$100,"") | AD5: =_xlfn.XLOOKUP($B5,'GP3 (2)'!$B$6:$B$100,'GP3 (2)'!$F$6:$F$100,"") | AE5: =_xlfn.XLOOKUP($B5,'GP4 (1)'!$B$6:$B$66,'GP4 (1)'!$F$6:$F$66,"") -> 23 | AF5: =_xlfn.XLOOKUP($B5,'GP4 (2)'!$B$6:$B$100,'GP4 (2)'!$F$6:$F$100,"") -> 23 | AG5: =_xlfn.XLOOKUP($B5,'GP5 (1)'!$B$6:$B$99,'GP5 (1)'!$F$6:$F$99,"") -> 18 | AH5: =_xlfn.XLOOKUP($B5,'GP5 (2)'!$B$6:$B$99,'GP5 (2)'!$F$6:$F$99,"") -> 16 | AI5: =_xlfn.XLOOKUP($B5,'GP6 (1)'!$B$5:$B$99,'GP6 (1)'!$F$5:$F$99,"") | AJ5: =_xlfn.XLOOKUP($B5,'GP6 (2)'!$B$5:$B$99,'GP6 (2)'!$F$5:$F$99,"") | AK5: =_xlfn.XLOOKUP($B5,'GP7 (1)'!$B$6:$B$100,'GP7 (1)'!$F$6:$F$100,"") -> 22 | AL5: =_xlfn.XLOOKUP($B5,'GP7 (2)'!$B$6:$B$100,'GP7 (2)'!$F$6:$F$100,"") -> 18 | AM5: =_xlfn.XLOOKUP($B5,'GP8 (1)'!$B$6:$B$100,'GP8 (1)'!$F$6:$F$100,"") -> 24 | AN5: =_xlfn.XLOOKUP($B5,'GP8 (2)'!$B$6:$B$100,'GP8 (2)'!$F$6:$F$100,"") -> 16 | AO5: =SUM(AP5:BG5) -> 165 | AP5: =_xlfn.XLOOKUP($B5,'MP (1)'!$B$6:$B$99,'MP (1)'!$H$6:$H$99,"") -> 21 | AQ5: =_xlfn.XLOOKUP($B5,'MP (2)'!$B$6:$B$100,'MP (2)'!$H$6:$H$100,"") -> 23 | AR5: =_xlfn.XLOOKUP($B5,'GP1 (1)'!$B$6:$B$100,'GP1 (1)'!$H$6:$H$100,"") -> 25 | AS5: =_xlfn.XLOOKUP($B5,'GP1 (2)'!$B$6:$B$100,'GP1 (2)'!$H$6:$H$100,"") -> 10 | AT5: =_xlfn.XLOOKUP($B5,'GP2 (1)'!$B$6:$B$101,'GP2 (1)'!$H$6:$H$101,"") -> 13 | AU5: =_xlfn.XLOOKUP($B5,'GP2 (2)'!$B$6:$B$100,'GP2 (2)'!$H$6:$H$100,"") -> 4 | AV5: =_xlfn.XLOOKUP($B5,'GP3 (1)'!$B$6:$B$100,'GP3 (1)'!$H$6:$H$100,"") | AW5: =_xlfn.XLOOKUP($B5,'GP3 (2)'!$B$6:$B$100,'GP3 (2)'!$H$6:$H$100,"") | AX5: =_xlfn.XLOOKUP($B5,'GP4 (1)'!$B$6:$B$66,'GP4 (1)'!$H$6:$H$66,"") -> 17 | AY5: =_xlfn.XLOOKUP($B5,'GP4 (2)'!$B$6:$B$100,'GP4 (2)'!$H$6:$H$100,"") -> 14 | AZ5: =_xlfn.XLOOKUP($B5,'GP5 (1)'!$B$6:$B$99,'GP5 (1)'!$H$6:$H$99,"") -> 1 | BA5: =_xlfn.XLOOKUP($B5,'GP5 (2)'!$B$6:$B$99,'GP5 (2)'!$H$6:$H$99,"") -> 3 | BB5: =_xlfn.XLOOKUP($B5,'GP6 (1)'!$B$5:$B$99,'GP6 (1)'!$H$5:$H$99,"") | BC5: =_xlfn.XLOOKUP($B5,'GP6 (2)'!$B$5:$B$99,'GP6 (2)'!$H$5:$H$99,"") | BD5: =_xlfn.XLOOKUP($B5,'GP7 (1)'!$B$6:$B$100,'GP7 (1)'!$H$6:$H$100,"") -> 5 | BE5: =_xlfn.XLOOKUP($B5,'GP7 (2)'!$B$6:$B$100,'GP7 (2)'!$H$6:$H$100,"") -> 7 | BF5: =_xlfn.XLOOKUP($B5,'GP8 (1)'!$B$6:$B$100,'GP8 (1)'!$H$6:$H$100,"") -> 15 | BG5: =_xlfn.XLOOKUP($B5,'GP8 (2)'!$B$6:$B$100,'GP8 (2)'!$H$6:$H$100,"") -> 7
A6: =ROW()-4 -> 2 | B6: MALINOWSKI Piotr | C6: =SUM(D6:U6) -> 9.4 | D6: =_xlfn.XLOOKUP($B6,'MP (1)'!$B$6:$B$99,'MP (1)'!$E$6:$E$99,"") -> 0.6 | E6: =_xlfn.XLOOKUP($B6,'MP (2)'!$B$6:$B$100,'MP (2)'!$E$6:$E$100,"") -> 0.8 | F6: =_xlfn.XLOOKUP($B6,'GP1 (1)'!$B$6:$B$100,'GP1 (1)'!$E$6:$E$100,"") | G6: =_xlfn.XLOOKUP($B6,'GP1 (2)'!$B$6:$B$100,'GP1 (2)'!$E$6:$E$100,"") | H6: =_xlfn.XLOOKUP($B6,'GP2 (1)'!$B$6:$B$101,'GP2 (1)'!$E$6:$E$101,"") -> 1 | I6: =_xlfn.XLOOKUP($B6,'GP2 (2)'!$B$6:$B$100,'GP2 (2)'!$E$6:$E$100,"") -> 0.8 | J6: =_xlfn.XLOOKUP($B6,'GP3 (1)'!$B$6:$B$100,'GP3 (1)'!$E$6:$E$100,"") -> 0.6 | K6: =_xlfn.XLOOKUP($B6,'GP3 (2)'!$B$6:$B$100,'GP3 (2)'!$E$6:$E$100,"") -> 1.00 | L6: =_xlfn.XLOOKUP($B6,'GP4 (1)'!$B$6:$B$66,'GP4 (1)'!$E$6:$E$66,"") -> 1 | M6: =_xlfn.XLOOKUP($B6,'GP4 (2)'!$B$6:$B$100,'GP4 (2)'!$E$6:$E$100,"") -> 1 | N6: =_xlfn.XLOOKUP($B6,'GP5 (1)'!$B$6:$B$99,'GP5 (1)'!$E$6:$E$99,"") -> 1 | O6: =_xlfn.XLOOKUP($B6,'GP5 (2)'!$B$6:$B$99,'GP5 (2)'!$E$6:$E$99,"") -> 0.6 | P6: =_xlfn.XLOOKUP($B6,'GP6 (1)'!$B$5:$B$99,'GP6 (1)'!$E$5:$E$99,"") -> 0.75 | Q6: =_xlfn.XLOOKUP($B6,'GP6 (2)'!$B$5:$B$99,'GP6 (2)'!$E$5:$E$99,"") -> 0.75 | R6: =_xlfn.XLOOKUP($B6,'GP7 (1)'!$B$6:$B$100,'GP7 (1)'!$E$6:$E$100,"") -> 0.60 | S6: =_xlfn.XLOOKUP($B6,'GP7 (2)'!$B$6:$B$100,'GP7 (2)'!$E$6:$E$100,"") -> 1 | T6: =_xlfn.XLOOKUP($B6,'GP8 (1)'!$B$6:$B$100,'GP8 (1)'!$E$6:$E$100,"") -> 0.75 | U6: =_xlfn.XLOOKUP($B6,'GP8 (2)'!$B$6:$B$100,'GP8 (2)'!$E$6:$E$100,"") -> 1 | V6: =SUM(W6:AN6) -> 360 | W6: =_xlfn.XLOOKUP($B6,'MP (1)'!$B$6:$B$99,'MP (1)'!$F$6:$F$99,"") -> 23 | X6: =_xlfn.XLOOKUP($B6,'MP (2)'!$B$6:$B$100,'MP (2)'!$F$6:$F$100,"") -> 24 | Y6: =_xlfn.XLOOKUP($B6,'GP1 (1)'!$B$6:$B$100,'GP1 (1)'!$F$6:$F$100,"") | Z6: =_xlfn.XLOOKUP($B6,'GP1 (2)'!$B$6:$B$100,'GP1 (2)'!$F$6:$F$100,"") | AA6: =_xlfn.XLOOKUP($B6,'GP2 (1)'!$B$6:$B$101,'GP2 (1)'!$F$6:$F$101,"") -> 25 | AB6: =_xlfn.XLOOKUP($B6,'GP2 (2)'!$B$6:$B$100,'GP2 (2)'!$F$6:$F$100,"") -> 24 | AC6: =_xlfn.XLOOKUP($B6,'GP3 (1)'!$B$6:$B$100,'GP3 (1)'!$F$6:$F$100,"") -> 19 | AD6: =_xlfn.XLOOKUP($B6,'GP3 (2)'!$B$6:$B$100,'GP3 (2)'!$F$6:$F$100,"") -> 30 | AE6: =_xlfn.XLOOKUP($B6,'GP4 (1)'!$B$6:$B$66,'GP4 (1)'!$F$6:$F$66,"") -> 25 | AF6: =_xlfn.XLOOKUP($B6,'GP4 (2)'!$B$6:$B$100,'GP4 (2)'!$F$6:$F$100,"") -> 25 | AG6: =_xlfn.XLOOKUP($B6,'GP5 (1)'!$B$6:$B$99,'GP5 (1)'!$F$6:$F$99,"") -> 25 | AH6: =_xlfn.XLOOKUP($B6,'GP5 (2)'!$B$6:$B$99,'GP5 (2)'!$F$6:$F$99,"") -> 19 | AI6: =_xlfn.XLOOKUP($B6,'GP6 (1)'!$B$5:$B$99,'GP6 (1)'!$F$5:$F$99,"") -> 19 | AJ6: =_xlfn.XLOOKUP($B6,'GP6 (2)'!$B$5:$B$99,'GP6 (2)'!$F$5:$F$99,"") -> 16 | AK6: =_xlfn.XLOOKUP($B6,'GP7 (1)'!$B$6:$B$100,'GP7 (1)'!$F$6:$F$100,"") -> 20 | AL6: =_xlfn.XLOOKUP($B6,'GP7 (2)'!$B$6:$B$100,'GP7 (2)'!$F$6:$F$100,"") -> 25 | AM6: =_xlfn.XLOOKUP($B6,'GP8 (1)'!$B$6:$B$100,'GP8 (1)'!$F$6:$F$100,"") -> 16 | AN6: =_xlfn.XLOOKUP($B6,'GP8 (2)'!$B$6:$B$100,'GP8 (2)'!$F$6:$F$100,"") -> 25 | AO6: =SUM(AP6:BG6) -> 191 | AP6: =_xlfn.XLOOKUP($B6,'MP (1)'!$B$6:$B$99,'MP (1)'!$H$6:$H$99,"") -> 7 | AQ6: =_xlfn.XLOOKUP($B6,'MP (2)'!$B$6:$B$100,'MP (2)'!$H$6:$H$100,"") -> 15 | AR6: =_xlfn.XLOOKUP($B6,'GP1 (1)'!$B$6:$B$100,'GP1 (1)'!$H$6:$H$100,"") | AS6: =_xlfn.XLOOKUP($B6,'GP1 (2)'!$B$6:$B$100,'GP1 (2)'!$H$6:$H$100,"") | AT6: =_xlfn.XLOOKUP($B6,'GP2 (1)'!$B$6:$B$101,'GP2 (1)'!$H$6:$H$101,"") -> 18 | AU6: =_xlfn.XLOOKUP($B6,'GP2 (2)'!$B$6:$B$100,'GP2 (2)'!$H$6:$H$100,"") -> 15 | AV6: =_xlfn.XLOOKUP($B6,'GP3 (1)'!$B$6:$B$100,'GP3 (1)'!$H$6:$H$100,"") -> 8 | AW6: =_xlfn.XLOOKUP($B6,'GP3 (2)'!$B$6:$B$100,'GP3 (2)'!$H$6:$H$100,"") -> 18 | AX6: =_xlfn.XLOOKUP($B6,'GP4 (1)'!$B$6:$B$66,'GP4 (1)'!$H$6:$H$66,"") -> 14 | AY6: =_xlfn.XLOOKUP($B6,'GP4 (2)'!$B$6:$B$100,'GP4 (2)'!$H$6:$H$100,"") -> 17 | AZ6: =_xlfn.XLOOKUP($B6,'GP5 (1)'!$B$6:$B$99,'GP5 (1)'!$H$6:$H$99,"") -> 12 | BA6: =_xlfn.XLOOKUP($B6,'GP5 (2)'!$B$6:$B$99,'GP5 (2)'!$H$6:$H$99,"") -> 6 | BB6: =_xlfn.XLOOKUP($B6,'GP6 (1)'!$B$5:$B$99,'GP6 (1)'!$H$5:$H$99,"") -> 10 | BC6: =_xlfn.XLOOKUP($B6,'GP6 (2)'!$B$5:$B$99,'GP6 (2)'!$H$5:$H$99,"") -> 8 | BD6: =_xlfn.XLOOKUP($B6,'GP7 (1)'!$B$6:$B$100,'GP7 (1)'!$H$6:$H$100,"") -> 4 | BE6: =_xlfn.XLOOKUP($B6,'GP7 (2)'!$B$6:$B$100,'GP7 (2)'!$H$6:$H$100,"") -> 16 | BF6: =_xlfn.XLOOKUP($B6,'GP8 (1)'!$B$6:$B$100,'GP8 (1)'!$H$6:$H$100,"") -> 7 | BG6: =_xlfn.XLOOKUP($B6,'GP8 (2)'!$B$6:$B$100,'GP8 (2)'!$H$6:$H$100,"") -> 16
A7: =ROW()-4 -> 3 | B7: SZMIDT Grzegorz | C7: =SUM(D7:U7) -> 8.1 | D7: =_xlfn.XLOOKUP($B7,'MP (1)'!$B$6:$B$99,'MP (1)'!$E$6:$E$99,"") -> 1 | E7: =_xlfn.XLOOKUP($B7,'MP (2)'!$B$6:$B$100,'MP (2)'!$E$6:$E$100,"") -> 1 | F7: =_xlfn.XLOOKUP($B7,'GP1 (1)'!$B$6:$B$100,'GP1 (1)'!$E$6:$E$100,"") -> 1 | G7: =_xlfn.XLOOKUP($B7,'GP1 (2)'!$B$6:$B$100,'GP1 (2)'!$E$6:$E$100,"") -> 0.8 | H7: =_xlfn.XLOOKUP($B7,'GP2 (1)'!$B$6:$B$101,'GP2 (1)'!$E$6:$E$101,"") -> 1 | I7: =_xlfn.XLOOKUP($B7,'GP2 (2)'!$B$6:$B$100,'GP2 (2)'!$E$6:$E$100,"") -> 0.8 | J7: =_xlfn.XLOOKUP($B7,'GP3 (1)'!$B$6:$B$100,'GP3 (1)'!$E$6:$E$100,"") -> 0.83 | K7: =_xlfn.XLOOKUP($B7,'GP3 (2)'!$B$6:$B$100,'GP3 (2)'!$E$6:$E$100,"") -> 0.80 | L7: =_xlfn.XLOOKUP($B7,'GP4 (1)'!$B$6:$B$66,'GP4 (1)'!$E$6:$E$66,"") -> 1 | M7: =_xlfn.XLOOKUP($B7,'GP4 (2)'!$B$6:$B$100,'GP4 (2)'!$E$6:$E$100,"") -> 0.67 | N7: =_xlfn.XLOOKUP($B7,'GP5 (1)'!$B$6:$B$99,'GP5 (1)'!$E$6:$E$99,"") | O7: =_xlfn.XLOOKUP($B7,'GP5 (2)'!$B$6:$B$99,'GP5 (2)'!$E$6:$E$99,"") | P7: =_xlfn.XLOOKUP($B7,'GP6 (1)'!$B$5:$B$99,'GP6 (1)'!$E$5:$E$99,"") -> 0.80 | Q7: =_xlfn.XLOOKUP($B7,'GP6 (2)'!$B$5:$B$99,'GP6 (2)'!$E$5:$E$99,"") -> 1.00 | R7: =_xlfn.XLOOKUP($B7,'GP7 (1)'!$B$6:$B$100,'GP7 (1)'!$E$6:$E$100,"") | S7: =_xlfn.XLOOKUP($B7,'GP7 (2)'!$B$6:$B$100,'GP7 (2)'!$E$6:$E$100,"") | T7: =_xlfn.XLOOKUP($B7,'GP8 (1)'!$B$6:$B$100,'GP8 (1)'!$E$6:$E$100,"") | U7: =_xlfn.XLOOKUP($B7,'GP8 (2)'!$B$6:$B$100,'GP8 (2)'!$E$6:$E$100,"") | V7: =SUM(W7:AN7) -> 302 | W7: =_xlfn.XLOOKUP($B7,'MP (1)'!$B$6:$B$99,'MP (1)'!$F$6:$F$99,"") -> 29 | X7: =_xlfn.XLOOKUP($B7,'MP (2)'!$B$6:$B$100,'MP (2)'!$F$6:$F$100,"") -> 30 | Y7: =_xlfn.XLOOKUP($B7,'GP1 (1)'!$B$6:$B$100,'GP1 (1)'!$F$6:$F$100,"") -> 24 | Z7: =_xlfn.XLOOKUP($B7,'GP1 (2)'!$B$6:$B$100,'GP1 (2)'!$F$6:$F$100,"") -> 21 | AA7: =_xlfn.XLOOKUP($B7,'GP2 (1)'!$B$6:$B$101,'GP2 (1)'!$F$6:$F$101,"") -> 25 | AB7: =_xlfn.XLOOKUP($B7,'GP2 (2)'!$B$6:$B$100,'GP2 (2)'!$F$6:$F$100,"") -> 23 | AC7: =_xlfn.XLOOKUP($B7,'GP3 (1)'!$B$6:$B$100,'GP3 (1)'!$F$6:$F$100,"") -> 29 | AD7: =_xlfn.XLOOKUP($B7,'GP3 (2)'!$B$6:$B$100,'GP3 (2)'!$F$6:$F$100,"") -> 23 | AE7: =_xlfn.XLOOKUP($B7,'GP4 (1)'!$B$6:$B$66,'GP4 (1)'!$F$6:$F$66,"") -> 29 | AF7: =_xlfn.XLOOKUP($B7,'GP4 (2)'!$B$6:$B$100,'GP4 (2)'!$F$6:$F$100,"") -> 26 | AG7: =_xlfn.XLOOKUP($B7,'GP5 (1)'!$B$6:$B$99,'GP5 (1)'!$F$6:$F$99,"") | AH7: =_xlfn.XLOOKUP($B7,'GP5 (2)'!$B$6:$B$99,'GP5 (2)'!$F$6:$F$99,"") | AI7: =_xlfn.XLOOKUP($B7,'GP6 (1)'!$B$5:$B$99,'GP6 (1)'!$F$5:$F$99,"") -> 23 | AJ7: =_xlfn.XLOOKUP($B7,'GP6 (2)'!$B$5:$B$99,'GP6 (2)'!$F$5:$F$99,"") -> 20 | AK7: =_xlfn.XLOOKUP($B7,'GP7 (1)'!$B$6:$B$100,'GP7 (1)'!$F$6:$F$100,"") | AL7: =_xlfn.XLOOKUP($B7,'GP7 (2)'!$B$6:$B$100,'GP7 (2)'!$F$6:$F$100,"") | AM7: =_xlfn.XLOOKUP($B7,'GP8 (1)'!$B$6:$B$100,'GP8 (1)'!$F$6:$F$100,"") | AN7: =_xlfn.XLOOKUP($B7,'GP8 (2)'!$B$6:$B$100,'GP8 (2)'!$F$6:$F$100,"") | AO7: =SUM(AP7:BG7) -> 194 | AP7: =_xlfn.XLOOKUP($B7,'MP (1)'!$B$6:$B$99,'MP (1)'!$H$6:$H$99,"") -> 20 | AQ7: =_xlfn.XLOOKUP($B7,'MP (2)'!$B$6:$B$100,'MP (2)'!$H$6:$H$100,"") -> 25 | AR7: =_xlfn.XLOOKUP($B7,'GP1 (1)'!$B$6:$B$100,'GP1 (1)'!$H$6:$H$100,"") -> 17 | AS7: =_xlfn.XLOOKUP($B7,'GP1 (2)'!$B$6:$B$100,'GP1 (2)'!$H$6:$H$100,"") -> 13 | AT7: =_xlfn.XLOOKUP($B7,'GP2 (1)'!$B$6:$B$101,'GP2 (1)'!$H$6:$H$101,"") -> 18 | AU7: =_xlfn.XLOOKUP($B7,'GP2 (2)'!$B$6:$B$100,'GP2 (2)'!$H$6:$H$100,"") -> 7 | AV7: =_xlfn.XLOOKUP($B7,'GP3 (1)'!$B$6:$B$100,'GP3 (1)'!$H$6:$H$100,"") -> 18 | AW7: =_xlfn.XLOOKUP($B7,'GP3 (2)'!$B$6:$B$100,'GP3 (2)'!$H$6:$H$100,"") -> 15 | AX7: =_xlfn.XLOOKUP($B7,'GP4 (1)'!$B$6:$B$66,'GP4 (1)'!$H$6:$H$66,"") -> 18 | AY7: =_xlfn.XLOOKUP($B7,'GP4 (2)'!$B$6:$B$100,'GP4 (2)'!$H$6:$H$100,"") -> 13 | AZ7: =_xlfn.XLOOKUP($B7,'GP5 (1)'!$B$6:$B$99,'GP5 (1)'!$H$6:$H$99,"") | BA7: =_xlfn.XLOOKUP($B7,'GP5 (2)'!$B$6:$B$99,'GP5 (2)'!$H$6:$H$99,"") | BB7: =_xlfn.XLOOKUP($B7,'GP6 (1)'!$B$5:$B$99,'GP6 (1)'!$H$5:$H$99,"") -> 16 | BC7: =_xlfn.XLOOKUP($B7,'GP6 (2)'!$B$5:$B$99,'GP6 (2)'!$H$5:$H$99,"") -> 14 | BD7: =_xlfn.XLOOKUP($B7,'GP7 (1)'!$B$6:$B$100,'GP7 (1)'!$H$6:$H$100,"") | BE7: =_xlfn.XLOOKUP($B7,'GP7 (2)'!$B$6:$B$100,'GP7 (2)'!$H$6:$H$100,"") | BF7: =_xlfn.XLOOKUP($B7,'GP8 (1)'!$B$6:$B$100,'GP8 (1)'!$H$6:$H$100,"") | BG7: =_xlfn.XLOOKUP($B7,'GP8 (2)'!$B$6:$B$100,'GP8 (2)'!$H$6:$H$100,"")
A8: =ROW()-4 -> 4 | B8: HAŚKO Sergiusz | C8: =SUM(D8:U8) -> 7.81 | D8: =_xlfn.XLOOKUP($B8,'MP (1)'!$B$6:$B$99,'MP (1)'!$E$6:$E$99,"") -> 0.83 | E8: =_xlfn.XLOOKUP($B8,'MP (2)'!$B$6:$B$100,'MP (2)'!$E$6:$E$100,"") -> 0.8 | F8: =_xlfn.XLOOKUP($B8,'GP1 (1)'!$B$6:$B$100,'GP1 (1)'!$E$6:$E$100,"") | G8: =_xlfn.XLOOKUP($B8,'GP1 (2)'!$B$6:$B$100,'GP1 (2)'!$E$6:$E$100,"") | H8: =_xlfn.XLOOKUP($B8,'GP2 (1)'!$B$6:$B$101,'GP2 (1)'!$E$6:$E$101,"") -> 0.6 | I8: =_xlfn.XLOOKUP($B8,'GP2 (2)'!$B$6:$B$100,'GP2 (2)'!$E$6:$E$100,"") -> 1 | J8: =_xlfn.XLOOKUP($B8,'GP3 (1)'!$B$6:$B$100,'GP3 (1)'!$E$6:$E$100,"") -> 0.6 | K8: =_xlfn.XLOOKUP($B8,'GP3 (2)'!$B$6:$B$100,'GP3 (2)'!$E$6:$E$100,"") -> 0.80 | L8: =_xlfn.XLOOKUP($B8,'GP4 (1)'!$B$6:$B$66,'GP4 (1)'!$E$6:$E$66,"") -> 0.83 | M8: =_xlfn.XLOOKUP($B8,'GP4 (2)'!$B$6:$B$100,'GP4 (2)'!$E$6:$E$100,"") -> 0.8 | N8: =_xlfn.XLOOKUP($B8,'GP5 (1)'!$B$6:$B$99,'GP5 (1)'!$E$6:$E$99,"") -> 1 | O8: =_xlfn.XLOOKUP($B8,'GP5 (2)'!$B$6:$B$99,'GP5 (2)'!$E$6:$E$99,"") -> 0.75 | P8: =_xlfn.XLOOKUP($B8,'GP6 (1)'!$B$5:$B$99,'GP6 (1)'!$E$5:$E$99,"") -> 0.50 | Q8: =_xlfn.XLOOKUP($B8,'GP6 (2)'!$B$5:$B$99,'GP6 (2)'!$E$5:$E$99,"") -> 0.60 | R8: =_xlfn.XLOOKUP($B8,'GP7 (1)'!$B$6:$B$100,'GP7 (1)'!$E$6:$E$100,"") | S8: =_xlfn.XLOOKUP($B8,'GP7 (2)'!$B$6:$B$100,'GP7 (2)'!$E$6:$E$100,"") | T8: =_xlfn.XLOOKUP($B8,'GP8 (1)'!$B$6:$B$100,'GP8 (1)'!$E$6:$E$100,"") -> 1.00 | U8: =_xlfn.XLOOKUP($B8,'GP8 (2)'!$B$6:$B$100,'GP8 (2)'!$E$6:$E$100,"") -> 0.6 | V8: =SUM(W8:AN8) -> 300 | W8: =_xlfn.XLOOKUP($B8,'MP (1)'!$B$6:$B$99,'MP (1)'!$F$6:$F$99,"") -> 27 | X8: =_xlfn.XLOOKUP($B8,'MP (2)'!$B$6:$B$100,'MP (2)'!$F$6:$F$100,"") -> 21 | Y8: =_xlfn.XLOOKUP($B8,'GP1 (1)'!$B$6:$B$100,'GP1 (1)'!$F$6:$F$100,"") | Z8: =_xlfn.XLOOKUP($B8,'GP1 (2)'!$B$6:$B$100,'GP1 (2)'!$F$6:$F$100,"") | AA8: =_xlfn.XLOOKUP($B8,'GP2 (1)'!$B$6:$B$101,'GP2 (1)'!$F$6:$F$101,"") -> 17 | AB8: =_xlfn.XLOOKUP($B8,'GP2 (2)'!$B$6:$B$100,'GP2 (2)'!$F$6:$F$100,"") -> 25 | AC8: =_xlfn.XLOOKUP($B8,'GP3 (1)'!$B$6:$B$100,'GP3 (1)'!$F$6:$F$100,"") -> 19 | AD8: =_xlfn.XLOOKUP($B8,'GP3 (2)'!$B$6:$B$100,'GP3 (2)'!$F$6:$F$100,"") -> 23 | AE8: =_xlfn.XLOOKUP($B8,'GP4 (1)'!$B$6:$B$66,'GP4 (1)'!$F$6:$F$66,"") -> 29 | AF8: =_xlfn.XLOOKUP($B8,'GP4 (2)'!$B$6:$B$100,'GP4 (2)'!$F$6:$F$100,"") -> 22 | AG8: =_xlfn.XLOOKUP($B8,'GP5 (1)'!$B$6:$B$99,'GP5 (1)'!$F$6:$F$99,"") -> 20 | AH8: =_xlfn.XLOOKUP($B8,'GP5 (2)'!$B$6:$B$99,'GP5 (2)'!$F$6:$F$99,"") -> 16 | AI8: =_xlfn.XLOOKUP($B8,'GP6 (1)'!$B$5:$B$99,'GP6 (1)'!$F$5:$F$99,"") -> 17 | AJ8: =_xlfn.XLOOKUP($B8,'GP6 (2)'!$B$5:$B$99,'GP6 (2)'!$F$5:$F$99,"") -> 23 | AK8: =_xlfn.XLOOKUP($B8,'GP7 (1)'!$B$6:$B$100,'GP7 (1)'!$F$6:$F$100,"") | AL8: =_xlfn.XLOOKUP($B8,'GP7 (2)'!$B$6:$B$100,'GP7 (2)'!$F$6:$F$100,"") | AM8: =_xlfn.XLOOKUP($B8,'GP8 (1)'!$B$6:$B$100,'GP8 (1)'!$F$6:$F$100,"") -> 20 | AN8: =_xlfn.XLOOKUP($B8,'GP8 (2)'!$B$6:$B$100,'GP8 (2)'!$F$6:$F$100,"") -> 21 | AO8: =SUM(AP8:BG8) -> 128 | AP8: =_xlfn.XLOOKUP($B8,'MP (1)'!$B$6:$B$99,'MP (1)'!$H$6:$H$99,"") -> 15 | AQ8: =_xlfn.XLOOKUP($B8,'MP (2)'!$B$6:$B$100,'MP (2)'!$H$6:$H$100,"") -> 12 | AR8: =_xlfn.XLOOKUP($B8,'GP1 (1)'!$B$6:$B$100,'GP1 (1)'!$H$6:$H$100,"") | AS8: =_xlfn.XLOOKUP($B8,'GP1 (2)'!$B$6:$B$100,'GP1 (2)'!$H$6:$H$100,"") | AT8: =_xlfn.XLOOKUP($B8,'GP2 (1)'!$B$6:$B$101,'GP2 (1)'!$H$6:$H$101,"") -> 0 | AU8: =_xlfn.XLOOKUP($B8,'GP2 (2)'!$B$6:$B$100,'GP2 (2)'!$H$6:$H$100,"") -> 15 | AV8: =_xlfn.XLOOKUP($B8,'GP3 (1)'!$B$6:$B$100,'GP3 (1)'!$H$6:$H$100,"") -> 6 | AW8: =_xlfn.XLOOKUP($B8,'GP3 (2)'!$B$6:$B$100,'GP3 (2)'!$H$6:$H$100,"") -> 7 | AX8: =_xlfn.XLOOKUP($B8,'GP4 (1)'!$B$6:$B$66,'GP4 (1)'!$H$6:$H$66,"") -> 14 | AY8: =_xlfn.XLOOKUP($B8,'GP4 (2)'!$B$6:$B$100,'GP4 (2)'!$H$6:$H$100,"") -> 9 | AZ8: =_xlfn.XLOOKUP($B8,'GP5 (1)'!$B$6:$B$99,'GP5 (1)'!$H$6:$H$99,"") -> 12 | BA8: =_xlfn.XLOOKUP($B8,'GP5 (2)'!$B$6:$B$99,'GP5 (2)'!$H$6:$H$99,"") -> 3 | BB8: =_xlfn.XLOOKUP($B8,'GP6 (1)'!$B$5:$B$99,'GP6 (1)'!$H$5:$H$99,"") -> 1 | BC8: =_xlfn.XLOOKUP($B8,'GP6 (2)'!$B$5:$B$99,'GP6 (2)'!$H$5:$H$99,"") -> 9 | BD8: =_xlfn.XLOOKUP($B8,'GP7 (1)'!$B$6:$B$100,'GP7 (1)'!$H$6:$H$100,"") | BE8: =_xlfn.XLOOKUP($B8,'GP7 (2)'!$B$6:$B$100,'GP7 (2)'!$H$6:$H$100,"") | BF8: =_xlfn.XLOOKUP($B8,'GP8 (1)'!$B$6:$B$100,'GP8 (1)'!$H$6:$H$100,"") -> 17 | BG8: =_xlfn.XLOOKUP($B8,'GP8 (2)'!$B$6:$B$100,'GP8 (2)'!$H$6:$H$100,"") -> 8
A9: =ROW()-4 -> 5 | B9: LIPKOWSKA Dominika | C9: =SUM(D9:U9) -> 7.73 | D9: =_xlfn.XLOOKUP($B9,'MP (1)'!$B$6:$B$99,'MP (1)'!$E$6:$E$99,"") -> 0.8 | E9: =_xlfn.XLOOKUP($B9,'MP (2)'!$B$6:$B$100,'MP (2)'!$E$6:$E$100,"") -> 0.8 | F9: =_xlfn.XLOOKUP($B9,'GP1 (1)'!$B$6:$B$100,'GP1 (1)'!$E$6:$E$100,"") -> 0.33 | G9: =_xlfn.XLOOKUP($B9,'GP1 (2)'!$B$6:$B$100,'GP1 (2)'!$E$6:$E$100,"") -> 0.6 | H9: =_xlfn.XLOOKUP($B9,'GP2 (1)'!$B$6:$B$101,'GP2 (1)'!$E$6:$E$101,"") -> 1 | I9: =_xlfn.XLOOKUP($B9,'GP2 (2)'!$B$6:$B$100,'GP2 (2)'!$E$6:$E$100,"") -> 1 | J9: =_xlfn.XLOOKUP($B9,'GP3 (1)'!$B$6:$B$100,'GP3 (1)'!$E$6:$E$100,"") | K9: =_xlfn.XLOOKUP($B9,'GP3 (2)'!$B$6:$B$100,'GP3 (2)'!$E$6:$E$100,"") | L9: =_xlfn.XLOOKUP($B9,'GP4 (1)'!$B$6:$B$66,'GP4 (1)'!$E$6:$E$66,"") -> 0.6 | M9: =_xlfn.XLOOKUP($B9,'GP4 (2)'!$B$6:$B$100,'GP4 (2)'!$E$6:$E$100,"") -> 0.4 | N9: =_xlfn.XLOOKUP($B9,'GP5 (1)'!$B$6:$B$99,'GP5 (1)'!$E$6:$E$99,"") -> 1 | O9: =_xlfn.XLOOKUP($B9,'GP5 (2)'!$B$6:$B$99,'GP5 (2)'!$E$6:$E$99,"") -> 0.6 | P9: =_xlfn.XLOOKUP($B9,'GP6 (1)'!$B$5:$B$99,'GP6 (1)'!$E$5:$E$99,"") | Q9: =_xlfn.XLOOKUP($B9,'GP6 (2)'!$B$5:$B$99,'GP6 (2)'!$E$5:$E$99,"") | R9: =_xlfn.XLOOKUP($B9,'GP7 (1)'!$B$6:$B$100,'GP7 (1)'!$E$6:$E$100,"") -> 1.00 | S9: =_xlfn.XLOOKUP($B9,'GP7 (2)'!$B$6:$B$100,'GP7 (2)'!$E$6:$E$100,"") -> 0.6 | T9: =_xlfn.XLOOKUP($B9,'GP8 (1)'!$B$6:$B$100,'GP8 (1)'!$E$6:$E$100,"") | U9: =_xlfn.XLOOKUP($B9,'GP8 (2)'!$B$6:$B$100,'GP8 (2)'!$E$6:$E$100,"") | V9: =SUM(W9:AN9) -> 255 | W9: =_xlfn.XLOOKUP($B9,'MP (1)'!$B$6:$B$99,'MP (1)'!$F$6:$F$99,"") -> 23 | X9: =_xlfn.XLOOKUP($B9,'MP (2)'!$B$6:$B$100,'MP (2)'!$F$6:$F$100,"") -> 21 | Y9: =_xlfn.XLOOKUP($B9,'GP1 (1)'!$B$6:$B$100,'GP1 (1)'!$F$6:$F$100,"") -> 21 | Z9: =_xlfn.XLOOKUP($B9,'GP1 (2)'!$B$6:$B$100,'GP1 (2)'!$F$6:$F$100,"") -> 16 | AA9: =_xlfn.XLOOKUP($B9,'GP2 (1)'!$B$6:$B$101,'GP2 (1)'!$F$6:$F$101,"") -> 25 | AB9: =_xlfn.XLOOKUP($B9,'GP2 (2)'!$B$6:$B$100,'GP2 (2)'!$F$6:$F$100,"") -> 25 | AC9: =_xlfn.XLOOKUP($B9,'GP3 (1)'!$B$6:$B$100,'GP3 (1)'!$F$6:$F$100,"") | AD9: =_xlfn.XLOOKUP($B9,'GP3 (2)'!$B$6:$B$100,'GP3 (2)'!$F$6:$F$100,"") | AE9: =_xlfn.XLOOKUP($B9,'GP4 (1)'!$B$6:$B$66,'GP4 (1)'!$F$6:$F$66,"") -> 20 | AF9: =_xlfn.XLOOKUP($B9,'GP4 (2)'!$B$6:$B$100,'GP4 (2)'!$F$6:$F$100,"") -> 15 | AG9: =_xlfn.XLOOKUP($B9,'GP5 (1)'!$B$6:$B$99,'GP5 (1)'!$F$6:$F$99,"") -> 25 | AH9: =_xlfn.XLOOKUP($B9,'GP5 (2)'!$B$6:$B$99,'GP5 (2)'!$F$6:$F$99,"") -> 21 | AI9: =_xlfn.XLOOKUP($B9,'GP6 (1)'!$B$5:$B$99,'GP6 (1)'!$F$5:$F$99,"") | AJ9: =_xlfn.XLOOKUP($B9,'GP6 (2)'!$B$5:$B$99,'GP6 (2)'!$F$5:$F$99,"") | AK9: =_xlfn.XLOOKUP($B9,'GP7 (1)'!$B$6:$B$100,'GP7 (1)'!$F$6:$F$100,"") -> 20 | AL9: =_xlfn.XLOOKUP($B9,'GP7 (2)'!$B$6:$B$100,'GP7 (2)'!$F$6:$F$100,"") -> 23 | AM9: =_xlfn.XLOOKUP($B9,'GP8 (1)'!$B$6:$B$100,'GP8 (1)'!$F$6:$F$100,"") | AN9: =_xlfn.XLOOKUP($B9,'GP8 (2)'!$B$6:$B$100,'GP8 (2)'!$F$6:$F$100,"") | AO9: =SUM(AP9:BG9) -> 83 | AP9: =_xlfn.XLOOKUP($B9,'MP (1)'!$B$6:$B$99,'MP (1)'!$H$6:$H$99,"") -> 8 | AQ9: =_xlfn.XLOOKUP($B9,'MP (2)'!$B$6:$B$100,'MP (2)'!$H$6:$H$100,"") -> 9 | AR9: =_xlfn.XLOOKUP($B9,'GP1 (1)'!$B$6:$B$100,'GP1 (1)'!$H$6:$H$100,"") -> -3 | AS9: =_xlfn.XLOOKUP($B9,'GP1 (2)'!$B$6:$B$100,'GP1 (2)'!$H$6:$H$100,"") -> -2 | AT9: =_xlfn.XLOOKUP($B9,'GP2 (1)'!$B$6:$B$101,'GP2 (1)'!$H$6:$H$101,"") -> 12 | AU9: =_xlfn.XLOOKUP($B9,'GP2 (2)'!$B$6:$B$100,'GP2 (2)'!$H$6:$H$100,"") -> 14 | AV9: =_xlfn.XLOOKUP($B9,'GP3 (1)'!$B$6:$B$100,'GP3 (1)'!$H$6:$H$100,"") | AW9: =_xlfn.XLOOKUP($B9,'GP3 (2)'!$B$6:$B$100,'GP3 (2)'!$H$6:$H$100,"") | AX9: =_xlfn.XLOOKUP($B9,'GP4 (1)'!$B$6:$B$66,'GP4 (1)'!$H$6:$H$66,"") -> 3 | AY9: =_xlfn.XLOOKUP($B9,'GP4 (2)'!$B$6:$B$100,'GP4 (2)'!$H$6:$H$100,"") -> 0 | AZ9: =_xlfn.XLOOKUP($B9,'GP5 (1)'!$B$6:$B$99,'GP5 (1)'!$H$6:$H$99,"") -> 15 | BA9: =_xlfn.XLOOKUP($B9,'GP5 (2)'!$B$6:$B$99,'GP5 (2)'!$H$6:$H$99,"") -> 8 | BB9: =_xlfn.XLOOKUP($B9,'GP6 (1)'!$B$5:$B$99,'GP6 (1)'!$H$5:$H$99,"") | BC9: =_xlfn.XLOOKUP($B9,'GP6 (2)'!$B$5:$B$99,'GP6 (2)'!$H$5:$H$99,"") | BD9: =_xlfn.XLOOKUP($B9,'GP7 (1)'!$B$6:$B$100,'GP7 (1)'!$H$6:$H$100,"") -> 12 | BE9: =_xlfn.XLOOKUP($B9,'GP7 (2)'!$B$6:$B$100,'GP7 (2)'!$H$6:$H$100,"") -> 7 | BF9: =_xlfn.XLOOKUP($B9,'GP8 (1)'!$B$6:$B$100,'GP8 (1)'!$H$6:$H$100,"") | BG9: =_xlfn.XLOOKUP($B9,'GP8 (2)'!$B$6:$B$100,'GP8 (2)'!$H$6:$H$100,"")
A10: =ROW()-4 -> 6 | B10: JADCZUK Wojciech | C10: =SUM(D10:U10) -> 7.26 | D10: =_xlfn.XLOOKUP($B10,'MP (1)'!$B$6:$B$99,'MP (1)'!$E$6:$E$99,"") -> 0.83 | E10: =_xlfn.XLOOKUP($B10,'MP (2)'!$B$6:$B$100,'MP (2)'!$E$6:$E$100,"") -> 0.5 | F10: =_xlfn.XLOOKUP($B10,'GP1 (1)'!$B$6:$B$100,'GP1 (1)'!$E$6:$E$100,"") -> 0.83 | G10: =_xlfn.XLOOKUP($B10,'GP1 (2)'!$B$6:$B$100,'GP1 (2)'!$E$6:$E$100,"") -> 1 | H10: =_xlfn.XLOOKUP($B10,'GP2 (1)'!$B$6:$B$101,'GP2 (1)'!$E$6:$E$101,"") -> 1 | I10: =_xlfn.XLOOKUP($B10,'GP2 (2)'!$B$6:$B$100,'GP2 (2)'!$E$6:$E$100,"") -> 0.6 | J10: =_xlfn.XLOOKUP($B10,'GP3 (1)'!$B$6:$B$100,'GP3 (1)'!$E$6:$E$100,"") -> 1 | K10: =_xlfn.XLOOKUP($B10,'GP3 (2)'!$B$6:$B$100,'GP3 (2)'!$E$6:$E$100,"") -> 0.80 | L10: =_xlfn.XLOOKUP($B10,'GP4 (1)'!$B$6:$B$66,'GP4 (1)'!$E$6:$E$66,"") | M10: =_xlfn.XLOOKUP($B10,'GP4 (2)'!$B$6:$B$100,'GP4 (2)'!$E$6:$E$100,"") | N10: =_xlfn.XLOOKUP($B10,'GP5 (1)'!$B$6:$B$99,'GP5 (1)'!$E$6:$E$99,"") | O10: =_xlfn.XLOOKUP($B10,'GP5 (2)'!$B$6:$B$99,'GP5 (2)'!$E$6:$E$99,"") | P10: =_xlfn.XLOOKUP($B10,'GP6 (1)'!$B$5:$B$99,'GP6 (1)'!$E$5:$E$99,"") -> 0.75 | Q10: =_xlfn.XLOOKUP($B10,'GP6 (2)'!$B$5:$B$99,'GP6 (2)'!$E$5:$E$99,"") -> 1.00 | R10: =_xlfn.XLOOKUP($B10,'GP7 (1)'!$B$6:$B$100,'GP7 (1)'!$E$6:$E$100,"") -> 0.50 | S10: =_xlfn.XLOOKUP($B10,'GP7 (2)'!$B$6:$B$100,'GP7 (2)'!$E$6:$E$100,"") -> 0.5 | T10: =_xlfn.XLOOKUP($B10,'GP8 (1)'!$B$6:$B$100,'GP8 (1)'!$E$6:$E$100,"") -> 0.80 | U10: =_xlfn.XLOOKUP($B10,'GP8 (2)'!$B$6:$B$100,'GP8 (2)'!$E$6:$E$100,"") -> 1 | V10: =SUM(W10:AN10) -> 311 | W10: =_xlfn.XLOOKUP($B10,'MP (1)'!$B$6:$B$99,'MP (1)'!$F$6:$F$99,"") -> 29 | X10: =_xlfn.XLOOKUP($B10,'MP (2)'!$B$6:$B$100,'MP (2)'!$F$6:$F$100,"") -> 23 | Y10: =_xlfn.XLOOKUP($B10,'GP1 (1)'!$B$6:$B$100,'GP1 (1)'!$F$6:$F$100,"") -> 27 | Z10: =_xlfn.XLOOKUP($B10,'GP1 (2)'!$B$6:$B$100,'GP1 (2)'!$F$6:$F$100,"") -> 25 | AA10: =_xlfn.XLOOKUP($B10,'GP2 (1)'!$B$6:$B$101,'GP2 (1)'!$F$6:$F$101,"") -> 25 | AB10: =_xlfn.XLOOKUP($B10,'GP2 (2)'!$B$6:$B$100,'GP2 (2)'!$F$6:$F$100,"") -> 21 | AC10: =_xlfn.XLOOKUP($B10,'GP3 (1)'!$B$6:$B$100,'GP3 (1)'!$F$6:$F$100,"") -> 25 | AD10: =_xlfn.XLOOKUP($B10,'GP3 (2)'!$B$6:$B$100,'GP3 (2)'!$F$6:$F$100,"") -> 22 | AE10: =_xlfn.XLOOKUP($B10,'GP4 (1)'!$B$6:$B$66,'GP4 (1)'!$F$6:$F$66,"") | AF10: =_xlfn.XLOOKUP($B10,'GP4 (2)'!$B$6:$B$100,'GP4 (2)'!$F$6:$F$100,"") | AG10: =_xlfn.XLOOKUP($B10,'GP5 (1)'!$B$6:$B$99,'GP5 (1)'!$F$6:$F$99,"") | AH10: =_xlfn.XLOOKUP($B10,'GP5 (2)'!$B$6:$B$99,'GP5 (2)'!$F$6:$F$99,"") | AI10: =_xlfn.XLOOKUP($B10,'GP6 (1)'!$B$5:$B$99,'GP6 (1)'!$F$5:$F$99,"") -> 19 | AJ10: =_xlfn.XLOOKUP($B10,'GP6 (2)'!$B$5:$B$99,'GP6 (2)'!$F$5:$F$99,"") -> 20 | AK10: =_xlfn.XLOOKUP($B10,'GP7 (1)'!$B$6:$B$100,'GP7 (1)'!$F$6:$F$100,"") -> 15 | AL10: =_xlfn.XLOOKUP($B10,'GP7 (2)'!$B$6:$B$100,'GP7 (2)'!$F$6:$F$100,"") -> 17 | AM10: =_xlfn.XLOOKUP($B10,'GP8 (1)'!$B$6:$B$100,'GP8 (1)'!$F$6:$F$100,"") -> 23 | AN10: =_xlfn.XLOOKUP($B10,'GP8 (2)'!$B$6:$B$100,'GP8 (2)'!$F$6:$F$100,"") -> 20 | AO10: =SUM(AP10:BG10) -> 156 | AP10: =_xlfn.XLOOKUP($B10,'MP (1)'!$B$6:$B$99,'MP (1)'!$H$6:$H$99,"") -> 17 | AQ10: =_xlfn.XLOOKUP($B10,'MP (2)'!$B$6:$B$100,'MP (2)'!$H$6:$H$100,"") -> 5 | AR10: =_xlfn.XLOOKUP($B10,'GP1 (1)'!$B$6:$B$100,'GP1 (1)'!$H$6:$H$100,"") -> 13 | AS10: =_xlfn.XLOOKUP($B10,'GP1 (2)'!$B$6:$B$100,'GP1 (2)'!$H$6:$H$100,"") -> 21 | AT10: =_xlfn.XLOOKUP($B10,'GP2 (1)'!$B$6:$B$101,'GP2 (1)'!$H$6:$H$101,"") -> 14 | AU10: =_xlfn.XLOOKUP($B10,'GP2 (2)'!$B$6:$B$100,'GP2 (2)'!$H$6:$H$100,"") -> 7 | AV10: =_xlfn.XLOOKUP($B10,'GP3 (1)'!$B$6:$B$100,'GP3 (1)'!$H$6:$H$100,"") -> 15 | AW10: =_xlfn.XLOOKUP($B10,'GP3 (2)'!$B$6:$B$100,'GP3 (2)'!$H$6:$H$100,"") -> 10 | AX10: =_xlfn.XLOOKUP($B10,'GP4 (1)'!$B$6:$B$66,'GP4 (1)'!$H$6:$H$66,"") | AY10: =_xlfn.XLOOKUP($B10,'GP4 (2)'!$B$6:$B$100,'GP4 (2)'!$H$6:$H$100,"") | AZ10: =_xlfn.XLOOKUP($B10,'GP5 (1)'!$B$6:$B$99,'GP5 (1)'!$H$6:$H$99,"") | BA10: =_xlfn.XLOOKUP($B10,'GP5 (2)'!$B$6:$B$99,'GP5 (2)'!$H$6:$H$99,"") | BB10: =_xlfn.XLOOKUP($B10,'GP6 (1)'!$B$5:$B$99,'GP6 (1)'!$H$5:$H$99,"") -> 8 | BC10: =_xlfn.XLOOKUP($B10,'GP6 (2)'!$B$5:$B$99,'GP6 (2)'!$H$5:$H$99,"") -> 14 | BD10: =_xlfn.XLOOKUP($B10,'GP7 (1)'!$B$6:$B$100,'GP7 (1)'!$H$6:$H$100,"") -> -1 | BE10: =_xlfn.XLOOKUP($B10,'GP7 (2)'!$B$6:$B$100,'GP7 (2)'!$H$6:$H$100,"") -> 3 | BF10: =_xlfn.XLOOKUP($B10,'GP8 (1)'!$B$6:$B$100,'GP8 (1)'!$H$6:$H$100,"") -> 14 | BG10: =_xlfn.XLOOKUP($B10,'GP8 (2)'!$B$6:$B$100,'GP8 (2)'!$H$6:$H$100,"") -> 16
A11: =ROW()-4 -> 7 | B11: KORONA-TRZEBSKI Przemysław | C11: =SUM(D11:U11) -> 6.93 | D11: =_xlfn.XLOOKUP($B11,'MP (1)'!$B$6:$B$99,'MP (1)'!$E$6:$E$99,"") -> 0.67 | E11: =_xlfn.XLOOKUP($B11,'MP (2)'!$B$6:$B$100,'MP (2)'!$E$6:$E$100,"") -> 0.83 | F11: =_xlfn.XLOOKUP($B11,'GP1 (1)'!$B$6:$B$100,'GP1 (1)'!$E$6:$E$100,"") -> 0.6 | G11: =_xlfn.XLOOKUP($B11,'GP1 (2)'!$B$6:$B$100,'GP1 (2)'!$E$6:$E$100,"") -> 0.8 | H11: =_xlfn.XLOOKUP($B11,'GP2 (1)'!$B$6:$B$101,'GP2 (1)'!$E$6:$E$101,"") -> 0.8 | I11: =_xlfn.XLOOKUP($B11,'GP2 (2)'!$B$6:$B$100,'GP2 (2)'!$E$6:$E$100,"") -> 1 | J11: =_xlfn.XLOOKUP($B11,'GP3 (1)'!$B$6:$B$100,'GP3 (1)'!$E$6:$E$100,"") -> 0.83 | K11: =_xlfn.XLOOKUP($B11,'GP3 (2)'!$B$6:$B$100,'GP3 (2)'!$E$6:$E$100,"") -> 0.60 | L11: =_xlfn.XLOOKUP($B11,'GP4 (1)'!$B$6:$B$66,'GP4 (1)'!$E$6:$E$66,"") | M11: =_xlfn.XLOOKUP($B11,'GP4 (2)'!$B$6:$B$100,'GP4 (2)'!$E$6:$E$100,"") | N11: =_xlfn.XLOOKUP($B11,'GP5 (1)'!$B$6:$B$99,'GP5 (1)'!$E$6:$E$99,"") | O11: =_xlfn.XLOOKUP($B11,'GP5 (2)'!$B$6:$B$99,'GP5 (2)'!$E$6:$E$99,"") | P11: =_xlfn.XLOOKUP($B11,'GP6 (1)'!$B$5:$B$99,'GP6 (1)'!$E$5:$E$99,"") -> 0.50 | Q11: =_xlfn.XLOOKUP($B11,'GP6 (2)'!$B$5:$B$99,'GP6 (2)'!$E$5:$E$99,"") -> 0.50 | R11: =_xlfn.XLOOKUP($B11,'GP7 (1)'!$B$6:$B$100,'GP7 (1)'!$E$6:$E$100,"") -> 0.75 | S11: =_xlfn.XLOOKUP($B11,'GP7 (2)'!$B$6:$B$100,'GP7 (2)'!$E$6:$E$100,"") -> 0.6 | T11: =_xlfn.XLOOKUP($B11,'GP8 (1)'!$B$6:$B$100,'GP8 (1)'!$E$6:$E$100,"") -> 0.60 | U11: =_xlfn.XLOOKUP($B11,'GP8 (2)'!$B$6:$B$100,'GP8 (2)'!$E$6:$E$100,"") -> 0.8 | V11: =SUM(W11:AN11) -> 283 | W11: =_xlfn.XLOOKUP($B11,'MP (1)'!$B$6:$B$99,'MP (1)'!$F$6:$F$99,"") -> 22 | X11: =_xlfn.XLOOKUP($B11,'MP (2)'!$B$6:$B$100,'MP (2)'!$F$6:$F$100,"") -> 25 | Y11: =_xlfn.XLOOKUP($B11,'GP1 (1)'!$B$6:$B$100,'GP1 (1)'!$F$6:$F$100,"") -> 21 | Z11: =_xlfn.XLOOKUP($B11,'GP1 (2)'!$B$6:$B$100,'GP1 (2)'!$F$6:$F$100,"") -> 21 | AA11: =_xlfn.XLOOKUP($B11,'GP2 (1)'!$B$6:$B$101,'GP2 (1)'!$F$6:$F$101,"") -> 23 | AB11: =_xlfn.XLOOKUP($B11,'GP2 (2)'!$B$6:$B$100,'GP2 (2)'!$F$6:$F$100,"") -> 25 | AC11: =_xlfn.XLOOKUP($B11,'GP3 (1)'!$B$6:$B$100,'GP3 (1)'!$F$6:$F$100,"") -> 29 | AD11: =_xlfn.XLOOKUP($B11,'GP3 (2)'!$B$6:$B$100,'GP3 (2)'!$F$6:$F$100,"") -> 20 | AE11: =_xlfn.XLOOKUP($B11,'GP4 (1)'!$B$6:$B$66,'GP4 (1)'!$F$6:$F$66,"") | AF11: =_xlfn.XLOOKUP($B11,'GP4 (2)'!$B$6:$B$100,'GP4 (2)'!$F$6:$F$100,"") | AG11: =_xlfn.XLOOKUP($B11,'GP5 (1)'!$B$6:$B$99,'GP5 (1)'!$F$6:$F$99,"") | AH11: =_xlfn.XLOOKUP($B11,'GP5 (2)'!$B$6:$B$99,'GP5 (2)'!$F$6:$F$99,"") | AI11: =_xlfn.XLOOKUP($B11,'GP6 (1)'!$B$5:$B$99,'GP6 (1)'!$F$5:$F$99,"") -> 11 | AJ11: =_xlfn.XLOOKUP($B11,'GP6 (2)'!$B$5:$B$99,'GP6 (2)'!$F$5:$F$99,"") -> 12 | AK11: =_xlfn.XLOOKUP($B11,'GP7 (1)'!$B$6:$B$100,'GP7 (1)'!$F$6:$F$100,"") -> 18 | AL11: =_xlfn.XLOOKUP($B11,'GP7 (2)'!$B$6:$B$100,'GP7 (2)'!$F$6:$F$100,"") -> 17 | AM11: =_xlfn.XLOOKUP($B11,'GP8 (1)'!$B$6:$B$100,'GP8 (1)'!$F$6:$F$100,"") -> 19 | AN11: =_xlfn.XLOOKUP($B11,'GP8 (2)'!$B$6:$B$100,'GP8 (2)'!$F$6:$F$100,"") -> 20 | AO11: =SUM(AP11:BG11) -> 93 | AP11: =_xlfn.XLOOKUP($B11,'MP (1)'!$B$6:$B$99,'MP (1)'!$H$6:$H$99,"") -> 4 | AQ11: =_xlfn.XLOOKUP($B11,'MP (2)'!$B$6:$B$100,'MP (2)'!$H$6:$H$100,"") -> 12 | AR11: =_xlfn.XLOOKUP($B11,'GP1 (1)'!$B$6:$B$100,'GP1 (1)'!$H$6:$H$100,"") -> 7 | AS11: =_xlfn.XLOOKUP($B11,'GP1 (2)'!$B$6:$B$100,'GP1 (2)'!$H$6:$H$100,"") -> 11 | AT11: =_xlfn.XLOOKUP($B11,'GP2 (1)'!$B$6:$B$101,'GP2 (1)'!$H$6:$H$101,"") -> 12 | AU11: =_xlfn.XLOOKUP($B11,'GP2 (2)'!$B$6:$B$100,'GP2 (2)'!$H$6:$H$100,"") -> 16 | AV11: =_xlfn.XLOOKUP($B11,'GP3 (1)'!$B$6:$B$100,'GP3 (1)'!$H$6:$H$100,"") -> 11 | AW11: =_xlfn.XLOOKUP($B11,'GP3 (2)'!$B$6:$B$100,'GP3 (2)'!$H$6:$H$100,"") -> 6 | AX11: =_xlfn.XLOOKUP($B11,'GP4 (1)'!$B$6:$B$66,'GP4 (1)'!$H$6:$H$66,"") | AY11: =_xlfn.XLOOKUP($B11,'GP4 (2)'!$B$6:$B$100,'GP4 (2)'!$H$6:$H$100,"") | AZ11: =_xlfn.XLOOKUP($B11,'GP5 (1)'!$B$6:$B$99,'GP5 (1)'!$H$6:$H$99,"") | BA11: =_xlfn.XLOOKUP($B11,'GP5 (2)'!$B$6:$B$99,'GP5 (2)'!$H$6:$H$99,"") | BB11: =_xlfn.XLOOKUP($B11,'GP6 (1)'!$B$5:$B$99,'GP6 (1)'!$H$5:$H$99,"") -> -5 | BC11: =_xlfn.XLOOKUP($B11,'GP6 (2)'!$B$5:$B$99,'GP6 (2)'!$H$5:$H$99,"") -> 0 | BD11: =_xlfn.XLOOKUP($B11,'GP7 (1)'!$B$6:$B$100,'GP7 (1)'!$H$6:$H$100,"") -> 6 | BE11: =_xlfn.XLOOKUP($B11,'GP7 (2)'!$B$6:$B$100,'GP7 (2)'!$H$6:$H$100,"") -> 0 | BF11: =_xlfn.XLOOKUP($B11,'GP8 (1)'!$B$6:$B$100,'GP8 (1)'!$H$6:$H$100,"") -> 4 | BG11: =_xlfn.XLOOKUP($B11,'GP8 (2)'!$B$6:$B$100,'GP8 (2)'!$H$6:$H$100,"") -> 9
A12: =ROW()-4 -> 8 | B12: POŚPIESZNY Sławomir | C12: =SUM(D12:U12) -> 6.09 | D12: =_xlfn.XLOOKUP($B12,'MP (1)'!$B$6:$B$99,'MP (1)'!$E$6:$E$99,"") -> 0.67 | E12: =_xlfn.XLOOKUP($B12,'MP (2)'!$B$6:$B$100,'MP (2)'!$E$6:$E$100,"") -> 0.67 | F12: =_xlfn.XLOOKUP($B12,'GP1 (1)'!$B$6:$B$100,'GP1 (1)'!$E$6:$E$100,"") | G12: =_xlfn.XLOOKUP($B12,'GP1 (2)'!$B$6:$B$100,'GP1 (2)'!$E$6:$E$100,"") | H12: =_xlfn.XLOOKUP($B12,'GP2 (1)'!$B$6:$B$101,'GP2 (1)'!$E$6:$E$101,"") -> 0.6 | I12: =_xlfn.XLOOKUP($B12,'GP2 (2)'!$B$6:$B$100,'GP2 (2)'!$E$6:$E$100,"") -> 0.6 | J12: =_xlfn.XLOOKUP($B12,'GP3 (1)'!$B$6:$B$100,'GP3 (1)'!$E$6:$E$100,"") -> 0.4 | K12: =_xlfn.XLOOKUP($B12,'GP3 (2)'!$B$6:$B$100,'GP3 (2)'!$E$6:$E$100,"") -> 0.83 | L12: =_xlfn.XLOOKUP($B12,'GP4 (1)'!$B$6:$B$66,'GP4 (1)'!$E$6:$E$66,"") -> 0.8 | M12: =_xlfn.XLOOKUP($B12,'GP4 (2)'!$B$6:$B$100,'GP4 (2)'!$E$6:$E$100,"") -> 0.8 | N12: =_xlfn.XLOOKUP($B12,'GP5 (1)'!$B$6:$B$99,'GP5 (1)'!$E$6:$E$99,"") -> 0.8 | O12: =_xlfn.XLOOKUP($B12,'GP5 (2)'!$B$6:$B$99,'GP5 (2)'!$E$6:$E$99,"") -> 0.75 | P12: =_xlfn.XLOOKUP($B12,'GP6 (1)'!$B$5:$B$99,'GP6 (1)'!$E$5:$E$99,"") -> 1.00 | Q12: =_xlfn.XLOOKUP($B12,'GP6 (2)'!$B$5:$B$99,'GP6 (2)'!$E$5:$E$99,"") -> 0.50 | R12: =_xlfn.XLOOKUP($B12,'GP7 (1)'!$B$6:$B$100,'GP7 (1)'!$E$6:$E$100,"") | S12: =_xlfn.XLOOKUP($B12,'GP7 (2)'!$B$6:$B$100,'GP7 (2)'!$E$6:$E$100,"") | T12: =_xlfn.XLOOKUP($B12,'GP8 (1)'!$B$6:$B$100,'GP8 (1)'!$E$6:$E$100,"") | U12: =_xlfn.XLOOKUP($B12,'GP8 (2)'!$B$6:$B$100,'GP8 (2)'!$E$6:$E$100,"") | V12: =SUM(W12:AN12) -> 239 | W12: =_xlfn.XLOOKUP($B12,'MP (1)'!$B$6:$B$99,'MP (1)'!$F$6:$F$99,"") -> 24 | X12: =_xlfn.XLOOKUP($B12,'MP (2)'!$B$6:$B$100,'MP (2)'!$F$6:$F$100,"") -> 21 | Y12: =_xlfn.XLOOKUP($B12,'GP1 (1)'!$B$6:$B$100,'GP1 (1)'!$F$6:$F$100,"") | Z12: =_xlfn.XLOOKUP($B12,'GP1 (2)'!$B$6:$B$100,'GP1 (2)'!$F$6:$F$100,"") | AA12: =_xlfn.XLOOKUP($B12,'GP2 (1)'!$B$6:$B$101,'GP2 (1)'!$F$6:$F$101,"") -> 19 | AB12: =_xlfn.XLOOKUP($B12,'GP2 (2)'!$B$6:$B$100,'GP2 (2)'!$F$6:$F$100,"") -> 20 | AC12: =_xlfn.XLOOKUP($B12,'GP3 (1)'!$B$6:$B$100,'GP3 (1)'!$F$6:$F$100,"") -> 13 | AD12: =_xlfn.XLOOKUP($B12,'GP3 (2)'!$B$6:$B$100,'GP3 (2)'!$F$6:$F$100,"") -> 25 | AE12: =_xlfn.XLOOKUP($B12,'GP4 (1)'!$B$6:$B$66,'GP4 (1)'!$F$6:$F$66,"") -> 20 | AF12: =_xlfn.XLOOKUP($B12,'GP4 (2)'!$B$6:$B$100,'GP4 (2)'!$F$6:$F$100,"") -> 22 | AG12: =_xlfn.XLOOKUP($B12,'GP5 (1)'!$B$6:$B$99,'GP5 (1)'!$F$6:$F$99,"") -> 22 | AH12: =_xlfn.XLOOKUP($B12,'GP5 (2)'!$B$6:$B$99,'GP5 (2)'!$F$6:$F$99,"") -> 19 | AI12: =_xlfn.XLOOKUP($B12,'GP6 (1)'!$B$5:$B$99,'GP6 (1)'!$F$5:$F$99,"") -> 19 | AJ12: =_xlfn.XLOOKUP($B12,'GP6 (2)'!$B$5:$B$99,'GP6 (2)'!$F$5:$F$99,"") -> 15 | AK12: =_xlfn.XLOOKUP($B12,'GP7 (1)'!$B$6:$B$100,'GP7 (1)'!$F$6:$F$100,"") | AL12: =_xlfn.XLOOKUP($B12,'GP7 (2)'!$B$6:$B$100,'GP7 (2)'!$F$6:$F$100,"") | AM12: =_xlfn.XLOOKUP($B12,'GP8 (1)'!$B$6:$B$100,'GP8 (1)'!$F$6:$F$100,"") | AN12: =_xlfn.XLOOKUP($B12,'GP8 (2)'!$B$6:$B$100,'GP8 (2)'!$F$6:$F$100,"") | AO12: =SUM(AP12:BG12) -> 86 | AP12: =_xlfn.XLOOKUP($B12,'MP (1)'!$B$6:$B$99,'MP (1)'!$H$6:$H$99,"") -> 10 | AQ12: =_xlfn.XLOOKUP($B12,'MP (2)'!$B$6:$B$100,'MP (2)'!$H$6:$H$100,"") -> 6 | AR12: =_xlfn.XLOOKUP($B12,'GP1 (1)'!$B$6:$B$100,'GP1 (1)'!$H$6:$H$100,"") | AS12: =_xlfn.XLOOKUP($B12,'GP1 (2)'!$B$6:$B$100,'GP1 (2)'!$H$6:$H$100,"") | AT12: =_xlfn.XLOOKUP($B12,'GP2 (1)'!$B$6:$B$101,'GP2 (1)'!$H$6:$H$101,"") -> 6 | AU12: =_xlfn.XLOOKUP($B12,'GP2 (2)'!$B$6:$B$100,'GP2 (2)'!$H$6:$H$100,"") -> 4 | AV12: =_xlfn.XLOOKUP($B12,'GP3 (1)'!$B$6:$B$100,'GP3 (1)'!$H$6:$H$100,"") -> -5 | AW12: =_xlfn.XLOOKUP($B12,'GP3 (2)'!$B$6:$B$100,'GP3 (2)'!$H$6:$H$100,"") -> 11 | AX12: =_xlfn.XLOOKUP($B12,'GP4 (1)'!$B$6:$B$66,'GP4 (1)'!$H$6:$H$66,"") -> 11 | AY12: =_xlfn.XLOOKUP($B12,'GP4 (2)'!$B$6:$B$100,'GP4 (2)'!$H$6:$H$100,"") -> 11 | AZ12: =_xlfn.XLOOKUP($B12,'GP5 (1)'!$B$6:$B$99,'GP5 (1)'!$H$6:$H$99,"") -> 12 | BA12: =_xlfn.XLOOKUP($B12,'GP5 (2)'!$B$6:$B$99,'GP5 (2)'!$H$6:$H$99,"") -> 9 | BB12: =_xlfn.XLOOKUP($B12,'GP6 (1)'!$B$5:$B$99,'GP6 (1)'!$H$5:$H$99,"") -> 12 | BC12: =_xlfn.XLOOKUP($B12,'GP6 (2)'!$B$5:$B$99,'GP6 (2)'!$H$5:$H$99,"") -> -1 | BD12: =_xlfn.XLOOKUP($B12,'GP7 (1)'!$B$6:$B$100,'GP7 (1)'!$H$6:$H$100,"") | BE12: =_xlfn.XLOOKUP($B12,'GP7 (2)'!$B$6:$B$100,'GP7 (2)'!$H$6:$H$100,"") | BF12: =_xlfn.XLOOKUP($B12,'GP8 (1)'!$B$6:$B$100,'GP8 (1)'!$H$6:$H$100,"") | BG12: =_xlfn.XLOOKUP($B12,'GP8 (2)'!$B$6:$B$100,'GP8 (2)'!$H$6:$H$100,"")
A13: =ROW()-4 -> 9 | B13: NIKALAICHUK Aliaksandr | C13: =SUM(D13:U13) -> 5.97 | D13: =_xlfn.XLOOKUP($B13,'MP (1)'!$B$6:$B$99,'MP (1)'!$E$6:$E$99,"") | E13: =_xlfn.XLOOKUP($B13,'MP (2)'!$B$6:$B$100,'MP (2)'!$E$6:$E$100,"") | F13: =_xlfn.XLOOKUP($B13,'GP1 (1)'!$B$6:$B$100,'GP1 (1)'!$E$6:$E$100,"") -> 1 | G13: =_xlfn.XLOOKUP($B13,'GP1 (2)'!$B$6:$B$100,'GP1 (2)'!$E$6:$E$100,"") -> 0.8 | H13: =_xlfn.XLOOKUP($B13,'GP2 (1)'!$B$6:$B$101,'GP2 (1)'!$E$6:$E$101,"") -> 0.6 | I13: =_xlfn.XLOOKUP($B13,'GP2 (2)'!$B$6:$B$100,'GP2 (2)'!$E$6:$E$100,"") -> 0.6 | J13: =_xlfn.XLOOKUP($B13,'GP3 (1)'!$B$6:$B$100,'GP3 (1)'!$E$6:$E$100,"") -> 1 | K13: =_xlfn.XLOOKUP($B13,'GP3 (2)'!$B$6:$B$100,'GP3 (2)'!$E$6:$E$100,"") -> 0.50 | L13: =_xlfn.XLOOKUP($B13,'GP4 (1)'!$B$6:$B$66,'GP4 (1)'!$E$6:$E$66,"") -> 0.8 | M13: =_xlfn.XLOOKUP($B13,'GP4 (2)'!$B$6:$B$100,'GP4 (2)'!$E$6:$E$100,"") -> 0.67 | N13: =_xlfn.XLOOKUP($B13,'GP5 (1)'!$B$6:$B$99,'GP5 (1)'!$E$6:$E$99,"") -> 0.5 | O13: =_xlfn.XLOOKUP($B13,'GP5 (2)'!$B$6:$B$99,'GP5 (2)'!$E$6:$E$99,"") -> 0 | P13: =_xlfn.XLOOKUP($B13,'GP6 (1)'!$B$5:$B$99,'GP6 (1)'!$E$5:$E$99,"") -> 1.00 | Q13: =_xlfn.XLOOKUP($B13,'GP6 (2)'!$B$5:$B$99,'GP6 (2)'!$E$5:$E$99,"") -> 1.00 | R13: =_xlfn.XLOOKUP($B13,'GP7 (1)'!$B$6:$B$100,'GP7 (1)'!$E$6:$E$100,"") | S13: =_xlfn.XLOOKUP($B13,'GP7 (2)'!$B$6:$B$100,'GP7 (2)'!$E$6:$E$100,"") | T13: =_xlfn.XLOOKUP($B13,'GP8 (1)'!$B$6:$B$100,'GP8 (1)'!$E$6:$E$100,"") | U13: =_xlfn.XLOOKUP($B13,'GP8 (2)'!$B$6:$B$100,'GP8 (2)'!$E$6:$E$100,"") | V13: =SUM(W13:AN13) -> 255 | W13: =_xlfn.XLOOKUP($B13,'MP (1)'!$B$6:$B$99,'MP (1)'!$F$6:$F$99,"") | X13: =_xlfn.XLOOKUP($B13,'MP (2)'!$B$6:$B$100,'MP (2)'!$F$6:$F$100,"") | Y13: =_xlfn.XLOOKUP($B13,'GP1 (1)'!$B$6:$B$100,'GP1 (1)'!$F$6:$F$100,"") -> 25 | Z13: =_xlfn.XLOOKUP($B13,'GP1 (2)'!$B$6:$B$100,'GP1 (2)'!$F$6:$F$100,"") -> 23 | AA13: =_xlfn.XLOOKUP($B13,'GP2 (1)'!$B$6:$B$101,'GP2 (1)'!$F$6:$F$101,"") -> 16 | AB13: =_xlfn.XLOOKUP($B13,'GP2 (2)'!$B$6:$B$100,'GP2 (2)'!$F$6:$F$100,"") -> 20 | AC13: =_xlfn.XLOOKUP($B13,'GP3 (1)'!$B$6:$B$100,'GP3 (1)'!$F$6:$F$100,"") -> 25 | AD13: =_xlfn.XLOOKUP($B13,'GP3 (2)'!$B$6:$B$100,'GP3 (2)'!$F$6:$F$100,"") -> 23 | AE13: =_xlfn.XLOOKUP($B13,'GP4 (1)'!$B$6:$B$66,'GP4 (1)'!$F$6:$F$66,"") -> 20 | AF13: =_xlfn.XLOOKUP($B13,'GP4 (2)'!$B$6:$B$100,'GP4 (2)'!$F$6:$F$100,"") -> 25 | AG13: =_xlfn.XLOOKUP($B13,'GP5 (1)'!$B$6:$B$99,'GP5 (1)'!$F$6:$F$99,"") -> 17 | AH13: =_xlfn.XLOOKUP($B13,'GP5 (2)'!$B$6:$B$99,'GP5 (2)'!$F$6:$F$99,"") -> 11 | AI13: =_xlfn.XLOOKUP($B13,'GP6 (1)'!$B$5:$B$99,'GP6 (1)'!$F$5:$F$99,"") -> 25 | AJ13: =_xlfn.XLOOKUP($B13,'GP6 (2)'!$B$5:$B$99,'GP6 (2)'!$F$5:$F$99,"") -> 25 | AK13: =_xlfn.XLOOKUP($B13,'GP7 (1)'!$B$6:$B$100,'GP7 (1)'!$F$6:$F$100,"") | AL13: =_xlfn.XLOOKUP($B13,'GP7 (2)'!$B$6:$B$100,'GP7 (2)'!$F$6:$F$100,"") | AM13: =_xlfn.XLOOKUP($B13,'GP8 (1)'!$B$6:$B$100,'GP8 (1)'!$F$6:$F$100,"") | AN13: =_xlfn.XLOOKUP($B13,'GP8 (2)'!$B$6:$B$100,'GP8 (2)'!$F$6:$F$100,"") | AO13: =SUM(AP13:BG13) -> 103 | AP13: =_xlfn.XLOOKUP($B13,'MP (1)'!$B$6:$B$99,'MP (1)'!$H$6:$H$99,"") | AQ13: =_xlfn.XLOOKUP($B13,'MP (2)'!$B$6:$B$100,'MP (2)'!$H$6:$H$100,"") | AR13: =_xlfn.XLOOKUP($B13,'GP1 (1)'!$B$6:$B$100,'GP1 (1)'!$H$6:$H$100,"") -> 17 | AS13: =_xlfn.XLOOKUP($B13,'GP1 (2)'!$B$6:$B$100,'GP1 (2)'!$H$6:$H$100,"") -> 12 | AT13: =_xlfn.XLOOKUP($B13,'GP2 (1)'!$B$6:$B$101,'GP2 (1)'!$H$6:$H$101,"") -> -3 | AU13: =_xlfn.XLOOKUP($B13,'GP2 (2)'!$B$6:$B$100,'GP2 (2)'!$H$6:$H$100,"") -> 7 | AV13: =_xlfn.XLOOKUP($B13,'GP3 (1)'!$B$6:$B$100,'GP3 (1)'!$H$6:$H$100,"") -> 16 | AW13: =_xlfn.XLOOKUP($B13,'GP3 (2)'!$B$6:$B$100,'GP3 (2)'!$H$6:$H$100,"") -> 2 | AX13: =_xlfn.XLOOKUP($B13,'GP4 (1)'!$B$6:$B$66,'GP4 (1)'!$H$6:$H$66,"") -> 9 | AY13: =_xlfn.XLOOKUP($B13,'GP4 (2)'!$B$6:$B$100,'GP4 (2)'!$H$6:$H$100,"") -> 10 | AZ13: =_xlfn.XLOOKUP($B13,'GP5 (1)'!$B$6:$B$99,'GP5 (1)'!$H$6:$H$99,"") -> 6 | BA13: =_xlfn.XLOOKUP($B13,'GP5 (2)'!$B$6:$B$99,'GP5 (2)'!$H$6:$H$99,"") -> -9 | BB13: =_xlfn.XLOOKUP($B13,'GP6 (1)'!$B$5:$B$99,'GP6 (1)'!$H$5:$H$99,"") -> 15 | BC13: =_xlfn.XLOOKUP($B13,'GP6 (2)'!$B$5:$B$99,'GP6 (2)'!$H$5:$H$99,"") -> 21 | BD13: =_xlfn.XLOOKUP($B13,'GP7 (1)'!$B$6:$B$100,'GP7 (1)'!$H$6:$H$100,"") | BE13: =_xlfn.XLOOKUP($B13,'GP7 (2)'!$B$6:$B$100,'GP7 (2)'!$H$6:$H$100,"") | BF13: =_xlfn.XLOOKUP($B13,'GP8 (1)'!$B$6:$B$100,'GP8 (1)'!$H$6:$H$100,"") | BG13: =_xlfn.XLOOKUP($B13,'GP8 (2)'!$B$6:$B$100,'GP8 (2)'!$H$6:$H$100,"")
A14: =ROW()-4 -> 10 | B14: NOWAK Szymon | C14: =SUM(D14:U14) -> 5.72 | D14: =_xlfn.XLOOKUP($B14,'MP (1)'!$B$6:$B$99,'MP (1)'!$E$6:$E$99,"") -> 0.5 | E14: =_xlfn.XLOOKUP($B14,'MP (2)'!$B$6:$B$100,'MP (2)'!$E$6:$E$100,"") -> 0.67 | F14: =_xlfn.XLOOKUP($B14,'GP1 (1)'!$B$6:$B$100,'GP1 (1)'!$E$6:$E$100,"") | G14: =_xlfn.XLOOKUP($B14,'GP1 (2)'!$B$6:$B$100,'GP1 (2)'!$E$6:$E$100,"") | H14: =_xlfn.XLOOKUP($B14,'GP2 (1)'!$B$6:$B$101,'GP2 (1)'!$E$6:$E$101,"") -> 0.8 | I14: =_xlfn.XLOOKUP($B14,'GP2 (2)'!$B$6:$B$100,'GP2 (2)'!$E$6:$E$100,"") -> 0.8 | J14: =_xlfn.XLOOKUP($B14,'GP3 (1)'!$B$6:$B$100,'GP3 (1)'!$E$6:$E$100,"") -> 0.6 | K14: =_xlfn.XLOOKUP($B14,'GP3 (2)'!$B$6:$B$100,'GP3 (2)'!$E$6:$E$100,"") -> 0.40 | L14: =_xlfn.XLOOKUP($B14,'GP4 (1)'!$B$6:$B$66,'GP4 (1)'!$E$6:$E$66,"") | M14: =_xlfn.XLOOKUP($B14,'GP4 (2)'!$B$6:$B$100,'GP4 (2)'!$E$6:$E$100,"") | N14: =_xlfn.XLOOKUP($B14,'GP5 (1)'!$B$6:$B$99,'GP5 (1)'!$E$6:$E$99,"") -> 0.6 | O14: =_xlfn.XLOOKUP($B14,'GP5 (2)'!$B$6:$B$99,'GP5 (2)'!$E$6:$E$99,"") -> 1 | P14: =_xlfn.XLOOKUP($B14,'GP6 (1)'!$B$5:$B$99,'GP6 (1)'!$E$5:$E$99,"") | Q14: =_xlfn.XLOOKUP($B14,'GP6 (2)'!$B$5:$B$99,'GP6 (2)'!$E$5:$E$99,"") | R14: =_xlfn.XLOOKUP($B14,'GP7 (1)'!$B$6:$B$100,'GP7 (1)'!$E$6:$E$100,"") -> 0.80 | S14: =_xlfn.XLOOKUP($B14,'GP7 (2)'!$B$6:$B$100,'GP7 (2)'!$E$6:$E$100,"") -> 0.75 | T14: =_xlfn.XLOOKUP($B14,'GP8 (1)'!$B$6:$B$100,'GP8 (1)'!$E$6:$E$100,"") | U14: =_xlfn.XLOOKUP($B14,'GP8 (2)'!$B$6:$B$100,'GP8 (2)'!$E$6:$E$100,"") | V14: =SUM(W14:AN14) -> 206 | W14: =_xlfn.XLOOKUP($B14,'MP (1)'!$B$6:$B$99,'MP (1)'!$F$6:$F$99,"") -> 20 | X14: =_xlfn.XLOOKUP($B14,'MP (2)'!$B$6:$B$100,'MP (2)'!$F$6:$F$100,"") -> 24 | Y14: =_xlfn.XLOOKUP($B14,'GP1 (1)'!$B$6:$B$100,'GP1 (1)'!$F$6:$F$100,"") | Z14: =_xlfn.XLOOKUP($B14,'GP1 (2)'!$B$6:$B$100,'GP1 (2)'!$F$6:$F$100,"") | AA14: =_xlfn.XLOOKUP($B14,'GP2 (1)'!$B$6:$B$101,'GP2 (1)'!$F$6:$F$101,"") -> 21 | AB14: =_xlfn.XLOOKUP($B14,'GP2 (2)'!$B$6:$B$100,'GP2 (2)'!$F$6:$F$100,"") -> 24 | AC14: =_xlfn.XLOOKUP($B14,'GP3 (1)'!$B$6:$B$100,'GP3 (1)'!$F$6:$F$100,"") -> 17 | AD14: =_xlfn.XLOOKUP($B14,'GP3 (2)'!$B$6:$B$100,'GP3 (2)'!$F$6:$F$100,"") -> 18 | AE14: =_xlfn.XLOOKUP($B14,'GP4 (1)'!$B$6:$B$66,'GP4 (1)'!$F$6:$F$66,"") | AF14: =_xlfn.XLOOKUP($B14,'GP4 (2)'!$B$6:$B$100,'GP4 (2)'!$F$6:$F$100,"") | AG14: =_xlfn.XLOOKUP($B14,'GP5 (1)'!$B$6:$B$99,'GP5 (1)'!$F$6:$F$99,"") -> 15 | AH14: =_xlfn.XLOOKUP($B14,'GP5 (2)'!$B$6:$B$99,'GP5 (2)'!$F$6:$F$99,"") -> 25 | AI14: =_xlfn.XLOOKUP($B14,'GP6 (1)'!$B$5:$B$99,'GP6 (1)'!$F$5:$F$99,"") | AJ14: =_xlfn.XLOOKUP($B14,'GP6 (2)'!$B$5:$B$99,'GP6 (2)'!$F$5:$F$99,"") | AK14: =_xlfn.XLOOKUP($B14,'GP7 (1)'!$B$6:$B$100,'GP7 (1)'!$F$6:$F$100,"") -> 24 | AL14: =_xlfn.XLOOKUP($B14,'GP7 (2)'!$B$6:$B$100,'GP7 (2)'!$F$6:$F$100,"") -> 18 | AM14: =_xlfn.XLOOKUP($B14,'GP8 (1)'!$B$6:$B$100,'GP8 (1)'!$F$6:$F$100,"") | AN14: =_xlfn.XLOOKUP($B14,'GP8 (2)'!$B$6:$B$100,'GP8 (2)'!$F$6:$F$100,"") | AO14: =SUM(AP14:BG14) -> 73 | AP14: =_xlfn.XLOOKUP($B14,'MP (1)'!$B$6:$B$99,'MP (1)'!$H$6:$H$99,"") -> 3 | AQ14: =_xlfn.XLOOKUP($B14,'MP (2)'!$B$6:$B$100,'MP (2)'!$H$6:$H$100,"") -> 10 | AR14: =_xlfn.XLOOKUP($B14,'GP1 (1)'!$B$6:$B$100,'GP1 (1)'!$H$6:$H$100,"") | AS14: =_xlfn.XLOOKUP($B14,'GP1 (2)'!$B$6:$B$100,'GP1 (2)'!$H$6:$H$100,"") | AT14: =_xlfn.XLOOKUP($B14,'GP2 (1)'!$B$6:$B$101,'GP2 (1)'!$H$6:$H$101,"") -> 13 | AU14: =_xlfn.XLOOKUP($B14,'GP2 (2)'!$B$6:$B$100,'GP2 (2)'!$H$6:$H$100,"") -> 11 | AV14: =_xlfn.XLOOKUP($B14,'GP3 (1)'!$B$6:$B$100,'GP3 (1)'!$H$6:$H$100,"") -> 3 | AW14: =_xlfn.XLOOKUP($B14,'GP3 (2)'!$B$6:$B$100,'GP3 (2)'!$H$6:$H$100,"") -> 0 | AX14: =_xlfn.XLOOKUP($B14,'GP4 (1)'!$B$6:$B$66,'GP4 (1)'!$H$6:$H$66,"") | AY14: =_xlfn.XLOOKUP($B14,'GP4 (2)'!$B$6:$B$100,'GP4 (2)'!$H$6:$H$100,"") | AZ14: =_xlfn.XLOOKUP($B14,'GP5 (1)'!$B$6:$B$99,'GP5 (1)'!$H$6:$H$99,"") -> 2 | BA14: =_xlfn.XLOOKUP($B14,'GP5 (2)'!$B$6:$B$99,'GP5 (2)'!$H$6:$H$99,"") -> 17 | BB14: =_xlfn.XLOOKUP($B14,'GP6 (1)'!$B$5:$B$99,'GP6 (1)'!$H$5:$H$99,"") | BC14: =_xlfn.XLOOKUP($B14,'GP6 (2)'!$B$5:$B$99,'GP6 (2)'!$H$5:$H$99,"") | BD14: =_xlfn.XLOOKUP($B14,'GP7 (1)'!$B$6:$B$100,'GP7 (1)'!$H$6:$H$100,"") -> 7 | BE14: =_xlfn.XLOOKUP($B14,'GP7 (2)'!$B$6:$B$100,'GP7 (2)'!$H$6:$H$100,"") -> 7 | BF14: =_xlfn.XLOOKUP($B14,'GP8 (1)'!$B$6:$B$100,'GP8 (1)'!$H$6:$H$100,"") | BG14: =_xlfn.XLOOKUP($B14,'GP8 (2)'!$B$6:$B$100,'GP8 (2)'!$H$6:$H$100,"")
A15: =ROW()-4 -> 11 | B15: POKRZYWA Mariusz | C15: =SUM(D15:U15) -> 5.44 | D15: =_xlfn.XLOOKUP($B15,'MP (1)'!$B$6:$B$99,'MP (1)'!$E$6:$E$99,"") -> 0.67 | E15: =_xlfn.XLOOKUP($B15,'MP (2)'!$B$6:$B$100,'MP (2)'!$E$6:$E$100,"") -> 0.67 | F15: =_xlfn.XLOOKUP($B15,'GP1 (1)'!$B$6:$B$100,'GP1 (1)'!$E$6:$E$100,"") -> 0.8 | G15: =_xlfn.XLOOKUP($B15,'GP1 (2)'!$B$6:$B$100,'GP1 (2)'!$E$6:$E$100,"") -> 0.8 | H15: =_xlfn.XLOOKUP($B15,'GP2 (1)'!$B$6:$B$101,'GP2 (1)'!$E$6:$E$101,"") | I15: =_xlfn.XLOOKUP($B15,'GP2 (2)'!$B$6:$B$100,'GP2 (2)'!$E$6:$E$100,"") | J15: =_xlfn.XLOOKUP($B15,'GP3 (1)'!$B$6:$B$100,'GP3 (1)'!$E$6:$E$100,"") -> 0.6 | K15: =_xlfn.XLOOKUP($B15,'GP3 (2)'!$B$6:$B$100,'GP3 (2)'!$E$6:$E$100,"") -> 0.67 | L15: =_xlfn.XLOOKUP($B15,'GP4 (1)'!$B$6:$B$66,'GP4 (1)'!$E$6:$E$66,"") | M15: =_xlfn.XLOOKUP($B15,'GP4 (2)'!$B$6:$B$100,'GP4 (2)'!$E$6:$E$100,"") | N15: =_xlfn.XLOOKUP($B15,'GP5 (1)'!$B$6:$B$99,'GP5 (1)'!$E$6:$E$99,"") -> 0.6 | O15: =_xlfn.XLOOKUP($B15,'GP5 (2)'!$B$6:$B$99,'GP5 (2)'!$E$6:$E$99,"") -> 0.8 | P15: =_xlfn.XLOOKUP($B15,'GP6 (1)'!$B$5:$B$99,'GP6 (1)'!$E$5:$E$99,"") -> 0.50 | Q15: =_xlfn.XLOOKUP($B15,'GP6 (2)'!$B$5:$B$99,'GP6 (2)'!$E$5:$E$99,"") -> 0.75 | R15: =_xlfn.XLOOKUP($B15,'GP7 (1)'!$B$6:$B$100,'GP7 (1)'!$E$6:$E$100,"") | S15: =_xlfn.XLOOKUP($B15,'GP7 (2)'!$B$6:$B$100,'GP7 (2)'!$E$6:$E$100,"") | T15: =_xlfn.XLOOKUP($B15,'GP8 (1)'!$B$6:$B$100,'GP8 (1)'!$E$6:$E$100,"") -> 0.50 | U15: =_xlfn.XLOOKUP($B15,'GP8 (2)'!$B$6:$B$100,'GP8 (2)'!$E$6:$E$100,"") -> 0.5 | V15: =SUM(W15:AN15) -> 228 | W15: =_xlfn.XLOOKUP($B15,'MP (1)'!$B$6:$B$99,'MP (1)'!$F$6:$F$99,"") -> 23 | X15: =_xlfn.XLOOKUP($B15,'MP (2)'!$B$6:$B$100,'MP (2)'!$F$6:$F$100,"") -> 19 | Y15: =_xlfn.XLOOKUP($B15,'GP1 (1)'!$B$6:$B$100,'GP1 (1)'!$F$6:$F$100,"") -> 23 | Z15: =_xlfn.XLOOKUP($B15,'GP1 (2)'!$B$6:$B$100,'GP1 (2)'!$F$6:$F$100,"") -> 21 | AA15: =_xlfn.XLOOKUP($B15,'GP2 (1)'!$B$6:$B$101,'GP2 (1)'!$F$6:$F$101,"") | AB15: =_xlfn.XLOOKUP($B15,'GP2 (2)'!$B$6:$B$100,'GP2 (2)'!$F$6:$F$100,"") | AC15: =_xlfn.XLOOKUP($B15,'GP3 (1)'!$B$6:$B$100,'GP3 (1)'!$F$6:$F$100,"") -> 22 | AD15: =_xlfn.XLOOKUP($B15,'GP3 (2)'!$B$6:$B$100,'GP3 (2)'!$F$6:$F$100,"") -> 25 | AE15: =_xlfn.XLOOKUP($B15,'GP4 (1)'!$B$6:$B$66,'GP4 (1)'!$F$6:$F$66,"") | AF15: =_xlfn.XLOOKUP($B15,'GP4 (2)'!$B$6:$B$100,'GP4 (2)'!$F$6:$F$100,"") | AG15: =_xlfn.XLOOKUP($B15,'GP5 (1)'!$B$6:$B$99,'GP5 (1)'!$F$6:$F$99,"") -> 21 | AH15: =_xlfn.XLOOKUP($B15,'GP5 (2)'!$B$6:$B$99,'GP5 (2)'!$F$6:$F$99,"") -> 20 | AI15: =_xlfn.XLOOKUP($B15,'GP6 (1)'!$B$5:$B$99,'GP6 (1)'!$F$5:$F$99,"") -> 14 | AJ15: =_xlfn.XLOOKUP($B15,'GP6 (2)'!$B$5:$B$99,'GP6 (2)'!$F$5:$F$99,"") -> 16 | AK15: =_xlfn.XLOOKUP($B15,'GP7 (1)'!$B$6:$B$100,'GP7 (1)'!$F$6:$F$100,"") | AL15: =_xlfn.XLOOKUP($B15,'GP7 (2)'!$B$6:$B$100,'GP7 (2)'!$F$6:$F$100,"") | AM15: =_xlfn.XLOOKUP($B15,'GP8 (1)'!$B$6:$B$100,'GP8 (1)'!$F$6:$F$100,"") -> 12 | AN15: =_xlfn.XLOOKUP($B15,'GP8 (2)'!$B$6:$B$100,'GP8 (2)'!$F$6:$F$100,"") -> 12 | AO15: =SUM(AP15:BG15) -> 75 | AP15: =_xlfn.XLOOKUP($B15,'MP (1)'!$B$6:$B$99,'MP (1)'!$H$6:$H$99,"") -> 8 | AQ15: =_xlfn.XLOOKUP($B15,'MP (2)'!$B$6:$B$100,'MP (2)'!$H$6:$H$100,"") -> 3 | AR15: =_xlfn.XLOOKUP($B15,'GP1 (1)'!$B$6:$B$100,'GP1 (1)'!$H$6:$H$100,"") -> 11 | AS15: =_xlfn.XLOOKUP($B15,'GP1 (2)'!$B$6:$B$100,'GP1 (2)'!$H$6:$H$100,"") -> 11 | AT15: =_xlfn.XLOOKUP($B15,'GP2 (1)'!$B$6:$B$101,'GP2 (1)'!$H$6:$H$101,"") | AU15: =_xlfn.XLOOKUP($B15,'GP2 (2)'!$B$6:$B$100,'GP2 (2)'!$H$6:$H$100,"") | AV15: =_xlfn.XLOOKUP($B15,'GP3 (1)'!$B$6:$B$100,'GP3 (1)'!$H$6:$H$100,"") -> 7 | AW15: =_xlfn.XLOOKUP($B15,'GP3 (2)'!$B$6:$B$100,'GP3 (2)'!$H$6:$H$100,"") -> 8 | AX15: =_xlfn.XLOOKUP($B15,'GP4 (1)'!$B$6:$B$66,'GP4 (1)'!$H$6:$H$66,"") | AY15: =_xlfn.XLOOKUP($B15,'GP4 (2)'!$B$6:$B$100,'GP4 (2)'!$H$6:$H$100,"") | AZ15: =_xlfn.XLOOKUP($B15,'GP5 (1)'!$B$6:$B$99,'GP5 (1)'!$H$6:$H$99,"") -> 6 | BA15: =_xlfn.XLOOKUP($B15,'GP5 (2)'!$B$6:$B$99,'GP5 (2)'!$H$6:$H$99,"") -> 12 | BB15: =_xlfn.XLOOKUP($B15,'GP6 (1)'!$B$5:$B$99,'GP6 (1)'!$H$5:$H$99,"") -> 2 | BC15: =_xlfn.XLOOKUP($B15,'GP6 (2)'!$B$5:$B$99,'GP6 (2)'!$H$5:$H$99,"") -> 9 | BD15: =_xlfn.XLOOKUP($B15,'GP7 (1)'!$B$6:$B$100,'GP7 (1)'!$H$6:$H$100,"") | BE15: =_xlfn.XLOOKUP($B15,'GP7 (2)'!$B$6:$B$100,'GP7 (2)'!$H$6:$H$100,"") | BF15: =_xlfn.XLOOKUP($B15,'GP8 (1)'!$B$6:$B$100,'GP8 (1)'!$H$6:$H$100,"") -> -1 | BG15: =_xlfn.XLOOKUP($B15,'GP8 (2)'!$B$6:$B$100,'GP8 (2)'!$H$6:$H$100,"") -> -1
A16: =ROW()-4 -> 12 | B16: GWIAZDA Paweł | C16: =SUM(D16:U16) -> 5 | D16: =_xlfn.XLOOKUP($B16,'MP (1)'!$B$6:$B$99,'MP (1)'!$E$6:$E$99,"") | E16: =_xlfn.XLOOKUP($B16,'MP (2)'!$B$6:$B$100,'MP (2)'!$E$6:$E$100,"") | F16: =_xlfn.XLOOKUP($B16,'GP1 (1)'!$B$6:$B$100,'GP1 (1)'!$E$6:$E$100,"") -> 0.8 | G16: =_xlfn.XLOOKUP($B16,'GP1 (2)'!$B$6:$B$100,'GP1 (2)'!$E$6:$E$100,"") -> 1 | H16: =_xlfn.XLOOKUP($B16,'GP2 (1)'!$B$6:$B$101,'GP2 (1)'!$E$6:$E$101,"") -> 0.4 | I16: =_xlfn.XLOOKUP($B16,'GP2 (2)'!$B$6:$B$100,'GP2 (2)'!$E$6:$E$100,"") -> 0.6 | J16: =_xlfn.XLOOKUP($B16,'GP3 (1)'!$B$6:$B$100,'GP3 (1)'!$E$6:$E$100,"") -> 0.4 | K16: =_xlfn.XLOOKUP($B16,'GP3 (2)'!$B$6:$B$100,'GP3 (2)'!$E$6:$E$100,"") -> 0.33 | L16: =_xlfn.XLOOKUP($B16,'GP4 (1)'!$B$6:$B$66,'GP4 (1)'!$E$6:$E$66,"") -> 0.6 | M16: =_xlfn.XLOOKUP($B16,'GP4 (2)'!$B$6:$B$100,'GP4 (2)'!$E$6:$E$100,"") -> 0.6 | N16: =_xlfn.XLOOKUP($B16,'GP5 (1)'!$B$6:$B$99,'GP5 (1)'!$E$6:$E$99,"") | O16: =_xlfn.XLOOKUP($B16,'GP5 (2)'!$B$6:$B$99,'GP5 (2)'!$E$6:$E$99,"") | P16: =_xlfn.XLOOKUP($B16,'GP6 (1)'!$B$5:$B$99,'GP6 (1)'!$E$5:$E$99,"") -> 0.60 | Q16: =_xlfn.XLOOKUP($B16,'GP6 (2)'!$B$5:$B$99,'GP6 (2)'!$E$5:$E$99,"") -> 0.80 | R16: =_xlfn.XLOOKUP($B16,'GP7 (1)'!$B$6:$B$100,'GP7 (1)'!$E$6:$E$100,"") -> 0.40 | S16: =_xlfn.XLOOKUP($B16,'GP7 (2)'!$B$6:$B$100,'GP7 (2)'!$E$6:$E$100,"") -> 0.6 | T16: =_xlfn.XLOOKUP($B16,'GP8 (1)'!$B$6:$B$100,'GP8 (1)'!$E$6:$E$100,"") | U16: =_xlfn.XLOOKUP($B16,'GP8 (2)'!$B$6:$B$100,'GP8 (2)'!$E$6:$E$100,"") | V16: =SUM(W16:AN16) -> 235 | W16: =_xlfn.XLOOKUP($B16,'MP (1)'!$B$6:$B$99,'MP (1)'!$F$6:$F$99,"") | X16: =_xlfn.XLOOKUP($B16,'MP (2)'!$B$6:$B$100,'MP (2)'!$F$6:$F$100,"") | Y16: =_xlfn.XLOOKUP($B16,'GP1 (1)'!$B$6:$B$100,'GP1 (1)'!$F$6:$F$100,"") -> 21 | Z16: =_xlfn.XLOOKUP($B16,'GP1 (2)'!$B$6:$B$100,'GP1 (2)'!$F$6:$F$100,"") -> 22 | AA16: =_xlfn.XLOOKUP($B16,'GP2 (1)'!$B$6:$B$101,'GP2 (1)'!$F$6:$F$101,"") -> 17 | AB16: =_xlfn.XLOOKUP($B16,'GP2 (2)'!$B$6:$B$100,'GP2 (2)'!$F$6:$F$100,"") -> 21 | AC16: =_xlfn.XLOOKUP($B16,'GP3 (1)'!$B$6:$B$100,'GP3 (1)'!$F$6:$F$100,"") -> 15 | AD16: =_xlfn.XLOOKUP($B16,'GP3 (2)'!$B$6:$B$100,'GP3 (2)'!$F$6:$F$100,"") -> 21 | AE16: =_xlfn.XLOOKUP($B16,'GP4 (1)'!$B$6:$B$66,'GP4 (1)'!$F$6:$F$66,"") -> 21 | AF16: =_xlfn.XLOOKUP($B16,'GP4 (2)'!$B$6:$B$100,'GP4 (2)'!$F$6:$F$100,"") -> 18 | AG16: =_xlfn.XLOOKUP($B16,'GP5 (1)'!$B$6:$B$99,'GP5 (1)'!$F$6:$F$99,"") | AH16: =_xlfn.XLOOKUP($B16,'GP5 (2)'!$B$6:$B$99,'GP5 (2)'!$F$6:$F$99,"") | AI16: =_xlfn.XLOOKUP($B16,'GP6 (1)'!$B$5:$B$99,'GP6 (1)'!$F$5:$F$99,"") -> 19 | AJ16: =_xlfn.XLOOKUP($B16,'GP6 (2)'!$B$5:$B$99,'GP6 (2)'!$F$5:$F$99,"") -> 20 | AK16: =_xlfn.XLOOKUP($B16,'GP7 (1)'!$B$6:$B$100,'GP7 (1)'!$F$6:$F$100,"") -> 20 | AL16: =_xlfn.XLOOKUP($B16,'GP7 (2)'!$B$6:$B$100,'GP7 (2)'!$F$6:$F$100,"") -> 20 | AM16: =_xlfn.XLOOKUP($B16,'GP8 (1)'!$B$6:$B$100,'GP8 (1)'!$F$6:$F$100,"") | AN16: =_xlfn.XLOOKUP($B16,'GP8 (2)'!$B$6:$B$100,'GP8 (2)'!$F$6:$F$100,"") | AO16: =SUM(AP16:BG16) -> 59 | AP16: =_xlfn.XLOOKUP($B16,'MP (1)'!$B$6:$B$99,'MP (1)'!$H$6:$H$99,"") | AQ16: =_xlfn.XLOOKUP($B16,'MP (2)'!$B$6:$B$100,'MP (2)'!$H$6:$H$100,"") | AR16: =_xlfn.XLOOKUP($B16,'GP1 (1)'!$B$6:$B$100,'GP1 (1)'!$H$6:$H$100,"") -> 9 | AS16: =_xlfn.XLOOKUP($B16,'GP1 (2)'!$B$6:$B$100,'GP1 (2)'!$H$6:$H$100,"") -> 18 | AT16: =_xlfn.XLOOKUP($B16,'GP2 (1)'!$B$6:$B$101,'GP2 (1)'!$H$6:$H$101,"") -> -1 | AU16: =_xlfn.XLOOKUP($B16,'GP2 (2)'!$B$6:$B$100,'GP2 (2)'!$H$6:$H$100,"") -> 4 | AV16: =_xlfn.XLOOKUP($B16,'GP3 (1)'!$B$6:$B$100,'GP3 (1)'!$H$6:$H$100,"") -> -5 | AW16: =_xlfn.XLOOKUP($B16,'GP3 (2)'!$B$6:$B$100,'GP3 (2)'!$H$6:$H$100,"") -> 1 | AX16: =_xlfn.XLOOKUP($B16,'GP4 (1)'!$B$6:$B$66,'GP4 (1)'!$H$6:$H$66,"") -> 6 | AY16: =_xlfn.XLOOKUP($B16,'GP4 (2)'!$B$6:$B$100,'GP4 (2)'!$H$6:$H$100,"") -> 6 | AZ16: =_xlfn.XLOOKUP($B16,'GP5 (1)'!$B$6:$B$99,'GP5 (1)'!$H$6:$H$99,"") | BA16: =_xlfn.XLOOKUP($B16,'GP5 (2)'!$B$6:$B$99,'GP5 (2)'!$H$6:$H$99,"") | BB16: =_xlfn.XLOOKUP($B16,'GP6 (1)'!$B$5:$B$99,'GP6 (1)'!$H$5:$H$99,"") -> 5 | BC16: =_xlfn.XLOOKUP($B16,'GP6 (2)'!$B$5:$B$99,'GP6 (2)'!$H$5:$H$99,"") -> 9 | BD16: =_xlfn.XLOOKUP($B16,'GP7 (1)'!$B$6:$B$100,'GP7 (1)'!$H$6:$H$100,"") -> 1 | BE16: =_xlfn.XLOOKUP($B16,'GP7 (2)'!$B$6:$B$100,'GP7 (2)'!$H$6:$H$100,"") -> 6 | BF16: =_xlfn.XLOOKUP($B16,'GP8 (1)'!$B$6:$B$100,'GP8 (1)'!$H$6:$H$100,"") | BG16: =_xlfn.XLOOKUP($B16,'GP8 (2)'!$B$6:$B$100,'GP8 (2)'!$H$6:$H$100,"")
... A63: =ROW()-4 -> 59 | B63: WIŚNIEWSKI Bernard | C63: =SUM(D63:U63) -> 0 | D63: =_xlfn.XLOOKUP($B63,'MP (1)'!$B$6:$B$99,'MP (1)'!$E$6:$E$99,"") | E63: =_xlfn.XLOOKUP($B63,'MP (2)'!$B$6:$B$100,'MP (2)'!$E$6:$E$100,"") | F63: =_xlfn.XLOOKUP($B63,'GP1 (1)'!$B$6:$B$100,'GP1 (1)'!$E$6:$E$100,"") | G63: =_xlfn.XLOOKUP($B63,'GP1 (2)'!$B$6:$B$100,'GP1 (2)'!$E$6:$E$100,"") | H63: =_xlfn.XLOOKUP($B63,'GP2 (1)'!$B$6:$B$101,'GP2 (1)'!$E$6:$E$101,"") | I63: =_xlfn.XLOOKUP($B63,'GP2 (2)'!$B$6:$B$100,'GP2 (2)'!$E$6:$E$100,"") | J63: =_xlfn.XLOOKUP($B63,'GP3 (1)'!$B$6:$B$100,'GP3 (1)'!$E$6:$E$100,"") | K63: =_xlfn.XLOOKUP($B63,'GP3 (2)'!$B$6:$B$100,'GP3 (2)'!$E$6:$E$100,"") | L63: =_xlfn.XLOOKUP($B63,'GP4 (1)'!$B$6:$B$66,'GP4 (1)'!$E$6:$E$66,"") | M63: =_xlfn.XLOOKUP($B63,'GP4 (2)'!$B$6:$B$100,'GP4 (2)'!$E$6:$E$100,"") | N63: =_xlfn.XLOOKUP($B63,'GP5 (1)'!$B$6:$B$99,'GP5 (1)'!$E$6:$E$99,"") | O63: =_xlfn.XLOOKUP($B63,'GP5 (2)'!$B$6:$B$99,'GP5 (2)'!$E$6:$E$99,"") | P63: =_xlfn.XLOOKUP($B63,'GP6 (1)'!$B$5:$B$99,'GP6 (1)'!$E$5:$E$99,"") | Q63: =_xlfn.XLOOKUP($B63,'GP6 (2)'!$B$5:$B$99,'GP6 (2)'!$E$5:$E$99,"") | R63: =_xlfn.XLOOKUP($B63,'GP7 (1)'!$B$6:$B$100,'GP7 (1)'!$E$6:$E$100,"") | S63: =_xlfn.XLOOKUP($B63,'GP7 (2)'!$B$6:$B$100,'GP7 (2)'!$E$6:$E$100,"") | T63: =_xlfn.XLOOKUP($B63,'GP8 (1)'!$B$6:$B$100,'GP8 (1)'!$E$6:$E$100,"") | U63: =_xlfn.XLOOKUP($B63,'GP8 (2)'!$B$6:$B$100,'GP8 (2)'!$E$6:$E$100,"") | V63: =SUM(W63:AN63) -> 0 | W63: =_xlfn.XLOOKUP($B63,'MP (1)'!$B$6:$B$99,'MP (1)'!$F$6:$F$99,"") | X63: =_xlfn.XLOOKUP($B63,'MP (2)'!$B$6:$B$100,'MP (2)'!$F$6:$F$100,"") | Y63: =_xlfn.XLOOKUP($B63,'GP1 (1)'!$B$6:$B$100,'GP1 (1)'!$F$6:$F$100,"") | Z63: =_xlfn.XLOOKUP($B63,'GP1 (2)'!$B$6:$B$100,'GP1 (2)'!$F$6:$F$100,"") | AA63: =_xlfn.XLOOKUP($B63,'GP2 (1)'!$B$6:$B$101,'GP2 (1)'!$F$6:$F$101,"") | AB63: =_xlfn.XLOOKUP($B63,'GP2 (2)'!$B$6:$B$100,'GP2 (2)'!$F$6:$F$100,"") | AC63: =_xlfn.XLOOKUP($B63,'GP3 (1)'!$B$6:$B$100,'GP3 (1)'!$F$6:$F$100,"") | AD63: =_xlfn.XLOOKUP($B63,'GP3 (2)'!$B$6:$B$100,'GP3 (2)'!$F$6:$F$100,"") | AE63: =_xlfn.XLOOKUP($B63,'GP4 (1)'!$B$6:$B$66,'GP4 (1)'!$F$6:$F$66,"") | AF63: =_xlfn.XLOOKUP($B63,'GP4 (2)'!$B$6:$B$100,'GP4 (2)'!$F$6:$F$100,"") | AG63: =_xlfn.XLOOKUP($B63,'GP5 (1)'!$B$6:$B$99,'GP5 (1)'!$F$6:$F$99,"") | AH63: =_xlfn.XLOOKUP($B63,'GP5 (2)'!$B$6:$B$99,'GP5 (2)'!$F$6:$F$99,"") | AI63: =_xlfn.XLOOKUP($B63,'GP6 (1)'!$B$5:$B$99,'GP6 (1)'!$F$5:$F$99,"") | AJ63: =_xlfn.XLOOKUP($B63,'GP6 (2)'!$B$5:$B$99,'GP6 (2)'!$F$5:$F$99,"") | AK63: =_xlfn.XLOOKUP($B63,'GP7 (1)'!$B$6:$B$100,'GP7 (1)'!$F$6:$F$100,"") | AL63: =_xlfn.XLOOKUP($B63,'GP7 (2)'!$B$6:$B$100,'GP7 (2)'!$F$6:$F$100,"") | AM63: =_xlfn.XLOOKUP($B63,'GP8 (1)'!$B$6:$B$100,'GP8 (1)'!$F$6:$F$100,"") | AN63: =_xlfn.XLOOKUP($B63,'GP8 (2)'!$B$6:$B$100,'GP8 (2)'!$F$6:$F$100,"") | AO63: =SUM(AP63:BG63) -> 0 | AP63: =_xlfn.XLOOKUP($B63,'MP (1)'!$B$6:$B$99,'MP (1)'!$H$6:$H$99,"") | AQ63: =_xlfn.XLOOKUP($B63,'MP (2)'!$B$6:$B$100,'MP (2)'!$H$6:$H$100,"") | AR63: =_xlfn.XLOOKUP($B63,'GP1 (1)'!$B$6:$B$100,'GP1 (1)'!$H$6:$H$100,"") | AS63: =_xlfn.XLOOKUP($B63,'GP1 (2)'!$B$6:$B$100,'GP1 (2)'!$H$6:$H$100,"") | AT63: =_xlfn.XLOOKUP($B63,'GP2 (1)'!$B$6:$B$101,'GP2 (1)'!$H$6:$H$101,"") | AU63: =_xlfn.XLOOKUP($B63,'GP2 (2)'!$B$6:$B$100,'GP2 (2)'!$H$6:$H$100,"") | AV63: =_xlfn.XLOOKUP($B63,'GP3 (1)'!$B$6:$B$100,'GP3 (1)'!$H$6:$H$100,"") | AW63: =_xlfn.XLOOKUP($B63,'GP3 (2)'!$B$6:$B$100,'GP3 (2)'!$H$6:$H$100,"") | AX63: =_xlfn.XLOOKUP($B63,'GP4 (1)'!$B$6:$B$66,'GP4 (1)'!$H$6:$H$66,"") | AY63: =_xlfn.XLOOKUP($B63,'GP4 (2)'!$B$6:$B$100,'GP4 (2)'!$H$6:$H$100,"") | AZ63: =_xlfn.XLOOKUP($B63,'GP5 (1)'!$B$6:$B$99,'GP5 (1)'!$H$6:$H$99,"") | BA63: =_xlfn.XLOOKUP($B63,'GP5 (2)'!$B$6:$B$99,'GP5 (2)'!$H$6:$H$99,"") | BB63: =_xlfn.XLOOKUP($B63,'GP6 (1)'!$B$5:$B$99,'GP6 (1)'!$H$5:$H$99,"") | BC63: =_xlfn.XLOOKUP($B63,'GP6 (2)'!$B$5:$B$99,'GP6 (2)'!$H$5:$H$99,"") | BD63: =_xlfn.XLOOKUP($B63,'GP7 (1)'!$B$6:$B$100,'GP7 (1)'!$H$6:$H$100,"") | BE63: =_xlfn.XLOOKUP($B63,'GP7 (2)'!$B$6:$B$100,'GP7 (2)'!$H$6:$H$100,"") | BF63: =_xlfn.XLOOKUP($B63,'GP8 (1)'!$B$6:$B$100,'GP8 (1)'!$H$6:$H$100,"") | BG63: =_xlfn.XLOOKUP($B63,'GP8 (2)'!$B$6:$B$100,'GP8 (2)'!$H$6:$H$100,"")
A64: =ROW()-4 -> 60 | C64: =SUM(D64:U64) -> 0 | D64: =_xlfn.XLOOKUP($B64,'MP (1)'!$B$6:$B$99,'MP (1)'!$E$6:$E$99,"") -> 0 | E64: =_xlfn.XLOOKUP($B64,'MP (2)'!$B$6:$B$100,'MP (2)'!$E$6:$E$100,"") -> 0 | F64: =_xlfn.XLOOKUP($B64,'GP1 (1)'!$B$6:$B$100,'GP1 (1)'!$E$6:$E$100,"") -> 0 | G64: =_xlfn.XLOOKUP($B64,'GP1 (2)'!$B$6:$B$100,'GP1 (2)'!$E$6:$E$100,"") -> 0 | H64: =_xlfn.XLOOKUP($B64,'GP2 (1)'!$B$6:$B$101,'GP2 (1)'!$E$6:$E$101,"") -> 0 | I64: =_xlfn.XLOOKUP($B64,'GP2 (2)'!$B$6:$B$100,'GP2 (2)'!$E$6:$E$100,"") -> 0 | J64: =_xlfn.XLOOKUP($B64,'GP3 (1)'!$B$6:$B$100,'GP3 (1)'!$E$6:$E$100,"") -> 0 | K64: =_xlfn.XLOOKUP($B64,'GP3 (2)'!$B$6:$B$100,'GP3 (2)'!$E$6:$E$100,"") -> 0 | L64: =_xlfn.XLOOKUP($B64,'GP4 (1)'!$B$6:$B$66,'GP4 (1)'!$E$6:$E$66,"") -> 0 | M64: =_xlfn.XLOOKUP($B64,'GP4 (2)'!$B$6:$B$100,'GP4 (2)'!$E$6:$E$100,"") -> 0 | N64: =_xlfn.XLOOKUP($B64,'GP5 (1)'!$B$6:$B$99,'GP5 (1)'!$E$6:$E$99,"") -> 0 | O64: =_xlfn.XLOOKUP($B64,'GP5 (2)'!$B$6:$B$99,'GP5 (2)'!$E$6:$E$99,"") -> 0 | P64: =_xlfn.XLOOKUP($B64,'GP6 (1)'!$B$5:$B$99,'GP6 (1)'!$E$5:$E$99,"") -> 0 | Q64: =_xlfn.XLOOKUP($B64,'GP6 (2)'!$B$5:$B$99,'GP6 (2)'!$E$5:$E$99,"") -> 0 | R64: =_xlfn.XLOOKUP($B64,'GP7 (1)'!$B$6:$B$100,'GP7 (1)'!$E$6:$E$100,"") -> 0 | S64: =_xlfn.XLOOKUP($B64,'GP7 (2)'!$B$6:$B$100,'GP7 (2)'!$E$6:$E$100,"") -> 0 | T64: =_xlfn.XLOOKUP($B64,'GP8 (1)'!$B$6:$B$100,'GP8 (1)'!$E$6:$E$100,"") -> 0 | U64: =_xlfn.XLOOKUP($B64,'GP8 (2)'!$B$6:$B$100,'GP8 (2)'!$E$6:$E$100,"") -> 0 | V64: =SUM(W64:AN64) -> 0 | W64: =_xlfn.XLOOKUP($B64,'MP (1)'!$B$6:$B$99,'MP (1)'!$F$6:$F$99,"") -> 0 | X64: =_xlfn.XLOOKUP($B64,'MP (2)'!$B$6:$B$100,'MP (2)'!$F$6:$F$100,"") -> 0 | Y64: =_xlfn.XLOOKUP($B64,'GP1 (1)'!$B$6:$B$100,'GP1 (1)'!$F$6:$F$100,"") -> 0 | Z64: =_xlfn.XLOOKUP($B64,'GP1 (2)'!$B$6:$B$100,'GP1 (2)'!$F$6:$F$100,"") -> 0 | AA64: =_xlfn.XLOOKUP($B64,'GP2 (1)'!$B$6:$B$101,'GP2 (1)'!$F$6:$F$101,"") -> 0 | AB64: =_xlfn.XLOOKUP($B64,'GP2 (2)'!$B$6:$B$100,'GP2 (2)'!$F$6:$F$100,"") -> 0 | AC64: =_xlfn.XLOOKUP($B64,'GP3 (1)'!$B$6:$B$100,'GP3 (1)'!$F$6:$F$100,"") -> 0 | AD64: =_xlfn.XLOOKUP($B64,'GP3 (2)'!$B$6:$B$100,'GP3 (2)'!$F$6:$F$100,"") -> 0 | AE64: =_xlfn.XLOOKUP($B64,'GP4 (1)'!$B$6:$B$66,'GP4 (1)'!$F$6:$F$66,"") -> 0 | AF64: =_xlfn.XLOOKUP($B64,'GP4 (2)'!$B$6:$B$100,'GP4 (2)'!$F$6:$F$100,"") -> 0 | AG64: =_xlfn.XLOOKUP($B64,'GP5 (1)'!$B$6:$B$99,'GP5 (1)'!$F$6:$F$99,"") -> 0 | AH64: =_xlfn.XLOOKUP($B64,'GP5 (2)'!$B$6:$B$99,'GP5 (2)'!$F$6:$F$99,"") -> 0 | AI64: =_xlfn.XLOOKUP($B64,'GP6 (1)'!$B$5:$B$99,'GP6 (1)'!$F$5:$F$99,"") -> 0 | AJ64: =_xlfn.XLOOKUP($B64,'GP6 (2)'!$B$5:$B$99,'GP6 (2)'!$F$5:$F$99,"") -> 0 | AK64: =_xlfn.XLOOKUP($B64,'GP7 (1)'!$B$6:$B$100,'GP7 (1)'!$F$6:$F$100,"") -> 0 | AL64: =_xlfn.XLOOKUP($B64,'GP7 (2)'!$B$6:$B$100,'GP7 (2)'!$F$6:$F$100,"") -> 0 | AM64: =_xlfn.XLOOKUP($B64,'GP8 (1)'!$B$6:$B$100,'GP8 (1)'!$F$6:$F$100,"") -> 0 | AN64: =_xlfn.XLOOKUP($B64,'GP8 (2)'!$B$6:$B$100,'GP8 (2)'!$F$6:$F$100,"") -> 0 | AO64: =SUM(AP64:BG64) -> 0 | AP64: =_xlfn.XLOOKUP($B64,'MP (1)'!$B$6:$B$99,'MP (1)'!$H$6:$H$99,"") -> 0 | AQ64: =_xlfn.XLOOKUP($B64,'MP (2)'!$B$6:$B$100,'MP (2)'!$H$6:$H$100,"") -> 0 | AR64: =_xlfn.XLOOKUP($B64,'GP1 (1)'!$B$6:$B$100,'GP1 (1)'!$H$6:$H$100,"") -> 0 | AS64: =_xlfn.XLOOKUP($B64,'GP1 (2)'!$B$6:$B$100,'GP1 (2)'!$H$6:$H$100,"") -> 0 | AT64: =_xlfn.XLOOKUP($B64,'GP2 (1)'!$B$6:$B$101,'GP2 (1)'!$H$6:$H$101,"") -> 0 | AU64: =_xlfn.XLOOKUP($B64,'GP2 (2)'!$B$6:$B$100,'GP2 (2)'!$H$6:$H$100,"") -> 0 | AV64: =_xlfn.XLOOKUP($B64,'GP3 (1)'!$B$6:$B$100,'GP3 (1)'!$H$6:$H$100,"") -> 0 | AW64: =_xlfn.XLOOKUP($B64,'GP3 (2)'!$B$6:$B$100,'GP3 (2)'!$H$6:$H$100,"") -> 0 | AX64: =_xlfn.XLOOKUP($B64,'GP4 (1)'!$B$6:$B$66,'GP4 (1)'!$H$6:$H$66,"") -> 0 | AY64: =_xlfn.XLOOKUP($B64,'GP4 (2)'!$B$6:$B$100,'GP4 (2)'!$H$6:$H$100,"") -> 0 | AZ64: =_xlfn.XLOOKUP($B64,'GP5 (1)'!$B$6:$B$99,'GP5 (1)'!$H$6:$H$99,"") -> 0 | BA64: =_xlfn.XLOOKUP($B64,'GP5 (2)'!$B$6:$B$99,'GP5 (2)'!$H$6:$H$99,"") -> 0 | BB64: =_xlfn.XLOOKUP($B64,'GP6 (1)'!$B$5:$B$99,'GP6 (1)'!$H$5:$H$99,"") -> 0 | BC64: =_xlfn.XLOOKUP($B64,'GP6 (2)'!$B$5:$B$99,'GP6 (2)'!$H$5:$H$99,"") -> 0 | BD64: =_xlfn.XLOOKUP($B64,'GP7 (1)'!$B$6:$B$100,'GP7 (1)'!$H$6:$H$100,"") -> 0 | BE64: =_xlfn.XLOOKUP($B64,'GP7 (2)'!$B$6:$B$100,'GP7 (2)'!$H$6:$H$100,"") -> 0 | BF64: =_xlfn.XLOOKUP($B64,'GP8 (1)'!$B$6:$B$100,'GP8 (1)'!$H$6:$H$100,"") -> 0 | BG64: =_xlfn.XLOOKUP($B64,'GP8 (2)'!$B$6:$B$100,'GP8 (2)'!$H$6:$H$100,"") -> 0
A65: =ROW()-4 -> 61 | C65: =SUM(D65:U65) -> 0 | D65: =_xlfn.XLOOKUP($B65,'MP (1)'!$B$6:$B$99,'MP (1)'!$E$6:$E$99,"") -> 0 | E65: =_xlfn.XLOOKUP($B65,'MP (2)'!$B$6:$B$100,'MP (2)'!$E$6:$E$100,"") -> 0 | F65: =_xlfn.XLOOKUP($B65,'GP1 (1)'!$B$6:$B$100,'GP1 (1)'!$E$6:$E$100,"") -> 0 | G65: =_xlfn.XLOOKUP($B65,'GP1 (2)'!$B$6:$B$100,'GP1 (2)'!$E$6:$E$100,"") -> 0 | H65: =_xlfn.XLOOKUP($B65,'GP2 (1)'!$B$6:$B$101,'GP2 (1)'!$E$6:$E$101,"") -> 0 | I65: =_xlfn.XLOOKUP($B65,'GP2 (2)'!$B$6:$B$100,'GP2 (2)'!$E$6:$E$100,"") -> 0 | J65: =_xlfn.XLOOKUP($B65,'GP3 (1)'!$B$6:$B$100,'GP3 (1)'!$E$6:$E$100,"") -> 0 | K65: =_xlfn.XLOOKUP($B65,'GP3 (2)'!$B$6:$B$100,'GP3 (2)'!$E$6:$E$100,"") -> 0 | L65: =_xlfn.XLOOKUP($B65,'GP4 (1)'!$B$6:$B$66,'GP4 (1)'!$E$6:$E$66,"") -> 0 | M65: =_xlfn.XLOOKUP($B65,'GP4 (2)'!$B$6:$B$100,'GP4 (2)'!$E$6:$E$100,"") -> 0 | N65: =_xlfn.XLOOKUP($B65,'GP5 (1)'!$B$6:$B$99,'GP5 (1)'!$E$6:$E$99,"") -> 0 | O65: =_xlfn.XLOOKUP($B65,'GP5 (2)'!$B$6:$B$99,'GP5 (2)'!$E$6:$E$99,"") -> 0 | P65: =_xlfn.XLOOKUP($B65,'GP6 (1)'!$B$5:$B$99,'GP6 (1)'!$E$5:$E$99,"") -> 0 | Q65: =_xlfn.XLOOKUP($B65,'GP6 (2)'!$B$5:$B$99,'GP6 (2)'!$E$5:$E$99,"") -> 0 | R65: =_xlfn.XLOOKUP($B65,'GP7 (1)'!$B$6:$B$100,'GP7 (1)'!$E$6:$E$100,"") -> 0 | S65: =_xlfn.XLOOKUP($B65,'GP7 (2)'!$B$6:$B$100,'GP7 (2)'!$E$6:$E$100,"") -> 0 | T65: =_xlfn.XLOOKUP($B65,'GP8 (1)'!$B$6:$B$100,'GP8 (1)'!$E$6:$E$100,"") -> 0 | U65: =_xlfn.XLOOKUP($B65,'GP8 (2)'!$B$6:$B$100,'GP8 (2)'!$E$6:$E$100,"") -> 0 | V65: =SUM(W65:AN65) -> 0 | W65: =_xlfn.XLOOKUP($B65,'MP (1)'!$B$6:$B$99,'MP (1)'!$F$6:$F$99,"") -> 0 | X65: =_xlfn.XLOOKUP($B65,'MP (2)'!$B$6:$B$100,'MP (2)'!$F$6:$F$100,"") -> 0 | Y65: =_xlfn.XLOOKUP($B65,'GP1 (1)'!$B$6:$B$100,'GP1 (1)'!$F$6:$F$100,"") -> 0 | Z65: =_xlfn.XLOOKUP($B65,'GP1 (2)'!$B$6:$B$100,'GP1 (2)'!$F$6:$F$100,"") -> 0 | AA65: =_xlfn.XLOOKUP($B65,'GP2 (1)'!$B$6:$B$101,'GP2 (1)'!$F$6:$F$101,"") -> 0 | AB65: =_xlfn.XLOOKUP($B65,'GP2 (2)'!$B$6:$B$100,'GP2 (2)'!$F$6:$F$100,"") -> 0 | AC65: =_xlfn.XLOOKUP($B65,'GP3 (1)'!$B$6:$B$100,'GP3 (1)'!$F$6:$F$100,"") -> 0 | AD65: =_xlfn.XLOOKUP($B65,'GP3 (2)'!$B$6:$B$100,'GP3 (2)'!$F$6:$F$100,"") -> 0 | AE65: =_xlfn.XLOOKUP($B65,'GP4 (1)'!$B$6:$B$66,'GP4 (1)'!$F$6:$F$66,"") -> 0 | AF65: =_xlfn.XLOOKUP($B65,'GP4 (2)'!$B$6:$B$100,'GP4 (2)'!$F$6:$F$100,"") -> 0 | AG65: =_xlfn.XLOOKUP($B65,'GP5 (1)'!$B$6:$B$99,'GP5 (1)'!$F$6:$F$99,"") -> 0 | AH65: =_xlfn.XLOOKUP($B65,'GP5 (2)'!$B$6:$B$99,'GP5 (2)'!$F$6:$F$99,"") -> 0 | AI65: =_xlfn.XLOOKUP($B65,'GP6 (1)'!$B$5:$B$99,'GP6 (1)'!$F$5:$F$99,"") -> 0 | AJ65: =_xlfn.XLOOKUP($B65,'GP6 (2)'!$B$5:$B$99,'GP6 (2)'!$F$5:$F$99,"") -> 0 | AK65: =_xlfn.XLOOKUP($B65,'GP7 (1)'!$B$6:$B$100,'GP7 (1)'!$F$6:$F$100,"") -> 0 | AL65: =_xlfn.XLOOKUP($B65,'GP7 (2)'!$B$6:$B$100,'GP7 (2)'!$F$6:$F$100,"") -> 0 | AM65: =_xlfn.XLOOKUP($B65,'GP8 (1)'!$B$6:$B$100,'GP8 (1)'!$F$6:$F$100,"") -> 0 | AN65: =_xlfn.XLOOKUP($B65,'GP8 (2)'!$B$6:$B$100,'GP8 (2)'!$F$6:$F$100,"") -> 0 | AO65: =SUM(AP65:BG65) -> 0 | AP65: =_xlfn.XLOOKUP($B65,'MP (1)'!$B$6:$B$99,'MP (1)'!$H$6:$H$99,"") -> 0 | AQ65: =_xlfn.XLOOKUP($B65,'MP (2)'!$B$6:$B$100,'MP (2)'!$H$6:$H$100,"") -> 0 | AR65: =_xlfn.XLOOKUP($B65,'GP1 (1)'!$B$6:$B$100,'GP1 (1)'!$H$6:$H$100,"") -> 0 | AS65: =_xlfn.XLOOKUP($B65,'GP1 (2)'!$B$6:$B$100,'GP1 (2)'!$H$6:$H$100,"") -> 0 | AT65: =_xlfn.XLOOKUP($B65,'GP2 (1)'!$B$6:$B$101,'GP2 (1)'!$H$6:$H$101,"") -> 0 | AU65: =_xlfn.XLOOKUP($B65,'GP2 (2)'!$B$6:$B$100,'GP2 (2)'!$H$6:$H$100,"") -> 0 | AV65: =_xlfn.XLOOKUP($B65,'GP3 (1)'!$B$6:$B$100,'GP3 (1)'!$H$6:$H$100,"") -> 0 | AW65: =_xlfn.XLOOKUP($B65,'GP3 (2)'!$B$6:$B$100,'GP3 (2)'!$H$6:$H$100,"") -> 0 | AX65: =_xlfn.XLOOKUP($B65,'GP4 (1)'!$B$6:$B$66,'GP4 (1)'!$H$6:$H$66,"") -> 0 | AY65: =_xlfn.XLOOKUP($B65,'GP4 (2)'!$B$6:$B$100,'GP4 (2)'!$H$6:$H$100,"") -> 0 | AZ65: =_xlfn.XLOOKUP($B65,'GP5 (1)'!$B$6:$B$99,'GP5 (1)'!$H$6:$H$99,"") -> 0 | BA65: =_xlfn.XLOOKUP($B65,'GP5 (2)'!$B$6:$B$99,'GP5 (2)'!$H$6:$H$99,"") -> 0 | BB65: =_xlfn.XLOOKUP($B65,'GP6 (1)'!$B$5:$B$99,'GP6 (1)'!$H$5:$H$99,"") -> 0 | BC65: =_xlfn.XLOOKUP($B65,'GP6 (2)'!$B$5:$B$99,'GP6 (2)'!$H$5:$H$99,"") -> 0 | BD65: =_xlfn.XLOOKUP($B65,'GP7 (1)'!$B$6:$B$100,'GP7 (1)'!$H$6:$H$100,"") -> 0 | BE65: =_xlfn.XLOOKUP($B65,'GP7 (2)'!$B$6:$B$100,'GP7 (2)'!$H$6:$H$100,"") -> 0 | BF65: =_xlfn.XLOOKUP($B65,'GP8 (1)'!$B$6:$B$100,'GP8 (1)'!$H$6:$H$100,"") -> 0 | BG65: =_xlfn.XLOOKUP($B65,'GP8 (2)'!$B$6:$B$100,'GP8 (2)'!$H$6:$H$100,"") -> 0
A66: =ROW()-4 -> 62 | C66: =SUM(D66:U66) -> 0 | D66: =_xlfn.XLOOKUP($B66,'MP (1)'!$B$6:$B$99,'MP (1)'!$E$6:$E$99,"") -> 0 | E66: =_xlfn.XLOOKUP($B66,'MP (2)'!$B$6:$B$100,'MP (2)'!$E$6:$E$100,"") -> 0 | F66: =_xlfn.XLOOKUP($B66,'GP1 (1)'!$B$6:$B$100,'GP1 (1)'!$E$6:$E$100,"") -> 0 | G66: =_xlfn.XLOOKUP($B66,'GP1 (2)'!$B$6:$B$100,'GP1 (2)'!$E$6:$E$100,"") -> 0 | H66: =_xlfn.XLOOKUP($B66,'GP2 (1)'!$B$6:$B$101,'GP2 (1)'!$E$6:$E$101,"") -> 0 | I66: =_xlfn.XLOOKUP($B66,'GP2 (2)'!$B$6:$B$100,'GP2 (2)'!$E$6:$E$100,"") -> 0 | J66: =_xlfn.XLOOKUP($B66,'GP3 (1)'!$B$6:$B$100,'GP3 (1)'!$E$6:$E$100,"") -> 0 | K66: =_xlfn.XLOOKUP($B66,'GP3 (2)'!$B$6:$B$100,'GP3 (2)'!$E$6:$E$100,"") -> 0 | L66: =_xlfn.XLOOKUP($B66,'GP4 (1)'!$B$6:$B$66,'GP4 (1)'!$E$6:$E$66,"") -> 0 | M66: =_xlfn.XLOOKUP($B66,'GP4 (2)'!$B$6:$B$100,'GP4 (2)'!$E$6:$E$100,"") -> 0 | N66: =_xlfn.XLOOKUP($B66,'GP5 (1)'!$B$6:$B$99,'GP5 (1)'!$E$6:$E$99,"") -> 0 | O66: =_xlfn.XLOOKUP($B66,'GP5 (2)'!$B$6:$B$99,'GP5 (2)'!$E$6:$E$99,"") -> 0 | P66: =_xlfn.XLOOKUP($B66,'GP6 (1)'!$B$5:$B$99,'GP6 (1)'!$E$5:$E$99,"") -> 0 | Q66: =_xlfn.XLOOKUP($B66,'GP6 (2)'!$B$5:$B$99,'GP6 (2)'!$E$5:$E$99,"") -> 0 | R66: =_xlfn.XLOOKUP($B66,'GP7 (1)'!$B$6:$B$100,'GP7 (1)'!$E$6:$E$100,"") -> 0 | S66: =_xlfn.XLOOKUP($B66,'GP7 (2)'!$B$6:$B$100,'GP7 (2)'!$E$6:$E$100,"") -> 0 | T66: =_xlfn.XLOOKUP($B66,'GP8 (1)'!$B$6:$B$100,'GP8 (1)'!$E$6:$E$100,"") -> 0 | U66: =_xlfn.XLOOKUP($B66,'GP8 (2)'!$B$6:$B$100,'GP8 (2)'!$E$6:$E$100,"") -> 0 | V66: =SUM(W66:AN66) -> 0 | W66: =_xlfn.XLOOKUP($B66,'MP (1)'!$B$6:$B$99,'MP (1)'!$F$6:$F$99,"") -> 0 | X66: =_xlfn.XLOOKUP($B66,'MP (2)'!$B$6:$B$100,'MP (2)'!$F$6:$F$100,"") -> 0 | Y66: =_xlfn.XLOOKUP($B66,'GP1 (1)'!$B$6:$B$100,'GP1 (1)'!$F$6:$F$100,"") -> 0 | Z66: =_xlfn.XLOOKUP($B66,'GP1 (2)'!$B$6:$B$100,'GP1 (2)'!$F$6:$F$100,"") -> 0 | AA66: =_xlfn.XLOOKUP($B66,'GP2 (1)'!$B$6:$B$101,'GP2 (1)'!$F$6:$F$101,"") -> 0 | AB66: =_xlfn.XLOOKUP($B66,'GP2 (2)'!$B$6:$B$100,'GP2 (2)'!$F$6:$F$100,"") -> 0 | AC66: =_xlfn.XLOOKUP($B66,'GP3 (1)'!$B$6:$B$100,'GP3 (1)'!$F$6:$F$100,"") -> 0 | AD66: =_xlfn.XLOOKUP($B66,'GP3 (2)'!$B$6:$B$100,'GP3 (2)'!$F$6:$F$100,"") -> 0 | AE66: =_xlfn.XLOOKUP($B66,'GP4 (1)'!$B$6:$B$66,'GP4 (1)'!$F$6:$F$66,"") -> 0 | AF66: =_xlfn.XLOOKUP($B66,'GP4 (2)'!$B$6:$B$100,'GP4 (2)'!$F$6:$F$100,"") -> 0 | AG66: =_xlfn.XLOOKUP($B66,'GP5 (1)'!$B$6:$B$99,'GP5 (1)'!$F$6:$F$99,"") -> 0 | AH66: =_xlfn.XLOOKUP($B66,'GP5 (2)'!$B$6:$B$99,'GP5 (2)'!$F$6:$F$99,"") -> 0 | AI66: =_xlfn.XLOOKUP($B66,'GP6 (1)'!$B$5:$B$99,'GP6 (1)'!$F$5:$F$99,"") -> 0 | AJ66: =_xlfn.XLOOKUP($B66,'GP6 (2)'!$B$5:$B$99,'GP6 (2)'!$F$5:$F$99,"") -> 0 | AK66: =_xlfn.XLOOKUP($B66,'GP7 (1)'!$B$6:$B$100,'GP7 (1)'!$F$6:$F$100,"") -> 0 | AL66: =_xlfn.XLOOKUP($B66,'GP7 (2)'!$B$6:$B$100,'GP7 (2)'!$F$6:$F$100,"") -> 0 | AM66: =_xlfn.XLOOKUP($B66,'GP8 (1)'!$B$6:$B$100,'GP8 (1)'!$F$6:$F$100,"") -> 0 | AN66: =_xlfn.XLOOKUP($B66,'GP8 (2)'!$B$6:$B$100,'GP8 (2)'!$F$6:$F$100,"") -> 0 | AO66: =SUM(AP66:BG66) -> 0 | AP66: =_xlfn.XLOOKUP($B66,'MP (1)'!$B$6:$B$99,'MP (1)'!$H$6:$H$99,"") -> 0 | AQ66: =_xlfn.XLOOKUP($B66,'MP (2)'!$B$6:$B$100,'MP (2)'!$H$6:$H$100,"") -> 0 | AR66: =_xlfn.XLOOKUP($B66,'GP1 (1)'!$B$6:$B$100,'GP1 (1)'!$H$6:$H$100,"") -> 0 | AS66: =_xlfn.XLOOKUP($B66,'GP1 (2)'!$B$6:$B$100,'GP1 (2)'!$H$6:$H$100,"") -> 0 | AT66: =_xlfn.XLOOKUP($B66,'GP2 (1)'!$B$6:$B$101,'GP2 (1)'!$H$6:$H$101,"") -> 0 | AU66: =_xlfn.XLOOKUP($B66,'GP2 (2)'!$B$6:$B$100,'GP2 (2)'!$H$6:$H$100,"") -> 0 | AV66: =_xlfn.XLOOKUP($B66,'GP3 (1)'!$B$6:$B$100,'GP3 (1)'!$H$6:$H$100,"") -> 0 | AW66: =_xlfn.XLOOKUP($B66,'GP3 (2)'!$B$6:$B$100,'GP3 (2)'!$H$6:$H$100,"") -> 0 | AX66: =_xlfn.XLOOKUP($B66,'GP4 (1)'!$B$6:$B$66,'GP4 (1)'!$H$6:$H$66,"") -> 0 | AY66: =_xlfn.XLOOKUP($B66,'GP4 (2)'!$B$6:$B$100,'GP4 (2)'!$H$6:$H$100,"") -> 0 | AZ66: =_xlfn.XLOOKUP($B66,'GP5 (1)'!$B$6:$B$99,'GP5 (1)'!$H$6:$H$99,"") -> 0 | BA66: =_xlfn.XLOOKUP($B66,'GP5 (2)'!$B$6:$B$99,'GP5 (2)'!$H$6:$H$99,"") -> 0 | BB66: =_xlfn.XLOOKUP($B66,'GP6 (1)'!$B$5:$B$99,'GP6 (1)'!$H$5:$H$99,"") -> 0 | BC66: =_xlfn.XLOOKUP($B66,'GP6 (2)'!$B$5:$B$99,'GP6 (2)'!$H$5:$H$99,"") -> 0 | BD66: =_xlfn.XLOOKUP($B66,'GP7 (1)'!$B$6:$B$100,'GP7 (1)'!$H$6:$H$100,"") -> 0 | BE66: =_xlfn.XLOOKUP($B66,'GP7 (2)'!$B$6:$B$100,'GP7 (2)'!$H$6:$H$100,"") -> 0 | BF66: =_xlfn.XLOOKUP($B66,'GP8 (1)'!$B$6:$B$100,'GP8 (1)'!$H$6:$H$100,"") -> 0 | BG66: =_xlfn.XLOOKUP($B66,'GP8 (2)'!$B$6:$B$100,'GP8 (2)'!$H$6:$H$100,"") -> 0
A67: =ROW()-4 -> 63 | C67: =SUM(D67:U67) -> 0 | D67: =_xlfn.XLOOKUP($B67,'MP (1)'!$B$6:$B$99,'MP (1)'!$E$6:$E$99,"") -> 0 | E67: =_xlfn.XLOOKUP($B67,'MP (2)'!$B$6:$B$100,'MP (2)'!$E$6:$E$100,"") -> 0 | F67: =_xlfn.XLOOKUP($B67,'GP1 (1)'!$B$6:$B$100,'GP1 (1)'!$E$6:$E$100,"") -> 0 | G67: =_xlfn.XLOOKUP($B67,'GP1 (2)'!$B$6:$B$100,'GP1 (2)'!$E$6:$E$100,"") -> 0 | H67: =_xlfn.XLOOKUP($B67,'GP2 (1)'!$B$6:$B$101,'GP2 (1)'!$E$6:$E$101,"") -> 0 | I67: =_xlfn.XLOOKUP($B67,'GP2 (2)'!$B$6:$B$100,'GP2 (2)'!$E$6:$E$100,"") -> 0 | J67: =_xlfn.XLOOKUP($B67,'GP3 (1)'!$B$6:$B$100,'GP3 (1)'!$E$6:$E$100,"") -> 0 | K67: =_xlfn.XLOOKUP($B67,'GP3 (2)'!$B$6:$B$100,'GP3 (2)'!$E$6:$E$100,"") -> 0 | L67: =_xlfn.XLOOKUP($B67,'GP4 (1)'!$B$6:$B$66,'GP4 (1)'!$E$6:$E$66,"") -> 0 | M67: =_xlfn.XLOOKUP($B67,'GP4 (2)'!$B$6:$B$100,'GP4 (2)'!$E$6:$E$100,"") -> 0 | N67: =_xlfn.XLOOKUP($B67,'GP5 (1)'!$B$6:$B$99,'GP5 (1)'!$E$6:$E$99,"") -> 0 | O67: =_xlfn.XLOOKUP($B67,'GP5 (2)'!$B$6:$B$99,'GP5 (2)'!$E$6:$E$99,"") -> 0 | P67: =_xlfn.XLOOKUP($B67,'GP6 (1)'!$B$5:$B$99,'GP6 (1)'!$E$5:$E$99,"") -> 0 | Q67: =_xlfn.XLOOKUP($B67,'GP6 (2)'!$B$5:$B$99,'GP6 (2)'!$E$5:$E$99,"") -> 0 | R67: =_xlfn.XLOOKUP($B67,'GP7 (1)'!$B$6:$B$100,'GP7 (1)'!$E$6:$E$100,"") -> 0 | S67: =_xlfn.XLOOKUP($B67,'GP7 (2)'!$B$6:$B$100,'GP7 (2)'!$E$6:$E$100,"") -> 0 | T67: =_xlfn.XLOOKUP($B67,'GP8 (1)'!$B$6:$B$100,'GP8 (1)'!$E$6:$E$100,"") -> 0 | U67: =_xlfn.XLOOKUP($B67,'GP8 (2)'!$B$6:$B$100,'GP8 (2)'!$E$6:$E$100,"") -> 0 | V67: =SUM(W67:AN67) -> 0 | W67: =_xlfn.XLOOKUP($B67,'MP (1)'!$B$6:$B$99,'MP (1)'!$F$6:$F$99,"") -> 0 | X67: =_xlfn.XLOOKUP($B67,'MP (2)'!$B$6:$B$100,'MP (2)'!$F$6:$F$100,"") -> 0 | Y67: =_xlfn.XLOOKUP($B67,'GP1 (1)'!$B$6:$B$100,'GP1 (1)'!$F$6:$F$100,"") -> 0 | Z67: =_xlfn.XLOOKUP($B67,'GP1 (2)'!$B$6:$B$100,'GP1 (2)'!$F$6:$F$100,"") -> 0 | AA67: =_xlfn.XLOOKUP($B67,'GP2 (1)'!$B$6:$B$101,'GP2 (1)'!$F$6:$F$101,"") -> 0 | AB67: =_xlfn.XLOOKUP($B67,'GP2 (2)'!$B$6:$B$100,'GP2 (2)'!$F$6:$F$100,"") -> 0 | AC67: =_xlfn.XLOOKUP($B67,'GP3 (1)'!$B$6:$B$100,'GP3 (1)'!$F$6:$F$100,"") -> 0 | AD67: =_xlfn.XLOOKUP($B67,'GP3 (2)'!$B$6:$B$100,'GP3 (2)'!$F$6:$F$100,"") -> 0 | AE67: =_xlfn.XLOOKUP($B67,'GP4 (1)'!$B$6:$B$66,'GP4 (1)'!$F$6:$F$66,"") -> 0 | AF67: =_xlfn.XLOOKUP($B67,'GP4 (2)'!$B$6:$B$100,'GP4 (2)'!$F$6:$F$100,"") -> 0 | AG67: =_xlfn.XLOOKUP($B67,'GP5 (1)'!$B$6:$B$99,'GP5 (1)'!$F$6:$F$99,"") -> 0 | AH67: =_xlfn.XLOOKUP($B67,'GP5 (2)'!$B$6:$B$99,'GP5 (2)'!$F$6:$F$99,"") -> 0 | AI67: =_xlfn.XLOOKUP($B67,'GP6 (1)'!$B$5:$B$99,'GP6 (1)'!$F$5:$F$99,"") -> 0 | AJ67: =_xlfn.XLOOKUP($B67,'GP6 (2)'!$B$5:$B$99,'GP6 (2)'!$F$5:$F$99,"") -> 0 | AK67: =_xlfn.XLOOKUP($B67,'GP7 (1)'!$B$6:$B$100,'GP7 (1)'!$F$6:$F$100,"") -> 0 | AL67: =_xlfn.XLOOKUP($B67,'GP7 (2)'!$B$6:$B$100,'GP7 (2)'!$F$6:$F$100,"") -> 0 | AM67: =_xlfn.XLOOKUP($B67,'GP8 (1)'!$B$6:$B$100,'GP8 (1)'!$F$6:$F$100,"") -> 0 | AN67: =_xlfn.XLOOKUP($B67,'GP8 (2)'!$B$6:$B$100,'GP8 (2)'!$F$6:$F$100,"") -> 0 | AO67: =SUM(AP67:BG67) -> 0 | AP67: =_xlfn.XLOOKUP($B67,'MP (1)'!$B$6:$B$99,'MP (1)'!$H$6:$H$99,"") -> 0 | AQ67: =_xlfn.XLOOKUP($B67,'MP (2)'!$B$6:$B$100,'MP (2)'!$H$6:$H$100,"") -> 0 | AR67: =_xlfn.XLOOKUP($B67,'GP1 (1)'!$B$6:$B$100,'GP1 (1)'!$H$6:$H$100,"") -> 0 | AS67: =_xlfn.XLOOKUP($B67,'GP1 (2)'!$B$6:$B$100,'GP1 (2)'!$H$6:$H$100,"") -> 0 | AT67: =_xlfn.XLOOKUP($B67,'GP2 (1)'!$B$6:$B$101,'GP2 (1)'!$H$6:$H$101,"") -> 0 | AU67: =_xlfn.XLOOKUP($B67,'GP2 (2)'!$B$6:$B$100,'GP2 (2)'!$H$6:$H$100,"") -> 0 | AV67: =_xlfn.XLOOKUP($B67,'GP3 (1)'!$B$6:$B$100,'GP3 (1)'!$H$6:$H$100,"") -> 0 | AW67: =_xlfn.XLOOKUP($B67,'GP3 (2)'!$B$6:$B$100,'GP3 (2)'!$H$6:$H$100,"") -> 0 | AX67: =_xlfn.XLOOKUP($B67,'GP4 (1)'!$B$6:$B$66,'GP4 (1)'!$H$6:$H$66,"") -> 0 | AY67: =_xlfn.XLOOKUP($B67,'GP4 (2)'!$B$6:$B$100,'GP4 (2)'!$H$6:$H$100,"") -> 0 | AZ67: =_xlfn.XLOOKUP($B67,'GP5 (1)'!$B$6:$B$99,'GP5 (1)'!$H$6:$H$99,"") -> 0 | BA67: =_xlfn.XLOOKUP($B67,'GP5 (2)'!$B$6:$B$99,'GP5 (2)'!$H$6:$H$99,"") -> 0 | BB67: =_xlfn.XLOOKUP($B67,'GP6 (1)'!$B$5:$B$99,'GP6 (1)'!$H$5:$H$99,"") -> 0 | BC67: =_xlfn.XLOOKUP($B67,'GP6 (2)'!$B$5:$B$99,'GP6 (2)'!$H$5:$H$99,"") -> 0 | BD67: =_xlfn.XLOOKUP($B67,'GP7 (1)'!$B$6:$B$100,'GP7 (1)'!$H$6:$H$100,"") -> 0 | BE67: =_xlfn.XLOOKUP($B67,'GP7 (2)'!$B$6:$B$100,'GP7 (2)'!$H$6:$H$100,"") -> 0 | BF67: =_xlfn.XLOOKUP($B67,'GP8 (1)'!$B$6:$B$100,'GP8 (1)'!$H$6:$H$100,"") -> 0 | BG67: =_xlfn.XLOOKUP($B67,'GP8 (2)'!$B$6:$B$100,'GP8 (2)'!$H$6:$H$100,"") -> 0
A68: =ROW()-4 -> 64 | C68: =SUM(D68:U68) -> 0 | D68: =_xlfn.XLOOKUP($B68,'MP (1)'!$B$6:$B$99,'MP (1)'!$E$6:$E$99,"") -> 0 | E68: =_xlfn.XLOOKUP($B68,'MP (2)'!$B$6:$B$100,'MP (2)'!$E$6:$E$100,"") -> 0 | F68: =_xlfn.XLOOKUP($B68,'GP1 (1)'!$B$6:$B$100,'GP1 (1)'!$E$6:$E$100,"") -> 0 | G68: =_xlfn.XLOOKUP($B68,'GP1 (2)'!$B$6:$B$100,'GP1 (2)'!$E$6:$E$100,"") -> 0 | H68: =_xlfn.XLOOKUP($B68,'GP2 (1)'!$B$6:$B$101,'GP2 (1)'!$E$6:$E$101,"") -> 0 | I68: =_xlfn.XLOOKUP($B68,'GP2 (2)'!$B$6:$B$100,'GP2 (2)'!$E$6:$E$100,"") -> 0 | J68: =_xlfn.XLOOKUP($B68,'GP3 (1)'!$B$6:$B$100,'GP3 (1)'!$E$6:$E$100,"") -> 0 | K68: =_xlfn.XLOOKUP($B68,'GP3 (2)'!$B$6:$B$100,'GP3 (2)'!$E$6:$E$100,"") -> 0 | L68: =_xlfn.XLOOKUP($B68,'GP4 (1)'!$B$6:$B$66,'GP4 (1)'!$E$6:$E$66,"") -> 0 | M68: =_xlfn.XLOOKUP($B68,'GP4 (2)'!$B$6:$B$100,'GP4 (2)'!$E$6:$E$100,"") -> 0 | N68: =_xlfn.XLOOKUP($B68,'GP5 (1)'!$B$6:$B$99,'GP5 (1)'!$E$6:$E$99,"") -> 0 | O68: =_xlfn.XLOOKUP($B68,'GP5 (2)'!$B$6:$B$99,'GP5 (2)'!$E$6:$E$99,"") -> 0 | P68: =_xlfn.XLOOKUP($B68,'GP6 (1)'!$B$5:$B$99,'GP6 (1)'!$E$5:$E$99,"") -> 0 | Q68: =_xlfn.XLOOKUP($B68,'GP6 (2)'!$B$5:$B$99,'GP6 (2)'!$E$5:$E$99,"") -> 0 | R68: =_xlfn.XLOOKUP($B68,'GP7 (1)'!$B$6:$B$100,'GP7 (1)'!$E$6:$E$100,"") -> 0 | S68: =_xlfn.XLOOKUP($B68,'GP7 (2)'!$B$6:$B$100,'GP7 (2)'!$E$6:$E$100,"") -> 0 | T68: =_xlfn.XLOOKUP($B68,'GP8 (1)'!$B$6:$B$100,'GP8 (1)'!$E$6:$E$100,"") -> 0 | U68: =_xlfn.XLOOKUP($B68,'GP8 (2)'!$B$6:$B$100,'GP8 (2)'!$E$6:$E$100,"") -> 0 | V68: =SUM(W68:AN68) -> 0 | W68: =_xlfn.XLOOKUP($B68,'MP (1)'!$B$6:$B$99,'MP (1)'!$F$6:$F$99,"") -> 0 | X68: =_xlfn.XLOOKUP($B68,'MP (2)'!$B$6:$B$100,'MP (2)'!$F$6:$F$100,"") -> 0 | Y68: =_xlfn.XLOOKUP($B68,'GP1 (1)'!$B$6:$B$100,'GP1 (1)'!$F$6:$F$100,"") -> 0 | Z68: =_xlfn.XLOOKUP($B68,'GP1 (2)'!$B$6:$B$100,'GP1 (2)'!$F$6:$F$100,"") -> 0 | AA68: =_xlfn.XLOOKUP($B68,'GP2 (1)'!$B$6:$B$101,'GP2 (1)'!$F$6:$F$101,"") -> 0 | AB68: =_xlfn.XLOOKUP($B68,'GP2 (2)'!$B$6:$B$100,'GP2 (2)'!$F$6:$F$100,"") -> 0 | AC68: =_xlfn.XLOOKUP($B68,'GP3 (1)'!$B$6:$B$100,'GP3 (1)'!$F$6:$F$100,"") -> 0 | AD68: =_xlfn.XLOOKUP($B68,'GP3 (2)'!$B$6:$B$100,'GP3 (2)'!$F$6:$F$100,"") -> 0 | AE68: =_xlfn.XLOOKUP($B68,'GP4 (1)'!$B$6:$B$66,'GP4 (1)'!$F$6:$F$66,"") -> 0 | AF68: =_xlfn.XLOOKUP($B68,'GP4 (2)'!$B$6:$B$100,'GP4 (2)'!$F$6:$F$100,"") -> 0 | AG68: =_xlfn.XLOOKUP($B68,'GP5 (1)'!$B$6:$B$99,'GP5 (1)'!$F$6:$F$99,"") -> 0 | AH68: =_xlfn.XLOOKUP($B68,'GP5 (2)'!$B$6:$B$99,'GP5 (2)'!$F$6:$F$99,"") -> 0 | AI68: =_xlfn.XLOOKUP($B68,'GP6 (1)'!$B$5:$B$99,'GP6 (1)'!$F$5:$F$99,"") -> 0 | AJ68: =_xlfn.XLOOKUP($B68,'GP6 (2)'!$B$5:$B$99,'GP6 (2)'!$F$5:$F$99,"") -> 0 | AK68: =_xlfn.XLOOKUP($B68,'GP7 (1)'!$B$6:$B$100,'GP7 (1)'!$F$6:$F$100,"") -> 0 | AL68: =_xlfn.XLOOKUP($B68,'GP7 (2)'!$B$6:$B$100,'GP7 (2)'!$F$6:$F$100,"") -> 0 | AM68: =_xlfn.XLOOKUP($B68,'GP8 (1)'!$B$6:$B$100,'GP8 (1)'!$F$6:$F$100,"") -> 0 | AN68: =_xlfn.XLOOKUP($B68,'GP8 (2)'!$B$6:$B$100,'GP8 (2)'!$F$6:$F$100,"") -> 0 | AO68: =SUM(AP68:BG68) -> 0 | AP68: =_xlfn.XLOOKUP($B68,'MP (1)'!$B$6:$B$99,'MP (1)'!$H$6:$H$99,"") -> 0 | AQ68: =_xlfn.XLOOKUP($B68,'MP (2)'!$B$6:$B$100,'MP (2)'!$H$6:$H$100,"") -> 0 | AR68: =_xlfn.XLOOKUP($B68,'GP1 (1)'!$B$6:$B$100,'GP1 (1)'!$H$6:$H$100,"") -> 0 | AS68: =_xlfn.XLOOKUP($B68,'GP1 (2)'!$B$6:$B$100,'GP1 (2)'!$H$6:$H$100,"") -> 0 | AT68: =_xlfn.XLOOKUP($B68,'GP2 (1)'!$B$6:$B$101,'GP2 (1)'!$H$6:$H$101,"") -> 0 | AU68: =_xlfn.XLOOKUP($B68,'GP2 (2)'!$B$6:$B$100,'GP2 (2)'!$H$6:$H$100,"") -> 0 | AV68: =_xlfn.XLOOKUP($B68,'GP3 (1)'!$B$6:$B$100,'GP3 (1)'!$H$6:$H$100,"") -> 0 | AW68: =_xlfn.XLOOKUP($B68,'GP3 (2)'!$B$6:$B$100,'GP3 (2)'!$H$6:$H$100,"") -> 0 | AX68: =_xlfn.XLOOKUP($B68,'GP4 (1)'!$B$6:$B$66,'GP4 (1)'!$H$6:$H$66,"") -> 0 | AY68: =_xlfn.XLOOKUP($B68,'GP4 (2)'!$B$6:$B$100,'GP4 (2)'!$H$6:$H$100,"") -> 0 | AZ68: =_xlfn.XLOOKUP($B68,'GP5 (1)'!$B$6:$B$99,'GP5 (1)'!$H$6:$H$99,"") -> 0 | BA68: =_xlfn.XLOOKUP($B68,'GP5 (2)'!$B$6:$B$99,'GP5 (2)'!$H$6:$H$99,"") -> 0 | BB68: =_xlfn.XLOOKUP($B68,'GP6 (1)'!$B$5:$B$99,'GP6 (1)'!$H$5:$H$99,"") -> 0 | BC68: =_xlfn.XLOOKUP($B68,'GP6 (2)'!$B$5:$B$99,'GP6 (2)'!$H$5:$H$99,"") -> 0 | BD68: =_xlfn.XLOOKUP($B68,'GP7 (1)'!$B$6:$B$100,'GP7 (1)'!$H$6:$H$100,"") -> 0 | BE68: =_xlfn.XLOOKUP($B68,'GP7 (2)'!$B$6:$B$100,'GP7 (2)'!$H$6:$H$100,"") -> 0 | BF68: =_xlfn.XLOOKUP($B68,'GP8 (1)'!$B$6:$B$100,'GP8 (1)'!$H$6:$H$100,"") -> 0 | BG68: =_xlfn.XLOOKUP($B68,'GP8 (2)'!$B$6:$B$100,'GP8 (2)'!$H$6:$H$100,"") -> 0
A69: =ROW()-4 -> 65 | C69: =SUM(D69:U69) -> 0 | D69: =_xlfn.XLOOKUP($B69,'MP (1)'!$B$6:$B$99,'MP (1)'!$E$6:$E$99,"") -> 0 | E69: =_xlfn.XLOOKUP($B69,'MP (2)'!$B$6:$B$100,'MP (2)'!$E$6:$E$100,"") -> 0 | F69: =_xlfn.XLOOKUP($B69,'GP1 (1)'!$B$6:$B$100,'GP1 (1)'!$E$6:$E$100,"") -> 0 | G69: =_xlfn.XLOOKUP($B69,'GP1 (2)'!$B$6:$B$100,'GP1 (2)'!$E$6:$E$100,"") -> 0 | H69: =_xlfn.XLOOKUP($B69,'GP2 (1)'!$B$6:$B$101,'GP2 (1)'!$E$6:$E$101,"") -> 0 | I69: =_xlfn.XLOOKUP($B69,'GP2 (2)'!$B$6:$B$100,'GP2 (2)'!$E$6:$E$100,"") -> 0 | J69: =_xlfn.XLOOKUP($B69,'GP3 (1)'!$B$6:$B$100,'GP3 (1)'!$E$6:$E$100,"") -> 0 | K69: =_xlfn.XLOOKUP($B69,'GP3 (2)'!$B$6:$B$100,'GP3 (2)'!$E$6:$E$100,"") -> 0 | L69: =_xlfn.XLOOKUP($B69,'GP4 (1)'!$B$6:$B$66,'GP4 (1)'!$E$6:$E$66,"") -> 0 | M69: =_xlfn.XLOOKUP($B69,'GP4 (2)'!$B$6:$B$100,'GP4 (2)'!$E$6:$E$100,"") -> 0 | N69: =_xlfn.XLOOKUP($B69,'GP5 (1)'!$B$6:$B$99,'GP5 (1)'!$E$6:$E$99,"") -> 0 | O69: =_xlfn.XLOOKUP($B69,'GP5 (2)'!$B$6:$B$99,'GP5 (2)'!$E$6:$E$99,"") -> 0 | P69: =_xlfn.XLOOKUP($B69,'GP6 (1)'!$B$5:$B$99,'GP6 (1)'!$E$5:$E$99,"") -> 0 | Q69: =_xlfn.XLOOKUP($B69,'GP6 (2)'!$B$5:$B$99,'GP6 (2)'!$E$5:$E$99,"") -> 0 | R69: =_xlfn.XLOOKUP($B69,'GP7 (1)'!$B$6:$B$100,'GP7 (1)'!$E$6:$E$100,"") -> 0 | S69: =_xlfn.XLOOKUP($B69,'GP7 (2)'!$B$6:$B$100,'GP7 (2)'!$E$6:$E$100,"") -> 0 | T69: =_xlfn.XLOOKUP($B69,'GP8 (1)'!$B$6:$B$100,'GP8 (1)'!$E$6:$E$100,"") -> 0 | U69: =_xlfn.XLOOKUP($B69,'GP8 (2)'!$B$6:$B$100,'GP8 (2)'!$E$6:$E$100,"") -> 0 | V69: =SUM(W69:AN69) -> 0 | W69: =_xlfn.XLOOKUP($B69,'MP (1)'!$B$6:$B$99,'MP (1)'!$F$6:$F$99,"") -> 0 | X69: =_xlfn.XLOOKUP($B69,'MP (2)'!$B$6:$B$100,'MP (2)'!$F$6:$F$100,"") -> 0 | Y69: =_xlfn.XLOOKUP($B69,'GP1 (1)'!$B$6:$B$100,'GP1 (1)'!$F$6:$F$100,"") -> 0 | Z69: =_xlfn.XLOOKUP($B69,'GP1 (2)'!$B$6:$B$100,'GP1 (2)'!$F$6:$F$100,"") -> 0 | AA69: =_xlfn.XLOOKUP($B69,'GP2 (1)'!$B$6:$B$101,'GP2 (1)'!$F$6:$F$101,"") -> 0 | AB69: =_xlfn.XLOOKUP($B69,'GP2 (2)'!$B$6:$B$100,'GP2 (2)'!$F$6:$F$100,"") -> 0 | AC69: =_xlfn.XLOOKUP($B69,'GP3 (1)'!$B$6:$B$100,'GP3 (1)'!$F$6:$F$100,"") -> 0 | AD69: =_xlfn.XLOOKUP($B69,'GP3 (2)'!$B$6:$B$100,'GP3 (2)'!$F$6:$F$100,"") -> 0 | AE69: =_xlfn.XLOOKUP($B69,'GP4 (1)'!$B$6:$B$66,'GP4 (1)'!$F$6:$F$66,"") -> 0 | AF69: =_xlfn.XLOOKUP($B69,'GP4 (2)'!$B$6:$B$100,'GP4 (2)'!$F$6:$F$100,"") -> 0 | AG69: =_xlfn.XLOOKUP($B69,'GP5 (1)'!$B$6:$B$99,'GP5 (1)'!$F$6:$F$99,"") -> 0 | AH69: =_xlfn.XLOOKUP($B69,'GP5 (2)'!$B$6:$B$99,'GP5 (2)'!$F$6:$F$99,"") -> 0 | AI69: =_xlfn.XLOOKUP($B69,'GP6 (1)'!$B$5:$B$99,'GP6 (1)'!$F$5:$F$99,"") -> 0 | AJ69: =_xlfn.XLOOKUP($B69,'GP6 (2)'!$B$5:$B$99,'GP6 (2)'!$F$5:$F$99,"") -> 0 | AK69: =_xlfn.XLOOKUP($B69,'GP7 (1)'!$B$6:$B$100,'GP7 (1)'!$F$6:$F$100,"") -> 0 | AL69: =_xlfn.XLOOKUP($B69,'GP7 (2)'!$B$6:$B$100,'GP7 (2)'!$F$6:$F$100,"") -> 0 | AM69: =_xlfn.XLOOKUP($B69,'GP8 (1)'!$B$6:$B$100,'GP8 (1)'!$F$6:$F$100,"") -> 0 | AN69: =_xlfn.XLOOKUP($B69,'GP8 (2)'!$B$6:$B$100,'GP8 (2)'!$F$6:$F$100,"") -> 0 | AO69: =SUM(AP69:BG69) -> 0 | AP69: =_xlfn.XLOOKUP($B69,'MP (1)'!$B$6:$B$99,'MP (1)'!$H$6:$H$99,"") -> 0 | AQ69: =_xlfn.XLOOKUP($B69,'MP (2)'!$B$6:$B$100,'MP (2)'!$H$6:$H$100,"") -> 0 | AR69: =_xlfn.XLOOKUP($B69,'GP1 (1)'!$B$6:$B$100,'GP1 (1)'!$H$6:$H$100,"") -> 0 | AS69: =_xlfn.XLOOKUP($B69,'GP1 (2)'!$B$6:$B$100,'GP1 (2)'!$H$6:$H$100,"") -> 0 | AT69: =_xlfn.XLOOKUP($B69,'GP2 (1)'!$B$6:$B$101,'GP2 (1)'!$H$6:$H$101,"") -> 0 | AU69: =_xlfn.XLOOKUP($B69,'GP2 (2)'!$B$6:$B$100,'GP2 (2)'!$H$6:$H$100,"") -> 0 | AV69: =_xlfn.XLOOKUP($B69,'GP3 (1)'!$B$6:$B$100,'GP3 (1)'!$H$6:$H$100,"") -> 0 | AW69: =_xlfn.XLOOKUP($B69,'GP3 (2)'!$B$6:$B$100,'GP3 (2)'!$H$6:$H$100,"") -> 0 | AX69: =_xlfn.XLOOKUP($B69,'GP4 (1)'!$B$6:$B$66,'GP4 (1)'!$H$6:$H$66,"") -> 0 | AY69: =_xlfn.XLOOKUP($B69,'GP4 (2)'!$B$6:$B$100,'GP4 (2)'!$H$6:$H$100,"") -> 0 | AZ69: =_xlfn.XLOOKUP($B69,'GP5 (1)'!$B$6:$B$99,'GP5 (1)'!$H$6:$H$99,"") -> 0 | BA69: =_xlfn.XLOOKUP($B69,'GP5 (2)'!$B$6:$B$99,'GP5 (2)'!$H$6:$H$99,"") -> 0 | BB69: =_xlfn.XLOOKUP($B69,'GP6 (1)'!$B$5:$B$99,'GP6 (1)'!$H$5:$H$99,"") -> 0 | BC69: =_xlfn.XLOOKUP($B69,'GP6 (2)'!$B$5:$B$99,'GP6 (2)'!$H$5:$H$99,"") -> 0 | BD69: =_xlfn.XLOOKUP($B69,'GP7 (1)'!$B$6:$B$100,'GP7 (1)'!$H$6:$H$100,"") -> 0 | BE69: =_xlfn.XLOOKUP($B69,'GP7 (2)'!$B$6:$B$100,'GP7 (2)'!$H$6:$H$100,"") -> 0 | BF69: =_xlfn.XLOOKUP($B69,'GP8 (1)'!$B$6:$B$100,'GP8 (1)'!$H$6:$H$100,"") -> 0 | BG69: =_xlfn.XLOOKUP($B69,'GP8 (2)'!$B$6:$B$100,'GP8 (2)'!$H$6:$H$100,"") -> 0
A70: =ROW()-4 -> 66 | C70: =SUM(D70:U70) -> 0 | D70: =_xlfn.XLOOKUP($B70,'MP (1)'!$B$6:$B$99,'MP (1)'!$E$6:$E$99,"") -> 0 | E70: =_xlfn.XLOOKUP($B70,'MP (2)'!$B$6:$B$100,'MP (2)'!$E$6:$E$100,"") -> 0 | F70: =_xlfn.XLOOKUP($B70,'GP1 (1)'!$B$6:$B$100,'GP1 (1)'!$E$6:$E$100,"") -> 0 | G70: =_xlfn.XLOOKUP($B70,'GP1 (2)'!$B$6:$B$100,'GP1 (2)'!$E$6:$E$100,"") -> 0 | H70: =_xlfn.XLOOKUP($B70,'GP2 (1)'!$B$6:$B$101,'GP2 (1)'!$E$6:$E$101,"") -> 0 | I70: =_xlfn.XLOOKUP($B70,'GP2 (2)'!$B$6:$B$100,'GP2 (2)'!$E$6:$E$100,"") -> 0 | J70: =_xlfn.XLOOKUP($B70,'GP3 (1)'!$B$6:$B$100,'GP3 (1)'!$E$6:$E$100,"") -> 0 | K70: =_xlfn.XLOOKUP($B70,'GP3 (2)'!$B$6:$B$100,'GP3 (2)'!$E$6:$E$100,"") -> 0 | L70: =_xlfn.XLOOKUP($B70,'GP4 (1)'!$B$6:$B$66,'GP4 (1)'!$E$6:$E$66,"") -> 0 | M70: =_xlfn.XLOOKUP($B70,'GP4 (2)'!$B$6:$B$100,'GP4 (2)'!$E$6:$E$100,"") -> 0 | N70: =_xlfn.XLOOKUP($B70,'GP5 (1)'!$B$6:$B$99,'GP5 (1)'!$E$6:$E$99,"") -> 0 | O70: =_xlfn.XLOOKUP($B70,'GP5 (2)'!$B$6:$B$99,'GP5 (2)'!$E$6:$E$99,"") -> 0 | P70: =_xlfn.XLOOKUP($B70,'GP6 (1)'!$B$5:$B$99,'GP6 (1)'!$E$5:$E$99,"") -> 0 | Q70: =_xlfn.XLOOKUP($B70,'GP6 (2)'!$B$5:$B$99,'GP6 (2)'!$E$5:$E$99,"") -> 0 | R70: =_xlfn.XLOOKUP($B70,'GP7 (1)'!$B$6:$B$100,'GP7 (1)'!$E$6:$E$100,"") -> 0 | S70: =_xlfn.XLOOKUP($B70,'GP7 (2)'!$B$6:$B$100,'GP7 (2)'!$E$6:$E$100,"") -> 0 | T70: =_xlfn.XLOOKUP($B70,'GP8 (1)'!$B$6:$B$100,'GP8 (1)'!$E$6:$E$100,"") -> 0 | U70: =_xlfn.XLOOKUP($B70,'GP8 (2)'!$B$6:$B$100,'GP8 (2)'!$E$6:$E$100,"") -> 0 | V70: =SUM(W70:AN70) -> 0 | W70: =_xlfn.XLOOKUP($B70,'MP (1)'!$B$6:$B$99,'MP (1)'!$F$6:$F$99,"") -> 0 | X70: =_xlfn.XLOOKUP($B70,'MP (2)'!$B$6:$B$100,'MP (2)'!$F$6:$F$100,"") -> 0 | Y70: =_xlfn.XLOOKUP($B70,'GP1 (1)'!$B$6:$B$100,'GP1 (1)'!$F$6:$F$100,"") -> 0 | Z70: =_xlfn.XLOOKUP($B70,'GP1 (2)'!$B$6:$B$100,'GP1 (2)'!$F$6:$F$100,"") -> 0 | AA70: =_xlfn.XLOOKUP($B70,'GP2 (1)'!$B$6:$B$101,'GP2 (1)'!$F$6:$F$101,"") -> 0 | AB70: =_xlfn.XLOOKUP($B70,'GP2 (2)'!$B$6:$B$100,'GP2 (2)'!$F$6:$F$100,"") -> 0 | AC70: =_xlfn.XLOOKUP($B70,'GP3 (1)'!$B$6:$B$100,'GP3 (1)'!$F$6:$F$100,"") -> 0 | AD70: =_xlfn.XLOOKUP($B70,'GP3 (2)'!$B$6:$B$100,'GP3 (2)'!$F$6:$F$100,"") -> 0 | AE70: =_xlfn.XLOOKUP($B70,'GP4 (1)'!$B$6:$B$66,'GP4 (1)'!$F$6:$F$66,"") -> 0 | AF70: =_xlfn.XLOOKUP($B70,'GP4 (2)'!$B$6:$B$100,'GP4 (2)'!$F$6:$F$100,"") -> 0 | AG70: =_xlfn.XLOOKUP($B70,'GP5 (1)'!$B$6:$B$99,'GP5 (1)'!$F$6:$F$99,"") -> 0 | AH70: =_xlfn.XLOOKUP($B70,'GP5 (2)'!$B$6:$B$99,'GP5 (2)'!$F$6:$F$99,"") -> 0 | AI70: =_xlfn.XLOOKUP($B70,'GP6 (1)'!$B$5:$B$99,'GP6 (1)'!$F$5:$F$99,"") -> 0 | AJ70: =_xlfn.XLOOKUP($B70,'GP6 (2)'!$B$5:$B$99,'GP6 (2)'!$F$5:$F$99,"") -> 0 | AK70: =_xlfn.XLOOKUP($B70,'GP7 (1)'!$B$6:$B$100,'GP7 (1)'!$F$6:$F$100,"") -> 0 | AL70: =_xlfn.XLOOKUP($B70,'GP7 (2)'!$B$6:$B$100,'GP7 (2)'!$F$6:$F$100,"") -> 0 | AM70: =_xlfn.XLOOKUP($B70,'GP8 (1)'!$B$6:$B$100,'GP8 (1)'!$F$6:$F$100,"") -> 0 | AN70: =_xlfn.XLOOKUP($B70,'GP8 (2)'!$B$6:$B$100,'GP8 (2)'!$F$6:$F$100,"") -> 0 | AO70: =SUM(AP70:BG70) -> 0 | AP70: =_xlfn.XLOOKUP($B70,'MP (1)'!$B$6:$B$99,'MP (1)'!$H$6:$H$99,"") -> 0 | AQ70: =_xlfn.XLOOKUP($B70,'MP (2)'!$B$6:$B$100,'MP (2)'!$H$6:$H$100,"") -> 0 | AR70: =_xlfn.XLOOKUP($B70,'GP1 (1)'!$B$6:$B$100,'GP1 (1)'!$H$6:$H$100,"") -> 0 | AS70: =_xlfn.XLOOKUP($B70,'GP1 (2)'!$B$6:$B$100,'GP1 (2)'!$H$6:$H$100,"") -> 0 | AT70: =_xlfn.XLOOKUP($B70,'GP2 (1)'!$B$6:$B$101,'GP2 (1)'!$H$6:$H$101,"") -> 0 | AU70: =_xlfn.XLOOKUP($B70,'GP2 (2)'!$B$6:$B$100,'GP2 (2)'!$H$6:$H$100,"") -> 0 | AV70: =_xlfn.XLOOKUP($B70,'GP3 (1)'!$B$6:$B$100,'GP3 (1)'!$H$6:$H$100,"") -> 0 | AW70: =_xlfn.XLOOKUP($B70,'GP3 (2)'!$B$6:$B$100,'GP3 (2)'!$H$6:$H$100,"") -> 0 | AX70: =_xlfn.XLOOKUP($B70,'GP4 (1)'!$B$6:$B$66,'GP4 (1)'!$H$6:$H$66,"") -> 0 | AY70: =_xlfn.XLOOKUP($B70,'GP4 (2)'!$B$6:$B$100,'GP4 (2)'!$H$6:$H$100,"") -> 0 | AZ70: =_xlfn.XLOOKUP($B70,'GP5 (1)'!$B$6:$B$99,'GP5 (1)'!$H$6:$H$99,"") -> 0 | BA70: =_xlfn.XLOOKUP($B70,'GP5 (2)'!$B$6:$B$99,'GP5 (2)'!$H$6:$H$99,"") -> 0 | BB70: =_xlfn.XLOOKUP($B70,'GP6 (1)'!$B$5:$B$99,'GP6 (1)'!$H$5:$H$99,"") -> 0 | BC70: =_xlfn.XLOOKUP($B70,'GP6 (2)'!$B$5:$B$99,'GP6 (2)'!$H$5:$H$99,"") -> 0 | BD70: =_xlfn.XLOOKUP($B70,'GP7 (1)'!$B$6:$B$100,'GP7 (1)'!$H$6:$H$100,"") -> 0 | BE70: =_xlfn.XLOOKUP($B70,'GP7 (2)'!$B$6:$B$100,'GP7 (2)'!$H$6:$H$100,"") -> 0 | BF70: =_xlfn.XLOOKUP($B70,'GP8 (1)'!$B$6:$B$100,'GP8 (1)'!$H$6:$H$100,"") -> 0 | BG70: =_xlfn.XLOOKUP($B70,'GP8 (2)'!$B$6:$B$100,'GP8 (2)'!$H$6:$H$100,"") -> 0
A71: =ROW()-4 -> 67 | C71: =SUM(D71:U71) -> 0 | D71: =_xlfn.XLOOKUP($B71,'MP (1)'!$B$6:$B$99,'MP (1)'!$E$6:$E$99,"") -> 0 | E71: =_xlfn.XLOOKUP($B71,'MP (2)'!$B$6:$B$100,'MP (2)'!$E$6:$E$100,"") -> 0 | F71: =_xlfn.XLOOKUP($B71,'GP1 (1)'!$B$6:$B$100,'GP1 (1)'!$E$6:$E$100,"") -> 0 | G71: =_xlfn.XLOOKUP($B71,'GP1 (2)'!$B$6:$B$100,'GP1 (2)'!$E$6:$E$100,"") -> 0 | H71: =_xlfn.XLOOKUP($B71,'GP2 (1)'!$B$6:$B$101,'GP2 (1)'!$E$6:$E$101,"") -> 0 | I71: =_xlfn.XLOOKUP($B71,'GP2 (2)'!$B$6:$B$100,'GP2 (2)'!$E$6:$E$100,"") -> 0 | J71: =_xlfn.XLOOKUP($B71,'GP3 (1)'!$B$6:$B$100,'GP3 (1)'!$E$6:$E$100,"") -> 0 | K71: =_xlfn.XLOOKUP($B71,'GP3 (2)'!$B$6:$B$100,'GP3 (2)'!$E$6:$E$100,"") -> 0 | L71: =_xlfn.XLOOKUP($B71,'GP4 (1)'!$B$6:$B$66,'GP4 (1)'!$E$6:$E$66,"") -> 0 | M71: =_xlfn.XLOOKUP($B71,'GP4 (2)'!$B$6:$B$100,'GP4 (2)'!$E$6:$E$100,"") -> 0 | N71: =_xlfn.XLOOKUP($B71,'GP5 (1)'!$B$6:$B$99,'GP5 (1)'!$E$6:$E$99,"") -> 0 | O71: =_xlfn.XLOOKUP($B71,'GP5 (2)'!$B$6:$B$99,'GP5 (2)'!$E$6:$E$99,"") -> 0 | P71: =_xlfn.XLOOKUP($B71,'GP6 (1)'!$B$5:$B$99,'GP6 (1)'!$E$5:$E$99,"") -> 0 | Q71: =_xlfn.XLOOKUP($B71,'GP6 (2)'!$B$5:$B$99,'GP6 (2)'!$E$5:$E$99,"") -> 0 | R71: =_xlfn.XLOOKUP($B71,'GP7 (1)'!$B$6:$B$100,'GP7 (1)'!$E$6:$E$100,"") -> 0 | S71: =_xlfn.XLOOKUP($B71,'GP7 (2)'!$B$6:$B$100,'GP7 (2)'!$E$6:$E$100,"") -> 0 | T71: =_xlfn.XLOOKUP($B71,'GP8 (1)'!$B$6:$B$100,'GP8 (1)'!$E$6:$E$100,"") -> 0 | U71: =_xlfn.XLOOKUP($B71,'GP8 (2)'!$B$6:$B$100,'GP8 (2)'!$E$6:$E$100,"") -> 0 | V71: =SUM(W71:AN71) -> 0 | W71: =_xlfn.XLOOKUP($B71,'MP (1)'!$B$6:$B$99,'MP (1)'!$F$6:$F$99,"") -> 0 | X71: =_xlfn.XLOOKUP($B71,'MP (2)'!$B$6:$B$100,'MP (2)'!$F$6:$F$100,"") -> 0 | Y71: =_xlfn.XLOOKUP($B71,'GP1 (1)'!$B$6:$B$100,'GP1 (1)'!$F$6:$F$100,"") -> 0 | Z71: =_xlfn.XLOOKUP($B71,'GP1 (2)'!$B$6:$B$100,'GP1 (2)'!$F$6:$F$100,"") -> 0 | AA71: =_xlfn.XLOOKUP($B71,'GP2 (1)'!$B$6:$B$101,'GP2 (1)'!$F$6:$F$101,"") -> 0 | AB71: =_xlfn.XLOOKUP($B71,'GP2 (2)'!$B$6:$B$100,'GP2 (2)'!$F$6:$F$100,"") -> 0 | AC71: =_xlfn.XLOOKUP($B71,'GP3 (1)'!$B$6:$B$100,'GP3 (1)'!$F$6:$F$100,"") -> 0 | AD71: =_xlfn.XLOOKUP($B71,'GP3 (2)'!$B$6:$B$100,'GP3 (2)'!$F$6:$F$100,"") -> 0 | AE71: =_xlfn.XLOOKUP($B71,'GP4 (1)'!$B$6:$B$66,'GP4 (1)'!$F$6:$F$66,"") -> 0 | AF71: =_xlfn.XLOOKUP($B71,'GP4 (2)'!$B$6:$B$100,'GP4 (2)'!$F$6:$F$100,"") -> 0 | AG71: =_xlfn.XLOOKUP($B71,'GP5 (1)'!$B$6:$B$99,'GP5 (1)'!$F$6:$F$99,"") -> 0 | AH71: =_xlfn.XLOOKUP($B71,'GP5 (2)'!$B$6:$B$99,'GP5 (2)'!$F$6:$F$99,"") -> 0 | AI71: =_xlfn.XLOOKUP($B71,'GP6 (1)'!$B$5:$B$99,'GP6 (1)'!$F$5:$F$99,"") -> 0 | AJ71: =_xlfn.XLOOKUP($B71,'GP6 (2)'!$B$5:$B$99,'GP6 (2)'!$F$5:$F$99,"") -> 0 | AK71: =_xlfn.XLOOKUP($B71,'GP7 (1)'!$B$6:$B$100,'GP7 (1)'!$F$6:$F$100,"") -> 0 | AL71: =_xlfn.XLOOKUP($B71,'GP7 (2)'!$B$6:$B$100,'GP7 (2)'!$F$6:$F$100,"") -> 0 | AM71: =_xlfn.XLOOKUP($B71,'GP8 (1)'!$B$6:$B$100,'GP8 (1)'!$F$6:$F$100,"") -> 0 | AN71: =_xlfn.XLOOKUP($B71,'GP8 (2)'!$B$6:$B$100,'GP8 (2)'!$F$6:$F$100,"") -> 0 | AO71: =SUM(AP71:BG71) -> 0 | AP71: =_xlfn.XLOOKUP($B71,'MP (1)'!$B$6:$B$99,'MP (1)'!$H$6:$H$99,"") -> 0 | AQ71: =_xlfn.XLOOKUP($B71,'MP (2)'!$B$6:$B$100,'MP (2)'!$H$6:$H$100,"") -> 0 | AR71: =_xlfn.XLOOKUP($B71,'GP1 (1)'!$B$6:$B$100,'GP1 (1)'!$H$6:$H$100,"") -> 0 | AS71: =_xlfn.XLOOKUP($B71,'GP1 (2)'!$B$6:$B$100,'GP1 (2)'!$H$6:$H$100,"") -> 0 | AT71: =_xlfn.XLOOKUP($B71,'GP2 (1)'!$B$6:$B$101,'GP2 (1)'!$H$6:$H$101,"") -> 0 | AU71: =_xlfn.XLOOKUP($B71,'GP2 (2)'!$B$6:$B$100,'GP2 (2)'!$H$6:$H$100,"") -> 0 | AV71: =_xlfn.XLOOKUP($B71,'GP3 (1)'!$B$6:$B$100,'GP3 (1)'!$H$6:$H$100,"") -> 0 | AW71: =_xlfn.XLOOKUP($B71,'GP3 (2)'!$B$6:$B$100,'GP3 (2)'!$H$6:$H$100,"") -> 0 | AX71: =_xlfn.XLOOKUP($B71,'GP4 (1)'!$B$6:$B$66,'GP4 (1)'!$H$6:$H$66,"") -> 0 | AY71: =_xlfn.XLOOKUP($B71,'GP4 (2)'!$B$6:$B$100,'GP4 (2)'!$H$6:$H$100,"") -> 0 | AZ71: =_xlfn.XLOOKUP($B71,'GP5 (1)'!$B$6:$B$99,'GP5 (1)'!$H$6:$H$99,"") -> 0 | BA71: =_xlfn.XLOOKUP($B71,'GP5 (2)'!$B$6:$B$99,'GP5 (2)'!$H$6:$H$99,"") -> 0 | BB71: =_xlfn.XLOOKUP($B71,'GP6 (1)'!$B$5:$B$99,'GP6 (1)'!$H$5:$H$99,"") -> 0 | BC71: =_xlfn.XLOOKUP($B71,'GP6 (2)'!$B$5:$B$99,'GP6 (2)'!$H$5:$H$99,"") -> 0 | BD71: =_xlfn.XLOOKUP($B71,'GP7 (1)'!$B$6:$B$100,'GP7 (1)'!$H$6:$H$100,"") -> 0 | BE71: =_xlfn.XLOOKUP($B71,'GP7 (2)'!$B$6:$B$100,'GP7 (2)'!$H$6:$H$100,"") -> 0 | BF71: =_xlfn.XLOOKUP($B71,'GP8 (1)'!$B$6:$B$100,'GP8 (1)'!$H$6:$H$100,"") -> 0 | BG71: =_xlfn.XLOOKUP($B71,'GP8 (2)'!$B$6:$B$100,'GP8 (2)'!$H$6:$H$100,"") -> 0
A72: =ROW()-4 -> 68 | C72: =SUM(D72:U72) -> 0 | D72: =_xlfn.XLOOKUP($B72,'MP (1)'!$B$6:$B$99,'MP (1)'!$E$6:$E$99,"") -> 0 | E72: =_xlfn.XLOOKUP($B72,'MP (2)'!$B$6:$B$100,'MP (2)'!$E$6:$E$100,"") -> 0 | F72: =_xlfn.XLOOKUP($B72,'GP1 (1)'!$B$6:$B$100,'GP1 (1)'!$E$6:$E$100,"") -> 0 | G72: =_xlfn.XLOOKUP($B72,'GP1 (2)'!$B$6:$B$100,'GP1 (2)'!$E$6:$E$100,"") -> 0 | H72: =_xlfn.XLOOKUP($B72,'GP2 (1)'!$B$6:$B$101,'GP2 (1)'!$E$6:$E$101,"") -> 0 | I72: =_xlfn.XLOOKUP($B72,'GP2 (2)'!$B$6:$B$100,'GP2 (2)'!$E$6:$E$100,"") -> 0 | J72: =_xlfn.XLOOKUP($B72,'GP3 (1)'!$B$6:$B$100,'GP3 (1)'!$E$6:$E$100,"") -> 0 | K72: =_xlfn.XLOOKUP($B72,'GP3 (2)'!$B$6:$B$100,'GP3 (2)'!$E$6:$E$100,"") -> 0 | L72: =_xlfn.XLOOKUP($B72,'GP4 (1)'!$B$6:$B$66,'GP4 (1)'!$E$6:$E$66,"") -> 0 | M72: =_xlfn.XLOOKUP($B72,'GP4 (2)'!$B$6:$B$100,'GP4 (2)'!$E$6:$E$100,"") -> 0 | N72: =_xlfn.XLOOKUP($B72,'GP5 (1)'!$B$6:$B$99,'GP5 (1)'!$E$6:$E$99,"") -> 0 | O72: =_xlfn.XLOOKUP($B72,'GP5 (2)'!$B$6:$B$99,'GP5 (2)'!$E$6:$E$99,"") -> 0 | P72: =_xlfn.XLOOKUP($B72,'GP6 (1)'!$B$5:$B$99,'GP6 (1)'!$E$5:$E$99,"") -> 0 | Q72: =_xlfn.XLOOKUP($B72,'GP6 (2)'!$B$5:$B$99,'GP6 (2)'!$E$5:$E$99,"") -> 0 | R72: =_xlfn.XLOOKUP($B72,'GP7 (1)'!$B$6:$B$100,'GP7 (1)'!$E$6:$E$100,"") -> 0 | S72: =_xlfn.XLOOKUP($B72,'GP7 (2)'!$B$6:$B$100,'GP7 (2)'!$E$6:$E$100,"") -> 0 | T72: =_xlfn.XLOOKUP($B72,'GP8 (1)'!$B$6:$B$100,'GP8 (1)'!$E$6:$E$100,"") -> 0 | U72: =_xlfn.XLOOKUP($B72,'GP8 (2)'!$B$6:$B$100,'GP8 (2)'!$E$6:$E$100,"") -> 0 | V72: =SUM(W72:AN72) -> 0 | W72: =_xlfn.XLOOKUP($B72,'MP (1)'!$B$6:$B$99,'MP (1)'!$F$6:$F$99,"") -> 0 | X72: =_xlfn.XLOOKUP($B72,'MP (2)'!$B$6:$B$100,'MP (2)'!$F$6:$F$100,"") -> 0 | Y72: =_xlfn.XLOOKUP($B72,'GP1 (1)'!$B$6:$B$100,'GP1 (1)'!$F$6:$F$100,"") -> 0 | Z72: =_xlfn.XLOOKUP($B72,'GP1 (2)'!$B$6:$B$100,'GP1 (2)'!$F$6:$F$100,"") -> 0 | AA72: =_xlfn.XLOOKUP($B72,'GP2 (1)'!$B$6:$B$101,'GP2 (1)'!$F$6:$F$101,"") -> 0 | AB72: =_xlfn.XLOOKUP($B72,'GP2 (2)'!$B$6:$B$100,'GP2 (2)'!$F$6:$F$100,"") -> 0 | AC72: =_xlfn.XLOOKUP($B72,'GP3 (1)'!$B$6:$B$100,'GP3 (1)'!$F$6:$F$100,"") -> 0 | AD72: =_xlfn.XLOOKUP($B72,'GP3 (2)'!$B$6:$B$100,'GP3 (2)'!$F$6:$F$100,"") -> 0 | AE72: =_xlfn.XLOOKUP($B72,'GP4 (1)'!$B$6:$B$66,'GP4 (1)'!$F$6:$F$66,"") -> 0 | AF72: =_xlfn.XLOOKUP($B72,'GP4 (2)'!$B$6:$B$100,'GP4 (2)'!$F$6:$F$100,"") -> 0 | AG72: =_xlfn.XLOOKUP($B72,'GP5 (1)'!$B$6:$B$99,'GP5 (1)'!$F$6:$F$99,"") -> 0 | AH72: =_xlfn.XLOOKUP($B72,'GP5 (2)'!$B$6:$B$99,'GP5 (2)'!$F$6:$F$99,"") -> 0 | AI72: =_xlfn.XLOOKUP($B72,'GP6 (1)'!$B$5:$B$99,'GP6 (1)'!$F$5:$F$99,"") -> 0 | AJ72: =_xlfn.XLOOKUP($B72,'GP6 (2)'!$B$5:$B$99,'GP6 (2)'!$F$5:$F$99,"") -> 0 | AK72: =_xlfn.XLOOKUP($B72,'GP7 (1)'!$B$6:$B$100,'GP7 (1)'!$F$6:$F$100,"") -> 0 | AL72: =_xlfn.XLOOKUP($B72,'GP7 (2)'!$B$6:$B$100,'GP7 (2)'!$F$6:$F$100,"") -> 0 | AM72: =_xlfn.XLOOKUP($B72,'GP8 (1)'!$B$6:$B$100,'GP8 (1)'!$F$6:$F$100,"") -> 0 | AN72: =_xlfn.XLOOKUP($B72,'GP8 (2)'!$B$6:$B$100,'GP8 (2)'!$F$6:$F$100,"") -> 0 | AO72: =SUM(AP72:BG72) -> 0 | AP72: =_xlfn.XLOOKUP($B72,'MP (1)'!$B$6:$B$99,'MP (1)'!$H$6:$H$99,"") -> 0 | AQ72: =_xlfn.XLOOKUP($B72,'MP (2)'!$B$6:$B$100,'MP (2)'!$H$6:$H$100,"") -> 0 | AR72: =_xlfn.XLOOKUP($B72,'GP1 (1)'!$B$6:$B$100,'GP1 (1)'!$H$6:$H$100,"") -> 0 | AS72: =_xlfn.XLOOKUP($B72,'GP1 (2)'!$B$6:$B$100,'GP1 (2)'!$H$6:$H$100,"") -> 0 | AT72: =_xlfn.XLOOKUP($B72,'GP2 (1)'!$B$6:$B$101,'GP2 (1)'!$H$6:$H$101,"") -> 0 | AU72: =_xlfn.XLOOKUP($B72,'GP2 (2)'!$B$6:$B$100,'GP2 (2)'!$H$6:$H$100,"") -> 0 | AV72: =_xlfn.XLOOKUP($B72,'GP3 (1)'!$B$6:$B$100,'GP3 (1)'!$H$6:$H$100,"") -> 0 | AW72: =_xlfn.XLOOKUP($B72,'GP3 (2)'!$B$6:$B$100,'GP3 (2)'!$H$6:$H$100,"") -> 0 | AX72: =_xlfn.XLOOKUP($B72,'GP4 (1)'!$B$6:$B$66,'GP4 (1)'!$H$6:$H$66,"") -> 0 | AY72: =_xlfn.XLOOKUP($B72,'GP4 (2)'!$B$6:$B$100,'GP4 (2)'!$H$6:$H$100,"") -> 0 | AZ72: =_xlfn.XLOOKUP($B72,'GP5 (1)'!$B$6:$B$99,'GP5 (1)'!$H$6:$H$99,"") -> 0 | BA72: =_xlfn.XLOOKUP($B72,'GP5 (2)'!$B$6:$B$99,'GP5 (2)'!$H$6:$H$99,"") -> 0 | BB72: =_xlfn.XLOOKUP($B72,'GP6 (1)'!$B$5:$B$99,'GP6 (1)'!$H$5:$H$99,"") -> 0 | BC72: =_xlfn.XLOOKUP($B72,'GP6 (2)'!$B$5:$B$99,'GP6 (2)'!$H$5:$H$99,"") -> 0 | BD72: =_xlfn.XLOOKUP($B72,'GP7 (1)'!$B$6:$B$100,'GP7 (1)'!$H$6:$H$100,"") -> 0 | BE72: =_xlfn.XLOOKUP($B72,'GP7 (2)'!$B$6:$B$100,'GP7 (2)'!$H$6:$H$100,"") -> 0 | BF72: =_xlfn.XLOOKUP($B72,'GP8 (1)'!$B$6:$B$100,'GP8 (1)'!$H$6:$H$100,"") -> 0 | BG72: =_xlfn.XLOOKUP($B72,'GP8 (2)'!$B$6:$B$100,'GP8 (2)'!$H$6:$H$100,"") -> 0
A73: =ROW()-4 -> 69 | C73: =SUM(D73:U73) -> 0 | D73: =_xlfn.XLOOKUP($B73,'MP (1)'!$B$6:$B$99,'MP (1)'!$E$6:$E$99,"") -> 0 | E73: =_xlfn.XLOOKUP($B73,'MP (2)'!$B$6:$B$100,'MP (2)'!$E$6:$E$100,"") -> 0 | F73: =_xlfn.XLOOKUP($B73,'GP1 (1)'!$B$6:$B$100,'GP1 (1)'!$E$6:$E$100,"") -> 0 | G73: =_xlfn.XLOOKUP($B73,'GP1 (2)'!$B$6:$B$100,'GP1 (2)'!$E$6:$E$100,"") -> 0 | H73: =_xlfn.XLOOKUP($B73,'GP2 (1)'!$B$6:$B$101,'GP2 (1)'!$E$6:$E$101,"") -> 0 | I73: =_xlfn.XLOOKUP($B73,'GP2 (2)'!$B$6:$B$100,'GP2 (2)'!$E$6:$E$100,"") -> 0 | J73: =_xlfn.XLOOKUP($B73,'GP3 (1)'!$B$6:$B$100,'GP3 (1)'!$E$6:$E$100,"") -> 0 | K73: =_xlfn.XLOOKUP($B73,'GP3 (2)'!$B$6:$B$100,'GP3 (2)'!$E$6:$E$100,"") -> 0 | L73: =_xlfn.XLOOKUP($B73,'GP4 (1)'!$B$6:$B$66,'GP4 (1)'!$E$6:$E$66,"") -> 0 | M73: =_xlfn.XLOOKUP($B73,'GP4 (2)'!$B$6:$B$100,'GP4 (2)'!$E$6:$E$100,"") -> 0 | N73: =_xlfn.XLOOKUP($B73,'GP5 (1)'!$B$6:$B$99,'GP5 (1)'!$E$6:$E$99,"") -> 0 | O73: =_xlfn.XLOOKUP($B73,'GP5 (2)'!$B$6:$B$99,'GP5 (2)'!$E$6:$E$99,"") -> 0 | P73: =_xlfn.XLOOKUP($B73,'GP6 (1)'!$B$5:$B$99,'GP6 (1)'!$E$5:$E$99,"") -> 0 | Q73: =_xlfn.XLOOKUP($B73,'GP6 (2)'!$B$5:$B$99,'GP6 (2)'!$E$5:$E$99,"") -> 0 | R73: =_xlfn.XLOOKUP($B73,'GP7 (1)'!$B$6:$B$100,'GP7 (1)'!$E$6:$E$100,"") -> 0 | S73: =_xlfn.XLOOKUP($B73,'GP7 (2)'!$B$6:$B$100,'GP7 (2)'!$E$6:$E$100,"") -> 0 | T73: =_xlfn.XLOOKUP($B73,'GP8 (1)'!$B$6:$B$100,'GP8 (1)'!$E$6:$E$100,"") -> 0 | U73: =_xlfn.XLOOKUP($B73,'GP8 (2)'!$B$6:$B$100,'GP8 (2)'!$E$6:$E$100,"") -> 0 | V73: =SUM(W73:AN73) -> 0 | W73: =_xlfn.XLOOKUP($B73,'MP (1)'!$B$6:$B$99,'MP (1)'!$F$6:$F$99,"") -> 0 | X73: =_xlfn.XLOOKUP($B73,'MP (2)'!$B$6:$B$100,'MP (2)'!$F$6:$F$100,"") -> 0 | Y73: =_xlfn.XLOOKUP($B73,'GP1 (1)'!$B$6:$B$100,'GP1 (1)'!$F$6:$F$100,"") -> 0 | Z73: =_xlfn.XLOOKUP($B73,'GP1 (2)'!$B$6:$B$100,'GP1 (2)'!$F$6:$F$100,"") -> 0 | AA73: =_xlfn.XLOOKUP($B73,'GP2 (1)'!$B$6:$B$101,'GP2 (1)'!$F$6:$F$101,"") -> 0 | AB73: =_xlfn.XLOOKUP($B73,'GP2 (2)'!$B$6:$B$100,'GP2 (2)'!$F$6:$F$100,"") -> 0 | AC73: =_xlfn.XLOOKUP($B73,'GP3 (1)'!$B$6:$B$100,'GP3 (1)'!$F$6:$F$100,"") -> 0 | AD73: =_xlfn.XLOOKUP($B73,'GP3 (2)'!$B$6:$B$100,'GP3 (2)'!$F$6:$F$100,"") -> 0 | AE73: =_xlfn.XLOOKUP($B73,'GP4 (1)'!$B$6:$B$66,'GP4 (1)'!$F$6:$F$66,"") -> 0 | AF73: =_xlfn.XLOOKUP($B73,'GP4 (2)'!$B$6:$B$100,'GP4 (2)'!$F$6:$F$100,"") -> 0 | AG73: =_xlfn.XLOOKUP($B73,'GP5 (1)'!$B$6:$B$99,'GP5 (1)'!$F$6:$F$99,"") -> 0 | AH73: =_xlfn.XLOOKUP($B73,'GP5 (2)'!$B$6:$B$99,'GP5 (2)'!$F$6:$F$99,"") -> 0 | AI73: =_xlfn.XLOOKUP($B73,'GP6 (1)'!$B$5:$B$99,'GP6 (1)'!$F$5:$F$99,"") -> 0 | AJ73: =_xlfn.XLOOKUP($B73,'GP6 (2)'!$B$5:$B$99,'GP6 (2)'!$F$5:$F$99,"") -> 0 | AK73: =_xlfn.XLOOKUP($B73,'GP7 (1)'!$B$6:$B$100,'GP7 (1)'!$F$6:$F$100,"") -> 0 | AL73: =_xlfn.XLOOKUP($B73,'GP7 (2)'!$B$6:$B$100,'GP7 (2)'!$F$6:$F$100,"") -> 0 | AM73: =_xlfn.XLOOKUP($B73,'GP8 (1)'!$B$6:$B$100,'GP8 (1)'!$F$6:$F$100,"") -> 0 | AN73: =_xlfn.XLOOKUP($B73,'GP8 (2)'!$B$6:$B$100,'GP8 (2)'!$F$6:$F$100,"") -> 0 | AO73: =SUM(AP73:BG73) -> 0 | AP73: =_xlfn.XLOOKUP($B73,'MP (1)'!$B$6:$B$99,'MP (1)'!$H$6:$H$99,"") -> 0 | AQ73: =_xlfn.XLOOKUP($B73,'MP (2)'!$B$6:$B$100,'MP (2)'!$H$6:$H$100,"") -> 0 | AR73: =_xlfn.XLOOKUP($B73,'GP1 (1)'!$B$6:$B$100,'GP1 (1)'!$H$6:$H$100,"") -> 0 | AS73: =_xlfn.XLOOKUP($B73,'GP1 (2)'!$B$6:$B$100,'GP1 (2)'!$H$6:$H$100,"") -> 0 | AT73: =_xlfn.XLOOKUP($B73,'GP2 (1)'!$B$6:$B$101,'GP2 (1)'!$H$6:$H$101,"") -> 0 | AU73: =_xlfn.XLOOKUP($B73,'GP2 (2)'!$B$6:$B$100,'GP2 (2)'!$H$6:$H$100,"") -> 0 | AV73: =_xlfn.XLOOKUP($B73,'GP3 (1)'!$B$6:$B$100,'GP3 (1)'!$H$6:$H$100,"") -> 0 | AW73: =_xlfn.XLOOKUP($B73,'GP3 (2)'!$B$6:$B$100,'GP3 (2)'!$H$6:$H$100,"") -> 0 | AX73: =_xlfn.XLOOKUP($B73,'GP4 (1)'!$B$6:$B$66,'GP4 (1)'!$H$6:$H$66,"") -> 0 | AY73: =_xlfn.XLOOKUP($B73,'GP4 (2)'!$B$6:$B$100,'GP4 (2)'!$H$6:$H$100,"") -> 0 | AZ73: =_xlfn.XLOOKUP($B73,'GP5 (1)'!$B$6:$B$99,'GP5 (1)'!$H$6:$H$99,"") -> 0 | BA73: =_xlfn.XLOOKUP($B73,'GP5 (2)'!$B$6:$B$99,'GP5 (2)'!$H$6:$H$99,"") -> 0 | BB73: =_xlfn.XLOOKUP($B73,'GP6 (1)'!$B$5:$B$99,'GP6 (1)'!$H$5:$H$99,"") -> 0 | BC73: =_xlfn.XLOOKUP($B73,'GP6 (2)'!$B$5:$B$99,'GP6 (2)'!$H$5:$H$99,"") -> 0 | BD73: =_xlfn.XLOOKUP($B73,'GP7 (1)'!$B$6:$B$100,'GP7 (1)'!$H$6:$H$100,"") -> 0 | BE73: =_xlfn.XLOOKUP($B73,'GP7 (2)'!$B$6:$B$100,'GP7 (2)'!$H$6:$H$100,"") -> 0 | BF73: =_xlfn.XLOOKUP($B73,'GP8 (1)'!$B$6:$B$100,'GP8 (1)'!$H$6:$H$100,"") -> 0 | BG73: =_xlfn.XLOOKUP($B73,'GP8 (2)'!$B$6:$B$100,'GP8 (2)'!$H$6:$H$100,"") -> 0
A74: =ROW()-4 -> 70 | C74: =SUM(D74:U74) -> 0 | D74: =_xlfn.XLOOKUP($B74,'MP (1)'!$B$6:$B$99,'MP (1)'!$E$6:$E$99,"") -> 0 | E74: =_xlfn.XLOOKUP($B74,'MP (2)'!$B$6:$B$100,'MP (2)'!$E$6:$E$100,"") -> 0 | F74: =_xlfn.XLOOKUP($B74,'GP1 (1)'!$B$6:$B$100,'GP1 (1)'!$E$6:$E$100,"") -> 0 | G74: =_xlfn.XLOOKUP($B74,'GP1 (2)'!$B$6:$B$100,'GP1 (2)'!$E$6:$E$100,"") -> 0 | H74: =_xlfn.XLOOKUP($B74,'GP2 (1)'!$B$6:$B$101,'GP2 (1)'!$E$6:$E$101,"") -> 0 | I74: =_xlfn.XLOOKUP($B74,'GP2 (2)'!$B$6:$B$100,'GP2 (2)'!$E$6:$E$100,"") -> 0 | J74: =_xlfn.XLOOKUP($B74,'GP3 (1)'!$B$6:$B$100,'GP3 (1)'!$E$6:$E$100,"") -> 0 | K74: =_xlfn.XLOOKUP($B74,'GP3 (2)'!$B$6:$B$100,'GP3 (2)'!$E$6:$E$100,"") -> 0 | L74: =_xlfn.XLOOKUP($B74,'GP4 (1)'!$B$6:$B$66,'GP4 (1)'!$E$6:$E$66,"") -> 0 | M74: =_xlfn.XLOOKUP($B74,'GP4 (2)'!$B$6:$B$100,'GP4 (2)'!$E$6:$E$100,"") -> 0 | N74: =_xlfn.XLOOKUP($B74,'GP5 (1)'!$B$6:$B$99,'GP5 (1)'!$E$6:$E$99,"") -> 0 | O74: =_xlfn.XLOOKUP($B74,'GP5 (2)'!$B$6:$B$99,'GP5 (2)'!$E$6:$E$99,"") -> 0 | P74: =_xlfn.XLOOKUP($B74,'GP6 (1)'!$B$5:$B$99,'GP6 (1)'!$E$5:$E$99,"") -> 0 | Q74: =_xlfn.XLOOKUP($B74,'GP6 (2)'!$B$5:$B$99,'GP6 (2)'!$E$5:$E$99,"") -> 0 | R74: =_xlfn.XLOOKUP($B74,'GP7 (1)'!$B$6:$B$100,'GP7 (1)'!$E$6:$E$100,"") -> 0 | S74: =_xlfn.XLOOKUP($B74,'GP7 (2)'!$B$6:$B$100,'GP7 (2)'!$E$6:$E$100,"") -> 0 | T74: =_xlfn.XLOOKUP($B74,'GP8 (1)'!$B$6:$B$100,'GP8 (1)'!$E$6:$E$100,"") -> 0 | U74: =_xlfn.XLOOKUP($B74,'GP8 (2)'!$B$6:$B$100,'GP8 (2)'!$E$6:$E$100,"") -> 0 | V74: =SUM(W74:AN74) -> 0 | W74: =_xlfn.XLOOKUP($B74,'MP (1)'!$B$6:$B$99,'MP (1)'!$F$6:$F$99,"") -> 0 | X74: =_xlfn.XLOOKUP($B74,'MP (2)'!$B$6:$B$100,'MP (2)'!$F$6:$F$100,"") -> 0 | Y74: =_xlfn.XLOOKUP($B74,'GP1 (1)'!$B$6:$B$100,'GP1 (1)'!$F$6:$F$100,"") -> 0 | Z74: =_xlfn.XLOOKUP($B74,'GP1 (2)'!$B$6:$B$100,'GP1 (2)'!$F$6:$F$100,"") -> 0 | AA74: =_xlfn.XLOOKUP($B74,'GP2 (1)'!$B$6:$B$101,'GP2 (1)'!$F$6:$F$101,"") -> 0 | AB74: =_xlfn.XLOOKUP($B74,'GP2 (2)'!$B$6:$B$100,'GP2 (2)'!$F$6:$F$100,"") -> 0 | AC74: =_xlfn.XLOOKUP($B74,'GP3 (1)'!$B$6:$B$100,'GP3 (1)'!$F$6:$F$100,"") -> 0 | AD74: =_xlfn.XLOOKUP($B74,'GP3 (2)'!$B$6:$B$100,'GP3 (2)'!$F$6:$F$100,"") -> 0 | AE74: =_xlfn.XLOOKUP($B74,'GP4 (1)'!$B$6:$B$66,'GP4 (1)'!$F$6:$F$66,"") -> 0 | AF74: =_xlfn.XLOOKUP($B74,'GP4 (2)'!$B$6:$B$100,'GP4 (2)'!$F$6:$F$100,"") -> 0 | AG74: =_xlfn.XLOOKUP($B74,'GP5 (1)'!$B$6:$B$99,'GP5 (1)'!$F$6:$F$99,"") -> 0 | AH74: =_xlfn.XLOOKUP($B74,'GP5 (2)'!$B$6:$B$99,'GP5 (2)'!$F$6:$F$99,"") -> 0 | AI74: =_xlfn.XLOOKUP($B74,'GP6 (1)'!$B$5:$B$99,'GP6 (1)'!$F$5:$F$99,"") -> 0 | AJ74: =_xlfn.XLOOKUP($B74,'GP6 (2)'!$B$5:$B$99,'GP6 (2)'!$F$5:$F$99,"") -> 0 | AK74: =_xlfn.XLOOKUP($B74,'GP7 (1)'!$B$6:$B$100,'GP7 (1)'!$F$6:$F$100,"") -> 0 | AL74: =_xlfn.XLOOKUP($B74,'GP7 (2)'!$B$6:$B$100,'GP7 (2)'!$F$6:$F$100,"") -> 0 | AM74: =_xlfn.XLOOKUP($B74,'GP8 (1)'!$B$6:$B$100,'GP8 (1)'!$F$6:$F$100,"") -> 0 | AN74: =_xlfn.XLOOKUP($B74,'GP8 (2)'!$B$6:$B$100,'GP8 (2)'!$F$6:$F$100,"") -> 0 | AO74: =SUM(AP74:BG74) -> 0 | AP74: =_xlfn.XLOOKUP($B74,'MP (1)'!$B$6:$B$99,'MP (1)'!$H$6:$H$99,"") -> 0 | AQ74: =_xlfn.XLOOKUP($B74,'MP (2)'!$B$6:$B$100,'MP (2)'!$H$6:$H$100,"") -> 0 | AR74: =_xlfn.XLOOKUP($B74,'GP1 (1)'!$B$6:$B$100,'GP1 (1)'!$H$6:$H$100,"") -> 0 | AS74: =_xlfn.XLOOKUP($B74,'GP1 (2)'!$B$6:$B$100,'GP1 (2)'!$H$6:$H$100,"") -> 0 | AT74: =_xlfn.XLOOKUP($B74,'GP2 (1)'!$B$6:$B$101,'GP2 (1)'!$H$6:$H$101,"") -> 0 | AU74: =_xlfn.XLOOKUP($B74,'GP2 (2)'!$B$6:$B$100,'GP2 (2)'!$H$6:$H$100,"") -> 0 | AV74: =_xlfn.XLOOKUP($B74,'GP3 (1)'!$B$6:$B$100,'GP3 (1)'!$H$6:$H$100,"") -> 0 | AW74: =_xlfn.XLOOKUP($B74,'GP3 (2)'!$B$6:$B$100,'GP3 (2)'!$H$6:$H$100,"") -> 0 | AX74: =_xlfn.XLOOKUP($B74,'GP4 (1)'!$B$6:$B$66,'GP4 (1)'!$H$6:$H$66,"") -> 0 | AY74: =_xlfn.XLOOKUP($B74,'GP4 (2)'!$B$6:$B$100,'GP4 (2)'!$H$6:$H$100,"") -> 0 | AZ74: =_xlfn.XLOOKUP($B74,'GP5 (1)'!$B$6:$B$99,'GP5 (1)'!$H$6:$H$99,"") -> 0 | BA74: =_xlfn.XLOOKUP($B74,'GP5 (2)'!$B$6:$B$99,'GP5 (2)'!$H$6:$H$99,"") -> 0 | BB74: =_xlfn.XLOOKUP($B74,'GP6 (1)'!$B$5:$B$99,'GP6 (1)'!$H$5:$H$99,"") -> 0 | BC74: =_xlfn.XLOOKUP($B74,'GP6 (2)'!$B$5:$B$99,'GP6 (2)'!$H$5:$H$99,"") -> 0 | BD74: =_xlfn.XLOOKUP($B74,'GP7 (1)'!$B$6:$B$100,'GP7 (1)'!$H$6:$H$100,"") -> 0 | BE74: =_xlfn.XLOOKUP($B74,'GP7 (2)'!$B$6:$B$100,'GP7 (2)'!$H$6:$H$100,"") -> 0 | BF74: =_xlfn.XLOOKUP($B74,'GP8 (1)'!$B$6:$B$100,'GP8 (1)'!$H$6:$H$100,"") -> 0 | BG74: =_xlfn.XLOOKUP($B74,'GP8 (2)'!$B$6:$B$100,'GP8 (2)'!$H$6:$H$100,"") -> 0
A75: =ROW()-4 -> 71 | C75: =SUM(D75:U75) -> 0 | D75: =_xlfn.XLOOKUP($B75,'MP (1)'!$B$6:$B$99,'MP (1)'!$E$6:$E$99,"") -> 0 | E75: =_xlfn.XLOOKUP($B75,'MP (2)'!$B$6:$B$100,'MP (2)'!$E$6:$E$100,"") -> 0 | F75: =_xlfn.XLOOKUP($B75,'GP1 (1)'!$B$6:$B$100,'GP1 (1)'!$E$6:$E$100,"") -> 0 | G75: =_xlfn.XLOOKUP($B75,'GP1 (2)'!$B$6:$B$100,'GP1 (2)'!$E$6:$E$100,"") -> 0 | H75: =_xlfn.XLOOKUP($B75,'GP2 (1)'!$B$6:$B$101,'GP2 (1)'!$E$6:$E$101,"") -> 0 | I75: =_xlfn.XLOOKUP($B75,'GP2 (2)'!$B$6:$B$100,'GP2 (2)'!$E$6:$E$100,"") -> 0 | J75: =_xlfn.XLOOKUP($B75,'GP3 (1)'!$B$6:$B$100,'GP3 (1)'!$E$6:$E$100,"") -> 0 | K75: =_xlfn.XLOOKUP($B75,'GP3 (2)'!$B$6:$B$100,'GP3 (2)'!$E$6:$E$100,"") -> 0 | L75: =_xlfn.XLOOKUP($B75,'GP4 (1)'!$B$6:$B$66,'GP4 (1)'!$E$6:$E$66,"") -> 0 | M75: =_xlfn.XLOOKUP($B75,'GP4 (2)'!$B$6:$B$100,'GP4 (2)'!$E$6:$E$100,"") -> 0 | N75: =_xlfn.XLOOKUP($B75,'GP5 (1)'!$B$6:$B$99,'GP5 (1)'!$E$6:$E$99,"") -> 0 | O75: =_xlfn.XLOOKUP($B75,'GP5 (2)'!$B$6:$B$99,'GP5 (2)'!$E$6:$E$99,"") -> 0 | P75: =_xlfn.XLOOKUP($B75,'GP6 (1)'!$B$5:$B$99,'GP6 (1)'!$E$5:$E$99,"") -> 0 | Q75: =_xlfn.XLOOKUP($B75,'GP6 (2)'!$B$5:$B$99,'GP6 (2)'!$E$5:$E$99,"") -> 0 | R75: =_xlfn.XLOOKUP($B75,'GP7 (1)'!$B$6:$B$100,'GP7 (1)'!$E$6:$E$100,"") -> 0 | S75: =_xlfn.XLOOKUP($B75,'GP7 (2)'!$B$6:$B$100,'GP7 (2)'!$E$6:$E$100,"") -> 0 | T75: =_xlfn.XLOOKUP($B75,'GP8 (1)'!$B$6:$B$100,'GP8 (1)'!$E$6:$E$100,"") -> 0 | U75: =_xlfn.XLOOKUP($B75,'GP8 (2)'!$B$6:$B$100,'GP8 (2)'!$E$6:$E$100,"") -> 0 | V75: =SUM(W75:AN75) -> 0 | W75: =_xlfn.XLOOKUP($B75,'MP (1)'!$B$6:$B$99,'MP (1)'!$F$6:$F$99,"") -> 0 | X75: =_xlfn.XLOOKUP($B75,'MP (2)'!$B$6:$B$100,'MP (2)'!$F$6:$F$100,"") -> 0 | Y75: =_xlfn.XLOOKUP($B75,'GP1 (1)'!$B$6:$B$100,'GP1 (1)'!$F$6:$F$100,"") -> 0 | Z75: =_xlfn.XLOOKUP($B75,'GP1 (2)'!$B$6:$B$100,'GP1 (2)'!$F$6:$F$100,"") -> 0 | AA75: =_xlfn.XLOOKUP($B75,'GP2 (1)'!$B$6:$B$101,'GP2 (1)'!$F$6:$F$101,"") -> 0 | AB75: =_xlfn.XLOOKUP($B75,'GP2 (2)'!$B$6:$B$100,'GP2 (2)'!$F$6:$F$100,"") -> 0 | AC75: =_xlfn.XLOOKUP($B75,'GP3 (1)'!$B$6:$B$100,'GP3 (1)'!$F$6:$F$100,"") -> 0 | AD75: =_xlfn.XLOOKUP($B75,'GP3 (2)'!$B$6:$B$100,'GP3 (2)'!$F$6:$F$100,"") -> 0 | AE75: =_xlfn.XLOOKUP($B75,'GP4 (1)'!$B$6:$B$66,'GP4 (1)'!$F$6:$F$66,"") -> 0 | AF75: =_xlfn.XLOOKUP($B75,'GP4 (2)'!$B$6:$B$100,'GP4 (2)'!$F$6:$F$100,"") -> 0 | AG75: =_xlfn.XLOOKUP($B75,'GP5 (1)'!$B$6:$B$99,'GP5 (1)'!$F$6:$F$99,"") -> 0 | AH75: =_xlfn.XLOOKUP($B75,'GP5 (2)'!$B$6:$B$99,'GP5 (2)'!$F$6:$F$99,"") -> 0 | AI75: =_xlfn.XLOOKUP($B75,'GP6 (1)'!$B$5:$B$99,'GP6 (1)'!$F$5:$F$99,"") -> 0 | AJ75: =_xlfn.XLOOKUP($B75,'GP6 (2)'!$B$5:$B$99,'GP6 (2)'!$F$5:$F$99,"") -> 0 | AK75: =_xlfn.XLOOKUP($B75,'GP7 (1)'!$B$6:$B$100,'GP7 (1)'!$F$6:$F$100,"") -> 0 | AL75: =_xlfn.XLOOKUP($B75,'GP7 (2)'!$B$6:$B$100,'GP7 (2)'!$F$6:$F$100,"") -> 0 | AM75: =_xlfn.XLOOKUP($B75,'GP8 (1)'!$B$6:$B$100,'GP8 (1)'!$F$6:$F$100,"") -> 0 | AN75: =_xlfn.XLOOKUP($B75,'GP8 (2)'!$B$6:$B$100,'GP8 (2)'!$F$6:$F$100,"") -> 0 | AO75: =SUM(AP75:BG75) -> 0 | AP75: =_xlfn.XLOOKUP($B75,'MP (1)'!$B$6:$B$99,'MP (1)'!$H$6:$H$99,"") -> 0 | AQ75: =_xlfn.XLOOKUP($B75,'MP (2)'!$B$6:$B$100,'MP (2)'!$H$6:$H$100,"") -> 0 | AR75: =_xlfn.XLOOKUP($B75,'GP1 (1)'!$B$6:$B$100,'GP1 (1)'!$H$6:$H$100,"") -> 0 | AS75: =_xlfn.XLOOKUP($B75,'GP1 (2)'!$B$6:$B$100,'GP1 (2)'!$H$6:$H$100,"") -> 0 | AT75: =_xlfn.XLOOKUP($B75,'GP2 (1)'!$B$6:$B$101,'GP2 (1)'!$H$6:$H$101,"") -> 0 | AU75: =_xlfn.XLOOKUP($B75,'GP2 (2)'!$B$6:$B$100,'GP2 (2)'!$H$6:$H$100,"") -> 0 | AV75: =_xlfn.XLOOKUP($B75,'GP3 (1)'!$B$6:$B$100,'GP3 (1)'!$H$6:$H$100,"") -> 0 | AW75: =_xlfn.XLOOKUP($B75,'GP3 (2)'!$B$6:$B$100,'GP3 (2)'!$H$6:$H$100,"") -> 0 | AX75: =_xlfn.XLOOKUP($B75,'GP4 (1)'!$B$6:$B$66,'GP4 (1)'!$H$6:$H$66,"") -> 0 | AY75: =_xlfn.XLOOKUP($B75,'GP4 (2)'!$B$6:$B$100,'GP4 (2)'!$H$6:$H$100,"") -> 0 | AZ75: =_xlfn.XLOOKUP($B75,'GP5 (1)'!$B$6:$B$99,'GP5 (1)'!$H$6:$H$99,"") -> 0 | BA75: =_xlfn.XLOOKUP($B75,'GP5 (2)'!$B$6:$B$99,'GP5 (2)'!$H$6:$H$99,"") -> 0 | BB75: =_xlfn.XLOOKUP($B75,'GP6 (1)'!$B$5:$B$99,'GP6 (1)'!$H$5:$H$99,"") -> 0 | BC75: =_xlfn.XLOOKUP($B75,'GP6 (2)'!$B$5:$B$99,'GP6 (2)'!$H$5:$H$99,"") -> 0 | BD75: =_xlfn.XLOOKUP($B75,'GP7 (1)'!$B$6:$B$100,'GP7 (1)'!$H$6:$H$100,"") -> 0 | BE75: =_xlfn.XLOOKUP($B75,'GP7 (2)'!$B$6:$B$100,'GP7 (2)'!$H$6:$H$100,"") -> 0 | BF75: =_xlfn.XLOOKUP($B75,'GP8 (1)'!$B$6:$B$100,'GP8 (1)'!$H$6:$H$100,"") -> 0 | BG75: =_xlfn.XLOOKUP($B75,'GP8 (2)'!$B$6:$B$100,'GP8 (2)'!$H$6:$H$100,"") -> 0
... A94: =ROW()-4 -> 90 | C94: =SUM(D94:U94) -> 0 | D94: =_xlfn.XLOOKUP($B94,'MP (1)'!$B$6:$B$99,'MP (1)'!$E$6:$E$99,"") -> 0 | E94: =_xlfn.XLOOKUP($B94,'MP (2)'!$B$6:$B$100,'MP (2)'!$E$6:$E$100,"") -> 0 | F94: =_xlfn.XLOOKUP($B94,'GP1 (1)'!$B$6:$B$100,'GP1 (1)'!$E$6:$E$100,"") -> 0 | G94: =_xlfn.XLOOKUP($B94,'GP1 (2)'!$B$6:$B$100,'GP1 (2)'!$E$6:$E$100,"") -> 0 | H94: =_xlfn.XLOOKUP($B94,'GP2 (1)'!$B$6:$B$101,'GP2 (1)'!$E$6:$E$101,"") -> 0 | I94: =_xlfn.XLOOKUP($B94,'GP2 (2)'!$B$6:$B$100,'GP2 (2)'!$E$6:$E$100,"") -> 0 | J94: =_xlfn.XLOOKUP($B94,'GP3 (1)'!$B$6:$B$100,'GP3 (1)'!$E$6:$E$100,"") -> 0 | K94: =_xlfn.XLOOKUP($B94,'GP3 (2)'!$B$6:$B$100,'GP3 (2)'!$E$6:$E$100,"") -> 0 | L94: =_xlfn.XLOOKUP($B94,'GP4 (1)'!$B$6:$B$66,'GP4 (1)'!$E$6:$E$66,"") -> 0 | M94: =_xlfn.XLOOKUP($B94,'GP4 (2)'!$B$6:$B$100,'GP4 (2)'!$E$6:$E$100,"") -> 0 | N94: =_xlfn.XLOOKUP($B94,'GP5 (1)'!$B$6:$B$99,'GP5 (1)'!$E$6:$E$99,"") -> 0 | O94: =_xlfn.XLOOKUP($B94,'GP5 (2)'!$B$6:$B$99,'GP5 (2)'!$E$6:$E$99,"") -> 0 | P94: =_xlfn.XLOOKUP($B94,'GP6 (1)'!$B$5:$B$99,'GP6 (1)'!$E$5:$E$99,"") -> 0 | Q94: =_xlfn.XLOOKUP($B94,'GP6 (2)'!$B$5:$B$99,'GP6 (2)'!$E$5:$E$99,"") -> 0 | R94: =_xlfn.XLOOKUP($B94,'GP7 (1)'!$B$6:$B$100,'GP7 (1)'!$E$6:$E$100,"") -> 0 | S94: =_xlfn.XLOOKUP($B94,'GP7 (2)'!$B$6:$B$100,'GP7 (2)'!$E$6:$E$100,"") -> 0 | T94: =_xlfn.XLOOKUP($B94,'GP8 (1)'!$B$6:$B$100,'GP8 (1)'!$E$6:$E$100,"") -> 0 | U94: =_xlfn.XLOOKUP($B94,'GP8 (2)'!$B$6:$B$100,'GP8 (2)'!$E$6:$E$100,"") -> 0 | V94: =SUM(W94:AN94) -> 0 | W94: =_xlfn.XLOOKUP($B94,'MP (1)'!$B$6:$B$99,'MP (1)'!$F$6:$F$99,"") -> 0 | X94: =_xlfn.XLOOKUP($B94,'MP (2)'!$B$6:$B$100,'MP (2)'!$F$6:$F$100,"") -> 0 | Y94: =_xlfn.XLOOKUP($B94,'GP1 (1)'!$B$6:$B$100,'GP1 (1)'!$F$6:$F$100,"") -> 0 | Z94: =_xlfn.XLOOKUP($B94,'GP1 (2)'!$B$6:$B$100,'GP1 (2)'!$F$6:$F$100,"") -> 0 | AA94: =_xlfn.XLOOKUP($B94,'GP2 (1)'!$B$6:$B$101,'GP2 (1)'!$F$6:$F$101,"") -> 0 | AB94: =_xlfn.XLOOKUP($B94,'GP2 (2)'!$B$6:$B$100,'GP2 (2)'!$F$6:$F$100,"") -> 0 | AC94: =_xlfn.XLOOKUP($B94,'GP3 (1)'!$B$6:$B$100,'GP3 (1)'!$F$6:$F$100,"") -> 0 | AD94: =_xlfn.XLOOKUP($B94,'GP3 (2)'!$B$6:$B$100,'GP3 (2)'!$F$6:$F$100,"") -> 0 | AE94: =_xlfn.XLOOKUP($B94,'GP4 (1)'!$B$6:$B$66,'GP4 (1)'!$F$6:$F$66,"") -> 0 | AF94: =_xlfn.XLOOKUP($B94,'GP4 (2)'!$B$6:$B$100,'GP4 (2)'!$F$6:$F$100,"") -> 0 | AG94: =_xlfn.XLOOKUP($B94,'GP5 (1)'!$B$6:$B$99,'GP5 (1)'!$F$6:$F$99,"") -> 0 | AH94: =_xlfn.XLOOKUP($B94,'GP5 (2)'!$B$6:$B$99,'GP5 (2)'!$F$6:$F$99,"") -> 0 | AI94: =_xlfn.XLOOKUP($B94,'GP6 (1)'!$B$5:$B$99,'GP6 (1)'!$F$5:$F$99,"") -> 0 | AJ94: =_xlfn.XLOOKUP($B94,'GP6 (2)'!$B$5:$B$99,'GP6 (2)'!$F$5:$F$99,"") -> 0 | AK94: =_xlfn.XLOOKUP($B94,'GP7 (1)'!$B$6:$B$100,'GP7 (1)'!$F$6:$F$100,"") -> 0 | AL94: =_xlfn.XLOOKUP($B94,'GP7 (2)'!$B$6:$B$100,'GP7 (2)'!$F$6:$F$100,"") -> 0 | AM94: =_xlfn.XLOOKUP($B94,'GP8 (1)'!$B$6:$B$100,'GP8 (1)'!$F$6:$F$100,"") -> 0 | AN94: =_xlfn.XLOOKUP($B94,'GP8 (2)'!$B$6:$B$100,'GP8 (2)'!$F$6:$F$100,"") -> 0 | AO94: =SUM(AP94:BG94) -> 0 | AP94: =_xlfn.XLOOKUP($B94,'MP (1)'!$B$6:$B$99,'MP (1)'!$H$6:$H$99,"") -> 0 | AQ94: =_xlfn.XLOOKUP($B94,'MP (2)'!$B$6:$B$100,'MP (2)'!$H$6:$H$100,"") -> 0 | AR94: =_xlfn.XLOOKUP($B94,'GP1 (1)'!$B$6:$B$100,'GP1 (1)'!$H$6:$H$100,"") -> 0 | AS94: =_xlfn.XLOOKUP($B94,'GP1 (2)'!$B$6:$B$100,'GP1 (2)'!$H$6:$H$100,"") -> 0 | AT94: =_xlfn.XLOOKUP($B94,'GP2 (1)'!$B$6:$B$101,'GP2 (1)'!$H$6:$H$101,"") -> 0 | AU94: =_xlfn.XLOOKUP($B94,'GP2 (2)'!$B$6:$B$100,'GP2 (2)'!$H$6:$H$100,"") -> 0 | AV94: =_xlfn.XLOOKUP($B94,'GP3 (1)'!$B$6:$B$100,'GP3 (1)'!$H$6:$H$100,"") -> 0 | AW94: =_xlfn.XLOOKUP($B94,'GP3 (2)'!$B$6:$B$100,'GP3 (2)'!$H$6:$H$100,"") -> 0 | AX94: =_xlfn.XLOOKUP($B94,'GP4 (1)'!$B$6:$B$66,'GP4 (1)'!$H$6:$H$66,"") -> 0 | AY94: =_xlfn.XLOOKUP($B94,'GP4 (2)'!$B$6:$B$100,'GP4 (2)'!$H$6:$H$100,"") -> 0 | AZ94: =_xlfn.XLOOKUP($B94,'GP5 (1)'!$B$6:$B$99,'GP5 (1)'!$H$6:$H$99,"") -> 0 | BA94: =_xlfn.XLOOKUP($B94,'GP5 (2)'!$B$6:$B$99,'GP5 (2)'!$H$6:$H$99,"") -> 0 | BB94: =_xlfn.XLOOKUP($B94,'GP6 (1)'!$B$5:$B$99,'GP6 (1)'!$H$5:$H$99,"") -> 0 | BC94: =_xlfn.XLOOKUP($B94,'GP6 (2)'!$B$5:$B$99,'GP6 (2)'!$H$5:$H$99,"") -> 0 | BD94: =_xlfn.XLOOKUP($B94,'GP7 (1)'!$B$6:$B$100,'GP7 (1)'!$H$6:$H$100,"") -> 0 | BE94: =_xlfn.XLOOKUP($B94,'GP7 (2)'!$B$6:$B$100,'GP7 (2)'!$H$6:$H$100,"") -> 0 | BF94: =_xlfn.XLOOKUP($B94,'GP8 (1)'!$B$6:$B$100,'GP8 (1)'!$H$6:$H$100,"") -> 0 | BG94: =_xlfn.XLOOKUP($B94,'GP8 (2)'!$B$6:$B$100,'GP8 (2)'!$H$6:$H$100,"") -> 0

Sheet MP (1)
A2: miejsce i data: | C2: WARSZAWA 3-4.03.2024
B3: 2-3.03.2024 | C3: https://www.fencingtimelive.com/pools/results/89FF43D2902940BBBBDDBFB63EEDF215/54ED22BA9C50480DAFCF983180E0BAD2
A5: Place | B5: Name | C5: V | D5: M | E5: V / M | F5: TS | G5: TR | H5: Ind | I5: Status | J5: Club(s) | K5: Division | L5: Country
A6: 1 | B6: BAZAK Jacek | C6: 6 | D6: 6 | E6: 1 | F6: 28 | G6: 7 | H6: 21 | I6: Advanced | J6: AKS MIKOŁÓW | L6: POL
A7: 2 | B7: SZMIDT Grzegorz | C7: 6 | D7: 6 | E7: 1 | F7: 29 | G7: 9 | H7: 20 | I7: Advanced | J7: WKS KOLEJARZ WROCŁAW | L7: POL
A8: 3 | B8: JADCZUK Wojciech | C8: 5 | D8: 6 | E8: 0.83 | F8: 29 | G8: 12 | H8: 17 | I8: Advanced | J8: KKS KRAKÓW | L8: POL
A9: 4 | B9: HAŚKO Sergiusz | C9: 5 | D9: 6 | E9: 0.83 | F9: 27 | G9: 12 | H9: 15 | I9: Advanced | J9: BYTOMSKIE TOWARZYSTWO SZERMIERCZE | L9: POL
A10: 5 | B10: LIPKOWSKA Dominika | C10: 4 | D10: 5 | E10: 0.8 | F10: 23 | G10: 15 | H10: 8 | I10: Advanced | J10: KS AZS AWFIS GDAŃSK | L10: POL
A11: 6 | B11: KOZIEJOWSKI Sebastian | C11: 4 | D11: 6 | E11: 0.67 | F11: 27 | G11: 13 | H11: 14 | I11: Advanced | J11: IKS AWF WARSZAWA | L11: POL
A12: 7 | B12: POŚPIESZNY Sławomir | C12: 4 | D12: 6 | E12: 0.67 | F12: 24 | G12: 14 | H12: 10 | I12: Advanced | J12: WKS KOLEJARZ WROCŁAW | L12: POL
A13: 8 | B13: POKRZYWA MARIUSZ | C13: 4 | D13: 6 | E13: 0.67 | F13: 23 | G13: 15 | H13: 8 | I13: Advanced | J13: AZS AWF KRAKÓW | L13: POL
A14: 9 | B14: SAJEWICZ Izabela | C14: 4 | D14: 6 | E14: 0.67 | F14: 23 | G14: 16 | H14: 7 | I14: Advanced | J14: KS CRACOVIA 1906. | L14: POL
A15: 10 | B15: KORONA-TRZEBSKI Przemysław | C15: 4 | D15: 6 | E15: 0.67 | F15: 22 | G15: 18 | H15: 4 | I15: Advanced | J15: AZS AWF WARSZAWA | L15: POL
A16: 11 | B16: SERAFIN Błażej | C16: 3 | D16: 5 | E16: 0.6 | F16: 23 | G16: 15 | H16: 8 | I16: Advanced | J16: AZS AWF WARSZAWA | L16: POL
A17: 12 | B17: MALINOWSKI Piotr | C17: 3 | D17: 5 | E17: 0.6 | F17: 23 | G17: 16 | H17: 7 | I17: Advanced | J17: ALEX TORUŃ | L17: POL
... A30: 25 | B30: SAMECKA -NACZYŃSKA Martyna | C30: 0 | D30: 5 | E30: 0 | F30: 9 | G30: 25 | H30: -16 | I30: Advanced | J30: IKS AWF WARSZAWA | L30: POL
A31: 26T | B31: ĆWIORO Krzysztof | C31: 0 | D31: 6 | E31: 0 | F31: 9 | G31: 30 | H31: -21 | I31: Advanced | J31: BYTOMSKIE TOWARZYSTWO SZERMIERCZE | L31: POL
A32: 26T | B32: KIERSZNICKI Ryszard | C32: 0 | D32: 6 | E32: 0 | F32: 9 | G32: 30 | H32: -21 | I32: Advanced | J32: ST. POLSKICH WETERANÓW SZERMIERKI | L32: POL
L33: POL

Sheet MP (2)
A2: miejsce i data: | C2: KRAKÓW 2-3.03.2024
B3: 2-3.03.2024 | C3: https://fencingtimelive,com/pools/results/8FB9AF0939C346DCB4C922FB47AD29AD/DE3C39D4703B46979D1F8AD8A0660926
A5: Place | B5: Name | C5: V | D5: M | E5: V / M | F5: TS | G5: TR | H5: Ind | I5: Status | J5: Club(s) | K5: Division | L5: Country
A6: 1 | B6: SZMIDT Grzegorz | C6: 6 | D6: 6 | E6: 1 | F6: 30 | G6: 5 | H6: 25 | I6: Advanced | J6: WKS KOLEJARZ WROCŁAW | L6: POL
A7: 2 | B7: BAZAK Jacek | C7: 6 | D7: 6 | E7: 1 | F7: 30 | G7: 7 | H7: 23 | I7: Advanced | J7: AKS MIKOŁÓW | L7: POL
A8: 3 | B8: KOZIEJOWSKI Sebastian | C8: 6 | D8: 6 | E8: 1 | F8: 30 | G8: 12 | H8: 18 | I8: Advanced | J8: IKS AWF WARSZAWA | L8: POL
A9: 4 | B9: SERAFIN Błażej | C9: 5 | D9: 6 | E9: 0.83 | F9: 28 | G9: 14 | H9: 14 | I9: Advanced | J9: AZS AWF WARSZAWA | L9: POL
A10: 5 | B10: KORONA-TRZEBSKI Przemysław | C10: 5 | D10: 6 | E10: 0.83 | F10: 25 | G10: 13 | H10: 12 | I10: Advanced | J10: AZS AWF WARSZAWA | L10: POL
A11: 6 | B11: MALINOWSKI Piotr | C11: 4 | D11: 5 | E11: 0.8 | F11: 24 | G11: 9 | H11: 15 | I11: Advanced | J11: ALEX TORUŃ | L11: POL
A12: 7 | B12: HAŚKO Sergiusz | C12: 4 | D12: 5 | E12: 0.8 | F12: 21 | G12: 9 | H12: 12 | I12: Advanced | J12: BYTOMSKIE TOWARZYSTWO SZERMIERCZE | L12: POL
A13: 8 | B13: LIPKOWSKA Dominika | C13: 4 | D13: 5 | E13: 0.8 | F13: 21 | G13: 12 | H13: 9 | I13: Advanced | J13: KS AZS AWFIS GDAŃSK | L13: POL
A14: 9 | B14: SAJEWICZ Izabela | C14: 4 | D14: 6 | E14: 0.67 | F14: 24 | G14: 13 | H14: 11 | I14: Advanced | J14: KS CRACOVIA 1906. | L14: POL
A15: 10 | B15: NOWAK Szymon | C15: 4 | D15: 6 | E15: 0.67 | F15: 24 | G15: 14 | H15: 10 | I15: Advanced | J15: KS AZS AWFIS GDAŃSK | L15: POL
A16: 11 | B16: SZYPUŁOWSKA-GRZYŚ Joanna | C16: 4 | D16: 6 | E16: 0.67 | F16: 22 | G16: 16 | H16: 6 | I16: Advanced | J16: AZS AWF GDAŃSK | L16: POL
A17: 12 | B17: POŚPIESZNY Sławomir | C17: 4 | D17: 6 | E17: 0.67 | F17: 21 | G17: 15 | H17: 6 | I17: Advanced | J17: WKS KOLEJARZ WROCŁAW | L17: POL
... A34: 29 | B34: BORKOWSKA Halina | C34: 0 | D34: 5 | E34: 0 | F34: 2 | G34: 25 | H34: -23 | I34: Advanced | J34: Alex Toruń | L34: POL

Sheet GP1 (1)
A2: miejsce i data: | C2: PABIANICE
B3: 13,01,2023 | C3: https://www,fencingtimelive,com/pools/results/E410C1DEA6F64998AC1C1D8B22761B81/FEC27BCC6875458F8C4CCCA3E309E3DB
A5: Place | B5: Name | C5: V | D5: M | E5: V / M | F5: TS | G5: TR | H5: Ind | I5: Status | J5: Club(s) | K5: Division | L5: Country
A6: 1 | B6: BAZAK Jacek | C6: 6 | D6: 6 | E6: 1 | F6: 30 | G6: 5 | H6: 25 | I6: Advanced | J6: AKS MIKOŁÓW | L6: POL
A7: 2 | B7: NIKALAICHUK Aliaksandr | C7: 5 | D7: 5 | E7: 1 | F7: 25 | G7: 8 | H7: 17 | I7: Advanced | J7: KKS KRAKÓW | L7: POL
A8: 3 | B8: SZMIDT Grzegorz | C8: 5 | D8: 5 | E8: 1 | F8: 24 | G8: 7 | H8: 17 | I8: Advanced | J8: WKS KOLEJARZ WROCŁAW, | L8: BLR
A9: 4 | B9: JADCZUK Wojciech | C9: 5 | D9: 6 | E9: 0.83 | F9: 27 | G9: 14 | H9: 13 | I9: Advanced | J9: KKS KRAKÓW | L9: POL
A10: 5 | B10: POKRZYWA Mariusz | C10: 4 | D10: 5 | E10: 0.8 | F10: 23 | G10: 12 | H10: 11 | I10: Advanced | J10: AZS AWF KRAKÓW | L10: POL
A11: 6 | B11: GWIAZDA Paweł | C11: 4 | D11: 5 | E11: 0.8 | F11: 21 | G11: 12 | H11: 9 | I11: Advanced | J11: PTG SOKÓŁ 1893 MIELEC | L11: POL
A12: 7 | B12: ĆWIORO Krzysztof | C12: 4 | D12: 6 | E12: 0.67 | F12: 24 | G12: 17 | H12: 7 | I12: Advanced | J12: BYTOMSKIE TOWARZYSTWO SZERMIERCZE | L12: POL
A13: 8 | B13: KORONA-TRZEBSKI Przemysław | C13: 3 | D13: 5 | E13: 0.6 | F13: 21 | G13: 14 | H13: 7 | I13: Advanced | J13: KS SZPADA ŁÓDŹ | L13: POL
A14: 9 | B14: MENCWAL Adam | C14: 3 | D14: 5 | E14: 0.6 | F14: 20 | G14: 19 | H14: 1 | I14: Advanced | J14: ZJEDNOCZENI PABIANICE | L14: POL
A15: 10 | B15: WOJTAS Bogdan | C15: 2 | D15: 5 | E15: 0.4 | F15: 15 | G15: 15 | H15: 0 | I15: Advanced | J15: KKS KRAKÓW | L15: POL
A16: 11 | B16: LIPKOWSKA Dominika | C16: 2 | D16: 6 | E16: 0.33 | F16: 21 | G16: 24 | H16: -3 | I16: Advanced | J16: KS AZS AWFIS GDAŃSK, | L16: POL
A17: 12 | B17: JUSZKIEWICZ Piotr | C17: 2 | D17: 6 | E17: 0.33 | F17: 16 | G17: 27 | H17: -11 | I17: Advanced | J17: MKS KUSY SZCZECIN | L17: POL
... A22: 17 | B22: KOWALSKA Milena | C22: 1 | D22: 6 | E22: 0.17 | F22: 13 | G22: 28 | H22: -15 | I22: Advanced | J22: UKS 46 ŁÓDŹ | L22: POL
A23: 18 | B23: MULSON Irena | C23: 1 | D23: 6 | E23: 0.17 | F23: 13 | G23: 29 | H23: -16 | I23: Advanced | J23: Alex Toruń
A24: 19 | B24: BORKOWSKA Halina | C24: 0 | D24: 5 | E24: 0 | F24: 3 | G24: 25 | H24: -22 | I24: Advanced | J24: Alex Toruń

Sheet GP1 (2)
A2: miejsce i data: | C2: PABIANICE
B3: 13,01,2023 | C3: https://www,fencingtimelive,com/pools/results/E410C1DEA6F64998AC1C1D8B22761B81/FDD096691A8B4E93812F9EDA282224BB
A5: Place | B5: Name | C5: V | D5: M | E5: V / M | F5: TS | G5: TR | H5: Ind | I5: Status | J5: Club(s) | K5: Division | L5: Country
A6: 1 | B6: JADCZUK Wojciech | C6: 5 | D6: 5 | E6: 1 | F6: 25 | G6: 4 | H6: 21 | I6: Advanced | J6: KKS KRAKÓW | L6: POL
A7: 2 | B7: GWIAZDA Paweł | C7: 5 | D7: 5 | E7: 1 | F7: 22 | G7: 4 | H7: 18 | I7: Advanced | J7: PTG SOKÓŁ 1893 MIELEC | L7: POL
A8: 3 | B8: SZMIDT Grzegorz | C8: 4 | D8: 5 | E8: 0.8 | F8: 21 | G8: 8 | H8: 13 | I8: Advanced | J8: WKS KOLEJARZ WROCŁAW, | L8: POL
A9: 4 | B9: NIKALAICHUK Aliaksandr | C9: 4 | D9: 5 | E9: 0.8 | F9: 23 | G9: 11 | H9: 12 | I9: Advanced | J9: KKS KRAKÓW | L9: POL
A10: 5T | B10: POKRZYWA Mariusz | C10: 4 | D10: 5 | E10: 0.8 | F10: 21 | G10: 10 | H10: 11 | I10: Advanced | J10: AZS AWF KRAKÓW | L10: POL
A11: 5T | B11: KORONA-TRZEBSKI Przemysław | C11: 4 | D11: 5 | E11: 0.8 | F11: 21 | G11: 10 | H11: 11 | I11: Advanced | J11: KS SZPADA ŁÓDŹ | L11: POL
A12: 7 | B12: BAZAK Jacek | C12: 4 | D12: 5 | E12: 0.8 | F12: 21 | G12: 11 | H12: 10 | I12: Advanced | J12: AKS MIKOŁÓW | L12: POL
A13: 8 | B13: ĆWIORO Krzysztof | C13: 3 | D13: 5 | E13: 0.6 | F13: 18 | G13: 18 | H13: 0 | I13: Advanced | J13: BYTOMSKIE TOWARZYSTWO SZERMIERCZE | L13: BLR
A14: 9 | B14: LIPKOWSKA Dominika | C14: 3 | D14: 5 | E14: 0.6 | F14: 16 | G14: 18 | H14: -2 | I14: Advanced | J14: KS AZS AWFIS GDAŃSK, | L14: POL
A15: 10T | B15: KIERSZNICKI Ryszard | C15: 2 | D15: 5 | E15: 0.4 | F15: 16 | G15: 19 | H15: -3 | I15: Advanced | J15: MKS KUSY SZCZECIN | L15: POL
A16: 10T | B16: MENCWAL Adam | C16: 2 | D16: 5 | E16: 0.4 | F16: 16 | G16: 19 | H16: -3 | I16: Advanced | J16: ZJEDNOCZENI PABIANICE | L16: POL
A17: 12 | B17: BORKOWSKI Andrzej | C17: 2 | D17: 5 | E17: 0.4 | F17: 14 | G17: 19 | H17: -5 | I17: Advanced | J17: Alex Toruń | L17: POL
A18: 13 | B18: KOWALSKA Milena | C18: 1 | D18: 5 | E18: 0.2 | F18: 13 | G18: 21 | H18: -8 | I18: Advanced | J18: UKS 46 ŁÓDŹ | L18: POL
A19: 14 | B19: BARAŃSKI Wacław | C19: 1 | D19: 5 | E19: 0.2 | F19: 12 | G19: 24 | H19: -12 | I19: Advanced | J19: KS CRACOVIA 1906, | L19: POL
A20: 15 | B20: ADAMCZYK Grzegorz | C20: 1 | D20: 5 | E20: 0.2 | F20: 11 | G20: 23 | H20: -12 | I20: Advanced | J20: ZJEDNOCZENI PABIANICE | L20: POL
A21: 16T | B21: MULSON Irena | C21: 0 | D21: 5 | E21: 0 | F21: 8 | G21: 25 | H21: -17 | I21: Advanced | J21: Alex Toruń | L21: POL
A22: 16T | B22: JUSZKIEWICZ Piotr | C22: 0 | D22: 5 | E22: 0 | F22: 8 | G22: 25 | H22: -17 | I22: Advanced | J22: MKS KUSY SZCZECIN | L22: POL
A23: 16T | B23: BORKOWSKA Halina | C23: 0 | D23: 5 | E23: 0 | F23: 8 | G23: 25 | H23: -17 | I23: Advanced | J23: Alex Toruń

Sheet GP2 (1)
A2: miejsce i data: | C2: TORUŃ 4-5.03.2023
C3: https://www,fencingtimelive,com/pools/results/AB30CCE99E7E4482BF9221473FF2C19E/81304AEB09354516A3303AC8B47CB3C6
A5: Place | B5: Name | C5: V | D5: M | E5: V / M | F5: TS | G5: TR | H5: Ind
A6: 1T | B6: SZMIDT Grzegorz | C6: 5 | D6: 5 | E6: 1 | F6: 25 | G6: 7 | H6: 18 | I6: Advanced | J6: WKS KOLEJARZ WROCŁAW. | K6: POL
A7: 1T | B7: MALINOWSKI Piotr | C7: 5 | D7: 5 | E7: 1 | F7: 25 | G7: 7 | H7: 18 | I7: Advanced | J7: Alex Toruń | K7: CZE
A8: 3 | B8: JADCZUK Wojciech | C8: 5 | D8: 5 | E8: 1 | F8: 25 | G8: 11 | H8: 14 | I8: Advanced | J8: KKS KRAKÓW | K8: POL
A9: 4 | B9: LIPKOWSKA Dominika | C9: 5 | D9: 5 | E9: 1 | F9: 25 | G9: 13 | H9: 12 | I9: Advanced | J9: KS AZS AWFIS GDAŃSK. | K9: POL
A10: 5 | B10: BAZAK Jacek | C10: 4 | D10: 5 | E10: 0.8 | F10: 22 | G10: 9 | H10: 13 | I10: Advanced | J10: AKS MIKOŁÓW | K10: POL
A11: 6 | B11: NOWAK Szymon | C11: 4 | D11: 5 | E11: 0.8 | F11: 21 | G11: 8 | H11: 13 | I11: Advanced | J11: AZS AWF GDAŃSK | K11: POL
A12: 7 | B12: KORONA-TRZEBSKI Przemysław | C12: 4 | D12: 5 | E12: 0.8 | F12: 23 | G12: 11 | H12: 12 | I12: Advanced | J12: KS SZPADA ŁÓDŹ | K12: POL
A13: 8 | B13: MENCWAL Adam | C13: 3 | D13: 5 | E13: 0.6 | F13: 20 | G13: 14 | H13: 6 | I13: Advanced | J13: ZJEDNOCZENI PABIANICE | K13: POL
A14: 9 | B14: POŚPIESZNY Sławomir | C14: 3 | D14: 5 | E14: 0.6 | F14: 19 | G14: 13 | H14: 6 | I14: Advanced | J14: WKS KOLEJARZ WROCŁAW. | K14: POL
A15: 10 | B15: PAKUŁA Łukasz | C15: 3 | D15: 5 | E15: 0.6 | F15: 19 | G15: 14 | H15: 5 | I15: Advanced | J15: AZS AWF GDAŃSK | K15: POL
A16: 11 | B16: HAŚKO Sergiusz | C16: 3 | D16: 5 | E16: 0.6 | F16: 17 | G16: 17 | H16: 0 | I16: Advanced | J16: BYTOMSKIE TOWARZYSTWO SZERMIERCZE | K16: POL
A17: 12 | B17: NIKALAICHUK Aliaksandr | C17: 3 | D17: 5 | E17: 0.6 | F17: 16 | G17: 19 | H17: -3 | I17: Advanced | K17: POL
A18: 13 | B18: GWIAZDA Paweł | C18: 2 | D18: 5 | E18: 0.4 | F18: 17 | G18: 18 | H18: -1 | I18: Advanced | J18: PTG SOKÓŁ 1893 MIELEC | K18: POL
A19: 14 | B19: BORKOWSKI Andrzej | C19: 2 | D19: 5 | E19: 0.4 | F19: 15 | G19: 18 | H19: -3 | I19: Advanced | J19: Alex Toruń | K19: POL
A20: 15 | B20: JUSZKIEWICZ Piotr | C20: 2 | D20: 5 | E20: 0.4 | F20: 14 | G20: 17 | H20: -3 | I20: Advanced | J20: MKS KUSY SZCZECIN | K20: POL
A21: 16 | B21: RUT Agnieszka | C21: 2 | D21: 5 | E21: 0.4 | F21: 15 | G21: 19 | H21: -4 | I21: Advanced | J21: KS AZS AWFIS GDAŃSK. | K21: POL
A22: 17 | B22: BONIK-NINARD Agata | C22: 1 | D22: 5 | E22: 0.2 | F22: 14 | G22: 19 | H22: -5 | I22: Advanced | J22: KS AZS AWFIS GDAŃSK. | K22: POL
A23: 18 | B23: TOMASZEWSKA Hanna | C23: 1 | D23: 5 | E23: 0.2 | F23: 13 | G23: 22 | H23: -9 | I23: Advanced | K23: POL
A24: 19 | B24: ĆWIORO Krzysztof | C24: 1 | D24: 5 | E24: 0.2 | F24: 12 | G24: 21 | H24: -9 | I24: Advanced | J24: BYTOMSKIE TOWARZYSTWO SZERMIERCZE | K24: POL
A25: 20 | B25: WYLĘGAŁA Jerzy | C25: 1 | D25: 5 | E25: 0.2 | F25: 11 | G25: 23 | H25: -12 | I25: Advanced | J25: WKS KOLEJARZ WROCŁAW. | K25: POL
A26: 21 | B26: ADAMCZYK Grzegorz | C26: 1 | D26: 5 | E26: 0.2 | F26: 9 | G26: 21 | H26: -12 | I26: Advanced | J26: ZJEDNOCZENI PABIANICE | K26: POL
A27: 22 | B27: BARAŃSKI Wacław | C27: 0 | D27: 5 | E27: 0 | F27: 7 | G27: 25 | H27: -18 | I27: Advanced | J27: KS CRACOVIA 1906. | K27: POL
A28: 23T | B28: MULSON Irena | C28: 0 | D28: 5 | E28: 0 | F28: 6 | G28: 25 | H28: -19 | I28: Advanced | J28: Alex Toruń | K28: POL
A29: 23T | B29: KASZTELOWICZ Piotr | C29: 0 | D29: 5 | E29: 0 | F29: 6 | G29: 25 | H29: -19 | I29: Advanced | J29: Alex Toruń

Sheet GP2 (2)
A2: miejsce i data: | C2: TORUŃ 4-5.03.2023
C3: https://www,fencingtimelive,com/pools/results/AB30CCE99E7E4482BF9221473FF2C19E/81304AEB09354516A3303AC8B47CB3C6
A5: Place | B5: Name | C5: V | D5: M | E5: V / M | F5: TS | G5: TR | H5: Ind
A6: 1 | B6: KORONA-TRZEBSKI Przemysław | C6: 5 | D6: 5 | E6: 1 | F6: 25 | G6: 9 | H6: 16 | I6: Advanced | J6: KS SZPADA ŁÓDŹ | K6: POL
A7: 2 | B7: HAŚKO Sergiusz | C7: 5 | D7: 5 | E7: 1 | F7: 25 | G7: 10 | H7: 15 | I7: Advanced | J7: BYTOMSKIE TOWARZYSTWO SZERMIERCZE | K7: POL
A8: 3 | B8: LIPKOWSKA Dominika | C8: 5 | D8: 5 | E8: 1 | F8: 25 | G8: 11 | H8: 14 | I8: Advanced | J8: KS AZS AWFIS GDAŃSK. | K8: POL
A9: 4 | B9: MALINOWSKI Piotr | C9: 4 | D9: 5 | E9: 0.8 | F9: 24 | G9: 9 | H9: 15 | I9: Advanced | J9: Alex Toruń | K9: CZE
A10: 5 | B10: NOWAK Szymon | C10: 4 | D10: 5 | E10: 0.8 | F10: 24 | G10: 13 | H10: 11 | I10: Advanced | J10: AZS AWF GDAŃSK | K10: POL
A11: 6 | B11: SZMIDT Grzegorz | C11: 4 | D11: 5 | E11: 0.8 | F11: 23 | G11: 16 | H11: 7 | I11: Advanced | J11: WKS KOLEJARZ WROCŁAW. | K11: POL
A12: 7 | B12: JADCZUK Wojciech | C12: 3 | D12: 5 | E12: 0.6 | F12: 21 | G12: 14 | H12: 7 | I12: Advanced | J12: KKS KRAKÓW | K12: POL
A13: 8 | B13: NIKALAICHUK Aliaksandr | C13: 3 | D13: 5 | E13: 0.6 | F13: 20 | G13: 13 | H13: 7 | I13: Advanced | K13: POL
A14: 9 | B14: GWIAZDA Paweł | C14: 3 | D14: 5 | E14: 0.6 | F14: 21 | G14: 17 | H14: 4 | I14: Advanced | J14: PTG SOKÓŁ 1893 MIELEC | K14: POL
A15: 10T | B15: POŚPIESZNY Sławomir | C15: 3 | D15: 5 | E15: 0.6 | F15: 20 | G15: 16 | H15: 4 | I15: Advanced | J15: WKS KOLEJARZ WROCŁAW. | K15: POL
A16: 10T | B16: BAZAK Jacek | C16: 3 | D16: 5 | E16: 0.6 | F16: 20 | G16: 16 | H16: 4 | I16: Advanced | J16: AKS MIKOŁÓW | K16: POL
A17: 12 | B17: MENCWAL Adam | C17: 3 | D17: 5 | E17: 0.6 | F17: 21 | G17: 20 | H17: 1 | I17: Advanced | J17: ZJEDNOCZENI PABIANICE | K17: POL
A18: 13 | B18: TOMASZEWSKA Hanna | C18: 3 | D18: 5 | E18: 0.6 | F18: 16 | G18: 17 | H18: -1 | I18: Advanced | K18: POL
A19: 14 | B19: BONIK-NINARD Agata | C19: 2 | D19: 5 | E19: 0.4 | F19: 19 | G19: 18 | H19: 1 | I19: Advanced | J19: KS AZS AWFIS GDAŃSK. | K19: POL
A20: 15 | B20: PAKUŁA Łukasz | C20: 2 | D20: 5 | E20: 0.4 | F20: 17 | G20: 17 | H20: 0 | I20: Advanced | J20: AZS AWF GDAŃSK | K20: POL
A21: 16 | B21: JUSZKIEWICZ Piotr | C21: 2 | D21: 5 | E21: 0.4 | F21: 15 | G21: 20 | H21: -5 | I21: Advanced | J21: MKS KUSY SZCZECIN | K21: POL
A22: 17 | B22: BORKOWSKI Andrzej | C22: 2 | D22: 5 | E22: 0.4 | F22: 15 | G22: 21 | H22: -6 | I22: Advanced | J22: Alex Toruń | K22: POL
A23: 18 | B23: RUT Agnieszka | C23: 1 | D23: 5 | E23: 0.2 | F23: 14 | G23: 23 | H23: -9 | I23: Advanced | J23: KS AZS AWFIS GDAŃSK. | K23: POL
A24: 19 | B24: ĆWIORO Krzysztof | C24: 1 | D24: 5 | E24: 0.2 | F24: 12 | G24: 22 | H24: -10 | I24: Advanced | J24: BYTOMSKIE TOWARZYSTWO SZERMIERCZE | K24: POL
A25: 20 | B25: ADAMCZYK Grzegorz | C25: 1 | D25: 5 | E25: 0.2 | F25: 11 | G25: 22 | H25: -11 | I25: Advanced | J25: ZJEDNOCZENI PABIANICE | K25: POL
A26: 21 | B26: BARAŃSKI Wacław | C26: 1 | D26: 5 | E26: 0.2 | F26: 9 | G26: 23 | H26: -14 | I26: Advanced | J26: KS CRACOVIA 1906. | K26: POL
A27: 22 | B27: WYLĘGAŁA Jerzy | C27: 0 | D27: 5 | E27: 0 | F27: 12 | G27: 25 | H27: -13 | I27: Advanced | J27: WKS KOLEJARZ WROCŁAW. | K27: POL
A28: 23 | B28: KASZTELOWICZ Piotr | C28: 0 | D28: 5 | E28: 0 | F28: 7 | G28: 25 | H28: -18 | I28: Advanced | J28: Alex Toruń | K28: POL
A29: 24 | B29: MULSON Irena | C29: 0 | D29: 5 | E29: 0 | F29: 6 | G29: 25 | H29: -19 | I29: Advanced | J29: Alex Toruń | K29: POL

Sheet GP3 (1)
A2: miejsce i data: | C2: NIEPOŁOMICE 17-18.06.2022
C3: https://www.fencingtimelive.com/pools/results/419891F1DFC14B3B8739FD07976712E7/0CE3AE06B63D4CBA97E49DAD8B206BDA
A5: Place | B5: Name | C5: V | D5: M | E5: V / M | F5: TS | G5: TR | H5: Ind | I5: Status | J5: Club(s) | K5: Division | L5: Country
A6: 1 | B6: NIKALAICHUK Aliaksandr | C6: 5 | D6: 5 | E6: 1 | F6: 25 | G6: 9 | H6: 16 | I6: Advanced | L6: POL
A7: 2 | B7: JADCZUK Wojciech | C7: 5 | D7: 5 | E7: 1 | F7: 25 | G7: 10 | H7: 15 | I7: Advanced | J7: KKS KRAKÓW | L7: POL
A8: 3 | B8: SZMIDT Grzegorz | C8: 5 | D8: 6 | E8: 0.83 | F8: 29 | G8: 11 | H8: 18 | I8: Advanced | J8: WKS KOLEJARZ WROCŁAW. | L8: POL
A9: 4 | B9: RZESZUTKO Jakub | C9: 5 | D9: 6 | E9: 0.83 | F9: 29 | G9: 12 | H9: 17 | I9: Advanced | J9: KOLEJARZ 24 KATOWICE | L9: POL
A10: 5 | B10: KORONA-TRZEBSKI Przemysław | C10: 5 | D10: 6 | E10: 0.83 | F10: 29 | G10: 18 | H10: 11 | I10: Advanced | J10: KS SZPADA ŁÓDŹ | L10: POL
A11: 6 | B11: MALINOWSKI Piotr | C11: 3 | D11: 5 | E11: 0.6 | F11: 19 | G11: 11 | H11: 8 | I11: Advanced | J11: Alex Toruń | L11: POL
A12: 7 | B12: POKRZYWA Mariusz | C12: 3 | D12: 5 | E12: 0.6 | F12: 22 | G12: 15 | H12: 7 | I12: Advanced | J12: AZS AWF KRAKÓW | L12: POL
A13: 8 | B13: HAŚKO Sergiusz | C13: 3 | D13: 5 | E13: 0.6 | F13: 19 | G13: 13 | H13: 6 | I13: Advanced | J13: BYTOMSKIE TOWARZYSTWO SZERMIERCZE | L13: POL
A14: 9 | B14: PAKUŁA Łukasz | C14: 3 | D14: 5 | E14: 0.6 | F14: 22 | G14: 17 | H14: 5 | I14: Advanced | J14: AZS AWF GDAŃSK | L14: POL
A15: 10 | B15: NOWAK Szymon | C15: 3 | D15: 5 | E15: 0.6 | F15: 17 | G15: 14 | H15: 3 | I15: Advanced | J15: AZS AWF GDAŃSK | L15: POL
A16: 11 | B16: BORKOWSKI Andrzej | C16: 3 | D16: 6 | E16: 0.5 | F16: 20 | G16: 21 | H16: -1 | I16: Advanced | J16: Alex Toruń | L16: POL
A17: 12 | B17: GWIAZDA Paweł | C17: 2 | D17: 5 | E17: 0.4 | F17: 15 | G17: 20 | H17: -5 | I17: Advanced | J17: PTG SOKÓŁ 1893 MIELEC | L17: POL
A18: 13 | B18: POŚPIESZNY Sławomir | C18: 2 | D18: 5 | E18: 0.4 | F18: 13 | G18: 18 | H18: -5 | I18: Advanced | J18: WKS KOLEJARZ WROCŁAW. | L18: POL
... A24: 19 | B24: MULSON Irena | C24: 0 | D24: 5 | E24: 0 | F24: 2 | G24: 25 | H24: -23 | I24: Advanced | J24: Alex Toruń | L24: POL

Sheet GP3 (2)
A2: miejsce i data: | C2: NIEPOŁOMICE 17-18.06.2023
C3: https://www.fencingtimelive.com/pools/results/419891F1DFC14B3B8739FD07976712E7/076E3FCD8DC040F1B34B156A0D60A397
A5: Place | B5: Name | C5: V | D5: M | E5: V / M | F5: TS | G5: TR | H5: Ind | I5: Status | J5: Club(s) | K5: Division | L5: Country
A6: 1 | B6: MALINOWSKI Piotr | C6: 6 | D6: 6 | E6: 1.00 | F6: 30 | G6: 12 | H6: 18 | I6: Advanced | J6: Alex Toruń | L6: POL
A7: 2 | B7: RZESZUTKO Jakub | C7: 5 | D7: 5 | E7: 1.00 | F7: 25 | G7: 10 | H7: 15 | I7: Advanced | J7: KOLEJARZ 24 KATOWICE | L7: POL
A8: 3 | B8: POŚPIESZNY Sławomir | C8: 5 | D8: 6 | E8: 0.83 | F8: 25 | G8: 14 | H8: 11 | I8: Advanced | J8: WKS KOLEJARZ WROCŁAW. | L8: POL
A9: 4 | B9: SZMIDT Grzegorz | C9: 4 | D9: 5 | E9: 0.80 | F9: 23 | G9: 8 | H9: 15 | I9: Advanced | J9: WKS KOLEJARZ WROCŁAW. | L9: POL
A10: 5 | B10: JADCZUK Wojciech | C10: 4 | D10: 5 | E10: 0.80 | F10: 22 | G10: 12 | H10: 10 | I10: Advanced | J10: KKS KRAKÓW | L10: POL
A11: 6 | B11: HAŚKO Sergiusz | C11: 4 | D11: 5 | E11: 0.80 | F11: 23 | G11: 16 | H11: 7 | I11: Advanced | J11: BYTOMSKIE TOWARZYSTWO SZERMIERCZE | L11: POL
A12: 7 | B12: POKRZYWA Mariusz | C12: 4 | D12: 6 | E12: 0.67 | F12: 25 | G12: 17 | H12: 8 | I12: Advanced | J12: AZS AWF KRAKÓW | L12: POL
A13: 8 | B13: KORONA-TRZEBSKI Przemysław | C13: 3 | D13: 5 | E13: 0.60 | F13: 20 | G13: 14 | H13: 6 | I13: Advanced | J13: KS SZPADA ŁÓDŹ | L13: POL
A14: 9 | B14: PAKUŁA Łukasz | C14: 3 | D14: 5 | E14: 0.60 | F14: 19 | G14: 13 | H14: 6 | I14: Advanced | J14: AZS AWF GDAŃSK | L14: POL
A15: 10 | B15: NIKALAICHUK Aliaksandr | C15: 3 | D15: 6 | E15: 0.50 | F15: 23 | G15: 21 | H15: 2 | I15: Advanced | L15: POL
A16: 11 | B16: NOWAK Szymon | C16: 2 | D16: 5 | E16: 0.40 | F16: 18 | G16: 18 | H16: 0 | I16: Advanced | J16: AZS AWF GDAŃSK | L16: POL
A17: 12 | B17: MAŁASIŃSKI Adam | C17: 2 | D17: 5 | E17: 0.40 | F17: 18 | G17: 20 | H17: -2 | I17: Advanced | J17: AZS AWF KRAKÓW | L17: POL
A18: 13 | B18: WOJTAS Bogdan | C18: 2 | D18: 5 | E18: 0.40 | F18: 14 | G18: 18 | H18: -4 | I18: Advanced | J18: KKS KRAKÓW | L18: POL
A19: 14 | B19: GWIAZDA Paweł | C19: 2 | D19: 6 | E19: 0.33 | F19: 21 | G19: 20 | H19: 1 | I19: Advanced | J19: PTG SOKÓŁ 1893 MIELEC | L19: POL
A20: 15 | B20: BORKOWSKI Andrzej | C20: 1 | D20: 5 | E20: 0.20 | F20: 7 | G20: 21 | H20: -14 | I20: Advanced | J20: Alex Toruń | L20: POL
A21: 16 | B21: ADAMCZYK Grzegorz | C21: 1 | D21: 6 | E21: 0.17 | F21: 11 | G21: 25 | H21: -14 | I21: Advanced | J21: ZJEDNOCZENI PABIANICE | L21: POL
A22: 17 | B22: BARAŃSKI Wacław | C22: 0 | D22: 5 | E22: 0.00 | F22: 7 | G22: 25 | H22: -18 | I22: Advanced | J22: KS CRACOVIA 1906. | L22: POL
A23: 18 | B23: BORKOWSKA Halina | C23: 0 | D23: 5 | E23: 0.00 | F23: 4 | G23: 25 | H23: -21 | I23: Advanced | J23: Alex Toruń | L23: POL
A24: 19 | B24: MULSON Irena | C24: 0 | D24: 6 | E24: 0.00 | F24: 4 | G24: 30 | H24: -26 | I24: Advanced | J24: Alex Toruń | L24: POL

Sheet GP4 (1)
A2: miejsce i data: | C2: OPOLE 23-24,10,2023
C3: https://www.fencingtimelive.com/pools/results/8BA93E9803504D5A9160AC52D2DB7810/3DD0351F9BBC41B18CAC29E63453264C
A5: Place | B5: Name | C5: V | D5: M | E5: V / M | F5: TS | G5: TR | H5: Ind | I5: Status | J5: Club(s) | K5: Division | L5: Country
A6: 1 | B6: SZMIDT Grzegorz | C6: 6 | D6: 6 | E6: 1 | F6: 29 | G6: 11 | H6: 18 | I6: Advanced | J6: WKS KOLEJARZ WROCŁAW. | L6: POL
A7: 2 | B7: MALINOWSKI Piotr | C7: 5 | D7: 5 | E7: 1 | F7: 25 | G7: 11 | H7: 14 | I7: Advanced | J7: Alex Toruń | L7: POL
A8: 3 | B8: HAŚKO Sergiusz | C8: 5 | D8: 6 | E8: 0.83 | F8: 29 | G8: 15 | H8: 14 | I8: Advanced | J8: BYTOMSKIE TOWARZYSTWO SZERMIERCZE | L8: POL
A9: 4 | B9: BAZAK Jacek | C9: 4 | D9: 5 | E9: 0.8 | F9: 23 | G9: 6 | H9: 17 | I9: Advanced | J9: AKS MIKOŁÓW | L9: POL
A10: 5 | B10: POŚPIESZNY Sławomir | C10: 4 | D10: 5 | E10: 0.8 | F10: 20 | G10: 9 | H10: 11 | I10: Advanced | J10: WKS KOLEJARZ WROCŁAW. | L10: POL
A11: 6 | B11: NIKALAICHUK Aliaksandr | C11: 4 | D11: 5 | E11: 0.8 | F11: 20 | G11: 11 | H11: 9 | I11: Advanced | J11: AZS AWF KRAKÓW | L11: POL
A12: 7 | B12: GINZERY Tomas | C12: 4 | D12: 6 | E12: 0.67 | F12: 24 | G12: 11 | H12: 13 | I12: Advanced | J12: KS SAMORIN | L12: POL
A13: 8 | B13: GWIAZDA Paweł | C13: 3 | D13: 5 | E13: 0.6 | F13: 21 | G13: 15 | H13: 6 | I13: Advanced | J13: PTG SOKÓŁ 1893 MIELEC | L13: POL
A14: 9 | B14: LIPKOWSKA Dominika | C14: 3 | D14: 5 | E14: 0.6 | F14: 20 | G14: 17 | H14: 3 | I14: Advanced | J14: KS AZS AWFIS GDAŃSK. | L14: POL
A15: 10 | B15: WYLĘGAŁA Jerzy | C15: 2 | D15: 5 | E15: 0.4 | F15: 18 | G15: 21 | H15: -3 | I15: Advanced | J15: ST. POLSKICH WETERANÓW SZERMIERKI | L15: POL
A16: 11 | B16: BARAŃSKI Wacław | C16: 2 | D16: 5 | E16: 0.4 | F16: 18 | G16: 22 | H16: -4 | I16: Advanced | J16: KS CRACOVIA 1906. | L16: CZE
A17: 12 | B17: ĆWIORO Krzysztof | C17: 2 | D17: 5 | E17: 0.4 | F17: 12 | G17: 23 | H17: -11 | I17: Advanced | J17: BYTOMSKIE TOWARZYSTWO SZERMIERCZE | L17: POL
... A24: 19 | B24: BORKOWSKA Halina | C24: 0 | D24: 5 | E24: 0 | F24: 8 | G24: 25 | H24: -17 | I24: Advanced | J24: Alex Toruń | L24: CZE

Sheet GP4 (2)
A2: miejsce i data: | C2: OPOLE 23-24,10,2023
C3: https://www.fencingtimelive.com/pools/results/8BA93E9803504D5A9160AC52D2DB7810/E859376BE3C8483F9EB059B729D9EAF7
A5: Place | B5: Name | C5: V | D5: M | E5: V / M | F5: TS | G5: TR | H5: Ind | I5: Status | J5: Club(s) | K5: Division | L5: Country
A6: 1 | B6: GINZERY Tomas | C6: 6 | D6: 6 | E6: 1 | F6: 30 | G6: 4 | H6: 26 | I6: Advanced | J6: KS SAMORIN | L6: POL
A7: 2 | B7: MALINOWSKI Piotr | C7: 5 | D7: 5 | E7: 1 | F7: 25 | G7: 8 | H7: 17 | I7: Advanced | J7: Alex Toruń | L7: POL
A8: 3 | B8: BAZAK Jacek | C8: 4 | D8: 5 | E8: 0.8 | F8: 23 | G8: 9 | H8: 14 | I8: Advanced | J8: AKS MIKOŁÓW | L8: POL
A9: 4 | B9: POŚPIESZNY Sławomir | C9: 4 | D9: 5 | E9: 0.8 | F9: 22 | G9: 11 | H9: 11 | I9: Advanced | J9: WKS KOLEJARZ WROCŁAW. | L9: POL
A10: 5 | B10: HAŚKO Sergiusz | C10: 4 | D10: 5 | E10: 0.8 | F10: 22 | G10: 13 | H10: 9 | I10: Advanced | J10: BYTOMSKIE TOWARZYSTWO SZERMIERCZE | L10: POL
A11: 6 | B11: SZMIDT Grzegorz | C11: 4 | D11: 6 | E11: 0.67 | F11: 26 | G11: 13 | H11: 13 | I11: Advanced | J11: WKS KOLEJARZ WROCŁAW. | L11: POL
A12: 7 | B12: NIKALAICHUK Aliaksandr | C12: 4 | D12: 6 | E12: 0.67 | F12: 25 | G12: 15 | H12: 10 | I12: Advanced | J12: AZS AWF KRAKÓW | L12: POL
A13: 8 | B13: WOJTAS Bogdan | C13: 3 | D13: 5 | E13: 0.6 | F13: 20 | G13: 14 | H13: 6 | I13: Advanced | J13: KKS KRAKÓW | L13: CZE
A14: 9 | B14: GWIAZDA Paweł | C14: 3 | D14: 5 | E14: 0.6 | F14: 18 | G14: 12 | H14: 6 | I14: Advanced | J14: PTG SOKÓŁ 1893 MIELEC | L14: POL
A15: 10 | B15: WASILCZUK Beata | C15: 3 | D15: 6 | E15: 0.5 | F15: 22 | G15: 20 | H15: 2 | I15: Advanced | J15: IKS AWF WARSZAWA | L15: POL
A16: 11 | B16: ĆWIORO Krzysztof | C16: 3 | D16: 6 | E16: 0.5 | F16: 16 | G16: 24 | H16: -8 | I16: Advanced | J16: BYTOMSKIE TOWARZYSTWO SZERMIERCZE | L16: POL
A17: 12 | B17: KIERSZNICKI Ryszard | C17: 2 | D17: 5 | E17: 0.4 | F17: 17 | G17: 16 | H17: 1 | I17: Advanced | J17: ST. POLSKICH WETERANÓW SZERMIERKI | L17: CZE
... A24: 19 | B24: WYLĘGAŁA Jerzy | C24: 0 | D24: 5 | E24: 0 | F24: 2 | G24: 25 | H24: -23 | I24: Advanced | J24: ST. POLSKICH WETERANÓW SZERMIERKI | L24: POL

Sheet GP5 (1)
A2: miejsce i data: | C2: GDAŃSK 28.10.2023
C3: https://www.fencingtimelive.com/pools/results/6AF7B17E3A9E45BAA5C4F38FA982185D/9462DF768E9447999EE6A63B054ECDF9
A5: Place | B5: Name | C5: V | D5: M | E5: V / M | F5: TS | G5: TR | H5: Ind | I5: Status | J5: Club(s) | K5: Division | L5: Country
A6: 1 | B6: LIPKOWSKA Dominika | C6: 5 | D6: 5 | E6: 1 | F6: 25 | G6: 10 | H6: 15 | I6: Advanced | J6: KS AZS AWFIS GDAŃSK. | L6: POL
A7: 2 | B7: MALINOWSKI Piotr | C7: 5 | D7: 5 | E7: 1 | F7: 25 | G7: 13 | H7: 12 | I7: Advanced | J7: Alex Toruń | L7: POL
A8: 3 | B8: HAŚKO Sergiusz | C8: 4 | D8: 4 | E8: 1 | F8: 20 | G8: 8 | H8: 12 | I8: Advanced | J8: BYTOMSKIE TOWARZYSTWO SZERMIERCZE | L8: POL
A9: 4 | B9: POŚPIESZNY Sławomir | C9: 4 | D9: 5 | E9: 0.8 | F9: 22 | G9: 10 | H9: 12 | I9: Advanced | J9: WKS KOLEJARZ WROCŁAW. | L9: POL
A10: 5 | B10: PAKUŁA Łukasz | C10: 3 | D10: 4 | E10: 0.75 | F10: 18 | G10: 14 | H10: 4 | I10: Advanced | J10: KS AZS AWFIS GDAŃSK. | L10: POL
A11: 6 | B11: JEROZOLIMSKI Marek | C11: 3 | D11: 5 | E11: 0.6 | F11: 18 | G11: 11 | H11: 7 | I11: Advanced | J11: KS AZS AWFIS GDAŃSK. | L11: POL
A12: 7 | B12: POKRZYWA Mariusz | C12: 3 | D12: 5 | E12: 0.6 | F12: 21 | G12: 15 | H12: 6 | I12: Advanced | J12: AZS AWF KRAKÓW | L12: POL
A13: 8 | B13: NOWAK Szymon | C13: 3 | D13: 5 | E13: 0.6 | F13: 15 | G13: 13 | H13: 2 | I13: Advanced | J13: KS AZS AWFIS GDAŃSK. | L13: POL
A14: 9 | B14: NIKALAICHUK Aliaksandr | C14: 2 | D14: 4 | E14: 0.5 | F14: 17 | G14: 11 | H14: 6 | I14: Advanced | J14: AZS AWF KRAKÓW | L14: POL
A15: 10 | B15: BAZAK Jacek | C15: 2 | D15: 5 | E15: 0.4 | F15: 18 | G15: 17 | H15: 1 | I15: Advanced | J15: AKS MIKOŁÓW | L15: POL
A16: 11 | B16: DRAPELLA Maciej | C16: 2 | D16: 5 | E16: 0.4 | F16: 15 | G16: 18 | H16: -3 | I16: Advanced | J16: KS AZS AWFIS GDAŃSK. | L16: POL
A17: 12 | B17: ADAMCZYK Grzegorz | C17: 1 | D17: 4 | E17: 0.25 | F17: 10 | G17: 18 | H17: -8 | I17: Advanced | J17: ZJEDNOCZENI PABIANICE | L17: POL
... A22: 17 | B22: BORKOWSKA Halina | C22: 0 | D22: 5 | E22: 0 | F22: 6 | G22: 25 | H22: -19 | I22: Advanced | J22: TS Alex Toruń | L22: POL

Sheet GP5 (2)
A2: miejsce i data: | C2: GDAŃSK 28.10.2023
C3: https://www.fencingtimelive.com/pools/results/6AF7B17E3A9E45BAA5C4F38FA982185D/AD588885CA584A83A918FD4BEDB9748F
A5: Place | B5: Name | C5: V | D5: M | E5: V / M | F5: TS | G5: TR | H5: Ind | I5: Status | J5: Club(s) | K5: Division | L5: Country
A6: 1T | B6: JEROZOLIMSKI Marek | C6: 5 | D6: 5 | E6: 1 | F6: 25 | G6: 8 | H6: 17 | I6: Advanced | J6: KS AZS AWFIS GDAŃSK. | L6: POL
A7: 1T | B7: NOWAK Szymon | C7: 5 | D7: 5 | E7: 1 | F7: 25 | G7: 8 | H7: 17 | I7: Advanced | J7: KS AZS AWFIS GDAŃSK. | L7: POL
A8: 3 | B8: PAKUŁA Łukasz | C8: 4 | D8: 5 | E8: 0.8 | F8: 24 | G8: 7 | H8: 17 | I8: Advanced | J8: KS AZS AWFIS GDAŃSK. | L8: POL
A9: 4 | B9: POKRZYWA Mariusz | C9: 4 | D9: 5 | E9: 0.8 | F9: 20 | G9: 8 | H9: 12 | I9: Advanced | J9: AZS AWF KRAKÓW | L9: POL
A10: 5 | B10: POŚPIESZNY Sławomir | C10: 3 | D10: 4 | E10: 0.75 | F10: 19 | G10: 10 | H10: 9 | I10: Advanced | J10: WKS KOLEJARZ WROCŁAW. | L10: POL
A11: 6T | B11: BAZAK Jacek | C11: 3 | D11: 4 | E11: 0.75 | F11: 16 | G11: 13 | H11: 3 | I11: Advanced | J11: AKS MIKOŁÓW | L11: POL
A12: 6T | B12: HAŚKO Sergiusz | C12: 3 | D12: 4 | E12: 0.75 | F12: 16 | G12: 13 | H12: 3 | I12: Advanced | J12: BYTOMSKIE TOWARZYSTWO SZERMIERCZE | L12: POL
A13: 8 | B13: LIPKOWSKA Dominika | C13: 3 | D13: 5 | E13: 0.6 | F13: 21 | G13: 13 | H13: 8 | I13: Advanced | J13: KS AZS AWFIS GDAŃSK. | L13: POL
A14: 9 | B14: MALINOWSKI Piotr | C14: 3 | D14: 5 | E14: 0.6 | F14: 19 | G14: 13 | H14: 6 | I14: Advanced | J14: Alex Toruń | L14: POL
A15: 10 | B15: BORKOWSKI Andrzej | C15: 2 | D15: 5 | E15: 0.4 | F15: 14 | G15: 14 | H15: 0 | I15: Advanced | J15: TS Alex Toruń | L15: POL
A16: 11 | B16: ADAMCZYK Grzegorz | C16: 2 | D16: 5 | E16: 0.4 | F16: 13 | G16: 19 | H16: -6 | I16: Advanced | J16: ZJEDNOCZENI PABIANICE | L16: POL
A17: 12 | B17: DRAPELLA Maciej | C17: 1 | D17: 4 | E17: 0.25 | F17: 12 | G17: 18 | H17: -6 | I17: Advanced | J17: KS AZS AWFIS GDAŃSK. | L17: POL
A18: 13 | B18: KIERSZNICKI Ryszard | C18: 1 | D18: 5 | E18: 0.2 | F18: 9 | G18: 22 | H18: -13 | I18: Advanced | J18: ST. POLSKICH WETERANÓW SZERMIERKI | L18: POL
A19: 14 | B19: ĆWIORO Krzysztof | C19: 1 | D19: 5 | E19: 0.2 | F19: 7 | G19: 22 | H19: -15 | I19: Advanced | J19: BYTOMSKIE TOWARZYSTWO SZERMIERCZE | L19: POL
A20: 15 | B20: NIKALAICHUK Aliaksandr | C20: 0 | D20: 4 | E20: 0 | F20: 11 | G20: 20 | H20: -9 | I20: Advanced | J20: AZS AWF KRAKÓW | L20: POL
A21: 16 | B21: BORKOWSKA Halina | C21: 0 | D21: 5 | E21: 0 | F21: 4 | G21: 25 | H21: -21 | I21: Advanced | J21: TS Alex Toruń | L21: POL
A22: 17 | B22: MULSON Irena | C22: 0 | D22: 5 | E22: 0 | F22: 3 | G22: 25 | H22: -22 | I22: Advanced | J22: Alex Toruń | L22: POL

Sheet GP6 (1)
A2: miejsce i data: | C2: KRAKÓW 19.11.2023
C3: https://www.fencingtimelive.com/pools/results/15FE8FA913B34BC49978C72937C963CE/0F2C4AA0E71A4BAF81DA25BBAF1CE039
A5: Place | B5: Name | C5: V | D5: M | E5: V / M | F5: TS | G5: TR | H5: Ind | I5: Status | J5: Club(s) | K5: Country
A6: 1 | B6: NIKALAICHUK Aliaksandr | C6: 5 | D6: 5 | E6: 1.00 | F6: 25 | G6: 10 | H6: 15 | I6: Advanced | J6: AZS AWF KRAKÓW | K6: POL
A7: 2 | B7: POŚPIESZNY Sławomir | C7: 4 | D7: 4 | E7: 1.00 | F7: 19 | G7: 7 | H7: 12 | I7: Advanced | J7: WKS KOLEJARZ WROCŁAW. | K7: POL
A8: 3 | B8: SZMIDT Grzegorz | C8: 4 | D8: 5 | E8: 0.80 | F8: 23 | G8: 7 | H8: 16 | I8: Advanced | J8: WKS KOLEJARZ WROCŁAW. | K8: POL
A9: 4 | B9: MALINOWSKI Piotr | C9: 3 | D9: 4 | E9: 0.75 | F9: 19 | G9: 9 | H9: 10 | I9: Advanced | J9: Alex Toruń | K9: POL
A10: 5 | B10: JADCZUK Wojciech | C10: 3 | D10: 4 | E10: 0.75 | F10: 19 | G10: 11 | H10: 8 | I10: Advanced | J10: KKS KRAKÓW | K10: POL
A11: 6 | B11: GWIAZDA Paweł | C11: 3 | D11: 5 | E11: 0.60 | F11: 19 | G11: 14 | H11: 5 | I11: Advanced | J11: PTG SOKÓŁ 1893 MIELEC | K11: POL
A12: 7 | B12: POKRZYWA Mariusz | C12: 2 | D12: 4 | E12: 0.50 | F12: 14 | G12: 12 | H12: 2 | I12: Advanced | J12: AZS AWF KRAKÓW | K12: POL
A13: 8 | B13: HAŚKO Sergiusz | C13: 2 | D13: 4 | E13: 0.50 | F13: 17 | G13: 16 | H13: 1 | I13: Advanced | J13: BYTOMSKIE TOWARZYSTWO SZERMIERCZE | K13: POL
A14: 9 | B14: KORONA-TRZEBSKI Przemysław | C14: 2 | D14: 4 | E14: 0.50 | F14: 11 | G14: 16 | H14: -5 | I14: Advanced | J14: AZS AWF WARSZAWA | K14: POL
A15: 10 | B15: ADAMCZYK Grzegorz | C15: 2 | D15: 5 | E15: 0.40 | F15: 13 | G15: 22 | H15: -9 | I15: Advanced | J15: ZJEDNOCZENI PABIANICE | K15: POL
A16: 11 | B16: BORKOWSKI Andrzej | C16: 1 | D16: 4 | E16: 0.25 | F16: 11 | G16: 14 | H16: -3 | I16: Advanced | J16: Alex Toruń | K16: POL
A17: 12 | B17: MAŁASIŃSKI Adam | C17: 1 | D17: 4 | E17: 0.25 | F17: 12 | G17: 17 | H17: -5 | I17: Advanced | J17: AZS AWF KRAKÓW | K17: POL
... A21: 16 | B21: JUSZKIEWICZ Piotr | C21: 0 | D21: 5 | E21: 0.00 | F21: 10 | G21: 25 | H21: -15 | I21: Advanced | J21: ST. POLSKICH WETERANÓW SZERMIERKI | K21: POL

Sheet GP6 (2)
A2: miejsce i data: | C2: KRAKÓW 19.11.2023
C3: https://www.fencingtimelive.com/pools/results/15FE8FA913B34BC49978C72937C963CE/84C81B14195641768324043EE1FA50AE
A5: Place | B5: Name | C5: V | D5: M | E5: V / M | F5: TS | G5: TR | H5: Ind | I5: Status | J5: Club(s) | K5: Country
A6: 1 | B6: NIKALAICHUK Aliaksandr | C6: 5 | D6: 5 | E6: 1.00 | F6: 25 | G6: 4 | H6: 21 | I6: Advanced | J6: AZS AWF KRAKÓW | K6: POL
A7: 2T | B7: JADCZUK Wojciech | C7: 4 | D7: 4 | E7: 1.00 | F7: 20 | G7: 6 | H7: 14 | I7: Advanced | J7: KKS KRAKÓW | K7: POL
A8: 2T | B8: SZMIDT Grzegorz | C8: 4 | D8: 4 | E8: 1.00 | F8: 20 | G8: 6 | H8: 14 | I8: Advanced | J8: WKS KOLEJARZ WROCŁAW. | K8: POL
A9: 4 | B9: GWIAZDA Paweł | C9: 4 | D9: 5 | E9: 0.80 | F9: 20 | G9: 11 | H9: 9 | I9: Advanced | J9: PTG SOKÓŁ 1893 MIELEC | K9: POL
A10: 5 | B10: POKRZYWA Mariusz | C10: 3 | D10: 4 | E10: 0.75 | F10: 16 | G10: 7 | H10: 9 | I10: Advanced | J10: AZS AWF KRAKÓW | K10: POL
A11: 6 | B11: MALINOWSKI Piotr | C11: 3 | D11: 4 | E11: 0.75 | F11: 16 | G11: 8 | H11: 8 | I11: Advanced | J11: Alex Toruń | K11: POL
A12: 7 | B12: HAŚKO Sergiusz | C12: 3 | D12: 5 | E12: 0.60 | F12: 23 | G12: 14 | H12: 9 | I12: Advanced | J12: BYTOMSKIE TOWARZYSTWO SZERMIERCZE | K12: POL
A13: 8 | B13: KORONA-TRZEBSKI Przemysław | C13: 2 | D13: 4 | E13: 0.50 | F13: 12 | G13: 12 | H13: 0 | I13: Advanced | J13: AZS AWF WARSZAWA | K13: POL
A14: 9 | B14: POŚPIESZNY Sławomir | C14: 2 | D14: 4 | E14: 0.50 | F14: 15 | G14: 16 | H14: -1 | I14: Advanced | J14: WKS KOLEJARZ WROCŁAW. | K14: POL
A15: 10 | B15: KIERSZNICKI Ryszard | C15: 2 | D15: 5 | E15: 0.40 | F15: 14 | G15: 17 | H15: -3 | I15: Advanced | J15: ST. POLSKICH WETERANÓW SZERMIERKI | K15: POL
A16: 11 | B16: ADAMCZYK Grzegorz | C16: 1 | D16: 4 | E16: 0.25 | F16: 10 | G16: 17 | H16: -7 | I16: Advanced | J16: ZJEDNOCZENI PABIANICE | K16: POL
A17: 12 | B17: BORKOWSKI Andrzej | C17: 1 | D17: 4 | E17: 0.25 | F17: 10 | G17: 19 | H17: -9 | I17: Advanced | J17: Alex Toruń | K17: POL
... A21: 16 | B21: BORKOWSKA Halina | C21: 0 | D21: 5 | E21: 0.00 | F21: 8 | G21: 25 | H21: -17 | I21: Advanced | J21: Alex Toruń | K21: POL

Sheet GP7 (1)
A2: miejsce i data: | C2: SPAŁA 28.01.2024
C3: https://www.fencingtimelive.com/pools/results/1E9CA77195244EB381F160EFC5A70097/AC6BC1B73E024F8E99EF54C0B02C849D
A5: Place | B5: Name | C5: V | D5: M | E5: V / M | F5: TS | G5: TR | H5: Ind | I5: Status | J5: Club(s) | K5: Division | L5: Country
A6: 1 | B6: LIPKOWSKA Dominika | C6: 4 | D6: 4 | E6: 1.00 | F6: 20 | G6: 8 | H6: 12 | I6: Advanced | J6: KS AZS AWFIS GDAŃSK
A7: 2 | B7: NOWAK Szymon | C7: 4 | D7: 5 | E7: 0.80 | F7: 24 | G7: 17 | H7: 7 | I7: Advanced | J7: KS AZS AWFIS GDAŃSK
A8: 3 | B8: BAZAK Jacek | C8: 4 | D8: 5 | E8: 0.80 | F8: 22 | G8: 17 | H8: 5 | I8: Advanced | J8: AKS MIKOŁÓW
A9: 4 | B9: KORONA-TRZEBSKI Przemysław | C9: 3 | D9: 4 | E9: 0.75 | F9: 18 | G9: 12 | H9: 6 | I9: Advanced | J9: AZS AWF WARSZAWA
A10: 5 | B10: MALINOWSKI Piotr | C10: 3 | D10: 5 | E10: 0.60 | F10: 20 | G10: 16 | H10: 4 | I10: Advanced | J10: ALEX TORUŃ
A11: 6 | B11: JADCZUK Wojciech | C11: 2 | D11: 4 | E11: 0.50 | F11: 15 | G11: 16 | H11: -1 | I11: Advanced | J11: KKS KRAKÓW
A12: 7 | B12: GWIAZDA Paweł | C12: 2 | D12: 5 | E12: 0.40 | F12: 20 | G12: 19 | H12: 1 | I12: Advanced | J12: PTG SOKÓŁ 1893 MIELEC
A13: 8 | B13: ĆWIORO Krzysztof | C13: 1 | D13: 4 | E13: 0.25 | F13: 12 | G13: 18 | H13: -6 | I13: Advanced | J13: BYTOMSKIE TOWARZYSTWO SZERMIERCZE
A14: 9 | B14: ADAMCZYK Grzegorz | C14: 1 | D14: 5 | E14: 0.20 | F14: 15 | G14: 21 | H14: -6 | I14: Advanced | J14: ZJEDNOCZENI PABIANICE
A15: 10 | B15: WASILCZUK Beata | C15: 1 | D15: 5 | E15: 0.20 | F15: 13 | G15: 24 | H15: -11 | I15: Advanced | J15: IKS WARSZAWA
A16: 11 | B16: JUSZKIEWICZ Piotr | C16: 0 | D16: 4 | E16: 0.00 | F16: 9 | G16: 20 | H16: -11 | I16: Advanced | J16: ST. POLSKICH WETERANÓW SZERMIERKI

Sheet GP7 (2)
A2: miejsce i data:
A5: Place | B5: Name | C5: V | D5: M | E5: V / M | F5: TS | G5: TR | H5: Ind | I5: Status | J5: Club(s) | K5: Division | L5: Country
A6: 1 | B6: MALINOWSKI Piotr | C6: 5 | D6: 5 | E6: 1 | F6: 25 | G6: 9 | H6: 16 | I6: Advanced | J6: ALEX TORUŃ
A7: 2T | B7: NOWAK Szymon | C7: 3 | D7: 4 | E7: 0.75 | F7: 18 | G7: 11 | H7: 7 | I7: Advanced | J7: KS AZS AWFIS GDAŃSK
A8: 2T | B8: BAZAK Jacek | C8: 3 | D8: 4 | E8: 0.75 | F8: 18 | G8: 11 | H8: 7 | I8: Advanced | J8: AKS MIKOŁÓW
A9: 4 | B9: LIPKOWSKA Dominika | C9: 3 | D9: 5 | E9: 0.6 | F9: 23 | G9: 16 | H9: 7 | I9: Advanced | J9: KS AZS AWFIS GDAŃSK
A10: 5 | B10: GWIAZDA Paweł | C10: 3 | D10: 5 | E10: 0.6 | F10: 20 | G10: 14 | H10: 6 | I10: Advanced | J10: PTG SOKÓŁ 1893 MIELEC
A11: 6 | B11: KORONA-TRZEBSKI Przemysław | C11: 3 | D11: 5 | E11: 0.6 | F11: 17 | G11: 17 | H11: 0 | I11: Advanced | J11: AZS AWF WARSZAWA
A12: 7 | B12: JADCZUK Wojciech | C12: 2 | D12: 4 | E12: 0.5 | F12: 17 | G12: 14 | H12: 3 | I12: Advanced | J12: KKS KRAKÓW
A13: 8 | B13: WASILCZUK Beata | C13: 2 | D13: 4 | E13: 0.5 | F13: 14 | G13: 16 | H13: -2 | I13: Advanced | J13: IKS WARSZAWA
A14: 9 | B14: ADAMCZYK Grzegorz | C14: 1 | D14: 5 | E14: 0.2 | F14: 10 | G14: 22 | H14: -12 | I14: Advanced | J14: ZJEDNOCZENI PABIANICE
A15: 10 | B15: ĆWIORO Krzysztof | C15: 0 | D15: 4 | E15: 0 | F15: 5 | G15: 20 | H15: -15 | I15: Advanced | J15: BYTOMSKIE TOWARZYSTWO SZERMIERCZE
A16: 11 | B16: JUSZKIEWICZ Piotr | C16: 0 | D16: 5 | E16: 0 | F16: 8 | G16: 25 | H16: -17 | I16: Advanced | J16: ST. POLSKICH WETERANÓW SZERMIERKI

Sheet GP8 (1)
A2: miejsce i data: | C2: NIEPOŁOMICE 23.06.2024
C3: https://www.fencingtimelive.com/pools/results/E27295A9B21E4434B2EFB11E5736ED4A/3237EFED3D1A4D5DB5BAC0C948CC4FCC
A5: Place | B5: Name | C5: V | D5: M | E5: V / M | F5: TS | G5: TR | H5: Ind | I5: Status | J5: Club(s) | K5: Division | L5: Country
A6: 1 | B6: HAŚKO Sergiusz | C6: 4 | D6: 4 | E6: 1.00 | F6: 20 | G6: 3 | H6: 17 | I6: Advanced | J6: BYTOMSKIE TOWARZYSTWO SZERMIERCZE
A7: 2 | B7: BAZAK Jacek | C7: 4 | D7: 5 | E7: 0.80 | F7: 24 | G7: 9 | H7: 15 | I7: Advanced | J7: AKS MIKOŁÓW
A8: 3 | B8: JADCZUK Wojciech | C8: 4 | D8: 5 | E8: 0.80 | F8: 23 | G8: 9 | H8: 14 | I8: Advanced | J8: KKS KRAKÓW
A9: 4 | B9: MALINOWSKI Piotr | C9: 3 | D9: 4 | E9: 0.75 | F9: 16 | G9: 9 | H9: 7 | I9: Advanced | J9: ALEX TORUŃ
A10: 5 | B10: KORONA-TRZEBSKI Przemysław | C10: 3 | D10: 5 | E10: 0.60 | F10: 19 | G10: 15 | H10: 4 | I10: Advanced | J10: AZS AWF WARSZAWA
A11: 6 | B11: POKRZYWA MARIUSZ | C11: 2 | D11: 4 | E11: 0.50 | F11: 12 | G11: 13 | H11: -1 | I11: Advanced | J11: AZS AWF KRAKÓW
A12: 7 | B12: MAŁASIŃSKI Adam | C12: 2 | D12: 5 | E12: 0.40 | F12: 12 | G12: 22 | H12: -10 | I12: Advanced | J12: AZS AWF KRAKÓW
A13: 8 | B13: WASILCZUK Beata | C13: 1 | D13: 4 | E13: 0.25 | F13: 8 | G13: 18 | H13: -10 | I13: Advanced | J13: IKS AWF WARSZAWA
A14: 9 | B14: SAMECKA -NACZYŃSKA Martyna | C14: 1 | D14: 5 | E14: 0.20 | F14: 13 | G14: 21 | H14: -8 | I14: Advanced | J14: IKS AWF WARSZAWA
A15: 10 | B15: KIERSZNICKI Ryszard | C15: 1 | D15: 5 | E15: 0.20 | F15: 7 | G15: 22 | H15: -15 | I15: Advanced | J15: ST. POLSKICH WETERANÓW SZERMIERKI
A16: 11 | B16: ŻUKOWSKI Wojciech | C16: 0 | D16: 4 | E16: 0.00 | F16: 7 | G16: 20 | H16: -13 | I16: Advanced | J16: SZERMIERKA SZCZECIN

Sheet GP8 (2)
A2: miejsce i data: | C2: NIEPOŁOMICE 23.06.2024
C3: https://www.fencingtimelive.com/pools/results/E27295A9B21E4434B2EFB11E5736ED4A/8E45C7D54C2A49ED8224DA21ED89A700
A5: Place | B5: Name | C5: V | D5: M | E5: V / M | F5: TS | G5: TR | H5: Ind | I5: Status | J5: Club(s) | K5: Division | L5: Country
A6: 1 | B6: MALINOWSKI Piotr | C6: 5 | D6: 5 | E6: 1 | F6: 25 | G6: 9 | H6: 16 | I6: Advanced | J6: ALEX TORUŃ
A7: 2 | B7: JADCZUK Wojciech | C7: 4 | D7: 4 | E7: 1 | F7: 20 | G7: 4 | H7: 16 | I7: Advanced | J7: KKS KRAKÓW
A8: 3 | B8: KORONA-TRZEBSKI Przemysław | C8: 4 | D8: 5 | E8: 0.8 | F8: 20 | G8: 11 | H8: 9 | I8: Advanced | J8: AZS AWF WARSZAWA
A9: 4 | B9: BAZAK Jacek | C9: 3 | D9: 4 | E9: 0.75 | F9: 16 | G9: 9 | H9: 7 | I9: Advanced | J9: AKS MIKOŁÓW
A10: 5 | B10: HAŚKO Sergiusz | C10: 3 | D10: 5 | E10: 0.6 | F10: 21 | G10: 13 | H10: 8 | I10: Advanced | J10: BYTOMSKIE TOWARZYSTWO SZERMIERCZE
A11: 6 | B11: POKRZYWA MARIUSZ | C11: 2 | D11: 4 | E11: 0.5 | F11: 12 | G11: 13 | H11: -1 | I11: Advanced | J11: AZS AWF KRAKÓW
A12: 7 | B12: WASILCZUK Beata | C12: 2 | D12: 5 | E12: 0.4 | F12: 13 | G12: 19 | H12: -6 | I12: Advanced | J12: IKS AWF WARSZAWA
A13: 8 | B13: SAMECKA -NACZYŃSKA Martyna | C13: 1 | D13: 4 | E13: 0.25 | F13: 11 | G13: 18 | H13: -7 | I13: Advanced | J13: IKS AWF WARSZAWA
A14: 9 | B14: MAŁASIŃSKI Adam | C14: 1 | D14: 5 | E14: 0.2 | F14: 13 | G14: 24 | H14: -11 | I14: Advanced | J14: AZS AWF KRAKÓW
A15: 10 | B15: KIERSZNICKI Ryszard | C15: 0 | D15: 4 | E15: 0 | F15: 5 | G15: 20 | H15: -15 | I15: Advanced | J15: ST. POLSKICH WETERANÓW SZERMIERKI
A16: 11 | B16: ŻUKOWSKI Wojciech | C16: 0 | D16: 5 | E16: 0 | F16: 9 | G16: 25 | H16: -16 | I16: Advanced | J16: SZERMIERKA SZCZECIN
