Workbook

Sheet All
A2: L.P. | B2: kat | C2: IMIĘ NAZWISKO | D2: V/M | E2: V/M | Q2: TS | R2: TS | AD2: Ind | AE2: Ind
E3: MP | G3: PP1 | I3: PP2 | K3: PP3 | M3: PP4 | O3: PP5 | R3: MP | T3: PP1 | V3: PP2 | X3: PP3 | Z3: PP4 | AB3: PP5 | AE3: MP | AG3: PP1 | AI3: PP2 | AK3: PP3 | AM3: PP4 | AO3: PP5
E4: 1 | F4: 2 | G4: 1 | H4: 2 | I4: 1 | J4: 2 | K4: 1 | L4: 2 | M4: 1 | N4: 2 | O4: 1 | P4: 2 | R4: 1 | S4: 2 | T4: 1 | U4: 2 | V4: 1 | W4: 2 | X4: 1 | Y4: 2 | Z4: 1 | AA4: 2 | AB4: 1 | AC4: 2 | AE4: 1 | AF4: 2 | AG4: 1 | AH4: 2 | AI4: 1 | AJ4: 2 | AK4: 1 | AL4: 2 | AM4: 1 | AN4: 2 | AO4: 1 | AP4: 2
A5: =ROW()-4 -> 1 | B5: 2 | C5: ZAWROTNIAK Przemysław | D5: =SUM(E5:P5) -> 10.25 | E5: =_xlfn.XLOOKUP($C5,'MP (1)'!$B$6:$B$100,'MP (1)'!$E$6:$E$100,"") -> 0.75 | F5: =_xlfn.XLOOKUP($C5,'MP (2)'!$B$6:$B$100,'MP (2)'!$E$6:$E$100,"") -> 0.8 | G5: =_xlfn.XLOOKUP($C5,'PP1 (1)'!$B$6:$B$66,'PP1 (1)'!$E$6:$E$66,"") -> 0.8 | H5: =_xlfn.XLOOKUP($C5,'PP1 (2)'!$B$6:$B$100,'PP1 (2)'!$E$6:$E$100,"") -> 0.8 | I5: =_xlfn.XLOOKUP($C5,'PP2 (1)'!$B$6:$B$99,'PP2 (1)'!$E$6:$E$99,"") -> 0.67 | J5: =_xlfn.XLOOKUP($C5,'PP2 (2)'!$B$6:$B$100,'PP2 (2)'!$E$6:$E$100,"") -> 0.83 | K5: =_xlfn.XLOOKUP($C5,'PP3 (1)'!$B$5:$B$113,'PP3 (1)'!$E$5:$E$113,"") -> 1 | L5: =_xlfn.XLOOKUP($C5,'PP3 (2)'!$B$5:$B$112,'PP3 (2)'!$E$5:$E$112,"") -> 1 | M5: =_xlfn.XLOOKUP($C5,'PP4 (1)'!$B$6:$B$100,'PP4 (1)'!$E$6:$E$100,"") -> 0.8 | N5: =_xlfn.XLOOKUP($C5,'PP4 (2)'!$B$6:$B$100,'PP4 (2)'!$E$6:$E$100,"") -> 0.8 | O5: =_xlfn.XLOOKUP($C5,'PP5 (1)'!$B$6:$B$100,'PP5 (1)'!$E$6:$E$100,"") -> 1 | P5: =_xlfn.XLOOKUP($C5,'PP5(2)'!$B$6:$B$100,'PP5(2)'!$E$6:$E$100,"") -> 1 | Q5: =SUM(R5:AC5) -> 290 | R5: =_xlfn.XLOOKUP($C5,'MP (1)'!$B$6:$B$100,'MP (1)'!$F$6:$F$100,"") -> 19 | S5: =_xlfn.XLOOKUP($C5,'MP (2)'!$B$6:$B$100,'MP (2)'!$F$6:$F$100,"") -> 23 | T5: =_xlfn.XLOOKUP($C5,'PP1 (1)'!$B$6:$B$66,'PP1 (1)'!$F$6:$F$66,"") -> 24 | U5: =_xlfn.XLOOKUP($C5,'PP1 (2)'!$B$6:$B$100,'PP1 (2)'!$F$6:$F$100,"") -> 22 | V5: =_xlfn.XLOOKUP($C5,'PP2 (1)'!$B$6:$B$99,'PP2 (1)'!$F$6:$F$99,"") -> 25 | W5: =_xlfn.XLOOKUP($C5,'PP2 (2)'!$B$6:$B$100,'PP2 (2)'!$F$6:$F$100,"") -> 29 | X5: =_xlfn.XLOOKUP($C5,'PP3 (1)'!$B$5:$B$113,'PP3 (1)'!$F$5:$F$113,"") -> 30 | Y5: =_xlfn.XLOOKUP($C5,'PP3 (2)'!$B$5:$B$112,'PP3 (2)'!$F$5:$F$112,"") -> 25 | Z5: =_xlfn.XLOOKUP($C5,'PP4 (1)'!$B$6:$B$100,'PP4 (1)'!$F$6:$F$100,"") -> 20 | AA5: =_xlfn.XLOOKUP($C5,'PP4 (2)'!$B$6:$B$100,'PP4 (2)'!$F$6:$F$100,"") -> 23 | AB5: =_xlfn.XLOOKUP($C5,'PP5 (1)'!$B$6:$B$100,'PP5 (1)'!$F$6:$F$100,"") -> 25 | AC5: =_xlfn.XLOOKUP($C5,'PP5(2)'!$B$6:$B$100,'PP5(2)'!$F$6:$F$100,"") -> 25 | AD5: =SUM(AE5:AP5) -> 166 | AE5: =_xlfn.XLOOKUP($C5,'MP (1)'!$B$6:$B$100,'MP (1)'!$H$6:$H$100,"") -> 8 | AF5: =_xlfn.XLOOKUP($C5,'MP (2)'!$B$6:$B$100,'MP (2)'!$H$6:$H$100,"") -> 14 | AG5: =_xlfn.XLOOKUP($C5,'PP1 (1)'!$B$6:$B$66,'PP1 (1)'!$H$6:$H$66,"") -> 14 | AH5: =_xlfn.XLOOKUP($C5,'PP1 (2)'!$B$6:$B$100,'PP1 (2)'!$H$6:$H$100,"") -> 16 | AI5: =_xlfn.XLOOKUP($C5,'PP2 (1)'!$B$6:$B$99,'PP2 (1)'!$H$6:$H$99,"") -> 8 | AJ5: =_xlfn.XLOOKUP($C5,'PP2 (2)'!$B$6:$B$100,'PP2 (2)'!$H$6:$H$100,"") -> 16 | AK5: =_xlfn.XLOOKUP($C5,'PP3 (1)'!$B$5:$B$113,'PP3 (1)'!$H$5:$H$113,"") -> 22 | AL5: =_xlfn.XLOOKUP($C5,'PP3 (2)'!$B$5:$B$112,'PP3 (2)'!$H$5:$H$112,"") -> 14 | AM5: =_xlfn.XLOOKUP($C5,'PP4 (1)'!$B$6:$B$100,'PP4 (1)'!$H$6:$H$100,"") -> 8 | AN5: =_xlfn.XLOOKUP($C5,'PP4 (2)'!$B$6:$B$100,'PP4 (2)'!$H$6:$H$100,"") -> 13 | AO5: =_xlfn.XLOOKUP($C5,'PP5 (1)'!$B$6:$B$100,'PP5 (1)'!$H$6:$H$100,"") -> 13 | AP5: =_xlfn.XLOOKUP($C5,'PP5(2)'!$B$6:$B$100,'PP5(2)'!$H$6:$H$100,"") -> 20
A6: =ROW()-4 -> 2 | B6: 2 | C6: NOWICKI Robert | D6: =SUM(E6:P6) -> 10.19 | E6: =_xlfn.XLOOKUP($C6,'MP (1)'!$B$6:$B$100,'MP (1)'!$E$6:$E$100,"") -> 0.83 | F6: =_xlfn.XLOOKUP($C6,'MP (2)'!$B$6:$B$100,'MP (2)'!$E$6:$E$100,"") -> 0.8 | G6: =_xlfn.XLOOKUP($C6,'PP1 (1)'!$B$6:$B$66,'PP1 (1)'!$E$6:$E$66,"") -> 0.8 | H6: =_xlfn.XLOOKUP($C6,'PP1 (2)'!$B$6:$B$100,'PP1 (2)'!$E$6:$E$100,"") -> 0.5 | I6: =_xlfn.XLOOKUP($C6,'PP2 (1)'!$B$6:$B$99,'PP2 (1)'!$E$6:$E$99,"") -> 1 | J6: =_xlfn.XLOOKUP($C6,'PP2 (2)'!$B$6:$B$100,'PP2 (2)'!$E$6:$E$100,"") -> 0.8 | K6: =_xlfn.XLOOKUP($C6,'PP3 (1)'!$B$5:$B$113,'PP3 (1)'!$E$5:$E$113,"") -> 0.83 | L6: =_xlfn.XLOOKUP($C6,'PP3 (2)'!$B$5:$B$112,'PP3 (2)'!$E$5:$E$112,"") -> 0.83 | M6: =_xlfn.XLOOKUP($C6,'PP4 (1)'!$B$6:$B$100,'PP4 (1)'!$E$6:$E$100,"") -> 1 | N6: =_xlfn.XLOOKUP($C6,'PP4 (2)'!$B$6:$B$100,'PP4 (2)'!$E$6:$E$100,"") -> 1 | O6: =_xlfn.XLOOKUP($C6,'PP5 (1)'!$B$6:$B$100,'PP5 (1)'!$E$6:$E$100,"") -> 1 | P6: =_xlfn.XLOOKUP($C6,'PP5(2)'!$B$6:$B$100,'PP5(2)'!$E$6:$E$100,"") -> 0.8 | Q6: =SUM(R6:AC6) -> 277 | R6: =_xlfn.XLOOKUP($C6,'MP (1)'!$B$6:$B$100,'MP (1)'!$F$6:$F$100,"") -> 28 | S6: =_xlfn.XLOOKUP($C6,'MP (2)'!$B$6:$B$100,'MP (2)'!$F$6:$F$100,"") -> 22 | T6: =_xlfn.XLOOKUP($C6,'PP1 (1)'!$B$6:$B$66,'PP1 (1)'!$F$6:$F$66,"") -> 20 | U6: =_xlfn.XLOOKUP($C6,'PP1 (2)'!$B$6:$B$100,'PP1 (2)'!$F$6:$F$100,"") -> 15 | V6: =_xlfn.XLOOKUP($C6,'PP2 (1)'!$B$6:$B$99,'PP2 (1)'!$F$6:$F$99,"") -> 25 | W6: =_xlfn.XLOOKUP($C6,'PP2 (2)'!$B$6:$B$100,'PP2 (2)'!$F$6:$F$100,"") -> 22 | X6: =_xlfn.XLOOKUP($C6,'PP3 (1)'!$B$5:$B$113,'PP3 (1)'!$F$5:$F$113,"") -> 26 | Y6: =_xlfn.XLOOKUP($C6,'PP3 (2)'!$B$5:$B$112,'PP3 (2)'!$F$5:$F$112,"") -> 28 | Z6: =_xlfn.XLOOKUP($C6,'PP4 (1)'!$B$6:$B$100,'PP4 (1)'!$F$6:$F$100,"") -> 20 | AA6: =_xlfn.XLOOKUP($C6,'PP4 (2)'!$B$6:$B$100,'PP4 (2)'!$F$6:$F$100,"") -> 25 | AB6: =_xlfn.XLOOKUP($C6,'PP5 (1)'!$B$6:$B$100,'PP5 (1)'!$F$6:$F$100,"") -> 25 | AC6: =_xlfn.XLOOKUP($C6,'PP5(2)'!$B$6:$B$100,'PP5(2)'!$F$6:$F$100,"") -> 21 | AD6: =SUM(AE6:AP6) -> 139 | AE6: =_xlfn.XLOOKUP($C6,'MP (1)'!$B$6:$B$100,'MP (1)'!$H$6:$H$100,"") -> 12 | AF6: =_xlfn.XLOOKUP($C6,'MP (2)'!$B$6:$B$100,'MP (2)'!$H$6:$H$100,"") -> 9 | AG6: =_xlfn.XLOOKUP($C6,'PP1 (1)'!$B$6:$B$66,'PP1 (1)'!$H$6:$H$66,"") -> 7 | AH6: =_xlfn.XLOOKUP($C6,'PP1 (2)'!$B$6:$B$100,'PP1 (2)'!$H$6:$H$100,"") -> 5 | AI6: =_xlfn.XLOOKUP($C6,'PP2 (1)'!$B$6:$B$99,'PP2 (1)'!$H$6:$H$99,"") -> 17 | AJ6: =_xlfn.XLOOKUP($C6,'PP2 (2)'!$B$6:$B$100,'PP2 (2)'!$H$6:$H$100,"") -> 6 | AK6: =_xlfn.XLOOKUP($C6,'PP3 (1)'!$B$5:$B$113,'PP3 (1)'!$H$5:$H$113,"") -> 13 | AL6: =_xlfn.XLOOKUP($C6,'PP3 (2)'!$B$5:$B$112,'PP3 (2)'!$H$5:$H$112,"") -> 19 | AM6: =_xlfn.XLOOKUP($C6,'PP4 (1)'!$B$6:$B$100,'PP4 (1)'!$H$6:$H$100,"") -> 11 | AN6: =_xlfn.XLOOKUP($C6,'PP4 (2)'!$B$6:$B$100,'PP4 (2)'!$H$6:$H$100,"") -> 17 | AO6: =_xlfn.XLOOKUP($C6,'PP5 (1)'!$B$6:$B$100,'PP5 (1)'!$H$6:$H$100,"") -> 17 | AP6: =_xlfn.XLOOKUP($C6,'PP5(2)'!$B$6:$B$100,'PP5(2)'!$H$6:$H$100,"") -> 6
A7: =ROW()-4 -> 3 | B7: 2 | C7: GANSZCZYK Marcin | D7: =SUM(E7:P7) -> 8.56 | E7: =_xlfn.XLOOKUP($C7,'MP (1)'!$B$6:$B$100,'MP (1)'!$E$6:$E$100,"") | F7: =_xlfn.XLOOKUP($C7,'MP (2)'!$B$6:$B$100,'MP (2)'!$E$6:$E$100,"") | G7: =_xlfn.XLOOKUP($C7,'PP1 (1)'!$B$6:$B$66,'PP1 (1)'!$E$6:$E$66,"") -> 1 | H7: =_xlfn.XLOOKUP($C7,'PP1 (2)'!$B$6:$B$100,'PP1 (2)'!$E$6:$E$100,"") -> 0.83 | I7: =_xlfn.XLOOKUP($C7,'PP2 (1)'!$B$6:$B$99,'PP2 (1)'!$E$6:$E$99,"") -> 1 | J7: =_xlfn.XLOOKUP($C7,'PP2 (2)'!$B$6:$B$100,'PP2 (2)'!$E$6:$E$100,"") -> 0.5 | K7: =_xlfn.XLOOKUP($C7,'PP3 (1)'!$B$5:$B$113,'PP3 (1)'!$E$5:$E$113,"") -> 0.83 | L7: =_xlfn.XLOOKUP($C7,'PP3 (2)'!$B$5:$B$112,'PP3 (2)'!$E$5:$E$112,"") -> 1 | M7: =_xlfn.XLOOKUP($C7,'PP4 (1)'!$B$6:$B$100,'PP4 (1)'!$E$6:$E$100,"") -> 0.8 | N7: =_xlfn.XLOOKUP($C7,'PP4 (2)'!$B$6:$B$100,'PP4 (2)'!$E$6:$E$100,"") -> 0.8 | O7: =_xlfn.XLOOKUP($C7,'PP5 (1)'!$B$6:$B$100,'PP5 (1)'!$E$6:$E$100,"") -> 0.8 | P7: =_xlfn.XLOOKUP($C7,'PP5(2)'!$B$6:$B$100,'PP5(2)'!$E$6:$E$100,"") -> 1 | Q7: =SUM(R7:AC7) -> 255 | R7: =_xlfn.XLOOKUP($C7,'MP (1)'!$B$6:$B$100,'MP (1)'!$F$6:$F$100,"") | S7: =_xlfn.XLOOKUP($C7,'MP (2)'!$B$6:$B$100,'MP (2)'!$F$6:$F$100,"") | T7: =_xlfn.XLOOKUP($C7,'PP1 (1)'!$B$6:$B$66,'PP1 (1)'!$F$6:$F$66,"") -> 30 | U7: =_xlfn.XLOOKUP($C7,'PP1 (2)'!$B$6:$B$100,'PP1 (2)'!$F$6:$F$100,"") -> 29 | V7: =_xlfn.XLOOKUP($C7,'PP2 (1)'!$B$6:$B$99,'PP2 (1)'!$F$6:$F$99,"") -> 25 | W7: =_xlfn.XLOOKUP($C7,'PP2 (2)'!$B$6:$B$100,'PP2 (2)'!$F$6:$F$100,"") -> 24 | X7: =_xlfn.XLOOKUP($C7,'PP3 (1)'!$B$5:$B$113,'PP3 (1)'!$F$5:$F$113,"") -> 28 | Y7: =_xlfn.XLOOKUP($C7,'PP3 (2)'!$B$5:$B$112,'PP3 (2)'!$F$5:$F$112,"") -> 30 | Z7: =_xlfn.XLOOKUP($C7,'PP4 (1)'!$B$6:$B$100,'PP4 (1)'!$F$6:$F$100,"") -> 24 | AA7: =_xlfn.XLOOKUP($C7,'PP4 (2)'!$B$6:$B$100,'PP4 (2)'!$F$6:$F$100,"") -> 21 | AB7: =_xlfn.XLOOKUP($C7,'PP5 (1)'!$B$6:$B$100,'PP5 (1)'!$F$6:$F$100,"") -> 24 | AC7: =_xlfn.XLOOKUP($C7,'PP5(2)'!$B$6:$B$100,'PP5(2)'!$F$6:$F$100,"") -> 20 | AD7: =SUM(AE7:AP7) -> 157 | AE7: =_xlfn.XLOOKUP($C7,'MP (1)'!$B$6:$B$100,'MP (1)'!$H$6:$H$100,"") | AF7: =_xlfn.XLOOKUP($C7,'MP (2)'!$B$6:$B$100,'MP (2)'!$H$6:$H$100,"") | AG7: =_xlfn.XLOOKUP($C7,'PP1 (1)'!$B$6:$B$66,'PP1 (1)'!$H$6:$H$66,"") -> 20 | AH7: =_xlfn.XLOOKUP($C7,'PP1 (2)'!$B$6:$B$100,'PP1 (2)'!$H$6:$H$100,"") -> 22 | AI7: =_xlfn.XLOOKUP($C7,'PP2 (1)'!$B$6:$B$99,'PP2 (1)'!$H$6:$H$99,"") -> 20 | AJ7: =_xlfn.XLOOKUP($C7,'PP2 (2)'!$B$6:$B$100,'PP2 (2)'!$H$6:$H$100,"") -> 5 | AK7: =_xlfn.XLOOKUP($C7,'PP3 (1)'!$B$5:$B$113,'PP3 (1)'!$H$5:$H$113,"") -> 18 | AL7: =_xlfn.XLOOKUP($C7,'PP3 (2)'!$B$5:$B$112,'PP3 (2)'!$H$5:$H$112,"") -> 18 | AM7: =_xlfn.XLOOKUP($C7,'PP4 (1)'!$B$6:$B$100,'PP4 (1)'!$H$6:$H$100,"") -> 16 | AN7: =_xlfn.XLOOKUP($C7,'PP4 (2)'!$B$6:$B$100,'PP4 (2)'!$H$6:$H$100,"") -> 11 | AO7: =_xlfn.XLOOKUP($C7,'PP5 (1)'!$B$6:$B$100,'PP5 (1)'!$H$6:$H$100,"") -> 11 | AP7: =_xlfn.XLOOKUP($C7,'PP5(2)'!$B$6:$B$100,'PP5(2)'!$H$6:$H$100,"") -> 16
A8: =ROW()-4 -> 4 | B8: 2 | C8: TK | D8: =SUM(E8:P8) -> 8.17 | E8: =_xlfn.XLOOKUP($C8,'MP (1)'!$B$6:$B$100,'MP (1)'!$E$6:$E$100,"") -> 1 | F8: =_xlfn.XLOOKUP($C8,'MP (2)'!$B$6:$B$100,'MP (2)'!$E$6:$E$100,"") -> 1 | G8: =_xlfn.XLOOKUP($C8,'PP1 (1)'!$B$6:$B$66,'PP1 (1)'!$E$6:$E$66,"") -> 0.6 | H8: =_xlfn.XLOOKUP($C8,'PP1 (2)'!$B$6:$B$100,'PP1 (2)'!$E$6:$E$100,"") -> 1 | I8: =_xlfn.XLOOKUP($C8,'PP2 (1)'!$B$6:$B$99,'PP2 (1)'!$E$6:$E$99,"") -> 0.2 | J8: =_xlfn.XLOOKUP($C8,'PP2 (2)'!$B$6:$B$100,'PP2 (2)'!$E$6:$E$100,"") -> 0.6 | K8: =_xlfn.XLOOKUP($C8,'PP3 (1)'!$B$5:$B$113,'PP3 (1)'!$E$5:$E$113,"") -> 0.67 | L8: =_xlfn.XLOOKUP($C8,'PP3 (2)'!$B$5:$B$112,'PP3 (2)'!$E$5:$E$112,"") | M8: =_xlfn.XLOOKUP($C8,'PP4 (1)'!$B$6:$B$100,'PP4 (1)'!$E$6:$E$100,"") -> 0.8 | N8: =_xlfn.XLOOKUP($C8,'PP4 (2)'!$B$6:$B$100,'PP4 (2)'!$E$6:$E$100,"") -> 0.75 | O8: =_xlfn.XLOOKUP($C8,'PP5 (1)'!$B$6:$B$100,'PP5 (1)'!$E$6:$E$100,"") -> 0.8 | P8: =_xlfn.XLOOKUP($C8,'PP5(2)'!$B$6:$B$100,'PP5(2)'!$E$6:$E$100,"") -> 0.75 | Q8: =SUM(R8:AC8) -> 233 | R8: =_xlfn.XLOOKUP($C8,'MP (1)'!$B$6:$B$100,'MP (1)'!$F$6:$F$100,"") -> 20 | S8: =_xlfn.XLOOKUP($C8,'MP (2)'!$B$6:$B$100,'MP (2)'!$F$6:$F$100,"") -> 25 | T8: =_xlfn.XLOOKUP($C8,'PP1 (1)'!$B$6:$B$66,'PP1 (1)'!$F$6:$F$66,"") -> 20 | U8: =_xlfn.XLOOKUP($C8,'PP1 (2)'!$B$6:$B$100,'PP1 (2)'!$F$6:$F$100,"") -> 20 | V8: =_xlfn.XLOOKUP($C8,'PP2 (1)'!$B$6:$B$99,'PP2 (1)'!$F$6:$F$99,"") -> 15 | W8: =_xlfn.XLOOKUP($C8,'PP2 (2)'!$B$6:$B$100,'PP2 (2)'!$F$6:$F$100,"") -> 21 | X8: =_xlfn.XLOOKUP($C8,'PP3 (1)'!$B$5:$B$113,'PP3 (1)'!$F$5:$F$113,"") -> 28 | Y8: =_xlfn.XLOOKUP($C8,'PP3 (2)'!$B$5:$B$112,'PP3 (2)'!$F$5:$F$112,"") | Z8: =_xlfn.XLOOKUP($C8,'PP4 (1)'!$B$6:$B$100,'PP4 (1)'!$F$6:$F$100,"") -> 24 | AA8: =_xlfn.XLOOKUP($C8,'PP4 (2)'!$B$6:$B$100,'PP4 (2)'!$F$6:$F$100,"") -> 18 | AB8: =_xlfn.XLOOKUP($C8,'PP5 (1)'!$B$6:$B$100,'PP5 (1)'!$F$6:$F$100,"") -> 24 | AC8: =_xlfn.XLOOKUP($C8,'PP5(2)'!$B$6:$B$100,'PP5(2)'!$F$6:$F$100,"") -> 18 | AD8: =SUM(AE8:AP8) -> 90 | AE8: =_xlfn.XLOOKUP($C8,'MP (1)'!$B$6:$B$100,'MP (1)'!$H$6:$H$100,"") -> 14 | AF8: =_xlfn.XLOOKUP($C8,'MP (2)'!$B$6:$B$100,'MP (2)'!$H$6:$H$100,"") -> 14 | AG8: =_xlfn.XLOOKUP($C8,'PP1 (1)'!$B$6:$B$66,'PP1 (1)'!$H$6:$H$66,"") -> 5 | AH8: =_xlfn.XLOOKUP($C8,'PP1 (2)'!$B$6:$B$100,'PP1 (2)'!$H$6:$H$100,"") -> 15 | AI8: =_xlfn.XLOOKUP($C8,'PP2 (1)'!$B$6:$B$99,'PP2 (1)'!$H$6:$H$99,"") -> -8 | AJ8: =_xlfn.XLOOKUP($C8,'PP2 (2)'!$B$6:$B$100,'PP2 (2)'!$H$6:$H$100,"") -> 3 | AK8: =_xlfn.XLOOKUP($C8,'PP3 (1)'!$B$5:$B$113,'PP3 (1)'!$H$5:$H$113,"") -> 10 | AL8: =_xlfn.XLOOKUP($C8,'PP3 (2)'!$B$5:$B$112,'PP3 (2)'!$H$5:$H$112,"") | AM8: =_xlfn.XLOOKUP($C8,'PP4 (1)'!$B$6:$B$100,'PP4 (1)'!$H$6:$H$100,"") -> 7 | AN8: =_xlfn.XLOOKUP($C8,'PP4 (2)'!$B$6:$B$100,'PP4 (2)'!$H$6:$H$100,"") -> 8 | AO8: =_xlfn.XLOOKUP($C8,'PP5 (1)'!$B$6:$B$100,'PP5 (1)'!$H$6:$H$100,"") -> 13 | AP8: =_xlfn.XLOOKUP($C8,'PP5(2)'!$B$6:$B$100,'PP5(2)'!$H$6:$H$100,"") -> 9
A9: =ROW()-4 -> 5 | B9: 1 | C9: KUCIĘBA Piotr | D9: =SUM(E9:P9) -> 7.67 | E9: =_xlfn.XLOOKUP($C9,'MP (1)'!$B$6:$B$100,'MP (1)'!$E$6:$E$100,"") -> 1 | F9: =_xlfn.XLOOKUP($C9,'MP (2)'!$B$6:$B$100,'MP (2)'!$E$6:$E$100,"") -> 1 | G9: =_xlfn.XLOOKUP($C9,'PP1 (1)'!$B$6:$B$66,'PP1 (1)'!$E$6:$E$66,"") | H9: =_xlfn.XLOOKUP($C9,'PP1 (2)'!$B$6:$B$100,'PP1 (2)'!$E$6:$E$100,"") | I9: =_xlfn.XLOOKUP($C9,'PP2 (1)'!$B$6:$B$99,'PP2 (1)'!$E$6:$E$99,"") -> 0.67 | J9: =_xlfn.XLOOKUP($C9,'PP2 (2)'!$B$6:$B$100,'PP2 (2)'!$E$6:$E$100,"") -> 1 | K9: =_xlfn.XLOOKUP($C9,'PP3 (1)'!$B$5:$B$113,'PP3 (1)'!$E$5:$E$113,"") -> 1 | L9: =_xlfn.XLOOKUP($C9,'PP3 (2)'!$B$5:$B$112,'PP3 (2)'!$E$5:$E$112,"") -> 1 | M9: =_xlfn.XLOOKUP($C9,'PP4 (1)'!$B$6:$B$100,'PP4 (1)'!$E$6:$E$100,"") -> 1 | N9: =_xlfn.XLOOKUP($C9,'PP4 (2)'!$B$6:$B$100,'PP4 (2)'!$E$6:$E$100,"") -> 1 | O9: =_xlfn.XLOOKUP($C9,'PP5 (1)'!$B$6:$B$100,'PP5 (1)'!$E$6:$E$100,"") | P9: =_xlfn.XLOOKUP($C9,'PP5(2)'!$B$6:$B$100,'PP5(2)'!$E$6:$E$100,"") | Q9: =SUM(R9:AC9) -> 223 | R9: =_xlfn.XLOOKUP($C9,'MP (1)'!$B$6:$B$100,'MP (1)'!$F$6:$F$100,"") -> 30 | S9: =_xlfn.XLOOKUP($C9,'MP (2)'!$B$6:$B$100,'MP (2)'!$F$6:$F$100,"") -> 25 | T9: =_xlfn.XLOOKUP($C9,'PP1 (1)'!$B$6:$B$66,'PP1 (1)'!$F$6:$F$66,"") | U9: =_xlfn.XLOOKUP($C9,'PP1 (2)'!$B$6:$B$100,'PP1 (2)'!$F$6:$F$100,"") | V9: =_xlfn.XLOOKUP($C9,'PP2 (1)'!$B$6:$B$99,'PP2 (1)'!$F$6:$F$99,"") -> 28 | W9: =_xlfn.XLOOKUP($C9,'PP2 (2)'!$B$6:$B$100,'PP2 (2)'!$F$6:$F$100,"") -> 30 | X9: =_xlfn.XLOOKUP($C9,'PP3 (1)'!$B$5:$B$113,'PP3 (1)'!$F$5:$F$113,"") -> 30 | Y9: =_xlfn.XLOOKUP($C9,'PP3 (2)'!$B$5:$B$112,'PP3 (2)'!$F$5:$F$112,"") -> 30 | Z9: =_xlfn.XLOOKUP($C9,'PP4 (1)'!$B$6:$B$100,'PP4 (1)'!$F$6:$F$100,"") -> 25 | AA9: =_xlfn.XLOOKUP($C9,'PP4 (2)'!$B$6:$B$100,'PP4 (2)'!$F$6:$F$100,"") -> 25 | AB9: =_xlfn.XLOOKUP($C9,'PP5 (1)'!$B$6:$B$100,'PP5 (1)'!$F$6:$F$100,"") | AC9: =_xlfn.XLOOKUP($C9,'PP5(2)'!$B$6:$B$100,'PP5(2)'!$F$6:$F$100,"") | AD9: =SUM(AE9:AP9) -> 153 | AE9: =_xlfn.XLOOKUP($C9,'MP (1)'!$B$6:$B$100,'MP (1)'!$H$6:$H$100,"") -> 21 | AF9: =_xlfn.XLOOKUP($C9,'MP (2)'!$B$6:$B$100,'MP (2)'!$H$6:$H$100,"") -> 16 | AG9: =_xlfn.XLOOKUP($C9,'PP1 (1)'!$B$6:$B$66,'PP1 (1)'!$H$6:$H$66,"") | AH9: =_xlfn.XLOOKUP($C9,'PP1 (2)'!$B$6:$B$100,'PP1 (2)'!$H$6:$H$100,"") | AI9: =_xlfn.XLOOKUP($C9,'PP2 (1)'!$B$6:$B$99,'PP2 (1)'!$H$6:$H$99,"") -> 12 | AJ9: =_xlfn.XLOOKUP($C9,'PP2 (2)'!$B$6:$B$100,'PP2 (2)'!$H$6:$H$100,"") -> 17 | AK9: =_xlfn.XLOOKUP($C9,'PP3 (1)'!$B$5:$B$113,'PP3 (1)'!$H$5:$H$113,"") -> 25 | AL9: =_xlfn.XLOOKUP($C9,'PP3 (2)'!$B$5:$B$112,'PP3 (2)'!$H$5:$H$112,"") -> 21 | AM9: =_xlfn.XLOOKUP($C9,'PP4 (1)'!$B$6:$B$100,'PP4 (1)'!$H$6:$H$100,"") -> 21 | AN9: =_xlfn.XLOOKUP($C9,'PP4 (2)'!$B$6:$B$100,'PP4 (2)'!$H$6:$H$100,"") -> 20 | AO9: =_xlfn.XLOOKUP($C9,'PP5 (1)'!$B$6:$B$100,'PP5 (1)'!$H$6:$H$100,"") | AP9: =_xlfn.XLOOKUP($C9,'PP5(2)'!$B$6:$B$100,'PP5(2)'!$H$6:$H$100,"")
A10: =ROW()-4 -> 6 | B10: 1 | C10: KOSIŃSKI Łukasz | D10: =SUM(E10:P10) -> 7.4 | E10: =_xlfn.XLOOKUP($C10,'MP (1)'!$B$6:$B$100,'MP (1)'!$E$6:$E$100,"") -> 0.8 | F10: =_xlfn.XLOOKUP($C10,'MP (2)'!$B$6:$B$100,'MP (2)'!$E$6:$E$100,"") -> 0.8 | G10: =_xlfn.XLOOKUP($C10,'PP1 (1)'!$B$6:$B$66,'PP1 (1)'!$E$6:$E$66,"") -> 0.8 | H10: =_xlfn.XLOOKUP($C10,'PP1 (2)'!$B$6:$B$100,'PP1 (2)'!$E$6:$E$100,"") -> 1 | I10: =_xlfn.XLOOKUP($C10,'PP2 (1)'!$B$6:$B$99,'PP2 (1)'!$E$6:$E$99,"") -> 1 | J10: =_xlfn.XLOOKUP($C10,'PP2 (2)'!$B$6:$B$100,'PP2 (2)'!$E$6:$E$100,"") -> 1 | K10: =_xlfn.XLOOKUP($C10,'PP3 (1)'!$B$5:$B$113,'PP3 (1)'!$E$5:$E$113,"") | L10: =_xlfn.XLOOKUP($C10,'PP3 (2)'!$B$5:$B$112,'PP3 (2)'!$E$5:$E$112,"") | M10: =_xlfn.XLOOKUP($C10,'PP4 (1)'!$B$6:$B$100,'PP4 (1)'!$E$6:$E$100,"") -> 1 | N10: =_xlfn.XLOOKUP($C10,'PP4 (2)'!$B$6:$B$100,'PP4 (2)'!$E$6:$E$100,"") -> 1 | O10: =_xlfn.XLOOKUP($C10,'PP5 (1)'!$B$6:$B$100,'PP5 (1)'!$E$6:$E$100,"") | P10: =_xlfn.XLOOKUP($C10,'PP5(2)'!$B$6:$B$100,'PP5(2)'!$E$6:$E$100,"") | Q10: =SUM(R10:AC10) -> 191 | R10: =_xlfn.XLOOKUP($C10,'MP (1)'!$B$6:$B$100,'MP (1)'!$F$6:$F$100,"") -> 23 | S10: =_xlfn.XLOOKUP($C10,'MP (2)'!$B$6:$B$100,'MP (2)'!$F$6:$F$100,"") -> 22 | T10: =_xlfn.XLOOKUP($C10,'PP1 (1)'!$B$6:$B$66,'PP1 (1)'!$F$6:$F$66,"") -> 21 | U10: =_xlfn.XLOOKUP($C10,'PP1 (2)'!$B$6:$B$100,'PP1 (2)'!$F$6:$F$100,"") -> 25 | V10: =_xlfn.XLOOKUP($C10,'PP2 (1)'!$B$6:$B$99,'PP2 (1)'!$F$6:$F$99,"") -> 25 | W10: =_xlfn.XLOOKUP($C10,'PP2 (2)'!$B$6:$B$100,'PP2 (2)'!$F$6:$F$100,"") -> 25 | X10: =_xlfn.XLOOKUP($C10,'PP3 (1)'!$B$5:$B$113,'PP3 (1)'!$F$5:$F$113,"") | Y10: =_xlfn.XLOOKUP($C10,'PP3 (2)'!$B$5:$B$112,'PP3 (2)'!$F$5:$F$112,"") | Z10: =_xlfn.XLOOKUP($C10,'PP4 (1)'!$B$6:$B$100,'PP4 (1)'!$F$6:$F$100,"") -> 25 | AA10: =_xlfn.XLOOKUP($C10,'PP4 (2)'!$B$6:$B$100,'PP4 (2)'!$F$6:$F$100,"") -> 25 | AB10: =_xlfn.XLOOKUP($C10,'PP5 (1)'!$B$6:$B$100,'PP5 (1)'!$F$6:$F$100,"") | AC10: =_xlfn.XLOOKUP($C10,'PP5(2)'!$B$6:$B$100,'PP5(2)'!$F$6:$F$100,"") | AD10: =SUM(AE10:AP10) -> 116 | AE10: =_xlfn.XLOOKUP($C10,'MP (1)'!$B$6:$B$100,'MP (1)'!$H$6:$H$100,"") -> 11 | AF10: =_xlfn.XLOOKUP($C10,'MP (2)'!$B$6:$B$100,'MP (2)'!$H$6:$H$100,"") -> 10 | AG10: =_xlfn.XLOOKUP($C10,'PP1 (1)'!$B$6:$B$66,'PP1 (1)'!$H$6:$H$66,"") -> 11 | AH10: =_xlfn.XLOOKUP($C10,'PP1 (2)'!$B$6:$B$100,'PP1 (2)'!$H$6:$H$100,"") -> 16 | AI10: =_xlfn.XLOOKUP($C10,'PP2 (1)'!$B$6:$B$99,'PP2 (1)'!$H$6:$H$99,"") -> 16 | AJ10: =_xlfn.XLOOKUP($C10,'PP2 (2)'!$B$6:$B$100,'PP2 (2)'!$H$6:$H$100,"") -> 16 | AK10: =_xlfn.XLOOKUP($C10,'PP3 (1)'!$B$5:$B$113,'PP3 (1)'!$H$5:$H$113,"") | AL10: =_xlfn.XLOOKUP($C10,'PP3 (2)'!$B$5:$B$112,'PP3 (2)'!$H$5:$H$112,"") | AM10: =_xlfn.XLOOKUP($C10,'PP4 (1)'!$B$6:$B$100,'PP4 (1)'!$H$6:$H$100,"") -> 16 | AN10: =_xlfn.XLOOKUP($C10,'PP4 (2)'!$B$6:$B$100,'PP4 (2)'!$H$6:$H$100,"") -> 20 | AO10: =_xlfn.XLOOKUP($C10,'PP5 (1)'!$B$6:$B$100,'PP5 (1)'!$H$6:$H$100,"") | AP10: =_xlfn.XLOOKUP($C10,'PP5(2)'!$B$6:$B$100,'PP5(2)'!$H$6:$H$100,"")
A11: =ROW()-4 -> 7 | B11: 1 | C11: KROCHMALSKI Jakub | D11: =SUM(E11:P11) -> 7.18 | E11: =_xlfn.XLOOKUP($C11,'MP (1)'!$B$6:$B$100,'MP (1)'!$E$6:$E$100,"") -> 0.83 | F11: =_xlfn.XLOOKUP($C11,'MP (2)'!$B$6:$B$100,'MP (2)'!$E$6:$E$100,"") -> 1 | G11: =_xlfn.XLOOKUP($C11,'PP1 (1)'!$B$6:$B$66,'PP1 (1)'!$E$6:$E$66,"") -> 1 | H11: =_xlfn.XLOOKUP($C11,'PP1 (2)'!$B$6:$B$100,'PP1 (2)'!$E$6:$E$100,"") -> 0.75 | I11: =_xlfn.XLOOKUP($C11,'PP2 (1)'!$B$6:$B$99,'PP2 (1)'!$E$6:$E$99,"") -> 0.8 | J11: =_xlfn.XLOOKUP($C11,'PP2 (2)'!$B$6:$B$100,'PP2 (2)'!$E$6:$E$100,"") -> 0.8 | K11: =_xlfn.XLOOKUP($C11,'PP3 (1)'!$B$5:$B$113,'PP3 (1)'!$E$5:$E$113,"") -> 1 | L11: =_xlfn.XLOOKUP($C11,'PP3 (2)'!$B$5:$B$112,'PP3 (2)'!$E$5:$E$112,"") -> 1 | M11: =_xlfn.XLOOKUP($C11,'PP4 (1)'!$B$6:$B$100,'PP4 (1)'!$E$6:$E$100,"") | N11: =_xlfn.XLOOKUP($C11,'PP4 (2)'!$B$6:$B$100,'PP4 (2)'!$E$6:$E$100,"") | O11: =_xlfn.XLOOKUP($C11,'PP5 (1)'!$B$6:$B$100,'PP5 (1)'!$E$6:$E$100,"") | P11: =_xlfn.XLOOKUP($C11,'PP5(2)'!$B$6:$B$100,'PP5(2)'!$E$6:$E$100,"") | Q11: =SUM(R11:AC11) -> 200 | R11: =_xlfn.XLOOKUP($C11,'MP (1)'!$B$6:$B$100,'MP (1)'!$F$6:$F$100,"") -> 26 | S11: =_xlfn.XLOOKUP($C11,'MP (2)'!$B$6:$B$100,'MP (2)'!$F$6:$F$100,"") -> 25 | T11: =_xlfn.XLOOKUP($C11,'PP1 (1)'!$B$6:$B$66,'PP1 (1)'!$F$6:$F$66,"") -> 25 | U11: =_xlfn.XLOOKUP($C11,'PP1 (2)'!$B$6:$B$100,'PP1 (2)'!$F$6:$F$100,"") -> 18 | V11: =_xlfn.XLOOKUP($C11,'PP2 (1)'!$B$6:$B$99,'PP2 (1)'!$F$6:$F$99,"") -> 24 | W11: =_xlfn.XLOOKUP($C11,'PP2 (2)'!$B$6:$B$100,'PP2 (2)'!$F$6:$F$100,"") -> 22 | X11: =_xlfn.XLOOKUP($C11,'PP3 (1)'!$B$5:$B$113,'PP3 (1)'!$F$5:$F$113,"") -> 30 | Y11: =_xlfn.XLOOKUP($C11,'PP3 (2)'!$B$5:$B$112,'PP3 (2)'!$F$5:$F$112,"") -> 30 | Z11: =_xlfn.XLOOKUP($C11,'PP4 (1)'!$B$6:$B$100,'PP4 (1)'!$F$6:$F$100,"") | AA11: =_xlfn.XLOOKUP($C11,'PP4 (2)'!$B$6:$B$100,'PP4 (2)'!$F$6:$F$100,"") | AB11: =_xlfn.XLOOKUP($C11,'PP5 (1)'!$B$6:$B$100,'PP5 (1)'!$F$6:$F$100,"") | AC11: =_xlfn.XLOOKUP($C11,'PP5(2)'!$B$6:$B$100,'PP5(2)'!$F$6:$F$100,"") | AD11: =SUM(AE11:AP11) -> 128 | AE11: =_xlfn.XLOOKUP($C11,'MP (1)'!$B$6:$B$100,'MP (1)'!$H$6:$H$100,"") -> 14 | AF11: =_xlfn.XLOOKUP($C11,'MP (2)'!$B$6:$B$100,'MP (2)'!$H$6:$H$100,"") -> 21 | AG11: =_xlfn.XLOOKUP($C11,'PP1 (1)'!$B$6:$B$66,'PP1 (1)'!$H$6:$H$66,"") -> 16 | AH11: =_xlfn.XLOOKUP($C11,'PP1 (2)'!$B$6:$B$100,'PP1 (2)'!$H$6:$H$100,"") -> 6 | AI11: =_xlfn.XLOOKUP($C11,'PP2 (1)'!$B$6:$B$99,'PP2 (1)'!$H$6:$H$99,"") -> 18 | AJ11: =_xlfn.XLOOKUP($C11,'PP2 (2)'!$B$6:$B$100,'PP2 (2)'!$H$6:$H$100,"") -> 14 | AK11: =_xlfn.XLOOKUP($C11,'PP3 (1)'!$B$5:$B$113,'PP3 (1)'!$H$5:$H$113,"") -> 15 | AL11: =_xlfn.XLOOKUP($C11,'PP3 (2)'!$B$5:$B$112,'PP3 (2)'!$H$5:$H$112,"") -> 24 | AM11: =_xlfn.XLOOKUP($C11,'PP4 (1)'!$B$6:$B$100,'PP4 (1)'!$H$6:$H$100,"") | AN11: =_xlfn.XLOOKUP($C11,'PP4 (2)'!$B$6:$B$100,'PP4 (2)'!$H$6:$H$100,"") | AO11: =_xlfn.XLOOKUP($C11,'PP5 (1)'!$B$6:$B$100,'PP5 (1)'!$H$6:$H$100,"") | AP11: =_xlfn.XLOOKUP($C11,'PP5(2)'!$B$6:$B$100,'PP5(2)'!$H$6:$H$100,"")
A12: =ROW()-4 -> 8 | B12: 3 | C12: GAJDA Leszek | D12: =SUM(E12:P12) -> 6.69 | E12: =_xlfn.XLOOKUP($C12,'MP (1)'!$B$6:$B$100,'MP (1)'!$E$6:$E$100,"") -> 0.6 | F12: =_xlfn.XLOOKUP($C12,'MP (2)'!$B$6:$B$100,'MP (2)'!$E$6:$E$100,"") -> 1 | G12: =_xlfn.XLOOKUP($C12,'PP1 (1)'!$B$6:$B$66,'PP1 (1)'!$E$6:$E$66,"") | H12: =_xlfn.XLOOKUP($C12,'PP1 (2)'!$B$6:$B$100,'PP1 (2)'!$E$6:$E$100,"") | I12: =_xlfn.XLOOKUP($C12,'PP2 (1)'!$B$6:$B$99,'PP2 (1)'!$E$6:$E$99,"") -> 0.8 | J12: =_xlfn.XLOOKUP($C12,'PP2 (2)'!$B$6:$B$100,'PP2 (2)'!$E$6:$E$100,"") -> 1 | K12: =_xlfn.XLOOKUP($C12,'PP3 (1)'!$B$5:$B$113,'PP3 (1)'!$E$5:$E$113,"") -> 0.67 | L12: =_xlfn.XLOOKUP($C12,'PP3 (2)'!$B$5:$B$112,'PP3 (2)'!$E$5:$E$112,"") -> 0.67 | M12: =_xlfn.XLOOKUP($C12,'PP4 (1)'!$B$6:$B$100,'PP4 (1)'!$E$6:$E$100,"") -> 0.4 | N12: =_xlfn.XLOOKUP($C12,'PP4 (2)'!$B$6:$B$100,'PP4 (2)'!$E$6:$E$100,"") -> 0.4 | O12: =_xlfn.XLOOKUP($C12,'PP5 (1)'!$B$6:$B$100,'PP5 (1)'!$E$6:$E$100,"") -> 0.75 | P12: =_xlfn.XLOOKUP($C12,'PP5(2)'!$B$6:$B$100,'PP5(2)'!$E$6:$E$100,"") -> 0.4 | Q12: =SUM(R12:AC12) -> 218 | R12: =_xlfn.XLOOKUP($C12,'MP (1)'!$B$6:$B$100,'MP (1)'!$F$6:$F$100,"") -> 20 | S12: =_xlfn.XLOOKUP($C12,'MP (2)'!$B$6:$B$100,'MP (2)'!$F$6:$F$100,"") -> 25 | T12: =_xlfn.XLOOKUP($C12,'PP1 (1)'!$B$6:$B$66,'PP1 (1)'!$F$6:$F$66,"") | U12: =_xlfn.XLOOKUP($C12,'PP1 (2)'!$B$6:$B$100,'PP1 (2)'!$F$6:$F$100,"") | V12: =_xlfn.XLOOKUP($C12,'PP2 (1)'!$B$6:$B$99,'PP2 (1)'!$F$6:$F$99,"") -> 23 | W12: =_xlfn.XLOOKUP($C12,'PP2 (2)'!$B$6:$B$100,'PP2 (2)'!$F$6:$F$100,"") -> 25 | X12: =_xlfn.XLOOKUP($C12,'PP3 (1)'!$B$5:$B$113,'PP3 (1)'!$F$5:$F$113,"") -> 27 | Y12: =_xlfn.XLOOKUP($C12,'PP3 (2)'!$B$5:$B$112,'PP3 (2)'!$F$5:$F$112,"") -> 23 | Z12: =_xlfn.XLOOKUP($C12,'PP4 (1)'!$B$6:$B$100,'PP4 (1)'!$F$6:$F$100,"") -> 18 | AA12: =_xlfn.XLOOKUP($C12,'PP4 (2)'!$B$6:$B$100,'PP4 (2)'!$F$6:$F$100,"") -> 20 | AB12: =_xlfn.XLOOKUP($C12,'PP5 (1)'!$B$6:$B$100,'PP5 (1)'!$F$6:$F$100,"") -> 19 | AC12: =_xlfn.XLOOKUP($C12,'PP5(2)'!$B$6:$B$100,'PP5(2)'!$F$6:$F$100,"") -> 18 | AD12: =SUM(AE12:AP12) -> 70 | AE12: =_xlfn.XLOOKUP($C12,'MP (1)'!$B$6:$B$100,'MP (1)'!$H$6:$H$100,"") -> 4 | AF12: =_xlfn.XLOOKUP($C12,'MP (2)'!$B$6:$B$100,'MP (2)'!$H$6:$H$100,"") -> 17 | AG12: =_xlfn.XLOOKUP($C12,'PP1 (1)'!$B$6:$B$66,'PP1 (1)'!$H$6:$H$66,"") | AH12: =_xlfn.XLOOKUP($C12,'PP1 (2)'!$B$6:$B$100,'PP1 (2)'!$H$6:$H$100,"") | AI12: =_xlfn.XLOOKUP($C12,'PP2 (1)'!$B$6:$B$99,'PP2 (1)'!$H$6:$H$99,"") -> 12 | AJ12: =_xlfn.XLOOKUP($C12,'PP2 (2)'!$B$6:$B$100,'PP2 (2)'!$H$6:$H$100,"") -> 15 | AK12: =_xlfn.XLOOKUP($C12,'PP3 (1)'!$B$5:$B$113,'PP3 (1)'!$H$5:$H$113,"") -> 12 | AL12: =_xlfn.XLOOKUP($C12,'PP3 (2)'!$B$5:$B$112,'PP3 (2)'!$H$5:$H$112,"") -> 3 | AM12: =_xlfn.XLOOKUP($C12,'PP4 (1)'!$B$6:$B$100,'PP4 (1)'!$H$6:$H$100,"") -> -2 | AN12: =_xlfn.XLOOKUP($C12,'PP4 (2)'!$B$6:$B$100,'PP4 (2)'!$H$6:$H$100,"") -> 0 | AO12: =_xlfn.XLOOKUP($C12,'PP5 (1)'!$B$6:$B$100,'PP5 (1)'!$H$6:$H$100,"") -> 8 | AP12: =_xlfn.XLOOKUP($C12,'PP5(2)'!$B$6:$B$100,'PP5(2)'!$H$6:$H$100,"") -> 1
A13: =ROW()-4 -> 9 | B13: 2 | C13: MAZIK Aleksander | D13: =SUM(E13:P13) -> 6.69 | E13: =_xlfn.XLOOKUP($C13,'MP (1)'!$B$6:$B$100,'MP (1)'!$E$6:$E$100,"") -> 0.75 | F13: =_xlfn.XLOOKUP($C13,'MP (2)'!$B$6:$B$100,'MP (2)'!$E$6:$E$100,"") -> 0.4 | G13: =_xlfn.XLOOKUP($C13,'PP1 (1)'!$B$6:$B$66,'PP1 (1)'!$E$6:$E$66,"") -> 0.2 | H13: =_xlfn.XLOOKUP($C13,'PP1 (2)'!$B$6:$B$100,'PP1 (2)'!$E$6:$E$100,"") -> 0.2 | I13: =_xlfn.XLOOKUP($C13,'PP2 (1)'!$B$6:$B$99,'PP2 (1)'!$E$6:$E$99,"") -> 0.4 | J13: =_xlfn.XLOOKUP($C13,'PP2 (2)'!$B$6:$B$100,'PP2 (2)'!$E$6:$E$100,"") -> 0.6 | K13: =_xlfn.XLOOKUP($C13,'PP3 (1)'!$B$5:$B$113,'PP3 (1)'!$E$5:$E$113,"") -> 0.67 | L13: =_xlfn.XLOOKUP($C13,'PP3 (2)'!$B$5:$B$112,'PP3 (2)'!$E$5:$E$112,"") -> 0.67 | M13: =_xlfn.XLOOKUP($C13,'PP4 (1)'!$B$6:$B$100,'PP4 (1)'!$E$6:$E$100,"") -> 0.6 | N13: =_xlfn.XLOOKUP($C13,'PP4 (2)'!$B$6:$B$100,'PP4 (2)'!$E$6:$E$100,"") -> 0.6 | O13: =_xlfn.XLOOKUP($C13,'PP5 (1)'!$B$6:$B$100,'PP5 (1)'!$E$6:$E$100,"") -> 1 | P13: =_xlfn.XLOOKUP($C13,'PP5(2)'!$B$6:$B$100,'PP5(2)'!$E$6:$E$100,"") -> 0.6 | Q13: =SUM(R13:AC13) -> 221 | R13: =_xlfn.XLOOKUP($C13,'MP (1)'!$B$6:$B$100,'MP (1)'!$F$6:$F$100,"") -> 19 | S13: =_xlfn.XLOOKUP($C13,'MP (2)'!$B$6:$B$100,'MP (2)'!$F$6:$F$100,"") -> 17 | T13: =_xlfn.XLOOKUP($C13,'PP1 (1)'!$B$6:$B$66,'PP1 (1)'!$F$6:$F$66,"") -> 7 | U13: =_xlfn.XLOOKUP($C13,'PP1 (2)'!$B$6:$B$100,'PP1 (2)'!$F$6:$F$100,"") -> 14 | V13: =_xlfn.XLOOKUP($C13,'PP2 (1)'!$B$6:$B$99,'PP2 (1)'!$F$6:$F$99,"") -> 14 | W13: =_xlfn.XLOOKUP($C13,'PP2 (2)'!$B$6:$B$100,'PP2 (2)'!$F$6:$F$100,"") -> 21 | X13: =_xlfn.XLOOKUP($C13,'PP3 (1)'!$B$5:$B$113,'PP3 (1)'!$F$5:$F$113,"") -> 24 | Y13: =_xlfn.XLOOKUP($C13,'PP3 (2)'!$B$5:$B$112,'PP3 (2)'!$F$5:$F$112,"") -> 22 | Z13: =_xlfn.XLOOKUP($C13,'PP4 (1)'!$B$6:$B$100,'PP4 (1)'!$F$6:$F$100,"") -> 23 | AA13: =_xlfn.XLOOKUP($C13,'PP4 (2)'!$B$6:$B$100,'PP4 (2)'!$F$6:$F$100,"") -> 19 | AB13: =_xlfn.XLOOKUP($C13,'PP5 (1)'!$B$6:$B$100,'PP5 (1)'!$F$6:$F$100,"") -> 20 | AC13: =_xlfn.XLOOKUP($C13,'PP5(2)'!$B$6:$B$100,'PP5(2)'!$F$6:$F$100,"") -> 21 | AD13: =SUM(AE13:AP13) -> 13 | AE13: =_xlfn.XLOOKUP($C13,'MP (1)'!$B$6:$B$100,'MP (1)'!$H$6:$H$100,"") -> 9 | AF13: =_xlfn.XLOOKUP($C13,'MP (2)'!$B$6:$B$100,'MP (2)'!$H$6:$H$100,"") -> -1 | AG13: =_xlfn.XLOOKUP($C13,'PP1 (1)'!$B$6:$B$66,'PP1 (1)'!$H$6:$H$66,"") -> -13 | AH13: =_xlfn.XLOOKUP($C13,'PP1 (2)'!$B$6:$B$100,'PP1 (2)'!$H$6:$H$100,"") -> -9 | AI13: =_xlfn.XLOOKUP($C13,'PP2 (1)'!$B$6:$B$99,'PP2 (1)'!$H$6:$H$99,"") -> -5 | AJ13: =_xlfn.XLOOKUP($C13,'PP2 (2)'!$B$6:$B$100,'PP2 (2)'!$H$6:$H$100,"") -> 4 | AK13: =_xlfn.XLOOKUP($C13,'PP3 (1)'!$B$5:$B$113,'PP3 (1)'!$H$5:$H$113,"") -> 4 | AL13: =_xlfn.XLOOKUP($C13,'PP3 (2)'!$B$5:$B$112,'PP3 (2)'!$H$5:$H$112,"") -> 2 | AM13: =_xlfn.XLOOKUP($C13,'PP4 (1)'!$B$6:$B$100,'PP4 (1)'!$H$6:$H$100,"") -> 8 | AN13: =_xlfn.XLOOKUP($C13,'PP4 (2)'!$B$6:$B$100,'PP4 (2)'!$H$6:$H$100,"") -> 1 | AO13: =_xlfn.XLOOKUP($C13,'PP5 (1)'!$B$6:$B$100,'PP5 (1)'!$H$6:$H$100,"") -> 9 | AP13: =_xlfn.XLOOKUP($C13,'PP5(2)'!$B$6:$B$100,'PP5(2)'!$H$6:$H$100,"") -> 4
A14: =ROW()-4 -> 10 | B14: 0k | C14: OWCZAREK Ewelina | D14: =SUM(E14:P14) -> 6.67 | E14: =_xlfn.XLOOKUP($C14,'MP (1)'!$B$6:$B$100,'MP (1)'!$E$6:$E$100,"") -> 0.6 | F14: =_xlfn.XLOOKUP($C14,'MP (2)'!$B$6:$B$100,'MP (2)'!$E$6:$E$100,"") -> 0.6 | G14: =_xlfn.XLOOKUP($C14,'PP1 (1)'!$B$6:$B$66,'PP1 (1)'!$E$6:$E$66,"") -> 0.8 | H14: =_xlfn.XLOOKUP($C14,'PP1 (2)'!$B$6:$B$100,'PP1 (2)'!$E$6:$E$100,"") -> 0.4 | I14: =_xlfn.XLOOKUP($C14,'PP2 (1)'!$B$6:$B$99,'PP2 (1)'!$E$6:$E$99,"") -> 0.4 | J14: =_xlfn.XLOOKUP($C14,'PP2 (2)'!$B$6:$B$100,'PP2 (2)'!$E$6:$E$100,"") -> 0.4 | K14: =_xlfn.XLOOKUP($C14,'PP3 (1)'!$B$5:$B$113,'PP3 (1)'!$E$5:$E$113,"") -> 0.67 | L14: =_xlfn.XLOOKUP($C14,'PP3 (2)'!$B$5:$B$112,'PP3 (2)'!$E$5:$E$112,"") -> 0.4 | M14: =_xlfn.XLOOKUP($C14,'PP4 (1)'!$B$6:$B$100,'PP4 (1)'!$E$6:$E$100,"") -> 0.6 | N14: =_xlfn.XLOOKUP($C14,'PP4 (2)'!$B$6:$B$100,'PP4 (2)'!$E$6:$E$100,"") -> 0.8 | O14: =_xlfn.XLOOKUP($C14,'PP5 (1)'!$B$6:$B$100,'PP5 (1)'!$E$6:$E$100,"") -> 0.2 | P14: =_xlfn.XLOOKUP($C14,'PP5(2)'!$B$6:$B$100,'PP5(2)'!$E$6:$E$100,"") -> 0.8 | Q14: =SUM(R14:AC14) -> 232 | R14: =_xlfn.XLOOKUP($C14,'MP (1)'!$B$6:$B$100,'MP (1)'!$F$6:$F$100,"") -> 21 | S14: =_xlfn.XLOOKUP($C14,'MP (2)'!$B$6:$B$100,'MP (2)'!$F$6:$F$100,"") -> 20 | T14: =_xlfn.XLOOKUP($C14,'PP1 (1)'!$B$6:$B$66,'PP1 (1)'!$F$6:$F$66,"") -> 21 | U14: =_xlfn.XLOOKUP($C14,'PP1 (2)'!$B$6:$B$100,'PP1 (2)'!$F$6:$F$100,"") -> 19 | V14: =_xlfn.XLOOKUP($C14,'PP2 (1)'!$B$6:$B$99,'PP2 (1)'!$F$6:$F$99,"") -> 18 | W14: =_xlfn.XLOOKUP($C14,'PP2 (2)'!$B$6:$B$100,'PP2 (2)'!$F$6:$F$100,"") -> 12 | X14: =_xlfn.XLOOKUP($C14,'PP3 (1)'!$B$5:$B$113,'PP3 (1)'!$F$5:$F$113,"") -> 27 | Y14: =_xlfn.XLOOKUP($C14,'PP3 (2)'!$B$5:$B$112,'PP3 (2)'!$F$5:$F$112,"") -> 17 | Z14: =_xlfn.XLOOKUP($C14,'PP4 (1)'!$B$6:$B$100,'PP4 (1)'!$F$6:$F$100,"") -> 18 | AA14: =_xlfn.XLOOKUP($C14,'PP4 (2)'!$B$6:$B$100,'PP4 (2)'!$F$6:$F$100,"") -> 20 | AB14: =_xlfn.XLOOKUP($C14,'PP5 (1)'!$B$6:$B$100,'PP5 (1)'!$F$6:$F$100,"") -> 17 | AC14: =_xlfn.XLOOKUP($C14,'PP5(2)'!$B$6:$B$100,'PP5(2)'!$F$6:$F$100,"") -> 22 | AD14: =SUM(AE14:AP14) -> 36 | AE14: =_xlfn.XLOOKUP($C14,'MP (1)'!$B$6:$B$100,'MP (1)'!$H$6:$H$100,"") -> 6 | AF14: =_xlfn.XLOOKUP($C14,'MP (2)'!$B$6:$B$100,'MP (2)'!$H$6:$H$100,"") -> 6 | AG14: =_xlfn.XLOOKUP($C14,'PP1 (1)'!$B$6:$B$66,'PP1 (1)'!$H$6:$H$66,"") -> 8 | AH14: =_xlfn.XLOOKUP($C14,'PP1 (2)'!$B$6:$B$100,'PP1 (2)'!$H$6:$H$100,"") -> 2 | AI14: =_xlfn.XLOOKUP($C14,'PP2 (1)'!$B$6:$B$99,'PP2 (1)'!$H$6:$H$99,"") -> -1 | AJ14: =_xlfn.XLOOKUP($C14,'PP2 (2)'!$B$6:$B$100,'PP2 (2)'!$H$6:$H$100,"") -> -6 | AK14: =_xlfn.XLOOKUP($C14,'PP3 (1)'!$B$5:$B$113,'PP3 (1)'!$H$5:$H$113,"") -> 8 | AL14: =_xlfn.XLOOKUP($C14,'PP3 (2)'!$B$5:$B$112,'PP3 (2)'!$H$5:$H$112,"") -> -2 | AM14: =_xlfn.XLOOKUP($C14,'PP4 (1)'!$B$6:$B$100,'PP4 (1)'!$H$6:$H$100,"") -> 2 | AN14: =_xlfn.XLOOKUP($C14,'PP4 (2)'!$B$6:$B$100,'PP4 (2)'!$H$6:$H$100,"") -> 3 | AO14: =_xlfn.XLOOKUP($C14,'PP5 (1)'!$B$6:$B$100,'PP5 (1)'!$H$6:$H$100,"") -> -3 | AP14: =_xlfn.XLOOKUP($C14,'PP5(2)'!$B$6:$B$100,'PP5(2)'!$H$6:$H$100,"") -> 13
A15: =ROW()-4 -> 11 | B15: 1 | C15: PRZYSTAJKO Daniel | D15: =SUM(E15:P15) -> 6.47 | E15: =_xlfn.XLOOKUP($C15,'MP (1)'!$B$6:$B$100,'MP (1)'!$E$6:$E$100,"") | F15: =_xlfn.XLOOKUP($C15,'MP (2)'!$B$6:$B$100,'MP (2)'!$E$6:$E$100,"") | G15: =_xlfn.XLOOKUP($C15,'PP1 (1)'!$B$6:$B$66,'PP1 (1)'!$E$6:$E$66,"") -> 0.6 | H15: =_xlfn.XLOOKUP($C15,'PP1 (2)'!$B$6:$B$100,'PP1 (2)'!$E$6:$E$100,"") -> 0.8 | I15: =_xlfn.XLOOKUP($C15,'PP2 (1)'!$B$6:$B$99,'PP2 (1)'!$E$6:$E$99,"") -> 0.67 | J15: =_xlfn.XLOOKUP($C15,'PP2 (2)'!$B$6:$B$100,'PP2 (2)'!$E$6:$E$100,"") -> 0.6 | K15: =_xlfn.XLOOKUP($C15,'PP3 (1)'!$B$5:$B$113,'PP3 (1)'!$E$5:$E$113,"") | L15: =_xlfn.XLOOKUP($C15,'PP3 (2)'!$B$5:$B$112,'PP3 (2)'!$E$5:$E$112,"") | M15: =_xlfn.XLOOKUP($C15,'PP4 (1)'!$B$6:$B$100,'PP4 (1)'!$E$6:$E$100,"") -> 1 | N15: =_xlfn.XLOOKUP($C15,'PP4 (2)'!$B$6:$B$100,'PP4 (2)'!$E$6:$E$100,"") -> 1 | O15: =_xlfn.XLOOKUP($C15,'PP5 (1)'!$B$6:$B$100,'PP5 (1)'!$E$6:$E$100,"") -> 0.8 | P15: =_xlfn.XLOOKUP($C15,'PP5(2)'!$B$6:$B$100,'PP5(2)'!$E$6:$E$100,"") -> 1 | Q15: =SUM(R15:AC15) -> 178 | R15: =_xlfn.XLOOKUP($C15,'MP (1)'!$B$6:$B$100,'MP (1)'!$F$6:$F$100,"") | S15: =_xlfn.XLOOKUP($C15,'MP (2)'!$B$6:$B$100,'MP (2)'!$F$6:$F$100,"") | T15: =_xlfn.XLOOKUP($C15,'PP1 (1)'!$B$6:$B$66,'PP1 (1)'!$F$6:$F$66,"") -> 19 | U15: =_xlfn.XLOOKUP($C15,'PP1 (2)'!$B$6:$B$100,'PP1 (2)'!$F$6:$F$100,"") -> 21 | V15: =_xlfn.XLOOKUP($C15,'PP2 (1)'!$B$6:$B$99,'PP2 (1)'!$F$6:$F$99,"") -> 23 | W15: =_xlfn.XLOOKUP($C15,'PP2 (2)'!$B$6:$B$100,'PP2 (2)'!$F$6:$F$100,"") -> 18 | X15: =_xlfn.XLOOKUP($C15,'PP3 (1)'!$B$5:$B$113,'PP3 (1)'!$F$5:$F$113,"") | Y15: =_xlfn.XLOOKUP($C15,'PP3 (2)'!$B$5:$B$112,'PP3 (2)'!$F$5:$F$112,"") | Z15: =_xlfn.XLOOKUP($C15,'PP4 (1)'!$B$6:$B$100,'PP4 (1)'!$F$6:$F$100,"") -> 25 | AA15: =_xlfn.XLOOKUP($C15,'PP4 (2)'!$B$6:$B$100,'PP4 (2)'!$F$6:$F$100,"") -> 25 | AB15: =_xlfn.XLOOKUP($C15,'PP5 (1)'!$B$6:$B$100,'PP5 (1)'!$F$6:$F$100,"") -> 22 | AC15: =_xlfn.XLOOKUP($C15,'PP5(2)'!$B$6:$B$100,'PP5(2)'!$F$6:$F$100,"") -> 25 | AD15: =SUM(AE15:AP15) -> 80 | AE15: =_xlfn.XLOOKUP($C15,'MP (1)'!$B$6:$B$100,'MP (1)'!$H$6:$H$100,"") | AF15: =_xlfn.XLOOKUP($C15,'MP (2)'!$B$6:$B$100,'MP (2)'!$H$6:$H$100,"") | AG15: =_xlfn.XLOOKUP($C15,'PP1 (1)'!$B$6:$B$66,'PP1 (1)'!$H$6:$H$66,"") -> 5 | AH15: =_xlfn.XLOOKUP($C15,'PP1 (2)'!$B$6:$B$100,'PP1 (2)'!$H$6:$H$100,"") -> 7 | AI15: =_xlfn.XLOOKUP($C15,'PP2 (1)'!$B$6:$B$99,'PP2 (1)'!$H$6:$H$99,"") -> 3 | AJ15: =_xlfn.XLOOKUP($C15,'PP2 (2)'!$B$6:$B$100,'PP2 (2)'!$H$6:$H$100,"") -> 3 | AK15: =_xlfn.XLOOKUP($C15,'PP3 (1)'!$B$5:$B$113,'PP3 (1)'!$H$5:$H$113,"") | AL15: =_xlfn.XLOOKUP($C15,'PP3 (2)'!$B$5:$B$112,'PP3 (2)'!$H$5:$H$112,"") | AM15: =_xlfn.XLOOKUP($C15,'PP4 (1)'!$B$6:$B$100,'PP4 (1)'!$H$6:$H$100,"") -> 14 | AN15: =_xlfn.XLOOKUP($C15,'PP4 (2)'!$B$6:$B$100,'PP4 (2)'!$H$6:$H$100,"") -> 21 | AO15: =_xlfn.XLOOKUP($C15,'PP5 (1)'!$B$6:$B$100,'PP5 (1)'!$H$6:$H$100,"") -> 9 | AP15: =_xlfn.XLOOKUP($C15,'PP5(2)'!$B$6:$B$100,'PP5(2)'!$H$6:$H$100,"") -> 18
A16: =ROW()-4 -> 12 | B16: 2 | C16: KACZMAREK Paweł | D16: =SUM(E16:P16) -> 6.4 | E16: =_xlfn.XLOOKUP($C16,'MP (1)'!$B$6:$B$100,'MP (1)'!$E$6:$E$100,"") -> 0.4 | F16: =_xlfn.XLOOKUP($C16,'MP (2)'!$B$6:$B$100,'MP (2)'!$E$6:$E$100,"") -> 0.8 | G16: =_xlfn.XLOOKUP($C16,'PP1 (1)'!$B$6:$B$66,'PP1 (1)'!$E$6:$E$66,"") -> 0.8 | H16: =_xlfn.XLOOKUP($C16,'PP1 (2)'!$B$6:$B$100,'PP1 (2)'!$E$6:$E$100,"") -> 0.6 | I16: =_xlfn.XLOOKUP($C16,'PP2 (1)'!$B$6:$B$99,'PP2 (1)'!$E$6:$E$99,"") | J16: =_xlfn.XLOOKUP($C16,'PP2 (2)'!$B$6:$B$100,'PP2 (2)'!$E$6:$E$100,"") | K16: =_xlfn.XLOOKUP($C16,'PP3 (1)'!$B$5:$B$113,'PP3 (1)'!$E$5:$E$113,"") -> 0.67 | L16: =_xlfn.XLOOKUP($C16,'PP3 (2)'!$B$5:$B$112,'PP3 (2)'!$E$5:$E$112,"") -> 0.83 | M16: =_xlfn.XLOOKUP($C16,'PP4 (1)'!$B$6:$B$100,'PP4 (1)'!$E$6:$E$100,"") -> 0.2 | N16: =_xlfn.XLOOKUP($C16,'PP4 (2)'!$B$6:$B$100,'PP4 (2)'!$E$6:$E$100,"") -> 0.5 | O16: =_xlfn.XLOOKUP($C16,'PP5 (1)'!$B$6:$B$100,'PP5 (1)'!$E$6:$E$100,"") -> 0.8 | P16: =_xlfn.XLOOKUP($C16,'PP5(2)'!$B$6:$B$100,'PP5(2)'!$E$6:$E$100,"") -> 0.8 | Q16: =SUM(R16:AC16) -> 201 | R16: =_xlfn.XLOOKUP($C16,'MP (1)'!$B$6:$B$100,'MP (1)'!$F$6:$F$100,"") -> 16 | S16: =_xlfn.XLOOKUP($C16,'MP (2)'!$B$6:$B$100,'MP (2)'!$F$6:$F$100,"") -> 20 | T16: =_xlfn.XLOOKUP($C16,'PP1 (1)'!$B$6:$B$66,'PP1 (1)'!$F$6:$F$66,"") -> 23 | U16: =_xlfn.XLOOKUP($C16,'PP1 (2)'!$B$6:$B$100,'PP1 (2)'!$F$6:$F$100,"") -> 17 | V16: =_xlfn.XLOOKUP($C16,'PP2 (1)'!$B$6:$B$99,'PP2 (1)'!$F$6:$F$99,"") | W16: =_xlfn.XLOOKUP($C16,'PP2 (2)'!$B$6:$B$100,'PP2 (2)'!$F$6:$F$100,"") | X16: =_xlfn.XLOOKUP($C16,'PP3 (1)'!$B$5:$B$113,'PP3 (1)'!$F$5:$F$113,"") -> 23 | Y16: =_xlfn.XLOOKUP($C16,'PP3 (2)'!$B$5:$B$112,'PP3 (2)'!$F$5:$F$112,"") -> 28 | Z16: =_xlfn.XLOOKUP($C16,'PP4 (1)'!$B$6:$B$100,'PP4 (1)'!$F$6:$F$100,"") -> 16 | AA16: =_xlfn.XLOOKUP($C16,'PP4 (2)'!$B$6:$B$100,'PP4 (2)'!$F$6:$F$100,"") -> 12 | AB16: =_xlfn.XLOOKUP($C16,'PP5 (1)'!$B$6:$B$100,'PP5 (1)'!$F$6:$F$100,"") -> 22 | AC16: =_xlfn.XLOOKUP($C16,'PP5(2)'!$B$6:$B$100,'PP5(2)'!$F$6:$F$100,"") -> 24 | AD16: =SUM(AE16:AP16) -> 41 | AE16: =_xlfn.XLOOKUP($C16,'MP (1)'!$B$6:$B$100,'MP (1)'!$H$6:$H$100,"") -> -5 | AF16: =_xlfn.XLOOKUP($C16,'MP (2)'!$B$6:$B$100,'MP (2)'!$H$6:$H$100,"") -> 6 | AG16: =_xlfn.XLOOKUP($C16,'PP1 (1)'!$B$6:$B$66,'PP1 (1)'!$H$6:$H$66,"") -> 7 | AH16: =_xlfn.XLOOKUP($C16,'PP1 (2)'!$B$6:$B$100,'PP1 (2)'!$H$6:$H$100,"") -> 0 | AI16: =_xlfn.XLOOKUP($C16,'PP2 (1)'!$B$6:$B$99,'PP2 (1)'!$H$6:$H$99,"") | AJ16: =_xlfn.XLOOKUP($C16,'PP2 (2)'!$B$6:$B$100,'PP2 (2)'!$H$6:$H$100,"") | AK16: =_xlfn.XLOOKUP($C16,'PP3 (1)'!$B$5:$B$113,'PP3 (1)'!$H$5:$H$113,"") -> 6 | AL16: =_xlfn.XLOOKUP($C16,'PP3 (2)'!$B$5:$B$112,'PP3 (2)'!$H$5:$H$112,"") -> 18 | AM16: =_xlfn.XLOOKUP($C16,'PP4 (1)'!$B$6:$B$100,'PP4 (1)'!$H$6:$H$100,"") -> -8 | AN16: =_xlfn.XLOOKUP($C16,'PP4 (2)'!$B$6:$B$100,'PP4 (2)'!$H$6:$H$100,"") -> 0 | AO16: =_xlfn.XLOOKUP($C16,'PP5 (1)'!$B$6:$B$100,'PP5 (1)'!$H$6:$H$100,"") -> 7 | AP16: =_xlfn.XLOOKUP($C16,'PP5(2)'!$B$6:$B$100,'PP5(2)'!$H$6:$H$100,"") -> 10
A17: =ROW()-4 -> 13 | B17: 2 | C17: GAJDA Zbigniew | D17: =SUM(E17:P17) -> 5.87 | E17: =_xlfn.XLOOKUP($C17,'MP (1)'!$B$6:$B$100,'MP (1)'!$E$6:$E$100,"") -> 0.5 | F17: =_xlfn.XLOOKUP($C17,'MP (2)'!$B$6:$B$100,'MP (2)'!$E$6:$E$100,"") -> 0.4 | G17: =_xlfn.XLOOKUP($C17,'PP1 (1)'!$B$6:$B$66,'PP1 (1)'!$E$6:$E$66,"") | H17: =_xlfn.XLOOKUP($C17,'PP1 (2)'!$B$6:$B$100,'PP1 (2)'!$E$6:$E$100,"") | I17: =_xlfn.XLOOKUP($C17,'PP2 (1)'!$B$6:$B$99,'PP2 (1)'!$E$6:$E$99,"") -> 0.6 | J17: =_xlfn.XLOOKUP($C17,'PP2 (2)'!$B$6:$B$100,'PP2 (2)'!$E$6:$E$100,"") -> 0.4 | K17: =_xlfn.XLOOKUP($C17,'PP3 (1)'!$B$5:$B$113,'PP3 (1)'!$E$5:$E$113,"") -> 0.5 | L17: =_xlfn.XLOOKUP($C17,'PP3 (2)'!$B$5:$B$112,'PP3 (2)'!$E$5:$E$112,"") -> 0.67 | M17: =_xlfn.XLOOKUP($C17,'PP4 (1)'!$B$6:$B$100,'PP4 (1)'!$E$6:$E$100,"") -> 0.6 | N17: =_xlfn.XLOOKUP($C17,'PP4 (2)'!$B$6:$B$100,'PP4 (2)'!$E$6:$E$100,"") -> 0.8 | O17: =_xlfn.XLOOKUP($C17,'PP5 (1)'!$B$6:$B$100,'PP5 (1)'!$E$6:$E$100,"") -> 0.6 | P17: =_xlfn.XLOOKUP($C17,'PP5(2)'!$B$6:$B$100,'PP5(2)'!$E$6:$E$100,"") -> 0.8 | Q17: =SUM(R17:AC17) -> 182 | R17: =_xlfn.XLOOKUP($C17,'MP (1)'!$B$6:$B$100,'MP (1)'!$F$6:$F$100,"") -> 12 | S17: =_xlfn.XLOOKUP($C17,'MP (2)'!$B$6:$B$100,'MP (2)'!$F$6:$F$100,"") -> 15 | T17: =_xlfn.XLOOKUP($C17,'PP1 (1)'!$B$6:$B$66,'PP1 (1)'!$F$6:$F$66,"") | U17: =_xlfn.XLOOKUP($C17,'PP1 (2)'!$B$6:$B$100,'PP1 (2)'!$F$6:$F$100,"") | V17: =_xlfn.XLOOKUP($C17,'PP2 (1)'!$B$6:$B$99,'PP2 (1)'!$F$6:$F$99,"") -> 15 | W17: =_xlfn.XLOOKUP($C17,'PP2 (2)'!$B$6:$B$100,'PP2 (2)'!$F$6:$F$100,"") -> 13 | X17: =_xlfn.XLOOKUP($C17,'PP3 (1)'!$B$5:$B$113,'PP3 (1)'!$F$5:$F$113,"") -> 21 | Y17: =_xlfn.XLOOKUP($C17,'PP3 (2)'!$B$5:$B$112,'PP3 (2)'!$F$5:$F$112,"") -> 24 | Z17: =_xlfn.XLOOKUP($C17,'PP4 (1)'!$B$6:$B$100,'PP4 (1)'!$F$6:$F$100,"") -> 21 | AA17: =_xlfn.XLOOKUP($C17,'PP4 (2)'!$B$6:$B$100,'PP4 (2)'!$F$6:$F$100,"") -> 21 | AB17: =_xlfn.XLOOKUP($C17,'PP5 (1)'!$B$6:$B$100,'PP5 (1)'!$F$6:$F$100,"") -> 19 | AC17: =_xlfn.XLOOKUP($C17,'PP5(2)'!$B$6:$B$100,'PP5(2)'!$F$6:$F$100,"") -> 21 | AD17: =SUM(AE17:AP17) -> 25 | AE17: =_xlfn.XLOOKUP($C17,'MP (1)'!$B$6:$B$100,'MP (1)'!$H$6:$H$100,"") -> -3 | AF17: =_xlfn.XLOOKUP($C17,'MP (2)'!$B$6:$B$100,'MP (2)'!$H$6:$H$100,"") -> -4 | AG17: =_xlfn.XLOOKUP($C17,'PP1 (1)'!$B$6:$B$66,'PP1 (1)'!$H$6:$H$66,"") | AH17: =_xlfn.XLOOKUP($C17,'PP1 (2)'!$B$6:$B$100,'PP1 (2)'!$H$6:$H$100,"") | AI17: =_xlfn.XLOOKUP($C17,'PP2 (1)'!$B$6:$B$99,'PP2 (1)'!$H$6:$H$99,"") -> -3 | AJ17: =_xlfn.XLOOKUP($C17,'PP2 (2)'!$B$6:$B$100,'PP2 (2)'!$H$6:$H$100,"") -> -3 | AK17: =_xlfn.XLOOKUP($C17,'PP3 (1)'!$B$5:$B$113,'PP3 (1)'!$H$5:$H$113,"") -> -3 | AL17: =_xlfn.XLOOKUP($C17,'PP3 (2)'!$B$5:$B$112,'PP3 (2)'!$H$5:$H$112,"") -> 10 | AM17: =_xlfn.XLOOKUP($C17,'PP4 (1)'!$B$6:$B$100,'PP4 (1)'!$H$6:$H$100,"") -> 8 | AN17: =_xlfn.XLOOKUP($C17,'PP4 (2)'!$B$6:$B$100,'PP4 (2)'!$H$6:$H$100,"") -> 10 | AO17: =_xlfn.XLOOKUP($C17,'PP5 (1)'!$B$6:$B$100,'PP5 (1)'!$H$6:$H$100,"") -> 2 | AP17: =_xlfn.XLOOKUP($C17,'PP5(2)'!$B$6:$B$100,'PP5(2)'!$H$6:$H$100,"") -> 11
A18: =ROW()-4 -> 14 | B18: 0 | C18: REDZIŃSKI Michał | D18: =SUM(E18:P18) -> 5.57 | E18: =_xlfn.XLOOKUP($C18,'MP (1)'!$B$6:$B$100,'MP (1)'!$E$6:$E$100,"") -> 0.5 | F18: =_xlfn.XLOOKUP($C18,'MP (2)'!$B$6:$B$100,'MP (2)'!$E$6:$E$100,"") -> 0.6 | G18: =_xlfn.XLOOKUP($C18,'PP1 (1)'!$B$6:$B$66,'PP1 (1)'!$E$6:$E$66,"") -> 0.4 | H18: =_xlfn.XLOOKUP($C18,'PP1 (2)'!$B$6:$B$100,'PP1 (2)'!$E$6:$E$100,"") -> 0.8 | I18: =_xlfn.XLOOKUP($C18,'PP2 (1)'!$B$6:$B$99,'PP2 (1)'!$E$6:$E$99,"") -> 0.4 | J18: =_xlfn.XLOOKUP($C18,'PP2 (2)'!$B$6:$B$100,'PP2 (2)'!$E$6:$E$100,"") -> 0.6 | K18: =_xlfn.XLOOKUP($C18,'PP3 (1)'!$B$5:$B$113,'PP3 (1)'!$E$5:$E$113,"") -> 0.5 | L18: =_xlfn.XLOOKUP($C18,'PP3 (2)'!$B$5:$B$112,'PP3 (2)'!$E$5:$E$112,"") -> 0.67 | M18: =_xlfn.XLOOKUP($C18,'PP4 (1)'!$B$6:$B$100,'PP4 (1)'!$E$6:$E$100,"") -> 0.25 | N18: =_xlfn.XLOOKUP($C18,'PP4 (2)'!$B$6:$B$100,'PP4 (2)'!$E$6:$E$100,"") -> 0.4 | O18: =_xlfn.XLOOKUP($C18,'PP5 (1)'!$B$6:$B$100,'PP5 (1)'!$E$6:$E$100,"") -> 0.25 | P18: =_xlfn.XLOOKUP($C18,'PP5(2)'!$B$6:$B$100,'PP5(2)'!$E$6:$E$100,"") -> 0.2 | Q18: =SUM(R18:AC18) -> 228 | R18: =_xlfn.XLOOKUP($C18,'MP (1)'!$B$6:$B$100,'MP (1)'!$F$6:$F$100,"") -> 24 | S18: =_xlfn.XLOOKUP($C18,'MP (2)'!$B$6:$B$100,'MP (2)'!$F$6:$F$100,"") -> 21 | T18: =_xlfn.XLOOKUP($C18,'PP1 (1)'!$B$6:$B$66,'PP1 (1)'!$F$6:$F$66,"") -> 19 | U18: =_xlfn.XLOOKUP($C18,'PP1 (2)'!$B$6:$B$100,'PP1 (2)'!$F$6:$F$100,"") -> 22 | V18: =_xlfn.XLOOKUP($C18,'PP2 (1)'!$B$6:$B$99,'PP2 (1)'!$F$6:$F$99,"") -> 14 | W18: =_xlfn.XLOOKUP($C18,'PP2 (2)'!$B$6:$B$100,'PP2 (2)'!$F$6:$F$100,"") -> 22 | X18: =_xlfn.XLOOKUP($C18,'PP3 (1)'!$B$5:$B$113,'PP3 (1)'!$F$5:$F$113,"") -> 25 | Y18: =_xlfn.XLOOKUP($C18,'PP3 (2)'!$B$5:$B$112,'PP3 (2)'!$F$5:$F$112,"") -> 23 | Z18: =_xlfn.XLOOKUP($C18,'PP4 (1)'!$B$6:$B$100,'PP4 (1)'!$F$6:$F$100,"") -> 14 | AA18: =_xlfn.XLOOKUP($C18,'PP4 (2)'!$B$6:$B$100,'PP4 (2)'!$F$6:$F$100,"") -> 17 | AB18: =_xlfn.XLOOKUP($C18,'PP5 (1)'!$B$6:$B$100,'PP5 (1)'!$F$6:$F$100,"") -> 17 | AC18: =_xlfn.XLOOKUP($C18,'PP5(2)'!$B$6:$B$100,'PP5(2)'!$F$6:$F$100,"") -> 10 | AD18: =SUM(AE18:AP18) -> 7 | AE18: =_xlfn.XLOOKUP($C18,'MP (1)'!$B$6:$B$100,'MP (1)'!$H$6:$H$100,"") -> -1 | AF18: =_xlfn.XLOOKUP($C18,'MP (2)'!$B$6:$B$100,'MP (2)'!$H$6:$H$100,"") -> 7 | AG18: =_xlfn.XLOOKUP($C18,'PP1 (1)'!$B$6:$B$66,'PP1 (1)'!$H$6:$H$66,"") -> 1 | AH18: =_xlfn.XLOOKUP($C18,'PP1 (2)'!$B$6:$B$100,'PP1 (2)'!$H$6:$H$100,"") -> 8 | AI18: =_xlfn.XLOOKUP($C18,'PP2 (1)'!$B$6:$B$99,'PP2 (1)'!$H$6:$H$99,"") -> -4 | AJ18: =_xlfn.XLOOKUP($C18,'PP2 (2)'!$B$6:$B$100,'PP2 (2)'!$H$6:$H$100,"") -> 6 | AK18: =_xlfn.XLOOKUP($C18,'PP3 (1)'!$B$5:$B$113,'PP3 (1)'!$H$5:$H$113,"") -> 2 | AL18: =_xlfn.XLOOKUP($C18,'PP3 (2)'!$B$5:$B$112,'PP3 (2)'!$H$5:$H$112,"") -> 6 | AM18: =_xlfn.XLOOKUP($C18,'PP4 (1)'!$B$6:$B$100,'PP4 (1)'!$H$6:$H$100,"") -> -4 | AN18: =_xlfn.XLOOKUP($C18,'PP4 (2)'!$B$6:$B$100,'PP4 (2)'!$H$6:$H$100,"") -> -3 | AO18: =_xlfn.XLOOKUP($C18,'PP5 (1)'!$B$6:$B$100,'PP5 (1)'!$H$6:$H$100,"") -> 0 | AP18: =_xlfn.XLOOKUP($C18,'PP5(2)'!$B$6:$B$100,'PP5(2)'!$H$6:$H$100,"") -> -11
A19: =ROW()-4 -> 15 | B19: 1 | C19: TECŁAW Robert | D19: =SUM(E19:P19) -> 5.43 | E19: =_xlfn.XLOOKUP($C19,'MP (1)'!$B$6:$B$100,'MP (1)'!$E$6:$E$100,"") -> 1 | F19: =_xlfn.XLOOKUP($C19,'MP (2)'!$B$6:$B$100,'MP (2)'!$E$6:$E$100,"") -> 0.6 | G19: =_xlfn.XLOOKUP($C19,'PP1 (1)'!$B$6:$B$66,'PP1 (1)'!$E$6:$E$66,"") -> 0.33 | H19: =_xlfn.XLOOKUP($C19,'PP1 (2)'!$B$6:$B$100,'PP1 (2)'!$E$6:$E$100,"") -> 0.2 | I19: =_xlfn.XLOOKUP($C19,'PP2 (1)'!$B$6:$B$99,'PP2 (1)'!$E$6:$E$99,"") -> 0.17 | J19: =_xlfn.XLOOKUP($C19,'PP2 (2)'!$B$6:$B$100,'PP2 (2)'!$E$6:$E$100,"") -> 0 | K19: =_xlfn.XLOOKUP($C19,'PP3 (1)'!$B$5:$B$113,'PP3 (1)'!$E$5:$E$113,"") -> 0.33 | L19: =_xlfn.XLOOKUP($C19,'PP3 (2)'!$B$5:$B$112,'PP3 (2)'!$E$5:$E$112,"") -> 0.5 | M19: =_xlfn.XLOOKUP($C19,'PP4 (1)'!$B$6:$B$100,'PP4 (1)'!$E$6:$E$100,"") -> 0.5 | N19: =_xlfn.XLOOKUP($C19,'PP4 (2)'!$B$6:$B$100,'PP4 (2)'!$E$6:$E$100,"") -> 0.4 | O19: =_xlfn.XLOOKUP($C19,'PP5 (1)'!$B$6:$B$100,'PP5 (1)'!$E$6:$E$100,"") -> 0.8 | P19: =_xlfn.XLOOKUP($C19,'PP5(2)'!$B$6:$B$100,'PP5(2)'!$E$6:$E$100,"") -> 0.6 | Q19: =SUM(R19:AC19) -> 210 | R19: =_xlfn.XLOOKUP($C19,'MP (1)'!$B$6:$B$100,'MP (1)'!$F$6:$F$100,"") -> 25 | S19: =_xlfn.XLOOKUP($C19,'MP (2)'!$B$6:$B$100,'MP (2)'!$F$6:$F$100,"") -> 16 | T19: =_xlfn.XLOOKUP($C19,'PP1 (1)'!$B$6:$B$66,'PP1 (1)'!$F$6:$F$66,"") -> 21 | U19: =_xlfn.XLOOKUP($C19,'PP1 (2)'!$B$6:$B$100,'PP1 (2)'!$F$6:$F$100,"") -> 15 | V19: =_xlfn.XLOOKUP($C19,'PP2 (1)'!$B$6:$B$99,'PP2 (1)'!$F$6:$F$99,"") -> 10 | W19: =_xlfn.XLOOKUP($C19,'PP2 (2)'!$B$6:$B$100,'PP2 (2)'!$F$6:$F$100,"") -> 12 | X19: =_xlfn.XLOOKUP($C19,'PP3 (1)'!$B$5:$B$113,'PP3 (1)'!$F$5:$F$113,"") -> 18 | Y19: =_xlfn.XLOOKUP($C19,'PP3 (2)'!$B$5:$B$112,'PP3 (2)'!$F$5:$F$112,"") -> 21 | Z19: =_xlfn.XLOOKUP($C19,'PP4 (1)'!$B$6:$B$100,'PP4 (1)'!$F$6:$F$100,"") -> 16 | AA19: =_xlfn.XLOOKUP($C19,'PP4 (2)'!$B$6:$B$100,'PP4 (2)'!$F$6:$F$100,"") -> 14 | AB19: =_xlfn.XLOOKUP($C19,'PP5 (1)'!$B$6:$B$100,'PP5 (1)'!$F$6:$F$100,"") -> 23 | AC19: =_xlfn.XLOOKUP($C19,'PP5(2)'!$B$6:$B$100,'PP5(2)'!$F$6:$F$100,"") -> 19 | AD19: =SUM(AE19:AP19) -> -22 | AE19: =_xlfn.XLOOKUP($C19,'MP (1)'!$B$6:$B$100,'MP (1)'!$H$6:$H$100,"") -> 15 | AF19: =_xlfn.XLOOKUP($C19,'MP (2)'!$B$6:$B$100,'MP (2)'!$H$6:$H$100,"") -> 0 | AG19: =_xlfn.XLOOKUP($C19,'PP1 (1)'!$B$6:$B$66,'PP1 (1)'!$H$6:$H$66,"") -> -3 | AH19: =_xlfn.XLOOKUP($C19,'PP1 (2)'!$B$6:$B$100,'PP1 (2)'!$H$6:$H$100,"") -> -5 | AI19: =_xlfn.XLOOKUP($C19,'PP2 (1)'!$B$6:$B$99,'PP2 (1)'!$H$6:$H$99,"") -> -18 | AJ19: =_xlfn.XLOOKUP($C19,'PP2 (2)'!$B$6:$B$100,'PP2 (2)'!$H$6:$H$100,"") -> -13 | AK19: =_xlfn.XLOOKUP($C19,'PP3 (1)'!$B$5:$B$113,'PP3 (1)'!$H$5:$H$113,"") -> -6 | AL19: =_xlfn.XLOOKUP($C19,'PP3 (2)'!$B$5:$B$112,'PP3 (2)'!$H$5:$H$112,"") -> 0 | AM19: =_xlfn.XLOOKUP($C19,'PP4 (1)'!$B$6:$B$100,'PP4 (1)'!$H$6:$H$100,"") -> 1 | AN19: =_xlfn.XLOOKUP($C19,'PP4 (2)'!$B$6:$B$100,'PP4 (2)'!$H$6:$H$100,"") -> -3 | AO19: =_xlfn.XLOOKUP($C19,'PP5 (1)'!$B$6:$B$100,'PP5 (1)'!$H$6:$H$100,"") -> 7 | AP19: =_xlfn.XLOOKUP($C19,'PP5(2)'!$B$6:$B$100,'PP5(2)'!$H$6:$H$100,"") -> 3
A20: =ROW()-4 -> 16 | B20: 0 | C20: ROMANOWICZ Aleksiej | D20: =SUM(E20:P20) -> 5.3 | E20: =_xlfn.XLOOKUP($C20,'MP (1)'!$B$6:$B$100,'MP (1)'!$E$6:$E$100,"") | F20: =_xlfn.XLOOKUP($C20,'MP (2)'!$B$6:$B$100,'MP (2)'!$E$6:$E$100,"") | G20: =_xlfn.XLOOKUP($C20,'PP1 (1)'!$B$6:$B$66,'PP1 (1)'!$E$6:$E$66,"") | H20: =_xlfn.XLOOKUP($C20,'PP1 (2)'!$B$6:$B$100,'PP1 (2)'!$E$6:$E$100,"") | I20: =_xlfn.XLOOKUP($C20,'PP2 (1)'!$B$6:$B$99,'PP2 (1)'!$E$6:$E$99,"") -> 0.83 | J20: =_xlfn.XLOOKUP($C20,'PP2 (2)'!$B$6:$B$100,'PP2 (2)'!$E$6:$E$100,"") -> 1 | K20: =_xlfn.XLOOKUP($C20,'PP3 (1)'!$B$5:$B$113,'PP3 (1)'!$E$5:$E$113,"") -> 0.67 | L20: =_xlfn.XLOOKUP($C20,'PP3 (2)'!$B$5:$B$112,'PP3 (2)'!$E$5:$E$112,"") -> 0.5 | M20: =_xlfn.XLOOKUP($C20,'PP4 (1)'!$B$6:$B$100,'PP4 (1)'!$E$6:$E$100,"") -> 0.6 | N20: =_xlfn.XLOOKUP($C20,'PP4 (2)'!$B$6:$B$100,'PP4 (2)'!$E$6:$E$100,"") -> 0.8 | O20: =_xlfn.XLOOKUP($C20,'PP5 (1)'!$B$6:$B$100,'PP5 (1)'!$E$6:$E$100,"") -> 0.4 | P20: =_xlfn.XLOOKUP($C20,'PP5(2)'!$B$6:$B$100,'PP5(2)'!$E$6:$E$100,"") -> 0.5 | Q20: =SUM(R20:AC20) -> 178 | R20: =_xlfn.XLOOKUP($C20,'MP (1)'!$B$6:$B$100,'MP (1)'!$F$6:$F$100,"") | S20: =_xlfn.XLOOKUP($C20,'MP (2)'!$B$6:$B$100,'MP (2)'!$F$6:$F$100,"") | T20: =_xlfn.XLOOKUP($C20,'PP1 (1)'!$B$6:$B$66,'PP1 (1)'!$F$6:$F$66,"") | U20: =_xlfn.XLOOKUP($C20,'PP1 (2)'!$B$6:$B$100,'PP1 (2)'!$F$6:$F$100,"") | V20: =_xlfn.XLOOKUP($C20,'PP2 (1)'!$B$6:$B$99,'PP2 (1)'!$F$6:$F$99,"") -> 29 | W20: =_xlfn.XLOOKUP($C20,'PP2 (2)'!$B$6:$B$100,'PP2 (2)'!$F$6:$F$100,"") -> 25 | X20: =_xlfn.XLOOKUP($C20,'PP3 (1)'!$B$5:$B$113,'PP3 (1)'!$F$5:$F$113,"") -> 25 | Y20: =_xlfn.XLOOKUP($C20,'PP3 (2)'!$B$5:$B$112,'PP3 (2)'!$F$5:$F$112,"") -> 22 | Z20: =_xlfn.XLOOKUP($C20,'PP4 (1)'!$B$6:$B$100,'PP4 (1)'!$F$6:$F$100,"") -> 21 | AA20: =_xlfn.XLOOKUP($C20,'PP4 (2)'!$B$6:$B$100,'PP4 (2)'!$F$6:$F$100,"") -> 22 | AB20: =_xlfn.XLOOKUP($C20,'PP5 (1)'!$B$6:$B$100,'PP5 (1)'!$F$6:$F$100,"") -> 21 | AC20: =_xlfn.XLOOKUP($C20,'PP5(2)'!$B$6:$B$100,'PP5(2)'!$F$6:$F$100,"") -> 13 | AD20: =SUM(AE20:AP20) -> 57 | AE20: =_xlfn.XLOOKUP($C20,'MP (1)'!$B$6:$B$100,'MP (1)'!$H$6:$H$100,"") | AF20: =_xlfn.XLOOKUP($C20,'MP (2)'!$B$6:$B$100,'MP (2)'!$H$6:$H$100,"") | AG20: =_xlfn.XLOOKUP($C20,'PP1 (1)'!$B$6:$B$66,'PP1 (1)'!$H$6:$H$66,"") | AH20: =_xlfn.XLOOKUP($C20,'PP1 (2)'!$B$6:$B$100,'PP1 (2)'!$H$6:$H$100,"") | AI20: =_xlfn.XLOOKUP($C20,'PP2 (1)'!$B$6:$B$99,'PP2 (1)'!$H$6:$H$99,"") -> 15 | AJ20: =_xlfn.XLOOKUP($C20,'PP2 (2)'!$B$6:$B$100,'PP2 (2)'!$H$6:$H$100,"") -> 21 | AK20: =_xlfn.XLOOKUP($C20,'PP3 (1)'!$B$5:$B$113,'PP3 (1)'!$H$5:$H$113,"") -> 4 | AL20: =_xlfn.XLOOKUP($C20,'PP3 (2)'!$B$5:$B$112,'PP3 (2)'!$H$5:$H$112,"") -> 3 | AM20: =_xlfn.XLOOKUP($C20,'PP4 (1)'!$B$6:$B$100,'PP4 (1)'!$H$6:$H$100,"") -> 1 | AN20: =_xlfn.XLOOKUP($C20,'PP4 (2)'!$B$6:$B$100,'PP4 (2)'!$H$6:$H$100,"") -> 9 | AO20: =_xlfn.XLOOKUP($C20,'PP5 (1)'!$B$6:$B$100,'PP5 (1)'!$H$6:$H$100,"") -> 6 | AP20: =_xlfn.XLOOKUP($C20,'PP5(2)'!$B$6:$B$100,'PP5(2)'!$H$6:$H$100,"") -> -2
A21: =ROW()-4 -> 17 | B21: 3 | C21: ZABŁOCKI Michał | D21: =SUM(E21:P21) -> 5.18 | E21: =_xlfn.XLOOKUP($C21,'MP (1)'!$B$6:$B$100,'MP (1)'!$E$6:$E$100,"") | F21: =_xlfn.XLOOKUP($C21,'MP (2)'!$B$6:$B$100,'MP (2)'!$E$6:$E$100,"") | G21: =_xlfn.XLOOKUP($C21,'PP1 (1)'!$B$6:$B$66,'PP1 (1)'!$E$6:$E$66,"") -> 0.8 | H21: =_xlfn.XLOOKUP($C21,'PP1 (2)'!$B$6:$B$100,'PP1 (2)'!$E$6:$E$100,"") -> 1 | I21: =_xlfn.XLOOKUP($C21,'PP2 (1)'!$B$6:$B$99,'PP2 (1)'!$E$6:$E$99,"") | J21: =_xlfn.XLOOKUP($C21,'PP2 (2)'!$B$6:$B$100,'PP2 (2)'!$E$6:$E$100,"") | K21: =_xlfn.XLOOKUP($C21,'PP3 (1)'!$B$5:$B$113,'PP3 (1)'!$E$5:$E$113,"") -> 1 | L21: =_xlfn.XLOOKUP($C21,'PP3 (2)'!$B$5:$B$112,'PP3 (2)'!$E$5:$E$112,"") -> 0.83 | M21: =_xlfn.XLOOKUP($C21,'PP4 (1)'!$B$6:$B$100,'PP4 (1)'!$E$6:$E$100,"") -> 0.8 | N21: =_xlfn.XLOOKUP($C21,'PP4 (2)'!$B$6:$B$100,'PP4 (2)'!$E$6:$E$100,"") -> 0.75 | O21: =_xlfn.XLOOKUP($C21,'PP5 (1)'!$B$6:$B$100,'PP5 (1)'!$E$6:$E$100,"") | P21: =_xlfn.XLOOKUP($C21,'PP5(2)'!$B$6:$B$100,'PP5(2)'!$E$6:$E$100,"") | Q21: =SUM(R21:AC21) -> 151 | R21: =_xlfn.XLOOKUP($C21,'MP (1)'!$B$6:$B$100,'MP (1)'!$F$6:$F$100,"") | S21: =_xlfn.XLOOKUP($C21,'MP (2)'!$B$6:$B$100,'MP (2)'!$F$6:$F$100,"") | T21: =_xlfn.XLOOKUP($C21,'PP1 (1)'!$B$6:$B$66,'PP1 (1)'!$F$6:$F$66,"") -> 24 | U21: =_xlfn.XLOOKUP($C21,'PP1 (2)'!$B$6:$B$100,'PP1 (2)'!$F$6:$F$100,"") -> 25 | V21: =_xlfn.XLOOKUP($C21,'PP2 (1)'!$B$6:$B$99,'PP2 (1)'!$F$6:$F$99,"") | W21: =_xlfn.XLOOKUP($C21,'PP2 (2)'!$B$6:$B$100,'PP2 (2)'!$F$6:$F$100,"") | X21: =_xlfn.XLOOKUP($C21,'PP3 (1)'!$B$5:$B$113,'PP3 (1)'!$F$5:$F$113,"") -> 30 | Y21: =_xlfn.XLOOKUP($C21,'PP3 (2)'!$B$5:$B$112,'PP3 (2)'!$F$5:$F$112,"") -> 29 | Z21: =_xlfn.XLOOKUP($C21,'PP4 (1)'!$B$6:$B$100,'PP4 (1)'!$F$6:$F$100,"") -> 24 | AA21: =_xlfn.XLOOKUP($C21,'PP4 (2)'!$B$6:$B$100,'PP4 (2)'!$F$6:$F$100,"") -> 19 | AB21: =_xlfn.XLOOKUP($C21,'PP5 (1)'!$B$6:$B$100,'PP5 (1)'!$F$6:$F$100,"") | AC21: =_xlfn.XLOOKUP($C21,'PP5(2)'!$B$6:$B$100,'PP5(2)'!$F$6:$F$100,"") | AD21: =SUM(AE21:AP21) -> 83 | AE21: =_xlfn.XLOOKUP($C21,'MP (1)'!$B$6:$B$100,'MP (1)'!$H$6:$H$100,"") | AF21: =_xlfn.XLOOKUP($C21,'MP (2)'!$B$6:$B$100,'MP (2)'!$H$6:$H$100,"") | AG21: =_xlfn.XLOOKUP($C21,'PP1 (1)'!$B$6:$B$66,'PP1 (1)'!$H$6:$H$66,"") -> 14 | AH21: =_xlfn.XLOOKUP($C21,'PP1 (2)'!$B$6:$B$100,'PP1 (2)'!$H$6:$H$100,"") -> 17 | AI21: =_xlfn.XLOOKUP($C21,'PP2 (1)'!$B$6:$B$99,'PP2 (1)'!$H$6:$H$99,"") | AJ21: =_xlfn.XLOOKUP($C21,'PP2 (2)'!$B$6:$B$100,'PP2 (2)'!$H$6:$H$100,"") | AK21: =_xlfn.XLOOKUP($C21,'PP3 (1)'!$B$5:$B$113,'PP3 (1)'!$H$5:$H$113,"") -> 15 | AL21: =_xlfn.XLOOKUP($C21,'PP3 (2)'!$B$5:$B$112,'PP3 (2)'!$H$5:$H$112,"") -> 16 | AM21: =_xlfn.XLOOKUP($C21,'PP4 (1)'!$B$6:$B$100,'PP4 (1)'!$H$6:$H$100,"") -> 13 | AN21: =_xlfn.XLOOKUP($C21,'PP4 (2)'!$B$6:$B$100,'PP4 (2)'!$H$6:$H$100,"") -> 8 | AO21: =_xlfn.XLOOKUP($C21,'PP5 (1)'!$B$6:$B$100,'PP5 (1)'!$H$6:$H$100,"") | AP21: =_xlfn.XLOOKUP($C21,'PP5(2)'!$B$6:$B$100,'PP5(2)'!$H$6:$H$100,"")
A22: =ROW()-4 -> 18 | B22: 2 | C22: WINGROWICZ Mariusz | D22: =SUM(E22:P22) -> 5 | E22: =_xlfn.XLOOKUP($C22,'MP (1)'!$B$6:$B$100,'MP (1)'!$E$6:$E$100,"") -> 0.67 | F22: =_xlfn.XLOOKUP($C22,'MP (2)'!$B$6:$B$100,'MP (2)'!$E$6:$E$100,"") -> 0.6 | G22: =_xlfn.XLOOKUP($C22,'PP1 (1)'!$B$6:$B$66,'PP1 (1)'!$E$6:$E$66,"") | H22: =_xlfn.XLOOKUP($C22,'PP1 (2)'!$B$6:$B$100,'PP1 (2)'!$E$6:$E$100,"") | I22: =_xlfn.XLOOKUP($C22,'PP2 (1)'!$B$6:$B$99,'PP2 (1)'!$E$6:$E$99,"") -> 1 | J22: =_xlfn.XLOOKUP($C22,'PP2 (2)'!$B$6:$B$100,'PP2 (2)'!$E$6:$E$100,"") -> 0.4 | K22: =_xlfn.XLOOKUP($C22,'PP3 (1)'!$B$5:$B$113,'PP3 (1)'!$E$5:$E$113,"") -> 0.33 | L22: =_xlfn.XLOOKUP($C22,'PP3 (2)'!$B$5:$B$112,'PP3 (2)'!$E$5:$E$112,"") -> 0.8 | M22: =_xlfn.XLOOKUP($C22,'PP4 (1)'!$B$6:$B$100,'PP4 (1)'!$E$6:$E$100,"") -> 0.6 | N22: =_xlfn.XLOOKUP($C22,'PP4 (2)'!$B$6:$B$100,'PP4 (2)'!$E$6:$E$100,"") -> 0.6 | O22: =_xlfn.XLOOKUP($C22,'PP5 (1)'!$B$6:$B$100,'PP5 (1)'!$E$6:$E$100,"") | P22: =_xlfn.XLOOKUP($C22,'PP5(2)'!$B$6:$B$100,'PP5(2)'!$E$6:$E$100,"") | Q22: =SUM(R22:AC22) -> 182 | R22: =_xlfn.XLOOKUP($C22,'MP (1)'!$B$6:$B$100,'MP (1)'!$F$6:$F$100,"") -> 27 | S22: =_xlfn.XLOOKUP($C22,'MP (2)'!$B$6:$B$100,'MP (2)'!$F$6:$F$100,"") -> 22 | T22: =_xlfn.XLOOKUP($C22,'PP1 (1)'!$B$6:$B$66,'PP1 (1)'!$F$6:$F$66,"") | U22: =_xlfn.XLOOKUP($C22,'PP1 (2)'!$B$6:$B$100,'PP1 (2)'!$F$6:$F$100,"") | V22: =_xlfn.XLOOKUP($C22,'PP2 (1)'!$B$6:$B$99,'PP2 (1)'!$F$6:$F$99,"") -> 25 | W22: =_xlfn.XLOOKUP($C22,'PP2 (2)'!$B$6:$B$100,'PP2 (2)'!$F$6:$F$100,"") -> 21 | X22: =_xlfn.XLOOKUP($C22,'PP3 (1)'!$B$5:$B$113,'PP3 (1)'!$F$5:$F$113,"") -> 25 | Y22: =_xlfn.XLOOKUP($C22,'PP3 (2)'!$B$5:$B$112,'PP3 (2)'!$F$5:$F$112,"") -> 22 | Z22: =_xlfn.XLOOKUP($C22,'PP4 (1)'!$B$6:$B$100,'PP4 (1)'!$F$6:$F$100,"") -> 20 | AA22: =_xlfn.XLOOKUP($C22,'PP4 (2)'!$B$6:$B$100,'PP4 (2)'!$F$6:$F$100,"") -> 20 | AB22: =_xlfn.XLOOKUP($C22,'PP5 (1)'!$B$6:$B$100,'PP5 (1)'!$F$6:$F$100,"") | AC22: =_xlfn.XLOOKUP($C22,'PP5(2)'!$B$6:$B$100,'PP5(2)'!$F$6:$F$100,"") | AD22: =SUM(AE22:AP22) -> 52 | AE22: =_xlfn.XLOOKUP($C22,'MP (1)'!$B$6:$B$100,'MP (1)'!$H$6:$H$100,"") -> 7 | AF22: =_xlfn.XLOOKUP($C22,'MP (2)'!$B$6:$B$100,'MP (2)'!$H$6:$H$100,"") -> 5 | AG22: =_xlfn.XLOOKUP($C22,'PP1 (1)'!$B$6:$B$66,'PP1 (1)'!$H$6:$H$66,"") | AH22: =_xlfn.XLOOKUP($C22,'PP1 (2)'!$B$6:$B$100,'PP1 (2)'!$H$6:$H$100,"") | AI22: =_xlfn.XLOOKUP($C22,'PP2 (1)'!$B$6:$B$99,'PP2 (1)'!$H$6:$H$99,"") -> 14 | AJ22: =_xlfn.XLOOKUP($C22,'PP2 (2)'!$B$6:$B$100,'PP2 (2)'!$H$6:$H$100,"") -> 2 | AK22: =_xlfn.XLOOKUP($C22,'PP3 (1)'!$B$5:$B$113,'PP3 (1)'!$H$5:$H$113,"") -> 1 | AL22: =_xlfn.XLOOKUP($C22,'PP3 (2)'!$B$5:$B$112,'PP3 (2)'!$H$5:$H$112,"") -> 12 | AM22: =_xlfn.XLOOKUP($C22,'PP4 (1)'!$B$6:$B$100,'PP4 (1)'!$H$6:$H$100,"") -> 4 | AN22: =_xlfn.XLOOKUP($C22,'PP4 (2)'!$B$6:$B$100,'PP4 (2)'!$H$6:$H$100,"") -> 7 | AO22: =_xlfn.XLOOKUP($C22,'PP5 (1)'!$B$6:$B$100,'PP5 (1)'!$H$6:$H$100,"") | AP22: =_xlfn.XLOOKUP($C22,'PP5(2)'!$B$6:$B$100,'PP5(2)'!$H$6:$H$100,"")
A23: =ROW()-4 -> 19 | B23: 1 | C23: GRACZYK Bogdan | D23: =SUM(E23:P23) -> 4.94 | E23: =_xlfn.XLOOKUP($C23,'MP (1)'!$B$6:$B$100,'MP (1)'!$E$6:$E$100,"") -> 1 | F23: =_xlfn.XLOOKUP($C23,'MP (2)'!$B$6:$B$100,'MP (2)'!$E$6:$E$100,"") -> 1 | G23: =_xlfn.XLOOKUP($C23,'PP1 (1)'!$B$6:$B$66,'PP1 (1)'!$E$6:$E$66,"") | H23: =_xlfn.XLOOKUP($C23,'PP1 (2)'!$B$6:$B$100,'PP1 (2)'!$E$6:$E$100,"") | I23: =_xlfn.XLOOKUP($C23,'PP2 (1)'!$B$6:$B$99,'PP2 (1)'!$E$6:$E$99,"") -> 0.8 | J23: =_xlfn.XLOOKUP($C23,'PP2 (2)'!$B$6:$B$100,'PP2 (2)'!$E$6:$E$100,"") -> 0.8 | K23: =_xlfn.XLOOKUP($C23,'PP3 (1)'!$B$5:$B$113,'PP3 (1)'!$E$5:$E$113,"") -> 0.67 | L23: =_xlfn.XLOOKUP($C23,'PP3 (2)'!$B$5:$B$112,'PP3 (2)'!$E$5:$E$112,"") -> 0.67 | M23: =_xlfn.XLOOKUP($C23,'PP4 (1)'!$B$6:$B$100,'PP4 (1)'!$E$6:$E$100,"") | N23: =_xlfn.XLOOKUP($C23,'PP4 (2)'!$B$6:$B$100,'PP4 (2)'!$E$6:$E$100,"") | O23: =_xlfn.XLOOKUP($C23,'PP5 (1)'!$B$6:$B$100,'PP5 (1)'!$E$6:$E$100,"") | P23: =_xlfn.XLOOKUP($C23,'PP5(2)'!$B$6:$B$100,'PP5(2)'!$E$6:$E$100,"") | Q23: =SUM(R23:AC23) -> 147 | R23: =_xlfn.XLOOKUP($C23,'MP (1)'!$B$6:$B$100,'MP (1)'!$F$6:$F$100,"") -> 25 | S23: =_xlfn.XLOOKUP($C23,'MP (2)'!$B$6:$B$100,'MP (2)'!$F$6:$F$100,"") -> 25 | T23: =_xlfn.XLOOKUP($C23,'PP1 (1)'!$B$6:$B$66,'PP1 (1)'!$F$6:$F$66,"") | U23: =_xlfn.XLOOKUP($C23,'PP1 (2)'!$B$6:$B$100,'PP1 (2)'!$F$6:$F$100,"") | V23: =_xlfn.XLOOKUP($C23,'PP2 (1)'!$B$6:$B$99,'PP2 (1)'!$F$6:$F$99,"") -> 21 | W23: =_xlfn.XLOOKUP($C23,'PP2 (2)'!$B$6:$B$100,'PP2 (2)'!$F$6:$F$100,"") -> 24 | X23: =_xlfn.XLOOKUP($C23,'PP3 (1)'!$B$5:$B$113,'PP3 (1)'!$F$5:$F$113,"") -> 27 | Y23: =_xlfn.XLOOKUP($C23,'PP3 (2)'!$B$5:$B$112,'PP3 (2)'!$F$5:$F$112,"") -> 25 | Z23: =_xlfn.XLOOKUP($C23,'PP4 (1)'!$B$6:$B$100,'PP4 (1)'!$F$6:$F$100,"") | AA23: =_xlfn.XLOOKUP($C23,'PP4 (2)'!$B$6:$B$100,'PP4 (2)'!$F$6:$F$100,"") | AB23: =_xlfn.XLOOKUP($C23,'PP5 (1)'!$B$6:$B$100,'PP5 (1)'!$F$6:$F$100,"") | AC23: =_xlfn.XLOOKUP($C23,'PP5(2)'!$B$6:$B$100,'PP5(2)'!$F$6:$F$100,"") | AD23: =SUM(AE23:AP23) -> 73 | AE23: =_xlfn.XLOOKUP($C23,'MP (1)'!$B$6:$B$100,'MP (1)'!$H$6:$H$100,"") -> 16 | AF23: =_xlfn.XLOOKUP($C23,'MP (2)'!$B$6:$B$100,'MP (2)'!$H$6:$H$100,"") -> 21 | AG23: =_xlfn.XLOOKUP($C23,'PP1 (1)'!$B$6:$B$66,'PP1 (1)'!$H$6:$H$66,"") | AH23: =_xlfn.XLOOKUP($C23,'PP1 (2)'!$B$6:$B$100,'PP1 (2)'!$H$6:$H$100,"") | AI23: =_xlfn.XLOOKUP($C23,'PP2 (1)'!$B$6:$B$99,'PP2 (1)'!$H$6:$H$99,"") -> 11 | AJ23: =_xlfn.XLOOKUP($C23,'PP2 (2)'!$B$6:$B$100,'PP2 (2)'!$H$6:$H$100,"") -> 14 | AK23: =_xlfn.XLOOKUP($C23,'PP3 (1)'!$B$5:$B$113,'PP3 (1)'!$H$5:$H$113,"") -> 4 | AL23: =_xlfn.XLOOKUP($C23,'PP3 (2)'!$B$5:$B$112,'PP3 (2)'!$H$5:$H$112,"") -> 7 | AM23: =_xlfn.XLOOKUP($C23,'PP4 (1)'!$B$6:$B$100,'PP4 (1)'!$H$6:$H$100,"") | AN23: =_xlfn.XLOOKUP($C23,'PP4 (2)'!$B$6:$B$100,'PP4 (2)'!$H$6:$H$100,"") | AO23: =_xlfn.XLOOKUP($C23,'PP5 (1)'!$B$6:$B$100,'PP5 (1)'!$H$6:$H$100,"") | AP23: =_xlfn.XLOOKUP($C23,'PP5(2)'!$B$6:$B$100,'PP5(2)'!$H$6:$H$100,"")
A24: =ROW()-4 -> 20 | B24: 3 | C24: CHUDYCKI Artur | D24: =SUM(E24:P24) -> 4.43 | E24: =_xlfn.XLOOKUP($C24,'MP (1)'!$B$6:$B$100,'MP (1)'!$E$6:$E$100,"") -> 0.4 | F24: =_xlfn.XLOOKUP($C24,'MP (2)'!$B$6:$B$100,'MP (2)'!$E$6:$E$100,"") -> 0.4 | G24: =_xlfn.XLOOKUP($C24,'PP1 (1)'!$B$6:$B$66,'PP1 (1)'!$E$6:$E$66,"") -> 0.6 | H24: =_xlfn.XLOOKUP($C24,'PP1 (2)'!$B$6:$B$100,'PP1 (2)'!$E$6:$E$100,"") -> 0.6 | I24: =_xlfn.XLOOKUP($C24,'PP2 (1)'!$B$6:$B$99,'PP2 (1)'!$E$6:$E$99,"") | J24: =_xlfn.XLOOKUP($C24,'PP2 (2)'!$B$6:$B$100,'PP2 (2)'!$E$6:$E$100,"") | K24: =_xlfn.XLOOKUP($C24,'PP3 (1)'!$B$5:$B$113,'PP3 (1)'!$E$5:$E$113,"") -> 0.5 | L24: =_xlfn.XLOOKUP($C24,'PP3 (2)'!$B$5:$B$112,'PP3 (2)'!$E$5:$E$112,"") -> 0.33 | M24: =_xlfn.XLOOKUP($C24,'PP4 (1)'!$B$6:$B$100,'PP4 (1)'!$E$6:$E$100,"") -> 0.4 | N24: =_xlfn.XLOOKUP($C24,'PP4 (2)'!$B$6:$B$100,'PP4 (2)'!$E$6:$E$100,"") -> 0.6 | O24: =_xlfn.XLOOKUP($C24,'PP5 (1)'!$B$6:$B$100,'PP5 (1)'!$E$6:$E$100,"") -> 0.4 | P24: =_xlfn.XLOOKUP($C24,'PP5(2)'!$B$6:$B$100,'PP5(2)'!$E$6:$E$100,"") -> 0.2 | Q24: =SUM(R24:AC24) -> 169 | R24: =_xlfn.XLOOKUP($C24,'MP (1)'!$B$6:$B$100,'MP (1)'!$F$6:$F$100,"") -> 16 | S24: =_xlfn.XLOOKUP($C24,'MP (2)'!$B$6:$B$100,'MP (2)'!$F$6:$F$100,"") -> 19 | T24: =_xlfn.XLOOKUP($C24,'PP1 (1)'!$B$6:$B$66,'PP1 (1)'!$F$6:$F$66,"") -> 18 | U24: =_xlfn.XLOOKUP($C24,'PP1 (2)'!$B$6:$B$100,'PP1 (2)'!$F$6:$F$100,"") -> 19 | V24: =_xlfn.XLOOKUP($C24,'PP2 (1)'!$B$6:$B$99,'PP2 (1)'!$F$6:$F$99,"") | W24: =_xlfn.XLOOKUP($C24,'PP2 (2)'!$B$6:$B$100,'PP2 (2)'!$F$6:$F$100,"") | X24: =_xlfn.XLOOKUP($C24,'PP3 (1)'!$B$5:$B$113,'PP3 (1)'!$F$5:$F$113,"") -> 19 | Y24: =_xlfn.XLOOKUP($C24,'PP3 (2)'!$B$5:$B$112,'PP3 (2)'!$F$5:$F$112,"") -> 18 | Z24: =_xlfn.XLOOKUP($C24,'PP4 (1)'!$B$6:$B$100,'PP4 (1)'!$F$6:$F$100,"") -> 16 | AA24: =_xlfn.XLOOKUP($C24,'PP4 (2)'!$B$6:$B$100,'PP4 (2)'!$F$6:$F$100,"") -> 17 | AB24: =_xlfn.XLOOKUP($C24,'PP5 (1)'!$B$6:$B$100,'PP5 (1)'!$F$6:$F$100,"") -> 16 | AC24: =_xlfn.XLOOKUP($C24,'PP5(2)'!$B$6:$B$100,'PP5(2)'!$F$6:$F$100,"") -> 11 | AD24: =SUM(AE24:AP24) -> -34 | AE24: =_xlfn.XLOOKUP($C24,'MP (1)'!$B$6:$B$100,'MP (1)'!$H$6:$H$100,"") -> -1 | AF24: =_xlfn.XLOOKUP($C24,'MP (2)'!$B$6:$B$100,'MP (2)'!$H$6:$H$100,"") -> 1 | AG24: =_xlfn.XLOOKUP($C24,'PP1 (1)'!$B$6:$B$66,'PP1 (1)'!$H$6:$H$66,"") -> -2 | AH24: =_xlfn.XLOOKUP($C24,'PP1 (2)'!$B$6:$B$100,'PP1 (2)'!$H$6:$H$100,"") -> -1 | AI24: =_xlfn.XLOOKUP($C24,'PP2 (1)'!$B$6:$B$99,'PP2 (1)'!$H$6:$H$99,"") | AJ24: =_xlfn.XLOOKUP($C24,'PP2 (2)'!$B$6:$B$100,'PP2 (2)'!$H$6:$H$100,"") | AK24: =_xlfn.XLOOKUP($C24,'PP3 (1)'!$B$5:$B$113,'PP3 (1)'!$H$5:$H$113,"") -> -3 | AL24: =_xlfn.XLOOKUP($C24,'PP3 (2)'!$B$5:$B$112,'PP3 (2)'!$H$5:$H$112,"") -> -6 | AM24: =_xlfn.XLOOKUP($C24,'PP4 (1)'!$B$6:$B$100,'PP4 (1)'!$H$6:$H$100,"") -> -7 | AN24: =_xlfn.XLOOKUP($C24,'PP4 (2)'!$B$6:$B$100,'PP4 (2)'!$H$6:$H$100,"") -> 1 | AO24: =_xlfn.XLOOKUP($C24,'PP5 (1)'!$B$6:$B$100,'PP5 (1)'!$H$6:$H$100,"") -> -4 | AP24: =_xlfn.XLOOKUP($C24,'PP5(2)'!$B$6:$B$100,'PP5(2)'!$H$6:$H$100,"") -> -12
A25: =ROW()-4 -> 21 | B25: 0k | C25: HAJDAS Martyna | D25: =SUM(E25:P25) -> 4.03 | E25: =_xlfn.XLOOKUP($C25,'MP (1)'!$B$6:$B$100,'MP (1)'!$E$6:$E$100,"") -> 0.33 | F25: =_xlfn.XLOOKUP($C25,'MP (2)'!$B$6:$B$100,'MP (2)'!$E$6:$E$100,"") -> 0.4 | G25: =_xlfn.XLOOKUP($C25,'PP1 (1)'!$B$6:$B$66,'PP1 (1)'!$E$6:$E$66,"") -> 0.4 | H25: =_xlfn.XLOOKUP($C25,'PP1 (2)'!$B$6:$B$100,'PP1 (2)'!$E$6:$E$100,"") -> 0.67 | I25: =_xlfn.XLOOKUP($C25,'PP2 (1)'!$B$6:$B$99,'PP2 (1)'!$E$6:$E$99,"") -> 0.33 | J25: =_xlfn.XLOOKUP($C25,'PP2 (2)'!$B$6:$B$100,'PP2 (2)'!$E$6:$E$100,"") -> 0.5 | K25: =_xlfn.XLOOKUP($C25,'PP3 (1)'!$B$5:$B$113,'PP3 (1)'!$E$5:$E$113,"") | L25: =_xlfn.XLOOKUP($C25,'PP3 (2)'!$B$5:$B$112,'PP3 (2)'!$E$5:$E$112,"") | M25: =_xlfn.XLOOKUP($C25,'PP4 (1)'!$B$6:$B$100,'PP4 (1)'!$E$6:$E$100,"") -> 0.6 | N25: =_xlfn.XLOOKUP($C25,'PP4 (2)'!$B$6:$B$100,'PP4 (2)'!$E$6:$E$100,"") -> 0.8 | O25: =_xlfn.XLOOKUP($C25,'PP5 (1)'!$B$6:$B$100,'PP5 (1)'!$E$6:$E$100,"") | P25: =_xlfn.XLOOKUP($C25,'PP5(2)'!$B$6:$B$100,'PP5(2)'!$E$6:$E$100,"") | Q25: =SUM(R25:AC25) -> 154 | R25: =_xlfn.XLOOKUP($C25,'MP (1)'!$B$6:$B$100,'MP (1)'!$F$6:$F$100,"") -> 17 | S25: =_xlfn.XLOOKUP($C25,'MP (2)'!$B$6:$B$100,'MP (2)'!$F$6:$F$100,"") -> 19 | T25: =_xlfn.XLOOKUP($C25,'PP1 (1)'!$B$6:$B$66,'PP1 (1)'!$F$6:$F$66,"") -> 16 | U25: =_xlfn.XLOOKUP($C25,'PP1 (2)'!$B$6:$B$100,'PP1 (2)'!$F$6:$F$100,"") -> 23 | V25: =_xlfn.XLOOKUP($C25,'PP2 (1)'!$B$6:$B$99,'PP2 (1)'!$F$6:$F$99,"") -> 16 | W25: =_xlfn.XLOOKUP($C25,'PP2 (2)'!$B$6:$B$100,'PP2 (2)'!$F$6:$F$100,"") -> 19 | X25: =_xlfn.XLOOKUP($C25,'PP3 (1)'!$B$5:$B$113,'PP3 (1)'!$F$5:$F$113,"") | Y25: =_xlfn.XLOOKUP($C25,'PP3 (2)'!$B$5:$B$112,'PP3 (2)'!$F$5:$F$112,"") | Z25: =_xlfn.XLOOKUP($C25,'PP4 (1)'!$B$6:$B$100,'PP4 (1)'!$F$6:$F$100,"") -> 21 | AA25: =_xlfn.XLOOKUP($C25,'PP4 (2)'!$B$6:$B$100,'PP4 (2)'!$F$6:$F$100,"") -> 23 | AB25: =_xlfn.XLOOKUP($C25,'PP5 (1)'!$B$6:$B$100,'PP5 (1)'!$F$6:$F$100,"") | AC25: =_xlfn.XLOOKUP($C25,'PP5(2)'!$B$6:$B$100,'PP5(2)'!$F$6:$F$100,"") | AD25: =SUM(AE25:AP25) -> -12 | AE25: =_xlfn.XLOOKUP($C25,'MP (1)'!$B$6:$B$100,'MP (1)'!$H$6:$H$100,"") -> -10 | AF25: =_xlfn.XLOOKUP($C25,'MP (2)'!$B$6:$B$100,'MP (2)'!$H$6:$H$100,"") -> 1 | AG25: =_xlfn.XLOOKUP($C25,'PP1 (1)'!$B$6:$B$66,'PP1 (1)'!$H$6:$H$66,"") -> -6 | AH25: =_xlfn.XLOOKUP($C25,'PP1 (2)'!$B$6:$B$100,'PP1 (2)'!$H$6:$H$100,"") -> 3 | AI25: =_xlfn.XLOOKUP($C25,'PP2 (1)'!$B$6:$B$99,'PP2 (1)'!$H$6:$H$99,"") -> -9 | AJ25: =_xlfn.XLOOKUP($C25,'PP2 (2)'!$B$6:$B$100,'PP2 (2)'!$H$6:$H$100,"") -> -1 | AK25: =_xlfn.XLOOKUP($C25,'PP3 (1)'!$B$5:$B$113,'PP3 (1)'!$H$5:$H$113,"") | AL25: =_xlfn.XLOOKUP($C25,'PP3 (2)'!$B$5:$B$112,'PP3 (2)'!$H$5:$H$112,"") | AM25: =_xlfn.XLOOKUP($C25,'PP4 (1)'!$B$6:$B$100,'PP4 (1)'!$H$6:$H$100,"") -> 3 | AN25: =_xlfn.XLOOKUP($C25,'PP4 (2)'!$B$6:$B$100,'PP4 (2)'!$H$6:$H$100,"") -> 7 | AO25: =_xlfn.XLOOKUP($C25,'PP5 (1)'!$B$6:$B$100,'PP5 (1)'!$H$6:$H$100,"") | AP25: =_xlfn.XLOOKUP($C25,'PP5(2)'!$B$6:$B$100,'PP5(2)'!$H$6:$H$100,"")
A26: =ROW()-4 -> 22 | B26: 2 | C26: JAROSZEK Zbigniew | D26: =SUM(E26:P26) -> 3.94 | E26: =_xlfn.XLOOKUP($C26,'MP (1)'!$B$6:$B$100,'MP (1)'!$E$6:$E$100,"") | F26: =_xlfn.XLOOKUP($C26,'MP (2)'!$B$6:$B$100,'MP (2)'!$E$6:$E$100,"") | G26: =_xlfn.XLOOKUP($C26,'PP1 (1)'!$B$6:$B$66,'PP1 (1)'!$E$6:$E$66,"") | H26: =_xlfn.XLOOKUP($C26,'PP1 (2)'!$B$6:$B$100,'PP1 (2)'!$E$6:$E$100,"") | I26: =_xlfn.XLOOKUP($C26,'PP2 (1)'!$B$6:$B$99,'PP2 (1)'!$E$6:$E$99,"") -> 0.6 | J26: =_xlfn.XLOOKUP($C26,'PP2 (2)'!$B$6:$B$100,'PP2 (2)'!$E$6:$E$100,"") -> 0.2 | K26: =_xlfn.XLOOKUP($C26,'PP3 (1)'!$B$5:$B$113,'PP3 (1)'!$E$5:$E$113,"") -> 0.67 | L26: =_xlfn.XLOOKUP($C26,'PP3 (2)'!$B$5:$B$112,'PP3 (2)'!$E$5:$E$112,"") -> 0.67 | M26: =_xlfn.XLOOKUP($C26,'PP4 (1)'!$B$6:$B$100,'PP4 (1)'!$E$6:$E$100,"") -> 0.5 | N26: =_xlfn.XLOOKUP($C26,'PP4 (2)'!$B$6:$B$100,'PP4 (2)'!$E$6:$E$100,"") -> 0.5 | O26: =_xlfn.XLOOKUP($C26,'PP5 (1)'!$B$6:$B$100,'PP5 (1)'!$E$6:$E$100,"") -> 0.4 | P26: =_xlfn.XLOOKUP($C26,'PP5(2)'!$B$6:$B$100,'PP5(2)'!$E$6:$E$100,"") -> 0.4 | Q26: =SUM(R26:AC26) -> 149 | R26: =_xlfn.XLOOKUP($C26,'MP (1)'!$B$6:$B$100,'MP (1)'!$F$6:$F$100,"") | S26: =_xlfn.XLOOKUP($C26,'MP (2)'!$B$6:$B$100,'MP (2)'!$F$6:$F$100,"") | T26: =_xlfn.XLOOKUP($C26,'PP1 (1)'!$B$6:$B$66,'PP1 (1)'!$F$6:$F$66,"") | U26: =_xlfn.XLOOKUP($C26,'PP1 (2)'!$B$6:$B$100,'PP1 (2)'!$F$6:$F$100,"") | V26: =_xlfn.XLOOKUP($C26,'PP2 (1)'!$B$6:$B$99,'PP2 (1)'!$F$6:$F$99,"") -> 21 | W26: =_xlfn.XLOOKUP($C26,'PP2 (2)'!$B$6:$B$100,'PP2 (2)'!$F$6:$F$100,"") -> 14 | X26: =_xlfn.XLOOKUP($C26,'PP3 (1)'!$B$5:$B$113,'PP3 (1)'!$F$5:$F$113,"") -> 24 | Y26: =_xlfn.XLOOKUP($C26,'PP3 (2)'!$B$5:$B$112,'PP3 (2)'!$F$5:$F$112,"") -> 26 | Z26: =_xlfn.XLOOKUP($C26,'PP4 (1)'!$B$6:$B$100,'PP4 (1)'!$F$6:$F$100,"") -> 14 | AA26: =_xlfn.XLOOKUP($C26,'PP4 (2)'!$B$6:$B$100,'PP4 (2)'!$F$6:$F$100,"") -> 13 | AB26: =_xlfn.XLOOKUP($C26,'PP5 (1)'!$B$6:$B$100,'PP5 (1)'!$F$6:$F$100,"") -> 19 | AC26: =_xlfn.XLOOKUP($C26,'PP5(2)'!$B$6:$B$100,'PP5(2)'!$F$6:$F$100,"") -> 18 | AD26: =SUM(AE26:AP26) -> 5 | AE26: =_xlfn.XLOOKUP($C26,'MP (1)'!$B$6:$B$100,'MP (1)'!$H$6:$H$100,"") | AF26: =_xlfn.XLOOKUP($C26,'MP (2)'!$B$6:$B$100,'MP (2)'!$H$6:$H$100,"") | AG26: =_xlfn.XLOOKUP($C26,'PP1 (1)'!$B$6:$B$66,'PP1 (1)'!$H$6:$H$66,"") | AH26: =_xlfn.XLOOKUP($C26,'PP1 (2)'!$B$6:$B$100,'PP1 (2)'!$H$6:$H$100,"") | AI26: =_xlfn.XLOOKUP($C26,'PP2 (1)'!$B$6:$B$99,'PP2 (1)'!$H$6:$H$99,"") -> 4 | AJ26: =_xlfn.XLOOKUP($C26,'PP2 (2)'!$B$6:$B$100,'PP2 (2)'!$H$6:$H$100,"") -> -8 | AK26: =_xlfn.XLOOKUP($C26,'PP3 (1)'!$B$5:$B$113,'PP3 (1)'!$H$5:$H$113,"") -> 7 | AL26: =_xlfn.XLOOKUP($C26,'PP3 (2)'!$B$5:$B$112,'PP3 (2)'!$H$5:$H$112,"") -> 6 | AM26: =_xlfn.XLOOKUP($C26,'PP4 (1)'!$B$6:$B$100,'PP4 (1)'!$H$6:$H$100,"") -> -3 | AN26: =_xlfn.XLOOKUP($C26,'PP4 (2)'!$B$6:$B$100,'PP4 (2)'!$H$6:$H$100,"") -> -2 | AO26: =_xlfn.XLOOKUP($C26,'PP5 (1)'!$B$6:$B$100,'PP5 (1)'!$H$6:$H$100,"") -> 1 | AP26: =_xlfn.XLOOKUP($C26,'PP5(2)'!$B$6:$B$100,'PP5(2)'!$H$6:$H$100,"") -> 0
A27: =ROW()-4 -> 23 | B27: 2 | C27: WIERZBICKI Jacek | D27: =SUM(E27:P27) -> 3.41 | E27: =_xlfn.XLOOKUP($C27,'MP (1)'!$B$6:$B$100,'MP (1)'!$E$6:$E$100,"") | F27: =_xlfn.XLOOKUP($C27,'MP (2)'!$B$6:$B$100,'MP (2)'!$E$6:$E$100,"") | G27: =_xlfn.XLOOKUP($C27,'PP1 (1)'!$B$6:$B$66,'PP1 (1)'!$E$6:$E$66,"") -> 0.33 | H27: =_xlfn.XLOOKUP($C27,'PP1 (2)'!$B$6:$B$100,'PP1 (2)'!$E$6:$E$100,"") | I27: =_xlfn.XLOOKUP($C27,'PP2 (1)'!$B$6:$B$99,'PP2 (1)'!$E$6:$E$99,"") -> 0.6 | J27: =_xlfn.XLOOKUP($C27,'PP2 (2)'!$B$6:$B$100,'PP2 (2)'!$E$6:$E$100,"") -> 0.6 | K27: =_xlfn.XLOOKUP($C27,'PP3 (1)'!$B$5:$B$113,'PP3 (1)'!$E$5:$E$113,"") -> 0.33 | L27: =_xlfn.XLOOKUP($C27,'PP3 (2)'!$B$5:$B$112,'PP3 (2)'!$E$5:$E$112,"") -> 0.2 | M27: =_xlfn.XLOOKUP($C27,'PP4 (1)'!$B$6:$B$100,'PP4 (1)'!$E$6:$E$100,"") -> 0.4 | N27: =_xlfn.XLOOKUP($C27,'PP4 (2)'!$B$6:$B$100,'PP4 (2)'!$E$6:$E$100,"") -> 0.2 | O27: =_xlfn.XLOOKUP($C27,'PP5 (1)'!$B$6:$B$100,'PP5 (1)'!$E$6:$E$100,"") -> 0.5 | P27: =_xlfn.XLOOKUP($C27,'PP5(2)'!$B$6:$B$100,'PP5(2)'!$E$6:$E$100,"") -> 0.25 | Q27: =SUM(R27:AC27) -> 137 | R27: =_xlfn.XLOOKUP($C27,'MP (1)'!$B$6:$B$100,'MP (1)'!$F$6:$F$100,"") | S27: =_xlfn.XLOOKUP($C27,'MP (2)'!$B$6:$B$100,'MP (2)'!$F$6:$F$100,"") | T27: =_xlfn.XLOOKUP($C27,'PP1 (1)'!$B$6:$B$66,'PP1 (1)'!$F$6:$F$66,"") -> 21 | U27: =_xlfn.XLOOKUP($C27,'PP1 (2)'!$B$6:$B$100,'PP1 (2)'!$F$6:$F$100,"") | V27: =_xlfn.XLOOKUP($C27,'PP2 (1)'!$B$6:$B$99,'PP2 (1)'!$F$6:$F$99,"") -> 17 | W27: =_xlfn.XLOOKUP($C27,'PP2 (2)'!$B$6:$B$100,'PP2 (2)'!$F$6:$F$100,"") -> 18 | X27: =_xlfn.XLOOKUP($C27,'PP3 (1)'!$B$5:$B$113,'PP3 (1)'!$F$5:$F$113,"") -> 20 | Y27: =_xlfn.XLOOKUP($C27,'PP3 (2)'!$B$5:$B$112,'PP3 (2)'!$F$5:$F$112,"") -> 14 | Z27: =_xlfn.XLOOKUP($C27,'PP4 (1)'!$B$6:$B$100,'PP4 (1)'!$F$6:$F$100,"") -> 11 | AA27: =_xlfn.XLOOKUP($C27,'PP4 (2)'!$B$6:$B$100,'PP4 (2)'!$F$6:$F$100,"") -> 13 | AB27: =_xlfn.XLOOKUP($C27,'PP5 (1)'!$B$6:$B$100,'PP5 (1)'!$F$6:$F$100,"") -> 13 | AC27: =_xlfn.XLOOKUP($C27,'PP5(2)'!$B$6:$B$100,'PP5(2)'!$F$6:$F$100,"") -> 10 | AD27: =SUM(AE27:AP27) -> -40 | AE27: =_xlfn.XLOOKUP($C27,'MP (1)'!$B$6:$B$100,'MP (1)'!$H$6:$H$100,"") | AF27: =_xlfn.XLOOKUP($C27,'MP (2)'!$B$6:$B$100,'MP (2)'!$H$6:$H$100,"") | AG27: =_xlfn.XLOOKUP($C27,'PP1 (1)'!$B$6:$B$66,'PP1 (1)'!$H$6:$H$66,"") -> -5 | AH27: =_xlfn.XLOOKUP($C27,'PP1 (2)'!$B$6:$B$100,'PP1 (2)'!$H$6:$H$100,"") | AI27: =_xlfn.XLOOKUP($C27,'PP2 (1)'!$B$6:$B$99,'PP2 (1)'!$H$6:$H$99,"") -> 2 | AJ27: =_xlfn.XLOOKUP($C27,'PP2 (2)'!$B$6:$B$100,'PP2 (2)'!$H$6:$H$100,"") -> 2 | AK27: =_xlfn.XLOOKUP($C27,'PP3 (1)'!$B$5:$B$113,'PP3 (1)'!$H$5:$H$113,"") -> -2 | AL27: =_xlfn.XLOOKUP($C27,'PP3 (2)'!$B$5:$B$112,'PP3 (2)'!$H$5:$H$112,"") -> -8 | AM27: =_xlfn.XLOOKUP($C27,'PP4 (1)'!$B$6:$B$100,'PP4 (1)'!$H$6:$H$100,"") -> -10 | AN27: =_xlfn.XLOOKUP($C27,'PP4 (2)'!$B$6:$B$100,'PP4 (2)'!$H$6:$H$100,"") -> -10 | AO27: =_xlfn.XLOOKUP($C27,'PP5 (1)'!$B$6:$B$100,'PP5 (1)'!$H$6:$H$100,"") -> -3 | AP27: =_xlfn.XLOOKUP($C27,'PP5(2)'!$B$6:$B$100,'PP5(2)'!$H$6:$H$100,"") -> -6
A28: =ROW()-4 -> 24 | B28: 4 | C28: MAINKA Andrzej | D28: =SUM(E28:P28) -> 3.21 | E28: =_xlfn.XLOOKUP($C28,'MP (1)'!$B$6:$B$100,'MP (1)'!$E$6:$E$100,"") -> 0.75 | F28: =_xlfn.XLOOKUP($C28,'MP (2)'!$B$6:$B$100,'MP (2)'!$E$6:$E$100,"") -> 0.2 | G28: =_xlfn.XLOOKUP($C28,'PP1 (1)'!$B$6:$B$66,'PP1 (1)'!$E$6:$E$66,"") -> 0.4 | H28: =_xlfn.XLOOKUP($C28,'PP1 (2)'!$B$6:$B$100,'PP1 (2)'!$E$6:$E$100,"") -> 0 | I28: =_xlfn.XLOOKUP($C28,'PP2 (1)'!$B$6:$B$99,'PP2 (1)'!$E$6:$E$99,"") -> 0.2 | J28: =_xlfn.XLOOKUP($C28,'PP2 (2)'!$B$6:$B$100,'PP2 (2)'!$E$6:$E$100,"") -> 0.2 | K28: =_xlfn.XLOOKUP($C28,'PP3 (1)'!$B$5:$B$113,'PP3 (1)'!$E$5:$E$113,"") -> 0.33 | L28: =_xlfn.XLOOKUP($C28,'PP3 (2)'!$B$5:$B$112,'PP3 (2)'!$E$5:$E$112,"") -> 0.33 | M28: =_xlfn.XLOOKUP($C28,'PP4 (1)'!$B$6:$B$100,'PP4 (1)'!$E$6:$E$100,"") -> 0.4 | N28: =_xlfn.XLOOKUP($C28,'PP4 (2)'!$B$6:$B$100,'PP4 (2)'!$E$6:$E$100,"") -> 0 | O28: =_xlfn.XLOOKUP($C28,'PP5 (1)'!$B$6:$B$100,'PP5 (1)'!$E$6:$E$100,"") -> 0.2 | P28: =_xlfn.XLOOKUP($C28,'PP5(2)'!$B$6:$B$100,'PP5(2)'!$E$6:$E$100,"") -> 0.2 | Q28: =SUM(R28:AC28) -> 155 | R28: =_xlfn.XLOOKUP($C28,'MP (1)'!$B$6:$B$100,'MP (1)'!$F$6:$F$100,"") -> 18 | S28: =_xlfn.XLOOKUP($C28,'MP (2)'!$B$6:$B$100,'MP (2)'!$F$6:$F$100,"") -> 13 | T28: =_xlfn.XLOOKUP($C28,'PP1 (1)'!$B$6:$B$66,'PP1 (1)'!$F$6:$F$66,"") -> 19 | U28: =_xlfn.XLOOKUP($C28,'PP1 (2)'!$B$6:$B$100,'PP1 (2)'!$F$6:$F$100,"") -> 6 | V28: =_xlfn.XLOOKUP($C28,'PP2 (1)'!$B$6:$B$99,'PP2 (1)'!$F$6:$F$99,"") -> 14 | W28: =_xlfn.XLOOKUP($C28,'PP2 (2)'!$B$6:$B$100,'PP2 (2)'!$F$6:$F$100,"") -> 13 | X28: =_xlfn.XLOOKUP($C28,'PP3 (1)'!$B$5:$B$113,'PP3 (1)'!$F$5:$F$113,"") -> 17 | Y28: =_xlfn.XLOOKUP($C28,'PP3 (2)'!$B$5:$B$112,'PP3 (2)'!$F$5:$F$112,"") -> 15 | Z28: =_xlfn.XLOOKUP($C28,'PP4 (1)'!$B$6:$B$100,'PP4 (1)'!$F$6:$F$100,"") -> 15 | AA28: =_xlfn.XLOOKUP($C28,'PP4 (2)'!$B$6:$B$100,'PP4 (2)'!$F$6:$F$100,"") -> 6 | AB28: =_xlfn.XLOOKUP($C28,'PP5 (1)'!$B$6:$B$100,'PP5 (1)'!$F$6:$F$100,"") -> 9 | AC28: =_xlfn.XLOOKUP($C28,'PP5(2)'!$B$6:$B$100,'PP5(2)'!$F$6:$F$100,"") -> 10 | AD28: =SUM(AE28:AP28) -> -97 | AE28: =_xlfn.XLOOKUP($C28,'MP (1)'!$B$6:$B$100,'MP (1)'!$H$6:$H$100,"") -> 5 | AF28: =_xlfn.XLOOKUP($C28,'MP (2)'!$B$6:$B$100,'MP (2)'!$H$6:$H$100,"") -> -8 | AG28: =_xlfn.XLOOKUP($C28,'PP1 (1)'!$B$6:$B$66,'PP1 (1)'!$H$6:$H$66,"") -> -1 | AH28: =_xlfn.XLOOKUP($C28,'PP1 (2)'!$B$6:$B$100,'PP1 (2)'!$H$6:$H$100,"") -> -19 | AI28: =_xlfn.XLOOKUP($C28,'PP2 (1)'!$B$6:$B$99,'PP2 (1)'!$H$6:$H$99,"") -> -8 | AJ28: =_xlfn.XLOOKUP($C28,'PP2 (2)'!$B$6:$B$100,'PP2 (2)'!$H$6:$H$100,"") -> -11 | AK28: =_xlfn.XLOOKUP($C28,'PP3 (1)'!$B$5:$B$113,'PP3 (1)'!$H$5:$H$113,"") -> -7 | AL28: =_xlfn.XLOOKUP($C28,'PP3 (2)'!$B$5:$B$112,'PP3 (2)'!$H$5:$H$112,"") -> -8 | AM28: =_xlfn.XLOOKUP($C28,'PP4 (1)'!$B$6:$B$100,'PP4 (1)'!$H$6:$H$100,"") -> 0 | AN28: =_xlfn.XLOOKUP($C28,'PP4 (2)'!$B$6:$B$100,'PP4 (2)'!$H$6:$H$100,"") -> -14 | AO28: =_xlfn.XLOOKUP($C28,'PP5 (1)'!$B$6:$B$100,'PP5 (1)'!$H$6:$H$100,"") -> -13 | AP28: =_xlfn.XLOOKUP($C28,'PP5(2)'!$B$6:$B$100,'PP5(2)'!$H$6:$H$100,"") -> -13
A29: =ROW()-4 -> 25 | B29: 4 | C29: MŁYNEK Janusz | D29: =SUM(E29:P29) -> 3.17 | E29: =_xlfn.XLOOKUP($C29,'MP (1)'!$B$6:$B$100,'MP (1)'!$E$6:$E$100,"") -> 0.5 | F29: =_xlfn.XLOOKUP($C29,'MP (2)'!$B$6:$B$100,'MP (2)'!$E$6:$E$100,"") -> 0.2 | G29: =_xlfn.XLOOKUP($C29,'PP1 (1)'!$B$6:$B$66,'PP1 (1)'!$E$6:$E$66,"") -> 0.67 | H29: =_xlfn.XLOOKUP($C29,'PP1 (2)'!$B$6:$B$100,'PP1 (2)'!$E$6:$E$100,"") -> 0.17 | I29: =_xlfn.XLOOKUP($C29,'PP2 (1)'!$B$6:$B$99,'PP2 (1)'!$E$6:$E$99,"") -> 0.17 | J29: =_xlfn.XLOOKUP($C29,'PP2 (2)'!$B$6:$B$100,'PP2 (2)'!$E$6:$E$100,"") -> 0.2 | K29: =_xlfn.XLOOKUP($C29,'PP3 (1)'!$B$5:$B$113,'PP3 (1)'!$E$5:$E$113,"") -> 0.33 | L29: =_xlfn.XLOOKUP($C29,'PP3 (2)'!$B$5:$B$112,'PP3 (2)'!$E$5:$E$112,"") -> 0.33 | M29: =_xlfn.XLOOKUP($C29,'PP4 (1)'!$B$6:$B$100,'PP4 (1)'!$E$6:$E$100,"") -> 0.4 | N29: =_xlfn.XLOOKUP($C29,'PP4 (2)'!$B$6:$B$100,'PP4 (2)'!$E$6:$E$100,"") -> 0.2 | O29: =_xlfn.XLOOKUP($C29,'PP5 (1)'!$B$6:$B$100,'PP5 (1)'!$E$6:$E$100,"") | P29: =_xlfn.XLOOKUP($C29,'PP5(2)'!$B$6:$B$100,'PP5(2)'!$E$6:$E$100,"") | Q29: =SUM(R29:AC29) -> 164 | R29: =_xlfn.XLOOKUP($C29,'MP (1)'!$B$6:$B$100,'MP (1)'!$F$6:$F$100,"") -> 15 | S29: =_xlfn.XLOOKUP($C29,'MP (2)'!$B$6:$B$100,'MP (2)'!$F$6:$F$100,"") -> 10 | T29: =_xlfn.XLOOKUP($C29,'PP1 (1)'!$B$6:$B$66,'PP1 (1)'!$F$6:$F$66,"") -> 22 | U29: =_xlfn.XLOOKUP($C29,'PP1 (2)'!$B$6:$B$100,'PP1 (2)'!$F$6:$F$100,"") -> 15 | V29: =_xlfn.XLOOKUP($C29,'PP2 (1)'!$B$6:$B$99,'PP2 (1)'!$F$6:$F$99,"") -> 16 | W29: =_xlfn.XLOOKUP($C29,'PP2 (2)'!$B$6:$B$100,'PP2 (2)'!$F$6:$F$100,"") -> 11 | X29: =_xlfn.XLOOKUP($C29,'PP3 (1)'!$B$5:$B$113,'PP3 (1)'!$F$5:$F$113,"") -> 21 | Y29: =_xlfn.XLOOKUP($C29,'PP3 (2)'!$B$5:$B$112,'PP3 (2)'!$F$5:$F$112,"") -> 22 | Z29: =_xlfn.XLOOKUP($C29,'PP4 (1)'!$B$6:$B$100,'PP4 (1)'!$F$6:$F$100,"") -> 17 | AA29: =_xlfn.XLOOKUP($C29,'PP4 (2)'!$B$6:$B$100,'PP4 (2)'!$F$6:$F$100,"") -> 15 | AB29: =_xlfn.XLOOKUP($C29,'PP5 (1)'!$B$6:$B$100,'PP5 (1)'!$F$6:$F$100,"") | AC29: =_xlfn.XLOOKUP($C29,'PP5(2)'!$B$6:$B$100,'PP5(2)'!$F$6:$F$100,"") | AD29: =SUM(AE29:AP29) -> -57 | AE29: =_xlfn.XLOOKUP($C29,'MP (1)'!$B$6:$B$100,'MP (1)'!$H$6:$H$100,"") -> 0 | AF29: =_xlfn.XLOOKUP($C29,'MP (2)'!$B$6:$B$100,'MP (2)'!$H$6:$H$100,"") -> -12 | AG29: =_xlfn.XLOOKUP($C29,'PP1 (1)'!$B$6:$B$66,'PP1 (1)'!$H$6:$H$66,"") -> 2 | AH29: =_xlfn.XLOOKUP($C29,'PP1 (2)'!$B$6:$B$100,'PP1 (2)'!$H$6:$H$100,"") -> -11 | AI29: =_xlfn.XLOOKUP($C29,'PP2 (1)'!$B$6:$B$99,'PP2 (1)'!$H$6:$H$99,"") -> -11 | AJ29: =_xlfn.XLOOKUP($C29,'PP2 (2)'!$B$6:$B$100,'PP2 (2)'!$H$6:$H$100,"") -> -11 | AK29: =_xlfn.XLOOKUP($C29,'PP3 (1)'!$B$5:$B$113,'PP3 (1)'!$H$5:$H$113,"") -> -3 | AL29: =_xlfn.XLOOKUP($C29,'PP3 (2)'!$B$5:$B$112,'PP3 (2)'!$H$5:$H$112,"") -> -1 | AM29: =_xlfn.XLOOKUP($C29,'PP4 (1)'!$B$6:$B$100,'PP4 (1)'!$H$6:$H$100,"") -> -4 | AN29: =_xlfn.XLOOKUP($C29,'PP4 (2)'!$B$6:$B$100,'PP4 (2)'!$H$6:$H$100,"") -> -6 | AO29: =_xlfn.XLOOKUP($C29,'PP5 (1)'!$B$6:$B$100,'PP5 (1)'!$H$6:$H$100,"") | AP29: =_xlfn.XLOOKUP($C29,'PP5(2)'!$B$6:$B$100,'PP5(2)'!$H$6:$H$100,"")
A30: =ROW()-4 -> 26 | B30: 1 | C30: KOTSEV Ivan | D30: =SUM(E30:P30) -> 2.9 | E30: =_xlfn.XLOOKUP($C30,'MP (1)'!$B$6:$B$100,'MP (1)'!$E$6:$E$100,"") | F30: =_xlfn.XLOOKUP($C30,'MP (2)'!$B$6:$B$100,'MP (2)'!$E$6:$E$100,"") | G30: =_xlfn.XLOOKUP($C30,'PP1 (1)'!$B$6:$B$66,'PP1 (1)'!$E$6:$E$66,"") -> 0.67 | H30: =_xlfn.XLOOKUP($C30,'PP1 (2)'!$B$6:$B$100,'PP1 (2)'!$E$6:$E$100,"") -> 0.83 | I30: =_xlfn.XLOOKUP($C30,'PP2 (1)'!$B$6:$B$99,'PP2 (1)'!$E$6:$E$99,"") | J30: =_xlfn.XLOOKUP($C30,'PP2 (2)'!$B$6:$B$100,'PP2 (2)'!$E$6:$E$100,"") | K30: =_xlfn.XLOOKUP($C30,'PP3 (1)'!$B$5:$B$113,'PP3 (1)'!$E$5:$E$113,"") | L30: =_xlfn.XLOOKUP($C30,'PP3 (2)'!$B$5:$B$112,'PP3 (2)'!$E$5:$E$112,"") | M30: =_xlfn.XLOOKUP($C30,'PP4 (1)'!$B$6:$B$100,'PP4 (1)'!$E$6:$E$100,"") | N30: =_xlfn.XLOOKUP($C30,'PP4 (2)'!$B$6:$B$100,'PP4 (2)'!$E$6:$E$100,"") | O30: =_xlfn.XLOOKUP($C30,'PP5 (1)'!$B$6:$B$100,'PP5 (1)'!$E$6:$E$100,"") -> 0.6 | P30: =_xlfn.XLOOKUP($C30,'PP5(2)'!$B$6:$B$100,'PP5(2)'!$E$6:$E$100,"") -> 0.8 | Q30: =SUM(R30:AC30) -> 93 | R30: =_xlfn.XLOOKUP($C30,'MP (1)'!$B$6:$B$100,'MP (1)'!$F$6:$F$100,"") | S30: =_xlfn.XLOOKUP($C30,'MP (2)'!$B$6:$B$100,'MP (2)'!$F$6:$F$100,"") | T30: =_xlfn.XLOOKUP($C30,'PP1 (1)'!$B$6:$B$66,'PP1 (1)'!$F$6:$F$66,"") -> 22 | U30: =_xlfn.XLOOKUP($C30,'PP1 (2)'!$B$6:$B$100,'PP1 (2)'!$F$6:$F$100,"") -> 29 | V30: =_xlfn.XLOOKUP($C30,'PP2 (1)'!$B$6:$B$99,'PP2 (1)'!$F$6:$F$99,"") | W30: =_xlfn.XLOOKUP($C30,'PP2 (2)'!$B$6:$B$100,'PP2 (2)'!$F$6:$F$100,"") | X30: =_xlfn.XLOOKUP($C30,'PP3 (1)'!$B$5:$B$113,'PP3 (1)'!$F$5:$F$113,"") | Y30: =_xlfn.XLOOKUP($C30,'PP3 (2)'!$B$5:$B$112,'PP3 (2)'!$F$5:$F$112,"") | Z30: =_xlfn.XLOOKUP($C30,'PP4 (1)'!$B$6:$B$100,'PP4 (1)'!$F$6:$F$100,"") | AA30: =_xlfn.XLOOKUP($C30,'PP4 (2)'!$B$6:$B$100,'PP4 (2)'!$F$6:$F$100,"") | AB30: =_xlfn.XLOOKUP($C30,'PP5 (1)'!$B$6:$B$100,'PP5 (1)'!$F$6:$F$100,"") -> 21 | AC30: =_xlfn.XLOOKUP($C30,'PP5(2)'!$B$6:$B$100,'PP5(2)'!$F$6:$F$100,"") -> 21 | AD30: =SUM(AE30:AP30) -> 35 | AE30: =_xlfn.XLOOKUP($C30,'MP (1)'!$B$6:$B$100,'MP (1)'!$H$6:$H$100,"") | AF30: =_xlfn.XLOOKUP($C30,'MP (2)'!$B$6:$B$100,'MP (2)'!$H$6:$H$100,"") | AG30: =_xlfn.XLOOKUP($C30,'PP1 (1)'!$B$6:$B$66,'PP1 (1)'!$H$6:$H$66,"") -> 4 | AH30: =_xlfn.XLOOKUP($C30,'PP1 (2)'!$B$6:$B$100,'PP1 (2)'!$H$6:$H$100,"") -> 16 | AI30: =_xlfn.XLOOKUP($C30,'PP2 (1)'!$B$6:$B$99,'PP2 (1)'!$H$6:$H$99,"") | AJ30: =_xlfn.XLOOKUP($C30,'PP2 (2)'!$B$6:$B$100,'PP2 (2)'!$H$6:$H$100,"") | AK30: =_xlfn.XLOOKUP($C30,'PP3 (1)'!$B$5:$B$113,'PP3 (1)'!$H$5:$H$113,"") | AL30: =_xlfn.XLOOKUP($C30,'PP3 (2)'!$B$5:$B$112,'PP3 (2)'!$H$5:$H$112,"") | AM30: =_xlfn.XLOOKUP($C30,'PP4 (1)'!$B$6:$B$100,'PP4 (1)'!$H$6:$H$100,"") | AN30: =_xlfn.XLOOKUP($C30,'PP4 (2)'!$B$6:$B$100,'PP4 (2)'!$H$6:$H$100,"") | AO30: =_xlfn.XLOOKUP($C30,'PP5 (1)'!$B$6:$B$100,'PP5 (1)'!$H$6:$H$100,"") -> 8 | AP30: =_xlfn.XLOOKUP($C30,'PP5(2)'!$B$6:$B$100,'PP5(2)'!$H$6:$H$100,"") -> 7
A31: =ROW()-4 -> 27 | B31: 0 | C31: KMIECIK Adam | D31: =SUM(E31:P31) -> 2.67 | E31: =_xlfn.XLOOKUP($C31,'MP (1)'!$B$6:$B$100,'MP (1)'!$E$6:$E$100,"") -> 0.67 | F31: =_xlfn.XLOOKUP($C31,'MP (2)'!$B$6:$B$100,'MP (2)'!$E$6:$E$100,"") -> 0.8 | G31: =_xlfn.XLOOKUP($C31,'PP1 (1)'!$B$6:$B$66,'PP1 (1)'!$E$6:$E$66,"") | H31: =_xlfn.XLOOKUP($C31,'PP1 (2)'!$B$6:$B$100,'PP1 (2)'!$E$6:$E$100,"") | I31: =_xlfn.XLOOKUP($C31,'PP2 (1)'!$B$6:$B$99,'PP2 (1)'!$E$6:$E$99,"") | J31: =_xlfn.XLOOKUP($C31,'PP2 (2)'!$B$6:$B$100,'PP2 (2)'!$E$6:$E$100,"") | K31: =_xlfn.XLOOKUP($C31,'PP3 (1)'!$B$5:$B$113,'PP3 (1)'!$E$5:$E$113,"") | L31: =_xlfn.XLOOKUP($C31,'PP3 (2)'!$B$5:$B$112,'PP3 (2)'!$E$5:$E$112,"") | M31: =_xlfn.XLOOKUP($C31,'PP4 (1)'!$B$6:$B$100,'PP4 (1)'!$E$6:$E$100,"") -> 0.4 | N31: =_xlfn.XLOOKUP($C31,'PP4 (2)'!$B$6:$B$100,'PP4 (2)'!$E$6:$E$100,"") -> 0.8 | O31: =_xlfn.XLOOKUP($C31,'PP5 (1)'!$B$6:$B$100,'PP5 (1)'!$E$6:$E$100,"") | P31: =_xlfn.XLOOKUP($C31,'PP5(2)'!$B$6:$B$100,'PP5(2)'!$E$6:$E$100,"") | Q31: =SUM(R31:AC31) -> 92 | R31: =_xlfn.XLOOKUP($C31,'MP (1)'!$B$6:$B$100,'MP (1)'!$F$6:$F$100,"") -> 25 | S31: =_xlfn.XLOOKUP($C31,'MP (2)'!$B$6:$B$100,'MP (2)'!$F$6:$F$100,"") -> 24 | T31: =_xlfn.XLOOKUP($C31,'PP1 (1)'!$B$6:$B$66,'PP1 (1)'!$F$6:$F$66,"") | U31: =_xlfn.XLOOKUP($C31,'PP1 (2)'!$B$6:$B$100,'PP1 (2)'!$F$6:$F$100,"") | V31: =_xlfn.XLOOKUP($C31,'PP2 (1)'!$B$6:$B$99,'PP2 (1)'!$F$6:$F$99,"") | W31: =_xlfn.XLOOKUP($C31,'PP2 (2)'!$B$6:$B$100,'PP2 (2)'!$F$6:$F$100,"") | X31: =_xlfn.XLOOKUP($C31,'PP3 (1)'!$B$5:$B$113,'PP3 (1)'!$F$5:$F$113,"") | Y31: =_xlfn.XLOOKUP($C31,'PP3 (2)'!$B$5:$B$112,'PP3 (2)'!$F$5:$F$112,"") | Z31: =_xlfn.XLOOKUP($C31,'PP4 (1)'!$B$6:$B$100,'PP4 (1)'!$F$6:$F$100,"") -> 20 | AA31: =_xlfn.XLOOKUP($C31,'PP4 (2)'!$B$6:$B$100,'PP4 (2)'!$F$6:$F$100,"") -> 23 | AB31: =_xlfn.XLOOKUP($C31,'PP5 (1)'!$B$6:$B$100,'PP5 (1)'!$F$6:$F$100,"") | AC31: =_xlfn.XLOOKUP($C31,'PP5(2)'!$B$6:$B$100,'PP5(2)'!$F$6:$F$100,"") | AD31: =SUM(AE31:AP31) -> 33 | AE31: =_xlfn.XLOOKUP($C31,'MP (1)'!$B$6:$B$100,'MP (1)'!$H$6:$H$100,"") -> 10 | AF31: =_xlfn.XLOOKUP($C31,'MP (2)'!$B$6:$B$100,'MP (2)'!$H$6:$H$100,"") -> 11 | AG31: =_xlfn.XLOOKUP($C31,'PP1 (1)'!$B$6:$B$66,'PP1 (1)'!$H$6:$H$66,"") | AH31: =_xlfn.XLOOKUP($C31,'PP1 (2)'!$B$6:$B$100,'PP1 (2)'!$H$6:$H$100,"") | AI31: =_xlfn.XLOOKUP($C31,'PP2 (1)'!$B$6:$B$99,'PP2 (1)'!$H$6:$H$99,"") | AJ31: =_xlfn.XLOOKUP($C31,'PP2 (2)'!$B$6:$B$100,'PP2 (2)'!$H$6:$H$100,"") | AK31: =_xlfn.XLOOKUP($C31,'PP3 (1)'!$B$5:$B$113,'PP3 (1)'!$H$5:$H$113,"") | AL31: =_xlfn.XLOOKUP($C31,'PP3 (2)'!$B$5:$B$112,'PP3 (2)'!$H$5:$H$112,"") | AM31: =_xlfn.XLOOKUP($C31,'PP4 (1)'!$B$6:$B$100,'PP4 (1)'!$H$6:$H$100,"") -> -2 | AN31: =_xlfn.XLOOKUP($C31,'PP4 (2)'!$B$6:$B$100,'PP4 (2)'!$H$6:$H$100,"") -> 14 | AO31: =_xlfn.XLOOKUP($C31,'PP5 (1)'!$B$6:$B$100,'PP5 (1)'!$H$6:$H$100,"") | AP31: =_xlfn.XLOOKUP($C31,'PP5(2)'!$B$6:$B$100,'PP5(2)'!$H$6:$H$100,"")
A32: =ROW()-4 -> 28 | B32: 0 | C32: GĘZIKIEWICZ Marcin | D32: =SUM(E32:P32) -> 2.6 | E32: =_xlfn.XLOOKUP($C32,'MP (1)'!$B$6:$B$100,'MP (1)'!$E$6:$E$100,"") -> 0.8 | F32: =_xlfn.XLOOKUP($C32,'MP (2)'!$B$6:$B$100,'MP (2)'!$E$6:$E$100,"") -> 0.6 | G32: =_xlfn.XLOOKUP($C32,'PP1 (1)'!$B$6:$B$66,'PP1 (1)'!$E$6:$E$66,"") -> 0.6 | H32: =_xlfn.XLOOKUP($C32,'PP1 (2)'!$B$6:$B$100,'PP1 (2)'!$E$6:$E$100,"") -> 0.6 | I32: =_xlfn.XLOOKUP($C32,'PP2 (1)'!$B$6:$B$99,'PP2 (1)'!$E$6:$E$99,"") | J32: =_xlfn.XLOOKUP($C32,'PP2 (2)'!$B$6:$B$100,'PP2 (2)'!$E$6:$E$100,"") | K32: =_xlfn.XLOOKUP($C32,'PP3 (1)'!$B$5:$B$113,'PP3 (1)'!$E$5:$E$113,"") | L32: =_xlfn.XLOOKUP($C32,'PP3 (2)'!$B$5:$B$112,'PP3 (2)'!$E$5:$E$112,"") | M32: =_xlfn.XLOOKUP($C32,'PP4 (1)'!$B$6:$B$100,'PP4 (1)'!$E$6:$E$100,"") | N32: =_xlfn.XLOOKUP($C32,'PP4 (2)'!$B$6:$B$100,'PP4 (2)'!$E$6:$E$100,"") | O32: =_xlfn.XLOOKUP($C32,'PP5 (1)'!$B$6:$B$100,'PP5 (1)'!$E$6:$E$100,"") | P32: =_xlfn.XLOOKUP($C32,'PP5(2)'!$B$6:$B$100,'PP5(2)'!$E$6:$E$100,"") | Q32: =SUM(R32:AC32) -> 89 | R32: =_xlfn.XLOOKUP($C32,'MP (1)'!$B$6:$B$100,'MP (1)'!$F$6:$F$100,"") -> 23 | S32: =_xlfn.XLOOKUP($C32,'MP (2)'!$B$6:$B$100,'MP (2)'!$F$6:$F$100,"") -> 22 | T32: =_xlfn.XLOOKUP($C32,'PP1 (1)'!$B$6:$B$66,'PP1 (1)'!$F$6:$F$66,"") -> 22 | U32: =_xlfn.XLOOKUP($C32,'PP1 (2)'!$B$6:$B$100,'PP1 (2)'!$F$6:$F$100,"") -> 22 | V32: =_xlfn.XLOOKUP($C32,'PP2 (1)'!$B$6:$B$99,'PP2 (1)'!$F$6:$F$99,"") | W32: =_xlfn.XLOOKUP($C32,'PP2 (2)'!$B$6:$B$100,'PP2 (2)'!$F$6:$F$100,"") | X32: =_xlfn.XLOOKUP($C32,'PP3 (1)'!$B$5:$B$113,'PP3 (1)'!$F$5:$F$113,"") | Y32: =_xlfn.XLOOKUP($C32,'PP3 (2)'!$B$5:$B$112,'PP3 (2)'!$F$5:$F$112,"") | Z32: =_xlfn.XLOOKUP($C32,'PP4 (1)'!$B$6:$B$100,'PP4 (1)'!$F$6:$F$100,"") | AA32: =_xlfn.XLOOKUP($C32,'PP4 (2)'!$B$6:$B$100,'PP4 (2)'!$F$6:$F$100,"") | AB32: =_xlfn.XLOOKUP($C32,'PP5 (1)'!$B$6:$B$100,'PP5 (1)'!$F$6:$F$100,"") | AC32: =_xlfn.XLOOKUP($C32,'PP5(2)'!$B$6:$B$100,'PP5(2)'!$F$6:$F$100,"") | AD32: =SUM(AE32:AP32) -> 26 | AE32: =_xlfn.XLOOKUP($C32,'MP (1)'!$B$6:$B$100,'MP (1)'!$H$6:$H$100,"") -> 12 | AF32: =_xlfn.XLOOKUP($C32,'MP (2)'!$B$6:$B$100,'MP (2)'!$H$6:$H$100,"") -> 4 | AG32: =_xlfn.XLOOKUP($C32,'PP1 (1)'!$B$6:$B$66,'PP1 (1)'!$H$6:$H$66,"") -> 4 | AH32: =_xlfn.XLOOKUP($C32,'PP1 (2)'!$B$6:$B$100,'PP1 (2)'!$H$6:$H$100,"") -> 6 | AI32: =_xlfn.XLOOKUP($C32,'PP2 (1)'!$B$6:$B$99,'PP2 (1)'!$H$6:$H$99,"") | AJ32: =_xlfn.XLOOKUP($C32,'PP2 (2)'!$B$6:$B$100,'PP2 (2)'!$H$6:$H$100,"") | AK32: =_xlfn.XLOOKUP($C32,'PP3 (1)'!$B$5:$B$113,'PP3 (1)'!$H$5:$H$113,"") | AL32: =_xlfn.XLOOKUP($C32,'PP3 (2)'!$B$5:$B$112,'PP3 (2)'!$H$5:$H$112,"") | AM32: =_xlfn.XLOOKUP($C32,'PP4 (1)'!$B$6:$B$100,'PP4 (1)'!$H$6:$H$100,"") | AN32: =_xlfn.XLOOKUP($C32,'PP4 (2)'!$B$6:$B$100,'PP4 (2)'!$H$6:$H$100,"") | AO32: =_xlfn.XLOOKUP($C32,'PP5 (1)'!$B$6:$B$100,'PP5 (1)'!$H$6:$H$100,"") | AP32: =_xlfn.XLOOKUP($C32,'PP5(2)'!$B$6:$B$100,'PP5(2)'!$H$6:$H$100,"")
A33: =ROW()-4 -> 29 | B33: 0 | C33: MIKOŁAJCZUK Norbert | D33: =SUM(E33:P33) -> 2.37 | E33: =_xlfn.XLOOKUP($C33,'MP (1)'!$B$6:$B$100,'MP (1)'!$E$6:$E$100,"") | F33: =_xlfn.XLOOKUP($C33,'MP (2)'!$B$6:$B$100,'MP (2)'!$E$6:$E$100,"") | G33: =_xlfn.XLOOKUP($C33,'PP1 (1)'!$B$6:$B$66,'PP1 (1)'!$E$6:$E$66,"") -> 0.33 | H33: =_xlfn.XLOOKUP($C33,'PP1 (2)'!$B$6:$B$100,'PP1 (2)'!$E$6:$E$100,"") -> 0.2 | I33: =_xlfn.XLOOKUP($C33,'PP2 (1)'!$B$6:$B$99,'PP2 (1)'!$E$6:$E$99,"") -> 0.4 | J33: =_xlfn.XLOOKUP($C33,'PP2 (2)'!$B$6:$B$100,'PP2 (2)'!$E$6:$E$100,"") -> 0.17 | K33: =_xlfn.XLOOKUP($C33,'PP3 (1)'!$B$5:$B$113,'PP3 (1)'!$E$5:$E$113,"") -> 0.17 | L33: =_xlfn.XLOOKUP($C33,'PP3 (2)'!$B$5:$B$112,'PP3 (2)'!$E$5:$E$112,"") -> 0.5 | M33: =_xlfn.XLOOKUP($C33,'PP4 (1)'!$B$6:$B$100,'PP4 (1)'!$E$6:$E$100,"") -> 0.4 | N33: =_xlfn.XLOOKUP($C33,'PP4 (2)'!$B$6:$B$100,'PP4 (2)'!$E$6:$E$100,"") -> 0.2 | O33: =_xlfn.XLOOKUP($C33,'PP5 (1)'!$B$6:$B$100,'PP5 (1)'!$E$6:$E$100,"") | P33: =_xlfn.XLOOKUP($C33,'PP5(2)'!$B$6:$B$100,'PP5(2)'!$E$6:$E$100,"") | Q33: =SUM(R33:AC33) -> 126 | R33: =_xlfn.XLOOKUP($C33,'MP (1)'!$B$6:$B$100,'MP (1)'!$F$6:$F$100,"") | S33: =_xlfn.XLOOKUP($C33,'MP (2)'!$B$6:$B$100,'MP (2)'!$F$6:$F$100,"") | T33: =_xlfn.XLOOKUP($C33,'PP1 (1)'!$B$6:$B$66,'PP1 (1)'!$F$6:$F$66,"") -> 20 | U33: =_xlfn.XLOOKUP($C33,'PP1 (2)'!$B$6:$B$100,'PP1 (2)'!$F$6:$F$100,"") -> 13 | V33: =_xlfn.XLOOKUP($C33,'PP2 (1)'!$B$6:$B$99,'PP2 (1)'!$F$6:$F$99,"") -> 14 | W33: =_xlfn.XLOOKUP($C33,'PP2 (2)'!$B$6:$B$100,'PP2 (2)'!$F$6:$F$100,"") -> 12 | X33: =_xlfn.XLOOKUP($C33,'PP3 (1)'!$B$5:$B$113,'PP3 (1)'!$F$5:$F$113,"") -> 17 | Y33: =_xlfn.XLOOKUP($C33,'PP3 (2)'!$B$5:$B$112,'PP3 (2)'!$F$5:$F$112,"") -> 22 | Z33: =_xlfn.XLOOKUP($C33,'PP4 (1)'!$B$6:$B$100,'PP4 (1)'!$F$6:$F$100,"") -> 15 | AA33: =_xlfn.XLOOKUP($C33,'PP4 (2)'!$B$6:$B$100,'PP4 (2)'!$F$6:$F$100,"") -> 13 | AB33: =_xlfn.XLOOKUP($C33,'PP5 (1)'!$B$6:$B$100,'PP5 (1)'!$F$6:$F$100,"") | AC33: =_xlfn.XLOOKUP($C33,'PP5(2)'!$B$6:$B$100,'PP5(2)'!$F$6:$F$100,"") | AD33: =SUM(AE33:AP33) -> -55 | AE33: =_xlfn.XLOOKUP($C33,'MP (1)'!$B$6:$B$100,'MP (1)'!$H$6:$H$100,"") | AF33: =_xlfn.XLOOKUP($C33,'MP (2)'!$B$6:$B$100,'MP (2)'!$H$6:$H$100,"") | AG33: =_xlfn.XLOOKUP($C33,'PP1 (1)'!$B$6:$B$66,'PP1 (1)'!$H$6:$H$66,"") -> -6 | AH33: =_xlfn.XLOOKUP($C33,'PP1 (2)'!$B$6:$B$100,'PP1 (2)'!$H$6:$H$100,"") -> -8 | AI33: =_xlfn.XLOOKUP($C33,'PP2 (1)'!$B$6:$B$99,'PP2 (1)'!$H$6:$H$99,"") -> -6 | AJ33: =_xlfn.XLOOKUP($C33,'PP2 (2)'!$B$6:$B$100,'PP2 (2)'!$H$6:$H$100,"") -> -14 | AK33: =_xlfn.XLOOKUP($C33,'PP3 (1)'!$B$5:$B$113,'PP3 (1)'!$H$5:$H$113,"") -> -8 | AL33: =_xlfn.XLOOKUP($C33,'PP3 (2)'!$B$5:$B$112,'PP3 (2)'!$H$5:$H$112,"") -> 2 | AM33: =_xlfn.XLOOKUP($C33,'PP4 (1)'!$B$6:$B$100,'PP4 (1)'!$H$6:$H$100,"") -> -5 | AN33: =_xlfn.XLOOKUP($C33,'PP4 (2)'!$B$6:$B$100,'PP4 (2)'!$H$6:$H$100,"") -> -10 | AO33: =_xlfn.XLOOKUP($C33,'PP5 (1)'!$B$6:$B$100,'PP5 (1)'!$H$6:$H$100,"") | AP33: =_xlfn.XLOOKUP($C33,'PP5(2)'!$B$6:$B$100,'PP5(2)'!$H$6:$H$100,"")
A34: =ROW()-4 -> 30 | B34: 3k | C34: FUHRMANN Ulrike | D34: =SUM(E34:P34) -> 2.28 | E34: =_xlfn.XLOOKUP($C34,'MP (1)'!$B$6:$B$100,'MP (1)'!$E$6:$E$100,"") -> 0.2 | F34: =_xlfn.XLOOKUP($C34,'MP (2)'!$B$6:$B$100,'MP (2)'!$E$6:$E$100,"") -> 0.2 | G34: =_xlfn.XLOOKUP($C34,'PP1 (1)'!$B$6:$B$66,'PP1 (1)'!$E$6:$E$66,"") -> 0 | H34: =_xlfn.XLOOKUP($C34,'PP1 (2)'!$B$6:$B$100,'PP1 (2)'!$E$6:$E$100,"") -> 0 | I34: =_xlfn.XLOOKUP($C34,'PP2 (1)'!$B$6:$B$99,'PP2 (1)'!$E$6:$E$99,"") -> 0.2 | J34: =_xlfn.XLOOKUP($C34,'PP2 (2)'!$B$6:$B$100,'PP2 (2)'!$E$6:$E$100,"") -> 0.5 | K34: =_xlfn.XLOOKUP($C34,'PP3 (1)'!$B$5:$B$113,'PP3 (1)'!$E$5:$E$113,"") -> 0.33 | L34: =_xlfn.XLOOKUP($C34,'PP3 (2)'!$B$5:$B$112,'PP3 (2)'!$E$5:$E$112,"") -> 0.4 | M34: =_xlfn.XLOOKUP($C34,'PP4 (1)'!$B$6:$B$100,'PP4 (1)'!$E$6:$E$100,"") -> 0.25 | N34: =_xlfn.XLOOKUP($C34,'PP4 (2)'!$B$6:$B$100,'PP4 (2)'!$E$6:$E$100,"") -> 0.2 | O34: =_xlfn.XLOOKUP($C34,'PP5 (1)'!$B$6:$B$100,'PP5 (1)'!$E$6:$E$100,"") | P34: =_xlfn.XLOOKUP($C34,'PP5(2)'!$B$6:$B$100,'PP5(2)'!$E$6:$E$100,"") | Q34: =SUM(R34:AC34) -> 118 | R34: =_xlfn.XLOOKUP($C34,'MP (1)'!$B$6:$B$100,'MP (1)'!$F$6:$F$100,"") -> 12 | S34: =_xlfn.XLOOKUP($C34,'MP (2)'!$B$6:$B$100,'MP (2)'!$F$6:$F$100,"") -> 9 | T34: =_xlfn.XLOOKUP($C34,'PP1 (1)'!$B$6:$B$66,'PP1 (1)'!$F$6:$F$66,"") -> 10 | U34: =_xlfn.XLOOKUP($C34,'PP1 (2)'!$B$6:$B$100,'PP1 (2)'!$F$6:$F$100,"") -> 7 | V34: =_xlfn.XLOOKUP($C34,'PP2 (1)'!$B$6:$B$99,'PP2 (1)'!$F$6:$F$99,"") -> 7 | W34: =_xlfn.XLOOKUP($C34,'PP2 (2)'!$B$6:$B$100,'PP2 (2)'!$F$6:$F$100,"") -> 20 | X34: =_xlfn.XLOOKUP($C34,'PP3 (1)'!$B$5:$B$113,'PP3 (1)'!$F$5:$F$113,"") -> 16 | Y34: =_xlfn.XLOOKUP($C34,'PP3 (2)'!$B$5:$B$112,'PP3 (2)'!$F$5:$F$112,"") -> 17 | Z34: =_xlfn.XLOOKUP($C34,'PP4 (1)'!$B$6:$B$100,'PP4 (1)'!$F$6:$F$100,"") -> 12 | AA34: =_xlfn.XLOOKUP($C34,'PP4 (2)'!$B$6:$B$100,'PP4 (2)'!$F$6:$F$100,"") -> 8 | AB34: =_xlfn.XLOOKUP($C34,'PP5 (1)'!$B$6:$B$100,'PP5 (1)'!$F$6:$F$100,"") | AC34: =_xlfn.XLOOKUP($C34,'PP5(2)'!$B$6:$B$100,'PP5(2)'!$F$6:$F$100,"") | AD34: =SUM(AE34:AP34) -> -96 | AE34: =_xlfn.XLOOKUP($C34,'MP (1)'!$B$6:$B$100,'MP (1)'!$H$6:$H$100,"") -> -9 | AF34: =_xlfn.XLOOKUP($C34,'MP (2)'!$B$6:$B$100,'MP (2)'!$H$6:$H$100,"") -> -14 | AG34: =_xlfn.XLOOKUP($C34,'PP1 (1)'!$B$6:$B$66,'PP1 (1)'!$H$6:$H$66,"") -> -15 | AH34: =_xlfn.XLOOKUP($C34,'PP1 (2)'!$B$6:$B$100,'PP1 (2)'!$H$6:$H$100,"") -> -13 | AI34: =_xlfn.XLOOKUP($C34,'PP2 (1)'!$B$6:$B$99,'PP2 (1)'!$H$6:$H$99,"") -> -15 | AJ34: =_xlfn.XLOOKUP($C34,'PP2 (2)'!$B$6:$B$100,'PP2 (2)'!$H$6:$H$100,"") -> 1 | AK34: =_xlfn.XLOOKUP($C34,'PP3 (1)'!$B$5:$B$113,'PP3 (1)'!$H$5:$H$113,"") -> -9 | AL34: =_xlfn.XLOOKUP($C34,'PP3 (2)'!$B$5:$B$112,'PP3 (2)'!$H$5:$H$112,"") -> -4 | AM34: =_xlfn.XLOOKUP($C34,'PP4 (1)'!$B$6:$B$100,'PP4 (1)'!$H$6:$H$100,"") -> -5 | AN34: =_xlfn.XLOOKUP($C34,'PP4 (2)'!$B$6:$B$100,'PP4 (2)'!$H$6:$H$100,"") -> -13 | AO34: =_xlfn.XLOOKUP($C34,'PP5 (1)'!$B$6:$B$100,'PP5 (1)'!$H$6:$H$100,"") | AP34: =_xlfn.XLOOKUP($C34,'PP5(2)'!$B$6:$B$100,'PP5(2)'!$H$6:$H$100,"")
A35: =ROW()-4 -> 31 | B35: 0 | C35: KIEROŃSKI Tomasz | D35: =SUM(E35:P35) -> 2.27 | E35: =_xlfn.XLOOKUP($C35,'MP (1)'!$B$6:$B$100,'MP (1)'!$E$6:$E$100,"") -> 0.67 | F35: =_xlfn.XLOOKUP($C35,'MP (2)'!$B$6:$B$100,'MP (2)'!$E$6:$E$100,"") -> 0.6 | G35: =_xlfn.XLOOKUP($C35,'PP1 (1)'!$B$6:$B$66,'PP1 (1)'!$E$6:$E$66,"") | H35: =_xlfn.XLOOKUP($C35,'PP1 (2)'!$B$6:$B$100,'PP1 (2)'!$E$6:$E$100,"") | I35: =_xlfn.XLOOKUP($C35,'PP2 (1)'!$B$6:$B$99,'PP2 (1)'!$E$6:$E$99,"") -> 0.2 | J35: =_xlfn.XLOOKUP($C35,'PP2 (2)'!$B$6:$B$100,'PP2 (2)'!$E$6:$E$100,"") -> 0.4 | K35: =_xlfn.XLOOKUP($C35,'PP3 (1)'!$B$5:$B$113,'PP3 (1)'!$E$5:$E$113,"") | L35: =_xlfn.XLOOKUP($C35,'PP3 (2)'!$B$5:$B$112,'PP3 (2)'!$E$5:$E$112,"") | M35: =_xlfn.XLOOKUP($C35,'PP4 (1)'!$B$6:$B$100,'PP4 (1)'!$E$6:$E$100,"") -> 0 | N35: =_xlfn.XLOOKUP($C35,'PP4 (2)'!$B$6:$B$100,'PP4 (2)'!$E$6:$E$100,"") -> 0.4 | O35: =_xlfn.XLOOKUP($C35,'PP5 (1)'!$B$6:$B$100,'PP5 (1)'!$E$6:$E$100,"") | P35: =_xlfn.XLOOKUP($C35,'PP5(2)'!$B$6:$B$100,'PP5(2)'!$E$6:$E$100,"") | Q35: =SUM(R35:AC35) -> 96 | R35: =_xlfn.XLOOKUP($C35,'MP (1)'!$B$6:$B$100,'MP (1)'!$F$6:$F$100,"") -> 23 | S35: =_xlfn.XLOOKUP($C35,'MP (2)'!$B$6:$B$100,'MP (2)'!$F$6:$F$100,"") -> 18 | T35: =_xlfn.XLOOKUP($C35,'PP1 (1)'!$B$6:$B$66,'PP1 (1)'!$F$6:$F$66,"") | U35: =_xlfn.XLOOKUP($C35,'PP1 (2)'!$B$6:$B$100,'PP1 (2)'!$F$6:$F$100,"") | V35: =_xlfn.XLOOKUP($C35,'PP2 (1)'!$B$6:$B$99,'PP2 (1)'!$F$6:$F$99,"") -> 13 | W35: =_xlfn.XLOOKUP($C35,'PP2 (2)'!$B$6:$B$100,'PP2 (2)'!$F$6:$F$100,"") -> 12 | X35: =_xlfn.XLOOKUP($C35,'PP3 (1)'!$B$5:$B$113,'PP3 (1)'!$F$5:$F$113,"") | Y35: =_xlfn.XLOOKUP($C35,'PP3 (2)'!$B$5:$B$112,'PP3 (2)'!$F$5:$F$112,"") | Z35: =_xlfn.XLOOKUP($C35,'PP4 (1)'!$B$6:$B$100,'PP4 (1)'!$F$6:$F$100,"") -> 14 | AA35: =_xlfn.XLOOKUP($C35,'PP4 (2)'!$B$6:$B$100,'PP4 (2)'!$F$6:$F$100,"") -> 16 | AB35: =_xlfn.XLOOKUP($C35,'PP5 (1)'!$B$6:$B$100,'PP5 (1)'!$F$6:$F$100,"") | AC35: =_xlfn.XLOOKUP($C35,'PP5(2)'!$B$6:$B$100,'PP5(2)'!$F$6:$F$100,"") | AD35: =SUM(AE35:AP35) -> -29 | AE35: =_xlfn.XLOOKUP($C35,'MP (1)'!$B$6:$B$100,'MP (1)'!$H$6:$H$100,"") -> 4 | AF35: =_xlfn.XLOOKUP($C35,'MP (2)'!$B$6:$B$100,'MP (2)'!$H$6:$H$100,"") -> 0 | AG35: =_xlfn.XLOOKUP($C35,'PP1 (1)'!$B$6:$B$66,'PP1 (1)'!$H$6:$H$66,"") | AH35: =_xlfn.XLOOKUP($C35,'PP1 (2)'!$B$6:$B$100,'PP1 (2)'!$H$6:$H$100,"") | AI35: =_xlfn.XLOOKUP($C35,'PP2 (1)'!$B$6:$B$99,'PP2 (1)'!$H$6:$H$99,"") -> -8 | AJ35: =_xlfn.XLOOKUP($C35,'PP2 (2)'!$B$6:$B$100,'PP2 (2)'!$H$6:$H$100,"") -> -11 | AK35: =_xlfn.XLOOKUP($C35,'PP3 (1)'!$B$5:$B$113,'PP3 (1)'!$H$5:$H$113,"") | AL35: =_xlfn.XLOOKUP($C35,'PP3 (2)'!$B$5:$B$112,'PP3 (2)'!$H$5:$H$112,"") | AM35: =_xlfn.XLOOKUP($C35,'PP4 (1)'!$B$6:$B$100,'PP4 (1)'!$H$6:$H$100,"") -> -11 | AN35: =_xlfn.XLOOKUP($C35,'PP4 (2)'!$B$6:$B$100,'PP4 (2)'!$H$6:$H$100,"") -> -3 | AO35: =_xlfn.XLOOKUP($C35,'PP5 (1)'!$B$6:$B$100,'PP5 (1)'!$H$6:$H$100,"") | AP35: =_xlfn.XLOOKUP($C35,'PP5(2)'!$B$6:$B$100,'PP5(2)'!$H$6:$H$100,"")
A36: =ROW()-4 -> 32 | B36: 4 | C36: JUSZKIEWICZ Piotr | D36: =SUM(E36:P36) -> 2.16 | E36: =_xlfn.XLOOKUP($C36,'MP (1)'!$B$6:$B$100,'MP (1)'!$E$6:$E$100,"") -> 0.33 | F36: =_xlfn.XLOOKUP($C36,'MP (2)'!$B$6:$B$100,'MP (2)'!$E$6:$E$100,"") -> 0.4 | G36: =_xlfn.XLOOKUP($C36,'PP1 (1)'!$B$6:$B$66,'PP1 (1)'!$E$6:$E$66,"") -> 0 | H36: =_xlfn.XLOOKUP($C36,'PP1 (2)'!$B$6:$B$100,'PP1 (2)'!$E$6:$E$100,"") -> 0.5 | I36: =_xlfn.XLOOKUP($C36,'PP2 (1)'!$B$6:$B$99,'PP2 (1)'!$E$6:$E$99,"") | J36: =_xlfn.XLOOKUP($C36,'PP2 (2)'!$B$6:$B$100,'PP2 (2)'!$E$6:$E$100,"") | K36: =_xlfn.XLOOKUP($C36,'PP3 (1)'!$B$5:$B$113,'PP3 (1)'!$E$5:$E$113,"") -> 0 | L36: =_xlfn.XLOOKUP($C36,'PP3 (2)'!$B$5:$B$112,'PP3 (2)'!$E$5:$E$112,"") -> 0.33 | M36: =_xlfn.XLOOKUP($C36,'PP4 (1)'!$B$6:$B$100,'PP4 (1)'!$E$6:$E$100,"") -> 0.6 | N36: =_xlfn.XLOOKUP($C36,'PP4 (2)'!$B$6:$B$100,'PP4 (2)'!$E$6:$E$100,"") -> 0 | O36: =_xlfn.XLOOKUP($C36,'PP5 (1)'!$B$6:$B$100,'PP5 (1)'!$E$6:$E$100,"") -> 0 | P36: =_xlfn.XLOOKUP($C36,'PP5(2)'!$B$6:$B$100,'PP5(2)'!$E$6:$E$100,"") -> 0 | Q36: =SUM(R36:AC36) -> 122 | R36: =_xlfn.XLOOKUP($C36,'MP (1)'!$B$6:$B$100,'MP (1)'!$F$6:$F$100,"") -> 16 | S36: =_xlfn.XLOOKUP($C36,'MP (2)'!$B$6:$B$100,'MP (2)'!$F$6:$F$100,"") -> 14 | T36: =_xlfn.XLOOKUP($C36,'PP1 (1)'!$B$6:$B$66,'PP1 (1)'!$F$6:$F$66,"") -> 12 | U36: =_xlfn.XLOOKUP($C36,'PP1 (2)'!$B$6:$B$100,'PP1 (2)'!$F$6:$F$100,"") -> 18 | V36: =_xlfn.XLOOKUP($C36,'PP2 (1)'!$B$6:$B$99,'PP2 (1)'!$F$6:$F$99,"") | W36: =_xlfn.XLOOKUP($C36,'PP2 (2)'!$B$6:$B$100,'PP2 (2)'!$F$6:$F$100,"") | X36: =_xlfn.XLOOKUP($C36,'PP3 (1)'!$B$5:$B$113,'PP3 (1)'!$F$5:$F$113,"") -> 7 | Y36: =_xlfn.XLOOKUP($C36,'PP3 (2)'!$B$5:$B$112,'PP3 (2)'!$F$5:$F$112,"") -> 16 | Z36: =_xlfn.XLOOKUP($C36,'PP4 (1)'!$B$6:$B$100,'PP4 (1)'!$F$6:$F$100,"") -> 21 | AA36: =_xlfn.XLOOKUP($C36,'PP4 (2)'!$B$6:$B$100,'PP4 (2)'!$F$6:$F$100,"") -> 6 | AB36: =_xlfn.XLOOKUP($C36,'PP5 (1)'!$B$6:$B$100,'PP5 (1)'!$F$6:$F$100,"") -> 6 | AC36: =_xlfn.XLOOKUP($C36,'PP5(2)'!$B$6:$B$100,'PP5(2)'!$F$6:$F$100,"") -> 6 | AD36: =SUM(AE36:AP36) -> -113 | AE36: =_xlfn.XLOOKUP($C36,'MP (1)'!$B$6:$B$100,'MP (1)'!$H$6:$H$100,"") -> -5 | AF36: =_xlfn.XLOOKUP($C36,'MP (2)'!$B$6:$B$100,'MP (2)'!$H$6:$H$100,"") -> -5 | AG36: =_xlfn.XLOOKUP($C36,'PP1 (1)'!$B$6:$B$66,'PP1 (1)'!$H$6:$H$66,"") -> -13 | AH36: =_xlfn.XLOOKUP($C36,'PP1 (2)'!$B$6:$B$100,'PP1 (2)'!$H$6:$H$100,"") -> -3 | AI36: =_xlfn.XLOOKUP($C36,'PP2 (1)'!$B$6:$B$99,'PP2 (1)'!$H$6:$H$99,"") | AJ36: =_xlfn.XLOOKUP($C36,'PP2 (2)'!$B$6:$B$100,'PP2 (2)'!$H$6:$H$100,"") | AK36: =_xlfn.XLOOKUP($C36,'PP3 (1)'!$B$5:$B$113,'PP3 (1)'!$H$5:$H$113,"") -> -23 | AL36: =_xlfn.XLOOKUP($C36,'PP3 (2)'!$B$5:$B$112,'PP3 (2)'!$H$5:$H$112,"") -> -8 | AM36: =_xlfn.XLOOKUP($C36,'PP4 (1)'!$B$6:$B$100,'PP4 (1)'!$H$6:$H$100,"") -> 1 | AN36: =_xlfn.XLOOKUP($C36,'PP4 (2)'!$B$6:$B$100,'PP4 (2)'!$H$6:$H$100,"") -> -19 | AO36: =_xlfn.XLOOKUP($C36,'PP5 (1)'!$B$6:$B$100,'PP5 (1)'!$H$6:$H$100,"") -> -19 | AP36: =_xlfn.XLOOKUP($C36,'PP5(2)'!$B$6:$B$100,'PP5(2)'!$H$6:$H$100,"") -> -19
A37: =ROW()-4 -> 33 | B37: 4 | C37: PRĘGOWSKI Jerzy | D37: =SUM(E37:P37) -> 1.67 | E37: =_xlfn.XLOOKUP($C37,'MP (1)'!$B$6:$B$100,'MP (1)'!$E$6:$E$100,"") | F37: =_xlfn.XLOOKUP($C37,'MP (2)'!$B$6:$B$100,'MP (2)'!$E$6:$E$100,"") | G37: =_xlfn.XLOOKUP($C37,'PP1 (1)'!$B$6:$B$66,'PP1 (1)'!$E$6:$E$66,"") -> 0 | H37: =_xlfn.XLOOKUP($C37,'PP1 (2)'!$B$6:$B$100,'PP1 (2)'!$E$6:$E$100,"") -> 0.17 | I37: =_xlfn.XLOOKUP($C37,'PP2 (1)'!$B$6:$B$99,'PP2 (1)'!$E$6:$E$99,"") -> 0.2 | J37: =_xlfn.XLOOKUP($C37,'PP2 (2)'!$B$6:$B$100,'PP2 (2)'!$E$6:$E$100,"") -> 0.2 | K37: =_xlfn.XLOOKUP($C37,'PP3 (1)'!$B$5:$B$113,'PP3 (1)'!$E$5:$E$113,"") -> 0.5 | L37: =_xlfn.XLOOKUP($C37,'PP3 (2)'!$B$5:$B$112,'PP3 (2)'!$E$5:$E$112,"") -> 0 | M37: =_xlfn.XLOOKUP($C37,'PP4 (1)'!$B$6:$B$100,'PP4 (1)'!$E$6:$E$100,"") -> 0.4 | N37: =_xlfn.XLOOKUP($C37,'PP4 (2)'!$B$6:$B$100,'PP4 (2)'!$E$6:$E$100,"") -> 0.2 | O37: =_xlfn.XLOOKUP($C37,'PP5 (1)'!$B$6:$B$100,'PP5 (1)'!$E$6:$E$100,"") | P37: =_xlfn.XLOOKUP($C37,'PP5(2)'!$B$6:$B$100,'PP5(2)'!$E$6:$E$100,"") | Q37: =SUM(R37:AC37) -> 99 | R37: =_xlfn.XLOOKUP($C37,'MP (1)'!$B$6:$B$100,'MP (1)'!$F$6:$F$100,"") | S37: =_xlfn.XLOOKUP($C37,'MP (2)'!$B$6:$B$100,'MP (2)'!$F$6:$F$100,"") | T37: =_xlfn.XLOOKUP($C37,'PP1 (1)'!$B$6:$B$66,'PP1 (1)'!$F$6:$F$66,"") -> 10 | U37: =_xlfn.XLOOKUP($C37,'PP1 (2)'!$B$6:$B$100,'PP1 (2)'!$F$6:$F$100,"") -> 11 | V37: =_xlfn.XLOOKUP($C37,'PP2 (1)'!$B$6:$B$99,'PP2 (1)'!$F$6:$F$99,"") -> 13 | W37: =_xlfn.XLOOKUP($C37,'PP2 (2)'!$B$6:$B$100,'PP2 (2)'!$F$6:$F$100,"") -> 9 | X37: =_xlfn.XLOOKUP($C37,'PP3 (1)'!$B$5:$B$113,'PP3 (1)'!$F$5:$F$113,"") -> 18 | Y37: =_xlfn.XLOOKUP($C37,'PP3 (2)'!$B$5:$B$112,'PP3 (2)'!$F$5:$F$112,"") -> 6 | Z37: =_xlfn.XLOOKUP($C37,'PP4 (1)'!$B$6:$B$100,'PP4 (1)'!$F$6:$F$100,"") -> 18 | AA37: =_xlfn.XLOOKUP($C37,'PP4 (2)'!$B$6:$B$100,'PP4 (2)'!$F$6:$F$100,"") -> 14 | AB37: =_xlfn.XLOOKUP($C37,'PP5 (1)'!$B$6:$B$100,'PP5 (1)'!$F$6:$F$100,"") | AC37: =_xlfn.XLOOKUP($C37,'PP5(2)'!$B$6:$B$100,'PP5(2)'!$F$6:$F$100,"") | AD37: =SUM(AE37:AP37) -> -89 | AE37: =_xlfn.XLOOKUP($C37,'MP (1)'!$B$6:$B$100,'MP (1)'!$H$6:$H$100,"") | AF37: =_xlfn.XLOOKUP($C37,'MP (2)'!$B$6:$B$100,'MP (2)'!$H$6:$H$100,"") | AG37: =_xlfn.XLOOKUP($C37,'PP1 (1)'!$B$6:$B$66,'PP1 (1)'!$H$6:$H$66,"") -> -15 | AH37: =_xlfn.XLOOKUP($C37,'PP1 (2)'!$B$6:$B$100,'PP1 (2)'!$H$6:$H$100,"") -> -16 | AI37: =_xlfn.XLOOKUP($C37,'PP2 (1)'!$B$6:$B$99,'PP2 (1)'!$H$6:$H$99,"") -> -9 | AJ37: =_xlfn.XLOOKUP($C37,'PP2 (2)'!$B$6:$B$100,'PP2 (2)'!$H$6:$H$100,"") -> -15 | AK37: =_xlfn.XLOOKUP($C37,'PP3 (1)'!$B$5:$B$113,'PP3 (1)'!$H$5:$H$113,"") -> 0 | AL37: =_xlfn.XLOOKUP($C37,'PP3 (2)'!$B$5:$B$112,'PP3 (2)'!$H$5:$H$112,"") -> -24 | AM37: =_xlfn.XLOOKUP($C37,'PP4 (1)'!$B$6:$B$100,'PP4 (1)'!$H$6:$H$100,"") -> -2 | AN37: =_xlfn.XLOOKUP($C37,'PP4 (2)'!$B$6:$B$100,'PP4 (2)'!$H$6:$H$100,"") -> -8 | AO37: =_xlfn.XLOOKUP($C37,'PP5 (1)'!$B$6:$B$100,'PP5 (1)'!$H$6:$H$100,"") | AP37: =_xlfn.XLOOKUP($C37,'PP5(2)'!$B$6:$B$100,'PP5(2)'!$H$6:$H$100,"")
A38: =ROW()-4 -> 34 | C38: KOWALEWSKI Rafał | D38: =SUM(E38:P38) -> 1.6 | E38: =_xlfn.XLOOKUP($C38,'MP (1)'!$B$6:$B$100,'MP (1)'!$E$6:$E$100,"") | F38: =_xlfn.XLOOKUP($C38,'MP (2)'!$B$6:$B$100,'MP (2)'!$E$6:$E$100,"") | G38: =_xlfn.XLOOKUP($C38,'PP1 (1)'!$B$6:$B$66,'PP1 (1)'!$E$6:$E$66,"") | H38: =_xlfn.XLOOKUP($C38,'PP1 (2)'!$B$6:$B$100,'PP1 (2)'!$E$6:$E$100,"") | I38: =_xlfn.XLOOKUP($C38,'PP2 (1)'!$B$6:$B$99,'PP2 (1)'!$E$6:$E$99,"") -> 0.8 | J38: =_xlfn.XLOOKUP($C38,'PP2 (2)'!$B$6:$B$100,'PP2 (2)'!$E$6:$E$100,"") -> 0.8 | K38: =_xlfn.XLOOKUP($C38,'PP3 (1)'!$B$5:$B$113,'PP3 (1)'!$E$5:$E$113,"") | L38: =_xlfn.XLOOKUP($C38,'PP3 (2)'!$B$5:$B$112,'PP3 (2)'!$E$5:$E$112,"") | M38: =_xlfn.XLOOKUP($C38,'PP4 (1)'!$B$6:$B$100,'PP4 (1)'!$E$6:$E$100,"") | N38: =_xlfn.XLOOKUP($C38,'PP4 (2)'!$B$6:$B$100,'PP4 (2)'!$E$6:$E$100,"") | O38: =_xlfn.XLOOKUP($C38,'PP5 (1)'!$B$6:$B$100,'PP5 (1)'!$E$6:$E$100,"") | P38: =_xlfn.XLOOKUP($C38,'PP5(2)'!$B$6:$B$100,'PP5(2)'!$E$6:$E$100,"") | Q38: =SUM(R38:AC38) -> 45 | R38: =_xlfn.XLOOKUP($C38,'MP (1)'!$B$6:$B$100,'MP (1)'!$F$6:$F$100,"") | S38: =_xlfn.XLOOKUP($C38,'MP (2)'!$B$6:$B$100,'MP (2)'!$F$6:$F$100,"") | T38: =_xlfn.XLOOKUP($C38,'PP1 (1)'!$B$6:$B$66,'PP1 (1)'!$F$6:$F$66,"") | U38: =_xlfn.XLOOKUP($C38,'PP1 (2)'!$B$6:$B$100,'PP1 (2)'!$F$6:$F$100,"") | V38: =_xlfn.XLOOKUP($C38,'PP2 (1)'!$B$6:$B$99,'PP2 (1)'!$F$6:$F$99,"") -> 23 | W38: =_xlfn.XLOOKUP($C38,'PP2 (2)'!$B$6:$B$100,'PP2 (2)'!$F$6:$F$100,"") -> 22 | X38: =_xlfn.XLOOKUP($C38,'PP3 (1)'!$B$5:$B$113,'PP3 (1)'!$F$5:$F$113,"") | Y38: =_xlfn.XLOOKUP($C38,'PP3 (2)'!$B$5:$B$112,'PP3 (2)'!$F$5:$F$112,"") | Z38: =_xlfn.XLOOKUP($C38,'PP4 (1)'!$B$6:$B$100,'PP4 (1)'!$F$6:$F$100,"") | AA38: =_xlfn.XLOOKUP($C38,'PP4 (2)'!$B$6:$B$100,'PP4 (2)'!$F$6:$F$100,"") | AB38: =_xlfn.XLOOKUP($C38,'PP5 (1)'!$B$6:$B$100,'PP5 (1)'!$F$6:$F$100,"") | AC38: =_xlfn.XLOOKUP($C38,'PP5(2)'!$B$6:$B$100,'PP5(2)'!$F$6:$F$100,"") | AD38: =SUM(AE38:AP38) -> 22 | AE38: =_xlfn.XLOOKUP($C38,'MP (1)'!$B$6:$B$100,'MP (1)'!$H$6:$H$100,"") | AF38: =_xlfn.XLOOKUP($C38,'MP (2)'!$B$6:$B$100,'MP (2)'!$H$6:$H$100,"") | AG38: =_xlfn.XLOOKUP($C38,'PP1 (1)'!$B$6:$B$66,'PP1 (1)'!$H$6:$H$66,"") | AH38: =_xlfn.XLOOKUP($C38,'PP1 (2)'!$B$6:$B$100,'PP1 (2)'!$H$6:$H$100,"") | AI38: =_xlfn.XLOOKUP($C38,'PP2 (1)'!$B$6:$B$99,'PP2 (1)'!$H$6:$H$99,"") -> 12 | AJ38: =_xlfn.XLOOKUP($C38,'PP2 (2)'!$B$6:$B$100,'PP2 (2)'!$H$6:$H$100,"") -> 10 | AK38: =_xlfn.XLOOKUP($C38,'PP3 (1)'!$B$5:$B$113,'PP3 (1)'!$H$5:$H$113,"") | AL38: =_xlfn.XLOOKUP($C38,'PP3 (2)'!$B$5:$B$112,'PP3 (2)'!$H$5:$H$112,"") | AM38: =_xlfn.XLOOKUP($C38,'PP4 (1)'!$B$6:$B$100,'PP4 (1)'!$H$6:$H$100,"") | AN38: =_xlfn.XLOOKUP($C38,'PP4 (2)'!$B$6:$B$100,'PP4 (2)'!$H$6:$H$100,"") | AO38: =_xlfn.XLOOKUP($C38,'PP5 (1)'!$B$6:$B$100,'PP5 (1)'!$H$6:$H$100,"") | AP38: =_xlfn.XLOOKUP($C38,'PP5(2)'!$B$6:$B$100,'PP5(2)'!$H$6:$H$100,"")
A39: =ROW()-4 -> 35 | B39: 1 | C39: RUTECKI Paweł | D39: =SUM(E39:P39) -> 1.4 | E39: =_xlfn.XLOOKUP($C39,'MP (1)'!$B$6:$B$100,'MP (1)'!$E$6:$E$100,"") | F39: =_xlfn.XLOOKUP($C39,'MP (2)'!$B$6:$B$100,'MP (2)'!$E$6:$E$100,"") | G39: =_xlfn.XLOOKUP($C39,'PP1 (1)'!$B$6:$B$66,'PP1 (1)'!$E$6:$E$66,"") -> 0.8 | H39: =_xlfn.XLOOKUP($C39,'PP1 (2)'!$B$6:$B$100,'PP1 (2)'!$E$6:$E$100,"") -> 0.6 | I39: =_xlfn.XLOOKUP($C39,'PP2 (1)'!$B$6:$B$99,'PP2 (1)'!$E$6:$E$99,"") | J39: =_xlfn.XLOOKUP($C39,'PP2 (2)'!$B$6:$B$100,'PP2 (2)'!$E$6:$E$100,"") | K39: =_xlfn.XLOOKUP($C39,'PP3 (1)'!$B$5:$B$113,'PP3 (1)'!$E$5:$E$113,"") | L39: =_xlfn.XLOOKUP($C39,'PP3 (2)'!$B$5:$B$112,'PP3 (2)'!$E$5:$E$112,"") | M39: =_xlfn.XLOOKUP($C39,'PP4 (1)'!$B$6:$B$100,'PP4 (1)'!$E$6:$E$100,"") | N39: =_xlfn.XLOOKUP($C39,'PP4 (2)'!$B$6:$B$100,'PP4 (2)'!$E$6:$E$100,"") | O39: =_xlfn.XLOOKUP($C39,'PP5 (1)'!$B$6:$B$100,'PP5 (1)'!$E$6:$E$100,"") | P39: =_xlfn.XLOOKUP($C39,'PP5(2)'!$B$6:$B$100,'PP5(2)'!$E$6:$E$100,"") | Q39: =SUM(R39:AC39) -> 43 | R39: =_xlfn.XLOOKUP($C39,'MP (1)'!$B$6:$B$100,'MP (1)'!$F$6:$F$100,"") | S39: =_xlfn.XLOOKUP($C39,'MP (2)'!$B$6:$B$100,'MP (2)'!$F$6:$F$100,"") | T39: =_xlfn.XLOOKUP($C39,'PP1 (1)'!$B$6:$B$66,'PP1 (1)'!$F$6:$F$66,"") -> 23 | U39: =_xlfn.XLOOKUP($C39,'PP1 (2)'!$B$6:$B$100,'PP1 (2)'!$F$6:$F$100,"") -> 20 | V39: =_xlfn.XLOOKUP($C39,'PP2 (1)'!$B$6:$B$99,'PP2 (1)'!$F$6:$F$99,"") | W39: =_xlfn.XLOOKUP($C39,'PP2 (2)'!$B$6:$B$100,'PP2 (2)'!$F$6:$F$100,"") | X39: =_xlfn.XLOOKUP($C39,'PP3 (1)'!$B$5:$B$113,'PP3 (1)'!$F$5:$F$113,"") | Y39: =_xlfn.XLOOKUP($C39,'PP3 (2)'!$B$5:$B$112,'PP3 (2)'!$F$5:$F$112,"") | Z39: =_xlfn.XLOOKUP($C39,'PP4 (1)'!$B$6:$B$100,'PP4 (1)'!$F$6:$F$100,"") | AA39: =_xlfn.XLOOKUP($C39,'PP4 (2)'!$B$6:$B$100,'PP4 (2)'!$F$6:$F$100,"") | AB39: =_xlfn.XLOOKUP($C39,'PP5 (1)'!$B$6:$B$100,'PP5 (1)'!$F$6:$F$100,"") | AC39: =_xlfn.XLOOKUP($C39,'PP5(2)'!$B$6:$B$100,'PP5(2)'!$F$6:$F$100,"") | AD39: =SUM(AE39:AP39) -> 15 | AE39: =_xlfn.XLOOKUP($C39,'MP (1)'!$B$6:$B$100,'MP (1)'!$H$6:$H$100,"") | AF39: =_xlfn.XLOOKUP($C39,'MP (2)'!$B$6:$B$100,'MP (2)'!$H$6:$H$100,"") | AG39: =_xlfn.XLOOKUP($C39,'PP1 (1)'!$B$6:$B$66,'PP1 (1)'!$H$6:$H$66,"") -> 10 | AH39: =_xlfn.XLOOKUP($C39,'PP1 (2)'!$B$6:$B$100,'PP1 (2)'!$H$6:$H$100,"") -> 5 | AI39: =_xlfn.XLOOKUP($C39,'PP2 (1)'!$B$6:$B$99,'PP2 (1)'!$H$6:$H$99,"") | AJ39: =_xlfn.XLOOKUP($C39,'PP2 (2)'!$B$6:$B$100,'PP2 (2)'!$H$6:$H$100,"") | AK39: =_xlfn.XLOOKUP($C39,'PP3 (1)'!$B$5:$B$113,'PP3 (1)'!$H$5:$H$113,"") | AL39: =_xlfn.XLOOKUP($C39,'PP3 (2)'!$B$5:$B$112,'PP3 (2)'!$H$5:$H$112,"") | AM39: =_xlfn.XLOOKUP($C39,'PP4 (1)'!$B$6:$B$100,'PP4 (1)'!$H$6:$H$100,"") | AN39: =_xlfn.XLOOKUP($C39,'PP4 (2)'!$B$6:$B$100,'PP4 (2)'!$H$6:$H$100,"") | AO39: =_xlfn.XLOOKUP($C39,'PP5 (1)'!$B$6:$B$100,'PP5 (1)'!$H$6:$H$100,"") | AP39: =_xlfn.XLOOKUP($C39,'PP5(2)'!$B$6:$B$100,'PP5(2)'!$H$6:$H$100,"")
A40: =ROW()-4 -> 36 | B40: 1 | C40: KOŁUCKI Michał | D40: =SUM(E40:P40) -> 1.3 | E40: =_xlfn.XLOOKUP($C40,'MP (1)'!$B$6:$B$100,'MP (1)'!$E$6:$E$100,"") -> 0.5 | F40: =_xlfn.XLOOKUP($C40,'MP (2)'!$B$6:$B$100,'MP (2)'!$E$6:$E$100,"") -> 0.8 | G40: =_xlfn.XLOOKUP($C40,'PP1 (1)'!$B$6:$B$66,'PP1 (1)'!$E$6:$E$66,"") | H40: =_xlfn.XLOOKUP($C40,'PP1 (2)'!$B$6:$B$100,'PP1 (2)'!$E$6:$E$100,"") | I40: =_xlfn.XLOOKUP($C40,'PP2 (1)'!$B$6:$B$99,'PP2 (1)'!$E$6:$E$99,"") | J40: =_xlfn.XLOOKUP($C40,'PP2 (2)'!$B$6:$B$100,'PP2 (2)'!$E$6:$E$100,"") | K40: =_xlfn.XLOOKUP($C40,'PP3 (1)'!$B$5:$B$113,'PP3 (1)'!$E$5:$E$113,"") | L40: =_xlfn.XLOOKUP($C40,'PP3 (2)'!$B$5:$B$112,'PP3 (2)'!$E$5:$E$112,"") | M40: =_xlfn.XLOOKUP($C40,'PP4 (1)'!$B$6:$B$100,'PP4 (1)'!$E$6:$E$100,"") | N40: =_xlfn.XLOOKUP($C40,'PP4 (2)'!$B$6:$B$100,'PP4 (2)'!$E$6:$E$100,"") | O40: =_xlfn.XLOOKUP($C40,'PP5 (1)'!$B$6:$B$100,'PP5 (1)'!$E$6:$E$100,"") | P40: =_xlfn.XLOOKUP($C40,'PP5(2)'!$B$6:$B$100,'PP5(2)'!$E$6:$E$100,"") | Q40: =SUM(R40:AC40) -> 46 | R40: =_xlfn.XLOOKUP($C40,'MP (1)'!$B$6:$B$100,'MP (1)'!$F$6:$F$100,"") -> 24 | S40: =_xlfn.XLOOKUP($C40,'MP (2)'!$B$6:$B$100,'MP (2)'!$F$6:$F$100,"") -> 22 | T40: =_xlfn.XLOOKUP($C40,'PP1 (1)'!$B$6:$B$66,'PP1 (1)'!$F$6:$F$66,"") | U40: =_xlfn.XLOOKUP($C40,'PP1 (2)'!$B$6:$B$100,'PP1 (2)'!$F$6:$F$100,"") | V40: =_xlfn.XLOOKUP($C40,'PP2 (1)'!$B$6:$B$99,'PP2 (1)'!$F$6:$F$99,"") | W40: =_xlfn.XLOOKUP($C40,'PP2 (2)'!$B$6:$B$100,'PP2 (2)'!$F$6:$F$100,"") | X40: =_xlfn.XLOOKUP($C40,'PP3 (1)'!$B$5:$B$113,'PP3 (1)'!$F$5:$F$113,"") | Y40: =_xlfn.XLOOKUP($C40,'PP3 (2)'!$B$5:$B$112,'PP3 (2)'!$F$5:$F$112,"") | Z40: =_xlfn.XLOOKUP($C40,'PP4 (1)'!$B$6:$B$100,'PP4 (1)'!$F$6:$F$100,"") | AA40: =_xlfn.XLOOKUP($C40,'PP4 (2)'!$B$6:$B$100,'PP4 (2)'!$F$6:$F$100,"") | AB40: =_xlfn.XLOOKUP($C40,'PP5 (1)'!$B$6:$B$100,'PP5 (1)'!$F$6:$F$100,"") | AC40: =_xlfn.XLOOKUP($C40,'PP5(2)'!$B$6:$B$100,'PP5(2)'!$F$6:$F$100,"") | AD40: =SUM(AE40:AP40) -> 13 | AE40: =_xlfn.XLOOKUP($C40,'MP (1)'!$B$6:$B$100,'MP (1)'!$H$6:$H$100,"") -> 2 | AF40: =_xlfn.XLOOKUP($C40,'MP (2)'!$B$6:$B$100,'MP (2)'!$H$6:$H$100,"") -> 11 | AG40: =_xlfn.XLOOKUP($C40,'PP1 (1)'!$B$6:$B$66,'PP1 (1)'!$H$6:$H$66,"") | AH40: =_xlfn.XLOOKUP($C40,'PP1 (2)'!$B$6:$B$100,'PP1 (2)'!$H$6:$H$100,"") | AI40: =_xlfn.XLOOKUP($C40,'PP2 (1)'!$B$6:$B$99,'PP2 (1)'!$H$6:$H$99,"") | AJ40: =_xlfn.XLOOKUP($C40,'PP2 (2)'!$B$6:$B$100,'PP2 (2)'!$H$6:$H$100,"") | AK40: =_xlfn.XLOOKUP($C40,'PP3 (1)'!$B$5:$B$113,'PP3 (1)'!$H$5:$H$113,"") | AL40: =_xlfn.XLOOKUP($C40,'PP3 (2)'!$B$5:$B$112,'PP3 (2)'!$H$5:$H$112,"") | AM40: =_xlfn.XLOOKUP($C40,'PP4 (1)'!$B$6:$B$100,'PP4 (1)'!$H$6:$H$100,"") | AN40: =_xlfn.XLOOKUP($C40,'PP4 (2)'!$B$6:$B$100,'PP4 (2)'!$H$6:$H$100,"") | AO40: =_xlfn.XLOOKUP($C40,'PP5 (1)'!$B$6:$B$100,'PP5 (1)'!$H$6:$H$100,"") | AP40: =_xlfn.XLOOKUP($C40,'PP5(2)'!$B$6:$B$100,'PP5(2)'!$H$6:$H$100,"")
A41: =ROW()-4 -> 37 | B41: 0 | C41: OLBRYCHSKI Antoni | D41: =SUM(E41:P41) -> 1.2 | E41: =_xlfn.XLOOKUP($C41,'MP (1)'!$B$6:$B$100,'MP (1)'!$E$6:$E$100,"") | F41: =_xlfn.XLOOKUP($C41,'MP (2)'!$B$6:$B$100,'MP (2)'!$E$6:$E$100,"") | G41: =_xlfn.XLOOKUP($C41,'PP1 (1)'!$B$6:$B$66,'PP1 (1)'!$E$6:$E$66,"") | H41: =_xlfn.XLOOKUP($C41,'PP1 (2)'!$B$6:$B$100,'PP1 (2)'!$E$6:$E$100,"") | I41: =_xlfn.XLOOKUP($C41,'PP2 (1)'!$B$6:$B$99,'PP2 (1)'!$E$6:$E$99,"") | J41: =_xlfn.XLOOKUP($C41,'PP2 (2)'!$B$6:$B$100,'PP2 (2)'!$E$6:$E$100,"") | K41: =_xlfn.XLOOKUP($C41,'PP3 (1)'!$B$5:$B$113,'PP3 (1)'!$E$5:$E$113,"") | L41: =_xlfn.XLOOKUP($C41,'PP3 (2)'!$B$5:$B$112,'PP3 (2)'!$E$5:$E$112,"") | M41: =_xlfn.XLOOKUP($C41,'PP4 (1)'!$B$6:$B$100,'PP4 (1)'!$E$6:$E$100,"") -> 0.6 | N41: =_xlfn.XLOOKUP($C41,'PP4 (2)'!$B$6:$B$100,'PP4 (2)'!$E$6:$E$100,"") -> 0.6 | O41: =_xlfn.XLOOKUP($C41,'PP5 (1)'!$B$6:$B$100,'PP5 (1)'!$E$6:$E$100,"") | P41: =_xlfn.XLOOKUP($C41,'PP5(2)'!$B$6:$B$100,'PP5(2)'!$E$6:$E$100,"") | Q41: =SUM(R41:AC41) -> 40 | R41: =_xlfn.XLOOKUP($C41,'MP (1)'!$B$6:$B$100,'MP (1)'!$F$6:$F$100,"") | S41: =_xlfn.XLOOKUP($C41,'MP (2)'!$B$6:$B$100,'MP (2)'!$F$6:$F$100,"") | T41: =_xlfn.XLOOKUP($C41,'PP1 (1)'!$B$6:$B$66,'PP1 (1)'!$F$6:$F$66,"") | U41: =_xlfn.XLOOKUP($C41,'PP1 (2)'!$B$6:$B$100,'PP1 (2)'!$F$6:$F$100,"") | V41: =_xlfn.XLOOKUP($C41,'PP2 (1)'!$B$6:$B$99,'PP2 (1)'!$F$6:$F$99,"") | W41: =_xlfn.XLOOKUP($C41,'PP2 (2)'!$B$6:$B$100,'PP2 (2)'!$F$6:$F$100,"") | X41: =_xlfn.XLOOKUP($C41,'PP3 (1)'!$B$5:$B$113,'PP3 (1)'!$F$5:$F$113,"") | Y41: =_xlfn.XLOOKUP($C41,'PP3 (2)'!$B$5:$B$112,'PP3 (2)'!$F$5:$F$112,"") | Z41: =_xlfn.XLOOKUP($C41,'PP4 (1)'!$B$6:$B$100,'PP4 (1)'!$F$6:$F$100,"") -> 21 | AA41: =_xlfn.XLOOKUP($C41,'PP4 (2)'!$B$6:$B$100,'PP4 (2)'!$F$6:$F$100,"") -> 19 | AB41: =_xlfn.XLOOKUP($C41,'PP5 (1)'!$B$6:$B$100,'PP5 (1)'!$F$6:$F$100,"") | AC41: =_xlfn.XLOOKUP($C41,'PP5(2)'!$B$6:$B$100,'PP5(2)'!$F$6:$F$100,"") | AD41: =SUM(AE41:AP41) -> 6 | AE41: =_xlfn.XLOOKUP($C41,'MP (1)'!$B$6:$B$100,'MP (1)'!$H$6:$H$100,"") | AF41: =_xlfn.XLOOKUP($C41,'MP (2)'!$B$6:$B$100,'MP (2)'!$H$6:$H$100,"") | AG41: =_xlfn.XLOOKUP($C41,'PP1 (1)'!$B$6:$B$66,'PP1 (1)'!$H$6:$H$66,"") | AH41: =_xlfn.XLOOKUP($C41,'PP1 (2)'!$B$6:$B$100,'PP1 (2)'!$H$6:$H$100,"") | AI41: =_xlfn.XLOOKUP($C41,'PP2 (1)'!$B$6:$B$99,'PP2 (1)'!$H$6:$H$99,"") | AJ41: =_xlfn.XLOOKUP($C41,'PP2 (2)'!$B$6:$B$100,'PP2 (2)'!$H$6:$H$100,"") | AK41: =_xlfn.XLOOKUP($C41,'PP3 (1)'!$B$5:$B$113,'PP3 (1)'!$H$5:$H$113,"") | AL41: =_xlfn.XLOOKUP($C41,'PP3 (2)'!$B$5:$B$112,'PP3 (2)'!$H$5:$H$112,"") | AM41: =_xlfn.XLOOKUP($C41,'PP4 (1)'!$B$6:$B$100,'PP4 (1)'!$H$6:$H$100,"") -> 4 | AN41: =_xlfn.XLOOKUP($C41,'PP4 (2)'!$B$6:$B$100,'PP4 (2)'!$H$6:$H$100,"") -> 2 | AO41: =_xlfn.XLOOKUP($C41,'PP5 (1)'!$B$6:$B$100,'PP5 (1)'!$H$6:$H$100,"") | AP41: =_xlfn.XLOOKUP($C41,'PP5(2)'!$B$6:$B$100,'PP5(2)'!$H$6:$H$100,"")
A42: =ROW()-4 -> 38 | B42: 2 | C42: PLUCIŃSKI Paweł | D42: =SUM(E42:P42) -> 1.18 | E42: =_xlfn.XLOOKUP($C42,'MP (1)'!$B$6:$B$100,'MP (1)'!$E$6:$E$100,"") -> 0.33 | F42: =_xlfn.XLOOKUP($C42,'MP (2)'!$B$6:$B$100,'MP (2)'!$E$6:$E$100,"") -> 0.2 | G42: =_xlfn.XLOOKUP($C42,'PP1 (1)'!$B$6:$B$66,'PP1 (1)'!$E$6:$E$66,"") -> 0.4 | H42: =_xlfn.XLOOKUP($C42,'PP1 (2)'!$B$6:$B$100,'PP1 (2)'!$E$6:$E$100,"") -> 0.25 | I42: =_xlfn.XLOOKUP($C42,'PP2 (1)'!$B$6:$B$99,'PP2 (1)'!$E$6:$E$99,"") | J42: =_xlfn.XLOOKUP($C42,'PP2 (2)'!$B$6:$B$100,'PP2 (2)'!$E$6:$E$100,"") | K42: =_xlfn.XLOOKUP($C42,'PP3 (1)'!$B$5:$B$113,'PP3 (1)'!$E$5:$E$113,"") | L42: =_xlfn.XLOOKUP($C42,'PP3 (2)'!$B$5:$B$112,'PP3 (2)'!$E$5:$E$112,"") | M42: =_xlfn.XLOOKUP($C42,'PP4 (1)'!$B$6:$B$100,'PP4 (1)'!$E$6:$E$100,"") | N42: =_xlfn.XLOOKUP($C42,'PP4 (2)'!$B$6:$B$100,'PP4 (2)'!$E$6:$E$100,"") | O42: =_xlfn.XLOOKUP($C42,'PP5 (1)'!$B$6:$B$100,'PP5 (1)'!$E$6:$E$100,"") | P42: =_xlfn.XLOOKUP($C42,'PP5(2)'!$B$6:$B$100,'PP5(2)'!$E$6:$E$100,"") | Q42: =SUM(R42:AC42) -> 58 | R42: =_xlfn.XLOOKUP($C42,'MP (1)'!$B$6:$B$100,'MP (1)'!$F$6:$F$100,"") -> 23 | S42: =_xlfn.XLOOKUP($C42,'MP (2)'!$B$6:$B$100,'MP (2)'!$F$6:$F$100,"") -> 14 | T42: =_xlfn.XLOOKUP($C42,'PP1 (1)'!$B$6:$B$66,'PP1 (1)'!$F$6:$F$66,"") -> 15 | U42: =_xlfn.XLOOKUP($C42,'PP1 (2)'!$B$6:$B$100,'PP1 (2)'!$F$6:$F$100,"") -> 6 | V42: =_xlfn.XLOOKUP($C42,'PP2 (1)'!$B$6:$B$99,'PP2 (1)'!$F$6:$F$99,"") | W42: =_xlfn.XLOOKUP($C42,'PP2 (2)'!$B$6:$B$100,'PP2 (2)'!$F$6:$F$100,"") | X42: =_xlfn.XLOOKUP($C42,'PP3 (1)'!$B$5:$B$113,'PP3 (1)'!$F$5:$F$113,"") | Y42: =_xlfn.XLOOKUP($C42,'PP3 (2)'!$B$5:$B$112,'PP3 (2)'!$F$5:$F$112,"") | Z42: =_xlfn.XLOOKUP($C42,'PP4 (1)'!$B$6:$B$100,'PP4 (1)'!$F$6:$F$100,"") | AA42: =_xlfn.XLOOKUP($C42,'PP4 (2)'!$B$6:$B$100,'PP4 (2)'!$F$6:$F$100,"") | AB42: =_xlfn.XLOOKUP($C42,'PP5 (1)'!$B$6:$B$100,'PP5 (1)'!$F$6:$F$100,"") | AC42: =_xlfn.XLOOKUP($C42,'PP5(2)'!$B$6:$B$100,'PP5(2)'!$F$6:$F$100,"") | AD42: =SUM(AE42:AP42) -> -24 | AE42: =_xlfn.XLOOKUP($C42,'MP (1)'!$B$6:$B$100,'MP (1)'!$H$6:$H$100,"") -> -1 | AF42: =_xlfn.XLOOKUP($C42,'MP (2)'!$B$6:$B$100,'MP (2)'!$H$6:$H$100,"") -> -7 | AG42: =_xlfn.XLOOKUP($C42,'PP1 (1)'!$B$6:$B$66,'PP1 (1)'!$H$6:$H$66,"") -> -3 | AH42: =_xlfn.XLOOKUP($C42,'PP1 (2)'!$B$6:$B$100,'PP1 (2)'!$H$6:$H$100,"") -> -13 | AI42: =_xlfn.XLOOKUP($C42,'PP2 (1)'!$B$6:$B$99,'PP2 (1)'!$H$6:$H$99,"") | AJ42: =_xlfn.XLOOKUP($C42,'PP2 (2)'!$B$6:$B$100,'PP2 (2)'!$H$6:$H$100,"") | AK42: =_xlfn.XLOOKUP($C42,'PP3 (1)'!$B$5:$B$113,'PP3 (1)'!$H$5:$H$113,"") | AL42: =_xlfn.XLOOKUP($C42,'PP3 (2)'!$B$5:$B$112,'PP3 (2)'!$H$5:$H$112,"") | AM42: =_xlfn.XLOOKUP($C42,'PP4 (1)'!$B$6:$B$100,'PP4 (1)'!$H$6:$H$100,"") | AN42: =_xlfn.XLOOKUP($C42,'PP4 (2)'!$B$6:$B$100,'PP4 (2)'!$H$6:$H$100,"") | AO42: =_xlfn.XLOOKUP($C42,'PP5 (1)'!$B$6:$B$100,'PP5 (1)'!$H$6:$H$100,"") | AP42: =_xlfn.XLOOKUP($C42,'PP5(2)'!$B$6:$B$100,'PP5(2)'!$H$6:$H$100,"")
A43: =ROW()-4 -> 39 | B43: 3 | C43: OSSOWSKI Wojciech | D43: =SUM(E43:P43) -> 1.1 | E43: =_xlfn.XLOOKUP($C43,'MP (1)'!$B$6:$B$100,'MP (1)'!$E$6:$E$100,"") -> 0.5 | F43: =_xlfn.XLOOKUP($C43,'MP (2)'!$B$6:$B$100,'MP (2)'!$E$6:$E$100,"") -> 0.6 | G43: =_xlfn.XLOOKUP($C43,'PP1 (1)'!$B$6:$B$66,'PP1 (1)'!$E$6:$E$66,"") | H43: =_xlfn.XLOOKUP($C43,'PP1 (2)'!$B$6:$B$100,'PP1 (2)'!$E$6:$E$100,"") | I43: =_xlfn.XLOOKUP($C43,'PP2 (1)'!$B$6:$B$99,'PP2 (1)'!$E$6:$E$99,"") | J43: =_xlfn.XLOOKUP($C43,'PP2 (2)'!$B$6:$B$100,'PP2 (2)'!$E$6:$E$100,"") | K43: =_xlfn.XLOOKUP($C43,'PP3 (1)'!$B$5:$B$113,'PP3 (1)'!$E$5:$E$113,"") | L43: =_xlfn.XLOOKUP($C43,'PP3 (2)'!$B$5:$B$112,'PP3 (2)'!$E$5:$E$112,"") | M43: =_xlfn.XLOOKUP($C43,'PP4 (1)'!$B$6:$B$100,'PP4 (1)'!$E$6:$E$100,"") | N43: =_xlfn.XLOOKUP($C43,'PP4 (2)'!$B$6:$B$100,'PP4 (2)'!$E$6:$E$100,"") | O43: =_xlfn.XLOOKUP($C43,'PP5 (1)'!$B$6:$B$100,'PP5 (1)'!$E$6:$E$100,"") | P43: =_xlfn.XLOOKUP($C43,'PP5(2)'!$B$6:$B$100,'PP5(2)'!$E$6:$E$100,"") | Q43: =SUM(R43:AC43) -> 32 | R43: =_xlfn.XLOOKUP($C43,'MP (1)'!$B$6:$B$100,'MP (1)'!$F$6:$F$100,"") -> 15 | S43: =_xlfn.XLOOKUP($C43,'MP (2)'!$B$6:$B$100,'MP (2)'!$F$6:$F$100,"") -> 17 | T43: =_xlfn.XLOOKUP($C43,'PP1 (1)'!$B$6:$B$66,'PP1 (1)'!$F$6:$F$66,"") | U43: =_xlfn.XLOOKUP($C43,'PP1 (2)'!$B$6:$B$100,'PP1 (2)'!$F$6:$F$100,"") | V43: =_xlfn.XLOOKUP($C43,'PP2 (1)'!$B$6:$B$99,'PP2 (1)'!$F$6:$F$99,"") | W43: =_xlfn.XLOOKUP($C43,'PP2 (2)'!$B$6:$B$100,'PP2 (2)'!$F$6:$F$100,"") | X43: =_xlfn.XLOOKUP($C43,'PP3 (1)'!$B$5:$B$113,'PP3 (1)'!$F$5:$F$113,"") | Y43: =_xlfn.XLOOKUP($C43,'PP3 (2)'!$B$5:$B$112,'PP3 (2)'!$F$5:$F$112,"") | Z43: =_xlfn.XLOOKUP($C43,'PP4 (1)'!$B$6:$B$100,'PP4 (1)'!$F$6:$F$100,"") | AA43: =_xlfn.XLOOKUP($C43,'PP4 (2)'!$B$6:$B$100,'PP4 (2)'!$F$6:$F$100,"") | AB43: =_xlfn.XLOOKUP($C43,'PP5 (1)'!$B$6:$B$100,'PP5 (1)'!$F$6:$F$100,"") | AC43: =_xlfn.XLOOKUP($C43,'PP5(2)'!$B$6:$B$100,'PP5(2)'!$F$6:$F$100,"") | AD43: =SUM(AE43:AP43) -> -3 | AE43: =_xlfn.XLOOKUP($C43,'MP (1)'!$B$6:$B$100,'MP (1)'!$H$6:$H$100,"") -> -1 | AF43: =_xlfn.XLOOKUP($C43,'MP (2)'!$B$6:$B$100,'MP (2)'!$H$6:$H$100,"") -> -2 | AG43: =_xlfn.XLOOKUP($C43,'PP1 (1)'!$B$6:$B$66,'PP1 (1)'!$H$6:$H$66,"") | AH43: =_xlfn.XLOOKUP($C43,'PP1 (2)'!$B$6:$B$100,'PP1 (2)'!$H$6:$H$100,"") | AI43: =_xlfn.XLOOKUP($C43,'PP2 (1)'!$B$6:$B$99,'PP2 (1)'!$H$6:$H$99,"") | AJ43: =_xlfn.XLOOKUP($C43,'PP2 (2)'!$B$6:$B$100,'PP2 (2)'!$H$6:$H$100,"") | AK43: =_xlfn.XLOOKUP($C43,'PP3 (1)'!$B$5:$B$113,'PP3 (1)'!$H$5:$H$113,"") | AL43: =_xlfn.XLOOKUP($C43,'PP3 (2)'!$B$5:$B$112,'PP3 (2)'!$H$5:$H$112,"") | AM43: =_xlfn.XLOOKUP($C43,'PP4 (1)'!$B$6:$B$100,'PP4 (1)'!$H$6:$H$100,"") | AN43: =_xlfn.XLOOKUP($C43,'PP4 (2)'!$B$6:$B$100,'PP4 (2)'!$H$6:$H$100,"") | AO43: =_xlfn.XLOOKUP($C43,'PP5 (1)'!$B$6:$B$100,'PP5 (1)'!$H$6:$H$100,"") | AP43: =_xlfn.XLOOKUP($C43,'PP5(2)'!$B$6:$B$100,'PP5(2)'!$H$6:$H$100,"")
A44: =ROW()-4 -> 40 | B44: 1 | C44: DARUL Tomasz | D44: =SUM(E44:P44) -> 1 | E44: =_xlfn.XLOOKUP($C44,'MP (1)'!$B$6:$B$100,'MP (1)'!$E$6:$E$100,"") | F44: =_xlfn.XLOOKUP($C44,'MP (2)'!$B$6:$B$100,'MP (2)'!$E$6:$E$100,"") | G44: =_xlfn.XLOOKUP($C44,'PP1 (1)'!$B$6:$B$66,'PP1 (1)'!$E$6:$E$66,"") -> 0.6 | H44: =_xlfn.XLOOKUP($C44,'PP1 (2)'!$B$6:$B$100,'PP1 (2)'!$E$6:$E$100,"") -> 0.4 | I44: =_xlfn.XLOOKUP($C44,'PP2 (1)'!$B$6:$B$99,'PP2 (1)'!$E$6:$E$99,"") | J44: =_xlfn.XLOOKUP($C44,'PP2 (2)'!$B$6:$B$100,'PP2 (2)'!$E$6:$E$100,"") | K44: =_xlfn.XLOOKUP($C44,'PP3 (1)'!$B$5:$B$113,'PP3 (1)'!$E$5:$E$113,"") | L44: =_xlfn.XLOOKUP($C44,'PP3 (2)'!$B$5:$B$112,'PP3 (2)'!$E$5:$E$112,"") | M44: =_xlfn.XLOOKUP($C44,'PP4 (1)'!$B$6:$B$100,'PP4 (1)'!$E$6:$E$100,"") | N44: =_xlfn.XLOOKUP($C44,'PP4 (2)'!$B$6:$B$100,'PP4 (2)'!$E$6:$E$100,"") | O44: =_xlfn.XLOOKUP($C44,'PP5 (1)'!$B$6:$B$100,'PP5 (1)'!$E$6:$E$100,"") | P44: =_xlfn.XLOOKUP($C44,'PP5(2)'!$B$6:$B$100,'PP5(2)'!$E$6:$E$100,"") | Q44: =SUM(R44:AC44) -> 36 | R44: =_xlfn.XLOOKUP($C44,'MP (1)'!$B$6:$B$100,'MP (1)'!$F$6:$F$100,"") | S44: =_xlfn.XLOOKUP($C44,'MP (2)'!$B$6:$B$100,'MP (2)'!$F$6:$F$100,"") | T44: =_xlfn.XLOOKUP($C44,'PP1 (1)'!$B$6:$B$66,'PP1 (1)'!$F$6:$F$66,"") -> 18 | U44: =_xlfn.XLOOKUP($C44,'PP1 (2)'!$B$6:$B$100,'PP1 (2)'!$F$6:$F$100,"") -> 18 | V44: =_xlfn.XLOOKUP($C44,'PP2 (1)'!$B$6:$B$99,'PP2 (1)'!$F$6:$F$99,"") | W44: =_xlfn.XLOOKUP($C44,'PP2 (2)'!$B$6:$B$100,'PP2 (2)'!$F$6:$F$100,"") | X44: =_xlfn.XLOOKUP($C44,'PP3 (1)'!$B$5:$B$113,'PP3 (1)'!$F$5:$F$113,"") | Y44: =_xlfn.XLOOKUP($C44,'PP3 (2)'!$B$5:$B$112,'PP3 (2)'!$F$5:$F$112,"") | Z44: =_xlfn.XLOOKUP($C44,'PP4 (1)'!$B$6:$B$100,'PP4 (1)'!$F$6:$F$100,"") | AA44: =_xlfn.XLOOKUP($C44,'PP4 (2)'!$B$6:$B$100,'PP4 (2)'!$F$6:$F$100,"") | AB44: =_xlfn.XLOOKUP($C44,'PP5 (1)'!$B$6:$B$100,'PP5 (1)'!$F$6:$F$100,"") | AC44: =_xlfn.XLOOKUP($C44,'PP5(2)'!$B$6:$B$100,'PP5(2)'!$F$6:$F$100,"") | AD44: =SUM(AE44:AP44) -> -2 | AE44: =_xlfn.XLOOKUP($C44,'MP (1)'!$B$6:$B$100,'MP (1)'!$H$6:$H$100,"") | AF44: =_xlfn.XLOOKUP($C44,'MP (2)'!$B$6:$B$100,'MP (2)'!$H$6:$H$100,"") | AG44: =_xlfn.XLOOKUP($C44,'PP1 (1)'!$B$6:$B$66,'PP1 (1)'!$H$6:$H$66,"") -> 1 | AH44: =_xlfn.XLOOKUP($C44,'PP1 (2)'!$B$6:$B$100,'PP1 (2)'!$H$6:$H$100,"") -> -3 | AI44: =_xlfn.XLOOKUP($C44,'PP2 (1)'!$B$6:$B$99,'PP2 (1)'!$H$6:$H$99,"") | AJ44: =_xlfn.XLOOKUP($C44,'PP2 (2)'!$B$6:$B$100,'PP2 (2)'!$H$6:$H$100,"") | AK44: =_xlfn.XLOOKUP($C44,'PP3 (1)'!$B$5:$B$113,'PP3 (1)'!$H$5:$H$113,"") | AL44: =_xlfn.XLOOKUP($C44,'PP3 (2)'!$B$5:$B$112,'PP3 (2)'!$H$5:$H$112,"") | AM44: =_xlfn.XLOOKUP($C44,'PP4 (1)'!$B$6:$B$100,'PP4 (1)'!$H$6:$H$100,"") | AN44: =_xlfn.XLOOKUP($C44,'PP4 (2)'!$B$6:$B$100,'PP4 (2)'!$H$6:$H$100,"") | AO44: =_xlfn.XLOOKUP($C44,'PP5 (1)'!$B$6:$B$100,'PP5 (1)'!$H$6:$H$100,"") | AP44: =_xlfn.XLOOKUP($C44,'PP5(2)'!$B$6:$B$100,'PP5(2)'!$H$6:$H$100,"")
A45: =ROW()-4 -> 41 | B45: 0 | C45: STANISŁAWSKI Albert | D45: =SUM(E45:P45) -> 0.85 | E45: =_xlfn.XLOOKUP($C45,'MP (1)'!$B$6:$B$100,'MP (1)'!$E$6:$E$100,"") -> 0.25 | F45: =_xlfn.XLOOKUP($C45,'MP (2)'!$B$6:$B$100,'MP (2)'!$E$6:$E$100,"") -> 0.6 | G45: =_xlfn.XLOOKUP($C45,'PP1 (1)'!$B$6:$B$66,'PP1 (1)'!$E$6:$E$66,"") | H45: =_xlfn.XLOOKUP($C45,'PP1 (2)'!$B$6:$B$100,'PP1 (2)'!$E$6:$E$100,"") | I45: =_xlfn.XLOOKUP($C45,'PP2 (1)'!$B$6:$B$99,'PP2 (1)'!$E$6:$E$99,"") | J45: =_xlfn.XLOOKUP($C45,'PP2 (2)'!$B$6:$B$100,'PP2 (2)'!$E$6:$E$100,"") | K45: =_xlfn.XLOOKUP($C45,'PP3 (1)'!$B$5:$B$113,'PP3 (1)'!$E$5:$E$113,"") | L45: =_xlfn.XLOOKUP($C45,'PP3 (2)'!$B$5:$B$112,'PP3 (2)'!$E$5:$E$112,"") | M45: =_xlfn.XLOOKUP($C45,'PP4 (1)'!$B$6:$B$100,'PP4 (1)'!$E$6:$E$100,"") | N45: =_xlfn.XLOOKUP($C45,'PP4 (2)'!$B$6:$B$100,'PP4 (2)'!$E$6:$E$100,"") | O45: =_xlfn.XLOOKUP($C45,'PP5 (1)'!$B$6:$B$100,'PP5 (1)'!$E$6:$E$100,"") | P45: =_xlfn.XLOOKUP($C45,'PP5(2)'!$B$6:$B$100,'PP5(2)'!$E$6:$E$100,"") | Q45: =SUM(R45:AC45) -> 31 | R45: =_xlfn.XLOOKUP($C45,'MP (1)'!$B$6:$B$100,'MP (1)'!$F$6:$F$100,"") -> 12 | S45: =_xlfn.XLOOKUP($C45,'MP (2)'!$B$6:$B$100,'MP (2)'!$F$6:$F$100,"") -> 19 | T45: =_xlfn.XLOOKUP($C45,'PP1 (1)'!$B$6:$B$66,'PP1 (1)'!$F$6:$F$66,"") | U45: =_xlfn.XLOOKUP($C45,'PP1 (2)'!$B$6:$B$100,'PP1 (2)'!$F$6:$F$100,"") | V45: =_xlfn.XLOOKUP($C45,'PP2 (1)'!$B$6:$B$99,'PP2 (1)'!$F$6:$F$99,"") | W45: =_xlfn.XLOOKUP($C45,'PP2 (2)'!$B$6:$B$100,'PP2 (2)'!$F$6:$F$100,"") | X45: =_xlfn.XLOOKUP($C45,'PP3 (1)'!$B$5:$B$113,'PP3 (1)'!$F$5:$F$113,"") | Y45: =_xlfn.XLOOKUP($C45,'PP3 (2)'!$B$5:$B$112,'PP3 (2)'!$F$5:$F$112,"") | Z45: =_xlfn.XLOOKUP($C45,'PP4 (1)'!$B$6:$B$100,'PP4 (1)'!$F$6:$F$100,"") | AA45: =_xlfn.XLOOKUP($C45,'PP4 (2)'!$B$6:$B$100,'PP4 (2)'!$F$6:$F$100,"") | AB45: =_xlfn.XLOOKUP($C45,'PP5 (1)'!$B$6:$B$100,'PP5 (1)'!$F$6:$F$100,"") | AC45: =_xlfn.XLOOKUP($C45,'PP5(2)'!$B$6:$B$100,'PP5(2)'!$F$6:$F$100,"") | AD45: =SUM(AE45:AP45) -> 0 | AE45: =_xlfn.XLOOKUP($C45,'MP (1)'!$B$6:$B$100,'MP (1)'!$H$6:$H$100,"") -> -4 | AF45: =_xlfn.XLOOKUP($C45,'MP (2)'!$B$6:$B$100,'MP (2)'!$H$6:$H$100,"") -> 4 | AG45: =_xlfn.XLOOKUP($C45,'PP1 (1)'!$B$6:$B$66,'PP1 (1)'!$H$6:$H$66,"") | AH45: =_xlfn.XLOOKUP($C45,'PP1 (2)'!$B$6:$B$100,'PP1 (2)'!$H$6:$H$100,"") | AI45: =_xlfn.XLOOKUP($C45,'PP2 (1)'!$B$6:$B$99,'PP2 (1)'!$H$6:$H$99,"") | AJ45: =_xlfn.XLOOKUP($C45,'PP2 (2)'!$B$6:$B$100,'PP2 (2)'!$H$6:$H$100,"") | AK45: =_xlfn.XLOOKUP($C45,'PP3 (1)'!$B$5:$B$113,'PP3 (1)'!$H$5:$H$113,"") | AL45: =_xlfn.XLOOKUP($C45,'PP3 (2)'!$B$5:$B$112,'PP3 (2)'!$H$5:$H$112,"") | AM45: =_xlfn.XLOOKUP($C45,'PP4 (1)'!$B$6:$B$100,'PP4 (1)'!$H$6:$H$100,"") | AN45: =_xlfn.XLOOKUP($C45,'PP4 (2)'!$B$6:$B$100,'PP4 (2)'!$H$6:$H$100,"") | AO45: =_xlfn.XLOOKUP($C45,'PP5 (1)'!$B$6:$B$100,'PP5 (1)'!$H$6:$H$100,"") | AP45: =_xlfn.XLOOKUP($C45,'PP5(2)'!$B$6:$B$100,'PP5(2)'!$H$6:$H$100,"")
A46: =ROW()-4 -> 42 | B46: 1k | C46: GRACZYK Anna | D46: =SUM(E46:P46) -> 0.8 | E46: =_xlfn.XLOOKUP($C46,'MP (1)'!$B$6:$B$100,'MP (1)'!$E$6:$E$100,"") | F46: =_xlfn.XLOOKUP($C46,'MP (2)'!$B$6:$B$100,'MP (2)'!$E$6:$E$100,"") | G46: =_xlfn.XLOOKUP($C46,'PP1 (1)'!$B$6:$B$66,'PP1 (1)'!$E$6:$E$66,"") | H46: =_xlfn.XLOOKUP($C46,'PP1 (2)'!$B$6:$B$100,'PP1 (2)'!$E$6:$E$100,"") | I46: =_xlfn.XLOOKUP($C46,'PP2 (1)'!$B$6:$B$99,'PP2 (1)'!$E$6:$E$99,"") -> 0.4 | J46: =_xlfn.XLOOKUP($C46,'PP2 (2)'!$B$6:$B$100,'PP2 (2)'!$E$6:$E$100,"") -> 0.4 | K46: =_xlfn.XLOOKUP($C46,'PP3 (1)'!$B$5:$B$113,'PP3 (1)'!$E$5:$E$113,"") | L46: =_xlfn.XLOOKUP($C46,'PP3 (2)'!$B$5:$B$112,'PP3 (2)'!$E$5:$E$112,"") | M46: =_xlfn.XLOOKUP($C46,'PP4 (1)'!$B$6:$B$100,'PP4 (1)'!$E$6:$E$100,"") | N46: =_xlfn.XLOOKUP($C46,'PP4 (2)'!$B$6:$B$100,'PP4 (2)'!$E$6:$E$100,"") | O46: =_xlfn.XLOOKUP($C46,'PP5 (1)'!$B$6:$B$100,'PP5 (1)'!$E$6:$E$100,"") | P46: =_xlfn.XLOOKUP($C46,'PP5(2)'!$B$6:$B$100,'PP5(2)'!$E$6:$E$100,"") | Q46: =SUM(R46:AC46) -> 34 | R46: =_xlfn.XLOOKUP($C46,'MP (1)'!$B$6:$B$100,'MP (1)'!$F$6:$F$100,"") | S46: =_xlfn.XLOOKUP($C46,'MP (2)'!$B$6:$B$100,'MP (2)'!$F$6:$F$100,"") | T46: =_xlfn.XLOOKUP($C46,'PP1 (1)'!$B$6:$B$66,'PP1 (1)'!$F$6:$F$66,"") | U46: =_xlfn.XLOOKUP($C46,'PP1 (2)'!$B$6:$B$100,'PP1 (2)'!$F$6:$F$100,"") | V46: =_xlfn.XLOOKUP($C46,'PP2 (1)'!$B$6:$B$99,'PP2 (1)'!$F$6:$F$99,"") -> 17 | W46: =_xlfn.XLOOKUP($C46,'PP2 (2)'!$B$6:$B$100,'PP2 (2)'!$F$6:$F$100,"") -> 17 | X46: =_xlfn.XLOOKUP($C46,'PP3 (1)'!$B$5:$B$113,'PP3 (1)'!$F$5:$F$113,"") | Y46: =_xlfn.XLOOKUP($C46,'PP3 (2)'!$B$5:$B$112,'PP3 (2)'!$F$5:$F$112,"") | Z46: =_xlfn.XLOOKUP($C46,'PP4 (1)'!$B$6:$B$100,'PP4 (1)'!$F$6:$F$100,"") | AA46: =_xlfn.XLOOKUP($C46,'PP4 (2)'!$B$6:$B$100,'PP4 (2)'!$F$6:$F$100,"") | AB46: =_xlfn.XLOOKUP($C46,'PP5 (1)'!$B$6:$B$100,'PP5 (1)'!$F$6:$F$100,"") | AC46: =_xlfn.XLOOKUP($C46,'PP5(2)'!$B$6:$B$100,'PP5(2)'!$F$6:$F$100,"") | AD46: =SUM(AE46:AP46) -> -8 | AE46: =_xlfn.XLOOKUP($C46,'MP (1)'!$B$6:$B$100,'MP (1)'!$H$6:$H$100,"") | AF46: =_xlfn.XLOOKUP($C46,'MP (2)'!$B$6:$B$100,'MP (2)'!$H$6:$H$100,"") | AG46: =_xlfn.XLOOKUP($C46,'PP1 (1)'!$B$6:$B$66,'PP1 (1)'!$H$6:$H$66,"") | AH46: =_xlfn.XLOOKUP($C46,'PP1 (2)'!$B$6:$B$100,'PP1 (2)'!$H$6:$H$100,"") | AI46: =_xlfn.XLOOKUP($C46,'PP2 (1)'!$B$6:$B$99,'PP2 (1)'!$H$6:$H$99,"") -> -4 | AJ46: =_xlfn.XLOOKUP($C46,'PP2 (2)'!$B$6:$B$100,'PP2 (2)'!$H$6:$H$100,"") -> -4 | AK46: =_xlfn.XLOOKUP($C46,'PP3 (1)'!$B$5:$B$113,'PP3 (1)'!$H$5:$H$113,"") | AL46: =_xlfn.XLOOKUP($C46,'PP3 (2)'!$B$5:$B$112,'PP3 (2)'!$H$5:$H$112,"") | AM46: =_xlfn.XLOOKUP($C46,'PP4 (1)'!$B$6:$B$100,'PP4 (1)'!$H$6:$H$100,"") | AN46: =_xlfn.XLOOKUP($C46,'PP4 (2)'!$B$6:$B$100,'PP4 (2)'!$H$6:$H$100,"") | AO46: =_xlfn.XLOOKUP($C46,'PP5 (1)'!$B$6:$B$100,'PP5 (1)'!$H$6:$H$100,"") | AP46: =_xlfn.XLOOKUP($C46,'PP5(2)'!$B$6:$B$100,'PP5(2)'!$H$6:$H$100,"")
A47: =ROW()-4 -> 43 | C47: MIECZYŃSKI Adam | D47: =SUM(E47:P47) -> 0.73 | E47: =_xlfn.XLOOKUP($C47,'MP (1)'!$B$6:$B$100,'MP (1)'!$E$6:$E$100,"") | F47: =_xlfn.XLOOKUP($C47,'MP (2)'!$B$6:$B$100,'MP (2)'!$E$6:$E$100,"") | G47: =_xlfn.XLOOKUP($C47,'PP1 (1)'!$B$6:$B$66,'PP1 (1)'!$E$6:$E$66,"") -> 0.4 | H47: =_xlfn.XLOOKUP($C47,'PP1 (2)'!$B$6:$B$100,'PP1 (2)'!$E$6:$E$100,"") -> 0.33 | I47: =_xlfn.XLOOKUP($C47,'PP2 (1)'!$B$6:$B$99,'PP2 (1)'!$E$6:$E$99,"") | J47: =_xlfn.XLOOKUP($C47,'PP2 (2)'!$B$6:$B$100,'PP2 (2)'!$E$6:$E$100,"") | K47: =_xlfn.XLOOKUP($C47,'PP3 (1)'!$B$5:$B$113,'PP3 (1)'!$E$5:$E$113,"") | L47: =_xlfn.XLOOKUP($C47,'PP3 (2)'!$B$5:$B$112,'PP3 (2)'!$E$5:$E$112,"") | M47: =_xlfn.XLOOKUP($C47,'PP4 (1)'!$B$6:$B$100,'PP4 (1)'!$E$6:$E$100,"") | N47: =_xlfn.XLOOKUP($C47,'PP4 (2)'!$B$6:$B$100,'PP4 (2)'!$E$6:$E$100,"") | O47: =_xlfn.XLOOKUP($C47,'PP5 (1)'!$B$6:$B$100,'PP5 (1)'!$E$6:$E$100,"") | P47: =_xlfn.XLOOKUP($C47,'PP5(2)'!$B$6:$B$100,'PP5(2)'!$E$6:$E$100,"") | Q47: =SUM(R47:AC47) -> 31 | R47: =_xlfn.XLOOKUP($C47,'MP (1)'!$B$6:$B$100,'MP (1)'!$F$6:$F$100,"") | S47: =_xlfn.XLOOKUP($C47,'MP (2)'!$B$6:$B$100,'MP (2)'!$F$6:$F$100,"") | T47: =_xlfn.XLOOKUP($C47,'PP1 (1)'!$B$6:$B$66,'PP1 (1)'!$F$6:$F$66,"") -> 15 | U47: =_xlfn.XLOOKUP($C47,'PP1 (2)'!$B$6:$B$100,'PP1 (2)'!$F$6:$F$100,"") -> 16 | V47: =_xlfn.XLOOKUP($C47,'PP2 (1)'!$B$6:$B$99,'PP2 (1)'!$F$6:$F$99,"") | W47: =_xlfn.XLOOKUP($C47,'PP2 (2)'!$B$6:$B$100,'PP2 (2)'!$F$6:$F$100,"") | X47: =_xlfn.XLOOKUP($C47,'PP3 (1)'!$B$5:$B$113,'PP3 (1)'!$F$5:$F$113,"") | Y47: =_xlfn.XLOOKUP($C47,'PP3 (2)'!$B$5:$B$112,'PP3 (2)'!$F$5:$F$112,"") | Z47: =_xlfn.XLOOKUP($C47,'PP4 (1)'!$B$6:$B$100,'PP4 (1)'!$F$6:$F$100,"") | AA47: =_xlfn.XLOOKUP($C47,'PP4 (2)'!$B$6:$B$100,'PP4 (2)'!$F$6:$F$100,"") | AB47: =_xlfn.XLOOKUP($C47,'PP5 (1)'!$B$6:$B$100,'PP5 (1)'!$F$6:$F$100,"") | AC47: =_xlfn.XLOOKUP($C47,'PP5(2)'!$B$6:$B$100,'PP5(2)'!$F$6:$F$100,"") | AD47: =SUM(AE47:AP47) -> -16 | AE47: =_xlfn.XLOOKUP($C47,'MP (1)'!$B$6:$B$100,'MP (1)'!$H$6:$H$100,"") | AF47: =_xlfn.XLOOKUP($C47,'MP (2)'!$B$6:$B$100,'MP (2)'!$H$6:$H$100,"") | AG47: =_xlfn.XLOOKUP($C47,'PP1 (1)'!$B$6:$B$66,'PP1 (1)'!$H$6:$H$66,"") -> -5 | AH47: =_xlfn.XLOOKUP($C47,'PP1 (2)'!$B$6:$B$100,'PP1 (2)'!$H$6:$H$100,"") -> -11 | AI47: =_xlfn.XLOOKUP($C47,'PP2 (1)'!$B$6:$B$99,'PP2 (1)'!$H$6:$H$99,"") | AJ47: =_xlfn.XLOOKUP($C47,'PP2 (2)'!$B$6:$B$100,'PP2 (2)'!$H$6:$H$100,"") | AK47: =_xlfn.XLOOKUP($C47,'PP3 (1)'!$B$5:$B$113,'PP3 (1)'!$H$5:$H$113,"") | AL47: =_xlfn.XLOOKUP($C47,'PP3 (2)'!$B$5:$B$112,'PP3 (2)'!$H$5:$H$112,"") | AM47: =_xlfn.XLOOKUP($C47,'PP4 (1)'!$B$6:$B$100,'PP4 (1)'!$H$6:$H$100,"") | AN47: =_xlfn.XLOOKUP($C47,'PP4 (2)'!$B$6:$B$100,'PP4 (2)'!$H$6:$H$100,"") | AO47: =_xlfn.XLOOKUP($C47,'PP5 (1)'!$B$6:$B$100,'PP5 (1)'!$H$6:$H$100,"") | AP47: =_xlfn.XLOOKUP($C47,'PP5(2)'!$B$6:$B$100,'PP5(2)'!$H$6:$H$100,"")
A48: =ROW()-4 -> 44 | B48: 3 | C48: WOJCIECHOWSKI Marek | D48: =SUM(E48:P48) -> 0.67 | E48: =_xlfn.XLOOKUP($C48,'MP (1)'!$B$6:$B$100,'MP (1)'!$E$6:$E$100,"") -> 0 | F48: =_xlfn.XLOOKUP($C48,'MP (2)'!$B$6:$B$100,'MP (2)'!$E$6:$E$100,"") -> 0 | G48: =_xlfn.XLOOKUP($C48,'PP1 (1)'!$B$6:$B$66,'PP1 (1)'!$E$6:$E$66,"") | H48: =_xlfn.XLOOKUP($C48,'PP1 (2)'!$B$6:$B$100,'PP1 (2)'!$E$6:$E$100,"") | I48: =_xlfn.XLOOKUP($C48,'PP2 (1)'!$B$6:$B$99,'PP2 (1)'!$E$6:$E$99,"") | J48: =_xlfn.XLOOKUP($C48,'PP2 (2)'!$B$6:$B$100,'PP2 (2)'!$E$6:$E$100,"") | K48: =_xlfn.XLOOKUP($C48,'PP3 (1)'!$B$5:$B$113,'PP3 (1)'!$E$5:$E$113,"") -> 0.5 | L48: =_xlfn.XLOOKUP($C48,'PP3 (2)'!$B$5:$B$112,'PP3 (2)'!$E$5:$E$112,"") -> 0.17 | M48: =_xlfn.XLOOKUP($C48,'PP4 (1)'!$B$6:$B$100,'PP4 (1)'!$E$6:$E$100,"") | N48: =_xlfn.XLOOKUP($C48,'PP4 (2)'!$B$6:$B$100,'PP4 (2)'!$E$6:$E$100,"") | O48: =_xlfn.XLOOKUP($C48,'PP5 (1)'!$B$6:$B$100,'PP5 (1)'!$E$6:$E$100,"") | P48: =_xlfn.XLOOKUP($C48,'PP5(2)'!$B$6:$B$100,'PP5(2)'!$E$6:$E$100,"") | Q48: =SUM(R48:AC48) -> 43 | R48: =_xlfn.XLOOKUP($C48,'MP (1)'!$B$6:$B$100,'MP (1)'!$F$6:$F$100,"") -> 7 | S48: =_xlfn.XLOOKUP($C48,'MP (2)'!$B$6:$B$100,'MP (2)'!$F$6:$F$100,"") -> 6 | T48: =_xlfn.XLOOKUP($C48,'PP1 (1)'!$B$6:$B$66,'PP1 (1)'!$F$6:$F$66,"") | U48: =_xlfn.XLOOKUP($C48,'PP1 (2)'!$B$6:$B$100,'PP1 (2)'!$F$6:$F$100,"") | V48: =_xlfn.XLOOKUP($C48,'PP2 (1)'!$B$6:$B$99,'PP2 (1)'!$F$6:$F$99,"") | W48: =_xlfn.XLOOKUP($C48,'PP2 (2)'!$B$6:$B$100,'PP2 (2)'!$F$6:$F$100,"") | X48: =_xlfn.XLOOKUP($C48,'PP3 (1)'!$B$5:$B$113,'PP3 (1)'!$F$5:$F$113,"") -> 20 | Y48: =_xlfn.XLOOKUP($C48,'PP3 (2)'!$B$5:$B$112,'PP3 (2)'!$F$5:$F$112,"") -> 10 | Z48: =_xlfn.XLOOKUP($C48,'PP4 (1)'!$B$6:$B$100,'PP4 (1)'!$F$6:$F$100,"") | AA48: =_xlfn.XLOOKUP($C48,'PP4 (2)'!$B$6:$B$100,'PP4 (2)'!$F$6:$F$100,"") | AB48: =_xlfn.XLOOKUP($C48,'PP5 (1)'!$B$6:$B$100,'PP5 (1)'!$F$6:$F$100,"") | AC48: =_xlfn.XLOOKUP($C48,'PP5(2)'!$B$6:$B$100,'PP5(2)'!$F$6:$F$100,"") | AD48: =SUM(AE48:AP48) -> -54 | AE48: =_xlfn.XLOOKUP($C48,'MP (1)'!$B$6:$B$100,'MP (1)'!$H$6:$H$100,"") -> -13 | AF48: =_xlfn.XLOOKUP($C48,'MP (2)'!$B$6:$B$100,'MP (2)'!$H$6:$H$100,"") -> -19 | AG48: =_xlfn.XLOOKUP($C48,'PP1 (1)'!$B$6:$B$66,'PP1 (1)'!$H$6:$H$66,"") | AH48: =_xlfn.XLOOKUP($C48,'PP1 (2)'!$B$6:$B$100,'PP1 (2)'!$H$6:$H$100,"") | AI48: =_xlfn.XLOOKUP($C48,'PP2 (1)'!$B$6:$B$99,'PP2 (1)'!$H$6:$H$99,"") | AJ48: =_xlfn.XLOOKUP($C48,'PP2 (2)'!$B$6:$B$100,'PP2 (2)'!$H$6:$H$100,"") | AK48: =_xlfn.XLOOKUP($C48,'PP3 (1)'!$B$5:$B$113,'PP3 (1)'!$H$5:$H$113,"") -> -5 | AL48: =_xlfn.XLOOKUP($C48,'PP3 (2)'!$B$5:$B$112,'PP3 (2)'!$H$5:$H$112,"") -> -17 | AM48: =_xlfn.XLOOKUP($C48,'PP4 (1)'!$B$6:$B$100,'PP4 (1)'!$H$6:$H$100,"") | AN48: =_xlfn.XLOOKUP($C48,'PP4 (2)'!$B$6:$B$100,'PP4 (2)'!$H$6:$H$100,"") | AO48: =_xlfn.XLOOKUP($C48,'PP5 (1)'!$B$6:$B$100,'PP5 (1)'!$H$6:$H$100,"") | AP48: =_xlfn.XLOOKUP($C48,'PP5(2)'!$B$6:$B$100,'PP5(2)'!$H$6:$H$100,"")
A49: =ROW()-4 -> 45 | C49: SPŁAWA-NEYMAN Maciej | D49: =SUM(E49:P49) -> 0.67 | E49: =_xlfn.XLOOKUP($C49,'MP (1)'!$B$6:$B$100,'MP (1)'!$E$6:$E$100,"") | F49: =_xlfn.XLOOKUP($C49,'MP (2)'!$B$6:$B$100,'MP (2)'!$E$6:$E$100,"") | G49: =_xlfn.XLOOKUP($C49,'PP1 (1)'!$B$6:$B$66,'PP1 (1)'!$E$6:$E$66,"") | H49: =_xlfn.XLOOKUP($C49,'PP1 (2)'!$B$6:$B$100,'PP1 (2)'!$E$6:$E$100,"") | I49: =_xlfn.XLOOKUP($C49,'PP2 (1)'!$B$6:$B$99,'PP2 (1)'!$E$6:$E$99,"") | J49: =_xlfn.XLOOKUP($C49,'PP2 (2)'!$B$6:$B$100,'PP2 (2)'!$E$6:$E$100,"") | K49: =_xlfn.XLOOKUP($C49,'PP3 (1)'!$B$5:$B$113,'PP3 (1)'!$E$5:$E$113,"") -> 0.5 | L49: =_xlfn.XLOOKUP($C49,'PP3 (2)'!$B$5:$B$112,'PP3 (2)'!$E$5:$E$112,"") -> 0.17 | M49: =_xlfn.XLOOKUP($C49,'PP4 (1)'!$B$6:$B$100,'PP4 (1)'!$E$6:$E$100,"") | N49: =_xlfn.XLOOKUP($C49,'PP4 (2)'!$B$6:$B$100,'PP4 (2)'!$E$6:$E$100,"") | O49: =_xlfn.XLOOKUP($C49,'PP5 (1)'!$B$6:$B$100,'PP5 (1)'!$E$6:$E$100,"") | P49: =_xlfn.XLOOKUP($C49,'PP5(2)'!$B$6:$B$100,'PP5(2)'!$E$6:$E$100,"") | Q49: =SUM(R49:AC49) -> 40 | R49: =_xlfn.XLOOKUP($C49,'MP (1)'!$B$6:$B$100,'MP (1)'!$F$6:$F$100,"") | S49: =_xlfn.XLOOKUP($C49,'MP (2)'!$B$6:$B$100,'MP (2)'!$F$6:$F$100,"") | T49: =_xlfn.XLOOKUP($C49,'PP1 (1)'!$B$6:$B$66,'PP1 (1)'!$F$6:$F$66,"") | U49: =_xlfn.XLOOKUP($C49,'PP1 (2)'!$B$6:$B$100,'PP1 (2)'!$F$6:$F$100,"") | V49: =_xlfn.XLOOKUP($C49,'PP2 (1)'!$B$6:$B$99,'PP2 (1)'!$F$6:$F$99,"") | W49: =_xlfn.XLOOKUP($C49,'PP2 (2)'!$B$6:$B$100,'PP2 (2)'!$F$6:$F$100,"") | X49: =_xlfn.XLOOKUP($C49,'PP3 (1)'!$B$5:$B$113,'PP3 (1)'!$F$5:$F$113,"") -> 23 | Y49: =_xlfn.XLOOKUP($C49,'PP3 (2)'!$B$5:$B$112,'PP3 (2)'!$F$5:$F$112,"") -> 17 | Z49: =_xlfn.XLOOKUP($C49,'PP4 (1)'!$B$6:$B$100,'PP4 (1)'!$F$6:$F$100,"") | AA49: =_xlfn.XLOOKUP($C49,'PP4 (2)'!$B$6:$B$100,'PP4 (2)'!$F$6:$F$100,"") | AB49: =_xlfn.XLOOKUP($C49,'PP5 (1)'!$B$6:$B$100,'PP5 (1)'!$F$6:$F$100,"") | AC49: =_xlfn.XLOOKUP($C49,'PP5(2)'!$B$6:$B$100,'PP5(2)'!$F$6:$F$100,"") | AD49: =SUM(AE49:AP49) -> -10 | AE49: =_xlfn.XLOOKUP($C49,'MP (1)'!$B$6:$B$100,'MP (1)'!$H$6:$H$100,"") | AF49: =_xlfn.XLOOKUP($C49,'MP (2)'!$B$6:$B$100,'MP (2)'!$H$6:$H$100,"") | AG49: =_xlfn.XLOOKUP($C49,'PP1 (1)'!$B$6:$B$66,'PP1 (1)'!$H$6:$H$66,"") | AH49: =_xlfn.XLOOKUP($C49,'PP1 (2)'!$B$6:$B$100,'PP1 (2)'!$H$6:$H$100,"") | AI49: =_xlfn.XLOOKUP($C49,'PP2 (1)'!$B$6:$B$99,'PP2 (1)'!$H$6:$H$99,"") | AJ49: =_xlfn.XLOOKUP($C49,'PP2 (2)'!$B$6:$B$100,'PP2 (2)'!$H$6:$H$100,"") | AK49: =_xlfn.XLOOKUP($C49,'PP3 (1)'!$B$5:$B$113,'PP3 (1)'!$H$5:$H$113,"") -> 0 | AL49: =_xlfn.XLOOKUP($C49,'PP3 (2)'!$B$5:$B$112,'PP3 (2)'!$H$5:$H$112,"") -> -10 | AM49: =_xlfn.XLOOKUP($C49,'PP4 (1)'!$B$6:$B$100,'PP4 (1)'!$H$6:$H$100,"") | AN49: =_xlfn.XLOOKUP($C49,'PP4 (2)'!$B$6:$B$100,'PP4 (2)'!$H$6:$H$100,"") | AO49: =_xlfn.XLOOKUP($C49,'PP5 (1)'!$B$6:$B$100,'PP5 (1)'!$H$6:$H$100,"") | AP49: =_xlfn.XLOOKUP($C49,'PP5(2)'!$B$6:$B$100,'PP5(2)'!$H$6:$H$100,"")
A50: =ROW()-4 -> 46 | C50: KARKOSZ Jan | D50: =SUM(E50:P50) -> 0.67 | E50: =_xlfn.XLOOKUP($C50,'MP (1)'!$B$6:$B$100,'MP (1)'!$E$6:$E$100,"") | F50: =_xlfn.XLOOKUP($C50,'MP (2)'!$B$6:$B$100,'MP (2)'!$E$6:$E$100,"") | G50: =_xlfn.XLOOKUP($C50,'PP1 (1)'!$B$6:$B$66,'PP1 (1)'!$E$6:$E$66,"") | H50: =_xlfn.XLOOKUP($C50,'PP1 (2)'!$B$6:$B$100,'PP1 (2)'!$E$6:$E$100,"") | I50: =_xlfn.XLOOKUP($C50,'PP2 (1)'!$B$6:$B$99,'PP2 (1)'!$E$6:$E$99,"") | J50: =_xlfn.XLOOKUP($C50,'PP2 (2)'!$B$6:$B$100,'PP2 (2)'!$E$6:$E$100,"") | K50: =_xlfn.XLOOKUP($C50,'PP3 (1)'!$B$5:$B$113,'PP3 (1)'!$E$5:$E$113,"") -> 0.67 | L50: =_xlfn.XLOOKUP($C50,'PP3 (2)'!$B$5:$B$112,'PP3 (2)'!$E$5:$E$112,"") | M50: =_xlfn.XLOOKUP($C50,'PP4 (1)'!$B$6:$B$100,'PP4 (1)'!$E$6:$E$100,"") | N50: =_xlfn.XLOOKUP($C50,'PP4 (2)'!$B$6:$B$100,'PP4 (2)'!$E$6:$E$100,"") | O50: =_xlfn.XLOOKUP($C50,'PP5 (1)'!$B$6:$B$100,'PP5 (1)'!$E$6:$E$100,"") | P50: =_xlfn.XLOOKUP($C50,'PP5(2)'!$B$6:$B$100,'PP5(2)'!$E$6:$E$100,"") | Q50: =SUM(R50:AC50) -> 24 | R50: =_xlfn.XLOOKUP($C50,'MP (1)'!$B$6:$B$100,'MP (1)'!$F$6:$F$100,"") | S50: =_xlfn.XLOOKUP($C50,'MP (2)'!$B$6:$B$100,'MP (2)'!$F$6:$F$100,"") | T50: =_xlfn.XLOOKUP($C50,'PP1 (1)'!$B$6:$B$66,'PP1 (1)'!$F$6:$F$66,"") | U50: =_xlfn.XLOOKUP($C50,'PP1 (2)'!$B$6:$B$100,'PP1 (2)'!$F$6:$F$100,"") | V50: =_xlfn.XLOOKUP($C50,'PP2 (1)'!$B$6:$B$99,'PP2 (1)'!$F$6:$F$99,"") | W50: =_xlfn.XLOOKUP($C50,'PP2 (2)'!$B$6:$B$100,'PP2 (2)'!$F$6:$F$100,"") | X50: =_xlfn.XLOOKUP($C50,'PP3 (1)'!$B$5:$B$113,'PP3 (1)'!$F$5:$F$113,"") -> 24 | Y50: =_xlfn.XLOOKUP($C50,'PP3 (2)'!$B$5:$B$112,'PP3 (2)'!$F$5:$F$112,"") | Z50: =_xlfn.XLOOKUP($C50,'PP4 (1)'!$B$6:$B$100,'PP4 (1)'!$F$6:$F$100,"") | AA50: =_xlfn.XLOOKUP($C50,'PP4 (2)'!$B$6:$B$100,'PP4 (2)'!$F$6:$F$100,"") | AB50: =_xlfn.XLOOKUP($C50,'PP5 (1)'!$B$6:$B$100,'PP5 (1)'!$F$6:$F$100,"") | AC50: =_xlfn.XLOOKUP($C50,'PP5(2)'!$B$6:$B$100,'PP5(2)'!$F$6:$F$100,"") | AD50: =SUM(AE50:AP50) -> 6 | AE50: =_xlfn.XLOOKUP($C50,'MP (1)'!$B$6:$B$100,'MP (1)'!$H$6:$H$100,"") | AF50: =_xlfn.XLOOKUP($C50,'MP (2)'!$B$6:$B$100,'MP (2)'!$H$6:$H$100,"") | AG50: =_xlfn.XLOOKUP($C50,'PP1 (1)'!$B$6:$B$66,'PP1 (1)'!$H$6:$H$66,"") | AH50: =_xlfn.XLOOKUP($C50,'PP1 (2)'!$B$6:$B$100,'PP1 (2)'!$H$6:$H$100,"") | AI50: =_xlfn.XLOOKUP($C50,'PP2 (1)'!$B$6:$B$99,'PP2 (1)'!$H$6:$H$99,"") | AJ50: =_xlfn.XLOOKUP($C50,'PP2 (2)'!$B$6:$B$100,'PP2 (2)'!$H$6:$H$100,"") | AK50: =_xlfn.XLOOKUP($C50,'PP3 (1)'!$B$5:$B$113,'PP3 (1)'!$H$5:$H$113,"") -> 6 | AL50: =_xlfn.XLOOKUP($C50,'PP3 (2)'!$B$5:$B$112,'PP3 (2)'!$H$5:$H$112,"") | AM50: =_xlfn.XLOOKUP($C50,'PP4 (1)'!$B$6:$B$100,'PP4 (1)'!$H$6:$H$100,"") | AN50: =_xlfn.XLOOKUP($C50,'PP4 (2)'!$B$6:$B$100,'PP4 (2)'!$H$6:$H$100,"") | AO50: =_xlfn.XLOOKUP($C50,'PP5 (1)'!$B$6:$B$100,'PP5 (1)'!$H$6:$H$100,"") | AP50: =_xlfn.XLOOKUP($C50,'PP5(2)'!$B$6:$B$100,'PP5(2)'!$H$6:$H$100,"")
A51: =ROW()-4 -> 47 | B51: 0k | C51: WIERZBA Weronika | D51: =SUM(E51:P51) -> 0.6 | E51: =_xlfn.XLOOKUP($C51,'MP (1)'!$B$6:$B$100,'MP (1)'!$E$6:$E$100,"") | F51: =_xlfn.XLOOKUP($C51,'MP (2)'!$B$6:$B$100,'MP (2)'!$E$6:$E$100,"") | G51: =_xlfn.XLOOKUP($C51,'PP1 (1)'!$B$6:$B$66,'PP1 (1)'!$E$6:$E$66,"") | H51: =_xlfn.XLOOKUP($C51,'PP1 (2)'!$B$6:$B$100,'PP1 (2)'!$E$6:$E$100,"") | I51: =_xlfn.XLOOKUP($C51,'PP2 (1)'!$B$6:$B$99,'PP2 (1)'!$E$6:$E$99,"") | J51: =_xlfn.XLOOKUP($C51,'PP2 (2)'!$B$6:$B$100,'PP2 (2)'!$E$6:$E$100,"") | K51: =_xlfn.XLOOKUP($C51,'PP3 (1)'!$B$5:$B$113,'PP3 (1)'!$E$5:$E$113,"") | L51: =_xlfn.XLOOKUP($C51,'PP3 (2)'!$B$5:$B$112,'PP3 (2)'!$E$5:$E$112,"") | M51: =_xlfn.XLOOKUP($C51,'PP4 (1)'!$B$6:$B$100,'PP4 (1)'!$E$6:$E$100,"") -> 0.2 | N51: =_xlfn.XLOOKUP($C51,'PP4 (2)'!$B$6:$B$100,'PP4 (2)'!$E$6:$E$100,"") -> 0.4 | O51: =_xlfn.XLOOKUP($C51,'PP5 (1)'!$B$6:$B$100,'PP5 (1)'!$E$6:$E$100,"") | P51: =_xlfn.XLOOKUP($C51,'PP5(2)'!$B$6:$B$100,'PP5(2)'!$E$6:$E$100,"") | Q51: =SUM(R51:AC51) -> 27 | R51: =_xlfn.XLOOKUP($C51,'MP (1)'!$B$6:$B$100,'MP (1)'!$F$6:$F$100,"") | S51: =_xlfn.XLOOKUP($C51,'MP (2)'!$B$6:$B$100,'MP (2)'!$F$6:$F$100,"") | T51: =_xlfn.XLOOKUP($C51,'PP1 (1)'!$B$6:$B$66,'PP1 (1)'!$F$6:$F$66,"") | U51: =_xlfn.XLOOKUP($C51,'PP1 (2)'!$B$6:$B$100,'PP1 (2)'!$F$6:$F$100,"") | V51: =_xlfn.XLOOKUP($C51,'PP2 (1)'!$B$6:$B$99,'PP2 (1)'!$F$6:$F$99,"") | W51: =_xlfn.XLOOKUP($C51,'PP2 (2)'!$B$6:$B$100,'PP2 (2)'!$F$6:$F$100,"") | X51: =_xlfn.XLOOKUP($C51,'PP3 (1)'!$B$5:$B$113,'PP3 (1)'!$F$5:$F$113,"") | Y51: =_xlfn.XLOOKUP($C51,'PP3 (2)'!$B$5:$B$112,'PP3 (2)'!$F$5:$F$112,"") | Z51: =_xlfn.XLOOKUP($C51,'PP4 (1)'!$B$6:$B$100,'PP4 (1)'!$F$6:$F$100,"") -> 12 | AA51: =_xlfn.XLOOKUP($C51,'PP4 (2)'!$B$6:$B$100,'PP4 (2)'!$F$6:$F$100,"") -> 15 | AB51: =_xlfn.XLOOKUP($C51,'PP5 (1)'!$B$6:$B$100,'PP5 (1)'!$F$6:$F$100,"") | AC51: =_xlfn.XLOOKUP($C51,'PP5(2)'!$B$6:$B$100,'PP5(2)'!$F$6:$F$100,"") | AD51: =SUM(AE51:AP51) -> -18 | AE51: =_xlfn.XLOOKUP($C51,'MP (1)'!$B$6:$B$100,'MP (1)'!$H$6:$H$100,"") | AF51: =_xlfn.XLOOKUP($C51,'MP (2)'!$B$6:$B$100,'MP (2)'!$H$6:$H$100,"") | AG51: =_xlfn.XLOOKUP($C51,'PP1 (1)'!$B$6:$B$66,'PP1 (1)'!$H$6:$H$66,"") | AH51: =_xlfn.XLOOKUP($C51,'PP1 (2)'!$B$6:$B$100,'PP1 (2)'!$H$6:$H$100,"") | AI51: =_xlfn.XLOOKUP($C51,'PP2 (1)'!$B$6:$B$99,'PP2 (1)'!$H$6:$H$99,"") | AJ51: =_xlfn.XLOOKUP($C51,'PP2 (2)'!$B$6:$B$100,'PP2 (2)'!$H$6:$H$100,"") | AK51: =_xlfn.XLOOKUP($C51,'PP3 (1)'!$B$5:$B$113,'PP3 (1)'!$H$5:$H$113,"") | AL51: =_xlfn.XLOOKUP($C51,'PP3 (2)'!$B$5:$B$112,'PP3 (2)'!$H$5:$H$112,"") | AM51: =_xlfn.XLOOKUP($C51,'PP4 (1)'!$B$6:$B$100,'PP4 (1)'!$H$6:$H$100,"") -> -11 | AN51: =_xlfn.XLOOKUP($C51,'PP4 (2)'!$B$6:$B$100,'PP4 (2)'!$H$6:$H$100,"") -> -7 | AO51: =_xlfn.XLOOKUP($C51,'PP5 (1)'!$B$6:$B$100,'PP5 (1)'!$H$6:$H$100,"") | AP51: =_xlfn.XLOOKUP($C51,'PP5(2)'!$B$6:$B$100,'PP5(2)'!$H$6:$H$100,"")
A52: =ROW()-4 -> 48 | B52: 1 | C52: WOLAŃSKI Adam | D52: =SUM(E52:P52) -> 0.6 | E52: =_xlfn.XLOOKUP($C52,'MP (1)'!$B$6:$B$100,'MP (1)'!$E$6:$E$100,"") | F52: =_xlfn.XLOOKUP($C52,'MP (2)'!$B$6:$B$100,'MP (2)'!$E$6:$E$100,"") | G52: =_xlfn.XLOOKUP($C52,'PP1 (1)'!$B$6:$B$66,'PP1 (1)'!$E$6:$E$66,"") | H52: =_xlfn.XLOOKUP($C52,'PP1 (2)'!$B$6:$B$100,'PP1 (2)'!$E$6:$E$100,"") | I52: =_xlfn.XLOOKUP($C52,'PP2 (1)'!$B$6:$B$99,'PP2 (1)'!$E$6:$E$99,"") | J52: =_xlfn.XLOOKUP($C52,'PP2 (2)'!$B$6:$B$100,'PP2 (2)'!$E$6:$E$100,"") | K52: =_xlfn.XLOOKUP($C52,'PP3 (1)'!$B$5:$B$113,'PP3 (1)'!$E$5:$E$113,"") | L52: =_xlfn.XLOOKUP($C52,'PP3 (2)'!$B$5:$B$112,'PP3 (2)'!$E$5:$E$112,"") | M52: =_xlfn.XLOOKUP($C52,'PP4 (1)'!$B$6:$B$100,'PP4 (1)'!$E$6:$E$100,"") | N52: =_xlfn.XLOOKUP($C52,'PP4 (2)'!$B$6:$B$100,'PP4 (2)'!$E$6:$E$100,"") | O52: =_xlfn.XLOOKUP($C52,'PP5 (1)'!$B$6:$B$100,'PP5 (1)'!$E$6:$E$100,"") -> 0.2 | P52: =_xlfn.XLOOKUP($C52,'PP5(2)'!$B$6:$B$100,'PP5(2)'!$E$6:$E$100,"") -> 0.4 | Q52: =SUM(R52:AC52) -> 22 | R52: =_xlfn.XLOOKUP($C52,'MP (1)'!$B$6:$B$100,'MP (1)'!$F$6:$F$100,"") | S52: =_xlfn.XLOOKUP($C52,'MP (2)'!$B$6:$B$100,'MP (2)'!$F$6:$F$100,"") | T52: =_xlfn.XLOOKUP($C52,'PP1 (1)'!$B$6:$B$66,'PP1 (1)'!$F$6:$F$66,"") | U52: =_xlfn.XLOOKUP($C52,'PP1 (2)'!$B$6:$B$100,'PP1 (2)'!$F$6:$F$100,"") | V52: =_xlfn.XLOOKUP($C52,'PP2 (1)'!$B$6:$B$99,'PP2 (1)'!$F$6:$F$99,"") | W52: =_xlfn.XLOOKUP($C52,'PP2 (2)'!$B$6:$B$100,'PP2 (2)'!$F$6:$F$100,"") | X52: =_xlfn.XLOOKUP($C52,'PP3 (1)'!$B$5:$B$113,'PP3 (1)'!$F$5:$F$113,"") | Y52: =_xlfn.XLOOKUP($C52,'PP3 (2)'!$B$5:$B$112,'PP3 (2)'!$F$5:$F$112,"") | Z52: =_xlfn.XLOOKUP($C52,'PP4 (1)'!$B$6:$B$100,'PP4 (1)'!$F$6:$F$100,"") | AA52: =_xlfn.XLOOKUP($C52,'PP4 (2)'!$B$6:$B$100,'PP4 (2)'!$F$6:$F$100,"") | AB52: =_xlfn.XLOOKUP($C52,'PP5 (1)'!$B$6:$B$100,'PP5 (1)'!$F$6:$F$100,"") -> 8 | AC52: =_xlfn.XLOOKUP($C52,'PP5(2)'!$B$6:$B$100,'PP5(2)'!$F$6:$F$100,"") -> 14 | AD52: =SUM(AE52:AP52) -> -20 | AE52: =_xlfn.XLOOKUP($C52,'MP (1)'!$B$6:$B$100,'MP (1)'!$H$6:$H$100,"") | AF52: =_xlfn.XLOOKUP($C52,'MP (2)'!$B$6:$B$100,'MP (2)'!$H$6:$H$100,"") | AG52: =_xlfn.XLOOKUP($C52,'PP1 (1)'!$B$6:$B$66,'PP1 (1)'!$H$6:$H$66,"") | AH52: =_xlfn.XLOOKUP($C52,'PP1 (2)'!$B$6:$B$100,'PP1 (2)'!$H$6:$H$100,"") | AI52: =_xlfn.XLOOKUP($C52,'PP2 (1)'!$B$6:$B$99,'PP2 (1)'!$H$6:$H$99,"") | AJ52: =_xlfn.XLOOKUP($C52,'PP2 (2)'!$B$6:$B$100,'PP2 (2)'!$H$6:$H$100,"") | AK52: =_xlfn.XLOOKUP($C52,'PP3 (1)'!$B$5:$B$113,'PP3 (1)'!$H$5:$H$113,"") | AL52: =_xlfn.XLOOKUP($C52,'PP3 (2)'!$B$5:$B$112,'PP3 (2)'!$H$5:$H$112,"") | AM52: =_xlfn.XLOOKUP($C52,'PP4 (1)'!$B$6:$B$100,'PP4 (1)'!$H$6:$H$100,"") | AN52: =_xlfn.XLOOKUP($C52,'PP4 (2)'!$B$6:$B$100,'PP4 (2)'!$H$6:$H$100,"") | AO52: =_xlfn.XLOOKUP($C52,'PP5 (1)'!$B$6:$B$100,'PP5 (1)'!$H$6:$H$100,"") -> -14 | AP52: =_xlfn.XLOOKUP($C52,'PP5(2)'!$B$6:$B$100,'PP5(2)'!$H$6:$H$100,"") -> -6
A53: =ROW()-4 -> 49 | B53: 2 | C53: RUDY Andrzej | D53: =SUM(E53:P53) -> 0.6 | E53: =_xlfn.XLOOKUP($C53,'MP (1)'!$B$6:$B$100,'MP (1)'!$E$6:$E$100,"") | F53: =_xlfn.XLOOKUP($C53,'MP (2)'!$B$6:$B$100,'MP (2)'!$E$6:$E$100,"") | G53: =_xlfn.XLOOKUP($C53,'PP1 (1)'!$B$6:$B$66,'PP1 (1)'!$E$6:$E$66,"") -> 0 | H53: =_xlfn.XLOOKUP($C53,'PP1 (2)'!$B$6:$B$100,'PP1 (2)'!$E$6:$E$100,"") -> 0.6 | I53: =_xlfn.XLOOKUP($C53,'PP2 (1)'!$B$6:$B$99,'PP2 (1)'!$E$6:$E$99,"") | J53: =_xlfn.XLOOKUP($C53,'PP2 (2)'!$B$6:$B$100,'PP2 (2)'!$E$6:$E$100,"") | K53: =_xlfn.XLOOKUP($C53,'PP3 (1)'!$B$5:$B$113,'PP3 (1)'!$E$5:$E$113,"") | L53: =_xlfn.XLOOKUP($C53,'PP3 (2)'!$B$5:$B$112,'PP3 (2)'!$E$5:$E$112,"") | M53: =_xlfn.XLOOKUP($C53,'PP4 (1)'!$B$6:$B$100,'PP4 (1)'!$E$6:$E$100,"") | N53: =_xlfn.XLOOKUP($C53,'PP4 (2)'!$B$6:$B$100,'PP4 (2)'!$E$6:$E$100,"") | O53: =_xlfn.XLOOKUP($C53,'PP5 (1)'!$B$6:$B$100,'PP5 (1)'!$E$6:$E$100,"") | P53: =_xlfn.XLOOKUP($C53,'PP5(2)'!$B$6:$B$100,'PP5(2)'!$E$6:$E$100,"") | Q53: =SUM(R53:AC53) -> 29 | R53: =_xlfn.XLOOKUP($C53,'MP (1)'!$B$6:$B$100,'MP (1)'!$F$6:$F$100,"") | S53: =_xlfn.XLOOKUP($C53,'MP (2)'!$B$6:$B$100,'MP (2)'!$F$6:$F$100,"") | T53: =_xlfn.XLOOKUP($C53,'PP1 (1)'!$B$6:$B$66,'PP1 (1)'!$F$6:$F$66,"") -> 8 | U53: =_xlfn.XLOOKUP($C53,'PP1 (2)'!$B$6:$B$100,'PP1 (2)'!$F$6:$F$100,"") -> 21 | V53: =_xlfn.XLOOKUP($C53,'PP2 (1)'!$B$6:$B$99,'PP2 (1)'!$F$6:$F$99,"") | W53: =_xlfn.XLOOKUP($C53,'PP2 (2)'!$B$6:$B$100,'PP2 (2)'!$F$6:$F$100,"") | X53: =_xlfn.XLOOKUP($C53,'PP3 (1)'!$B$5:$B$113,'PP3 (1)'!$F$5:$F$113,"") | Y53: =_xlfn.XLOOKUP($C53,'PP3 (2)'!$B$5:$B$112,'PP3 (2)'!$F$5:$F$112,"") | Z53: =_xlfn.XLOOKUP($C53,'PP4 (1)'!$B$6:$B$100,'PP4 (1)'!$F$6:$F$100,"") | AA53: =_xlfn.XLOOKUP($C53,'PP4 (2)'!$B$6:$B$100,'PP4 (2)'!$F$6:$F$100,"") | AB53: =_xlfn.XLOOKUP($C53,'PP5 (1)'!$B$6:$B$100,'PP5 (1)'!$F$6:$F$100,"") | AC53: =_xlfn.XLOOKUP($C53,'PP5(2)'!$B$6:$B$100,'PP5(2)'!$F$6:$F$100,"") | AD53: =SUM(AE53:AP53) -> -16 | AE53: =_xlfn.XLOOKUP($C53,'MP (1)'!$B$6:$B$100,'MP (1)'!$H$6:$H$100,"") | AF53: =_xlfn.XLOOKUP($C53,'MP (2)'!$B$6:$B$100,'MP (2)'!$H$6:$H$100,"") | AG53: =_xlfn.XLOOKUP($C53,'PP1 (1)'!$B$6:$B$66,'PP1 (1)'!$H$6:$H$66,"") -> -17 | AH53: =_xlfn.XLOOKUP($C53,'PP1 (2)'!$B$6:$B$100,'PP1 (2)'!$H$6:$H$100,"") -> 1 | AI53: =_xlfn.XLOOKUP($C53,'PP2 (1)'!$B$6:$B$99,'PP2 (1)'!$H$6:$H$99,"") | AJ53: =_xlfn.XLOOKUP($C53,'PP2 (2)'!$B$6:$B$100,'PP2 (2)'!$H$6:$H$100,"") | AK53: =_xlfn.XLOOKUP($C53,'PP3 (1)'!$B$5:$B$113,'PP3 (1)'!$H$5:$H$113,"") | AL53: =_xlfn.XLOOKUP($C53,'PP3 (2)'!$B$5:$B$112,'PP3 (2)'!$H$5:$H$112,"") | AM53: =_xlfn.XLOOKUP($C53,'PP4 (1)'!$B$6:$B$100,'PP4 (1)'!$H$6:$H$100,"") | AN53: =_xlfn.XLOOKUP($C53,'PP4 (2)'!$B$6:$B$100,'PP4 (2)'!$H$6:$H$100,"") | AO53: =_xlfn.XLOOKUP($C53,'PP5 (1)'!$B$6:$B$100,'PP5 (1)'!$H$6:$H$100,"") | AP53: =_xlfn.XLOOKUP($C53,'PP5(2)'!$B$6:$B$100,'PP5(2)'!$H$6:$H$100,"")
A54: =ROW()-4 -> 50 | B54: 4 | C54: BORYSIUK Zbigniew | D54: =SUM(E54:P54) -> 0.57 | E54: =_xlfn.XLOOKUP($C54,'MP (1)'!$B$6:$B$100,'MP (1)'!$E$6:$E$100,"") -> 0.17 | F54: =_xlfn.XLOOKUP($C54,'MP (2)'!$B$6:$B$100,'MP (2)'!$E$6:$E$100,"") -> 0.4 | G54: =_xlfn.XLOOKUP($C54,'PP1 (1)'!$B$6:$B$66,'PP1 (1)'!$E$6:$E$66,"") | H54: =_xlfn.XLOOKUP($C54,'PP1 (2)'!$B$6:$B$100,'PP1 (2)'!$E$6:$E$100,"") | I54: =_xlfn.XLOOKUP($C54,'PP2 (1)'!$B$6:$B$99,'PP2 (1)'!$E$6:$E$99,"") | J54: =_xlfn.XLOOKUP($C54,'PP2 (2)'!$B$6:$B$100,'PP2 (2)'!$E$6:$E$100,"") | K54: =_xlfn.XLOOKUP($C54,'PP3 (1)'!$B$5:$B$113,'PP3 (1)'!$E$5:$E$113,"") | L54: =_xlfn.XLOOKUP($C54,'PP3 (2)'!$B$5:$B$112,'PP3 (2)'!$E$5:$E$112,"") | M54: =_xlfn.XLOOKUP($C54,'PP4 (1)'!$B$6:$B$100,'PP4 (1)'!$E$6:$E$100,"") | N54: =_xlfn.XLOOKUP($C54,'PP4 (2)'!$B$6:$B$100,'PP4 (2)'!$E$6:$E$100,"") | O54: =_xlfn.XLOOKUP($C54,'PP5 (1)'!$B$6:$B$100,'PP5 (1)'!$E$6:$E$100,"") | P54: =_xlfn.XLOOKUP($C54,'PP5(2)'!$B$6:$B$100,'PP5(2)'!$E$6:$E$100,"") | Q54: =SUM(R54:AC54) -> 37 | R54: =_xlfn.XLOOKUP($C54,'MP (1)'!$B$6:$B$100,'MP (1)'!$F$6:$F$100,"") -> 17 | S54: =_xlfn.XLOOKUP($C54,'MP (2)'!$B$6:$B$100,'MP (2)'!$F$6:$F$100,"") -> 20 | T54: =_xlfn.XLOOKUP($C54,'PP1 (1)'!$B$6:$B$66,'PP1 (1)'!$F$6:$F$66,"") | U54: =_xlfn.XLOOKUP($C54,'PP1 (2)'!$B$6:$B$100,'PP1 (2)'!$F$6:$F$100,"") | V54: =_xlfn.XLOOKUP($C54,'PP2 (1)'!$B$6:$B$99,'PP2 (1)'!$F$6:$F$99,"") | W54: =_xlfn.XLOOKUP($C54,'PP2 (2)'!$B$6:$B$100,'PP2 (2)'!$F$6:$F$100,"") | X54: =_xlfn.XLOOKUP($C54,'PP3 (1)'!$B$5:$B$113,'PP3 (1)'!$F$5:$F$113,"") | Y54: =_xlfn.XLOOKUP($C54,'PP3 (2)'!$B$5:$B$112,'PP3 (2)'!$F$5:$F$112,"") | Z54: =_xlfn.XLOOKUP($C54,'PP4 (1)'!$B$6:$B$100,'PP4 (1)'!$F$6:$F$100,"") | AA54: =_xlfn.XLOOKUP($C54,'PP4 (2)'!$B$6:$B$100,'PP4 (2)'!$F$6:$F$100,"") | AB54: =_xlfn.XLOOKUP($C54,'PP5 (1)'!$B$6:$B$100,'PP5 (1)'!$F$6:$F$100,"") | AC54: =_xlfn.XLOOKUP($C54,'PP5(2)'!$B$6:$B$100,'PP5(2)'!$F$6:$F$100,"") | AD54: =SUM(AE54:AP54) -> -10 | AE54: =_xlfn.XLOOKUP($C54,'MP (1)'!$B$6:$B$100,'MP (1)'!$H$6:$H$100,"") -> -11 | AF54: =_xlfn.XLOOKUP($C54,'MP (2)'!$B$6:$B$100,'MP (2)'!$H$6:$H$100,"") -> 1 | AG54: =_xlfn.XLOOKUP($C54,'PP1 (1)'!$B$6:$B$66,'PP1 (1)'!$H$6:$H$66,"") | AH54: =_xlfn.XLOOKUP($C54,'PP1 (2)'!$B$6:$B$100,'PP1 (2)'!$H$6:$H$100,"") | AI54: =_xlfn.XLOOKUP($C54,'PP2 (1)'!$B$6:$B$99,'PP2 (1)'!$H$6:$H$99,"") | AJ54: =_xlfn.XLOOKUP($C54,'PP2 (2)'!$B$6:$B$100,'PP2 (2)'!$H$6:$H$100,"") | AK54: =_xlfn.XLOOKUP($C54,'PP3 (1)'!$B$5:$B$113,'PP3 (1)'!$H$5:$H$113,"") | AL54: =_xlfn.XLOOKUP($C54,'PP3 (2)'!$B$5:$B$112,'PP3 (2)'!$H$5:$H$112,"") | AM54: =_xlfn.XLOOKUP($C54,'PP4 (1)'!$B$6:$B$100,'PP4 (1)'!$H$6:$H$100,"") | AN54: =_xlfn.XLOOKUP($C54,'PP4 (2)'!$B$6:$B$100,'PP4 (2)'!$H$6:$H$100,"") | AO54: =_xlfn.XLOOKUP($C54,'PP5 (1)'!$B$6:$B$100,'PP5 (1)'!$H$6:$H$100,"") | AP54: =_xlfn.XLOOKUP($C54,'PP5(2)'!$B$6:$B$100,'PP5(2)'!$H$6:$H$100,"")
A55: =ROW()-4 -> 51 | B55: 4 | C55: KIERSZNICKI Ryszard | D55: =SUM(E55:P55) -> 0.4 | E55: =_xlfn.XLOOKUP($C55,'MP (1)'!$B$6:$B$100,'MP (1)'!$E$6:$E$100,"") -> 0 | F55: =_xlfn.XLOOKUP($C55,'MP (2)'!$B$6:$B$100,'MP (2)'!$E$6:$E$100,"") -> 0 | G55: =_xlfn.XLOOKUP($C55,'PP1 (1)'!$B$6:$B$66,'PP1 (1)'!$E$6:$E$66,"") | H55: =_xlfn.XLOOKUP($C55,'PP1 (2)'!$B$6:$B$100,'PP1 (2)'!$E$6:$E$100,"") | I55: =_xlfn.XLOOKUP($C55,'PP2 (1)'!$B$6:$B$99,'PP2 (1)'!$E$6:$E$99,"") | J55: =_xlfn.XLOOKUP($C55,'PP2 (2)'!$B$6:$B$100,'PP2 (2)'!$E$6:$E$100,"") | K55: =_xlfn.XLOOKUP($C55,'PP3 (1)'!$B$5:$B$113,'PP3 (1)'!$E$5:$E$113,"") | L55: =_xlfn.XLOOKUP($C55,'PP3 (2)'!$B$5:$B$112,'PP3 (2)'!$E$5:$E$112,"") | M55: =_xlfn.XLOOKUP($C55,'PP4 (1)'!$B$6:$B$100,'PP4 (1)'!$E$6:$E$100,"") -> 0.4 | N55: =_xlfn.XLOOKUP($C55,'PP4 (2)'!$B$6:$B$100,'PP4 (2)'!$E$6:$E$100,"") -> 0 | O55: =_xlfn.XLOOKUP($C55,'PP5 (1)'!$B$6:$B$100,'PP5 (1)'!$E$6:$E$100,"") -> 0 | P55: =_xlfn.XLOOKUP($C55,'PP5(2)'!$B$6:$B$100,'PP5(2)'!$E$6:$E$100,"") -> 0 | Q55: =SUM(R55:AC55) -> 45 | R55: =_xlfn.XLOOKUP($C55,'MP (1)'!$B$6:$B$100,'MP (1)'!$F$6:$F$100,"") -> 5 | S55: =_xlfn.XLOOKUP($C55,'MP (2)'!$B$6:$B$100,'MP (2)'!$F$6:$F$100,"") -> 10 | T55: =_xlfn.XLOOKUP($C55,'PP1 (1)'!$B$6:$B$66,'PP1 (1)'!$F$6:$F$66,"") | U55: =_xlfn.XLOOKUP($C55,'PP1 (2)'!$B$6:$B$100,'PP1 (2)'!$F$6:$F$100,"") | V55: =_xlfn.XLOOKUP($C55,'PP2 (1)'!$B$6:$B$99,'PP2 (1)'!$F$6:$F$99,"") | W55: =_xlfn.XLOOKUP($C55,'PP2 (2)'!$B$6:$B$100,'PP2 (2)'!$F$6:$F$100,"") | X55: =_xlfn.XLOOKUP($C55,'PP3 (1)'!$B$5:$B$113,'PP3 (1)'!$F$5:$F$113,"") | Y55: =_xlfn.XLOOKUP($C55,'PP3 (2)'!$B$5:$B$112,'PP3 (2)'!$F$5:$F$112,"") | Z55: =_xlfn.XLOOKUP($C55,'PP4 (1)'!$B$6:$B$100,'PP4 (1)'!$F$6:$F$100,"") -> 10 | AA55: =_xlfn.XLOOKUP($C55,'PP4 (2)'!$B$6:$B$100,'PP4 (2)'!$F$6:$F$100,"") -> 8 | AB55: =_xlfn.XLOOKUP($C55,'PP5 (1)'!$B$6:$B$100,'PP5 (1)'!$F$6:$F$100,"") -> 4 | AC55: =_xlfn.XLOOKUP($C55,'PP5(2)'!$B$6:$B$100,'PP5(2)'!$F$6:$F$100,"") -> 8 | AD55: =SUM(AE55:AP55) -> -91 | AE55: =_xlfn.XLOOKUP($C55,'MP (1)'!$B$6:$B$100,'MP (1)'!$H$6:$H$100,"") -> -15 | AF55: =_xlfn.XLOOKUP($C55,'MP (2)'!$B$6:$B$100,'MP (2)'!$H$6:$H$100,"") -> -15 | AG55: =_xlfn.XLOOKUP($C55,'PP1 (1)'!$B$6:$B$66,'PP1 (1)'!$H$6:$H$66,"") | AH55: =_xlfn.XLOOKUP($C55,'PP1 (2)'!$B$6:$B$100,'PP1 (2)'!$H$6:$H$100,"") | AI55: =_xlfn.XLOOKUP($C55,'PP2 (1)'!$B$6:$B$99,'PP2 (1)'!$H$6:$H$99,"") | AJ55: =_xlfn.XLOOKUP($C55,'PP2 (2)'!$B$6:$B$100,'PP2 (2)'!$H$6:$H$100,"") | AK55: =_xlfn.XLOOKUP($C55,'PP3 (1)'!$B$5:$B$113,'PP3 (1)'!$H$5:$H$113,"") | AL55: =_xlfn.XLOOKUP($C55,'PP3 (2)'!$B$5:$B$112,'PP3 (2)'!$H$5:$H$112,"") | AM55: =_xlfn.XLOOKUP($C55,'PP4 (1)'!$B$6:$B$100,'PP4 (1)'!$H$6:$H$100,"") -> -6 | AN55: =_xlfn.XLOOKUP($C55,'PP4 (2)'!$B$6:$B$100,'PP4 (2)'!$H$6:$H$100,"") -> -17 | AO55: =_xlfn.XLOOKUP($C55,'PP5 (1)'!$B$6:$B$100,'PP5 (1)'!$H$6:$H$100,"") -> -21 | AP55: =_xlfn.XLOOKUP($C55,'PP5(2)'!$B$6:$B$100,'PP5(2)'!$H$6:$H$100,"") -> -17
A56: =ROW()-4 -> 52 | B56: 1k | C56: GAWLE Katarzyna | D56: =SUM(E56:P56) -> 0.4 | E56: =_xlfn.XLOOKUP($C56,'MP (1)'!$B$6:$B$100,'MP (1)'!$E$6:$E$100,"") -> 0.2 | F56: =_xlfn.XLOOKUP($C56,'MP (2)'!$B$6:$B$100,'MP (2)'!$E$6:$E$100,"") -> 0.2 | G56: =_xlfn.XLOOKUP($C56,'PP1 (1)'!$B$6:$B$66,'PP1 (1)'!$E$6:$E$66,"") | H56: =_xlfn.XLOOKUP($C56,'PP1 (2)'!$B$6:$B$100,'PP1 (2)'!$E$6:$E$100,"") | I56: =_xlfn.XLOOKUP($C56,'PP2 (1)'!$B$6:$B$99,'PP2 (1)'!$E$6:$E$99,"") | J56: =_xlfn.XLOOKUP($C56,'PP2 (2)'!$B$6:$B$100,'PP2 (2)'!$E$6:$E$100,"") | K56: =_xlfn.XLOOKUP($C56,'PP3 (1)'!$B$5:$B$113,'PP3 (1)'!$E$5:$E$113,"") -> 0 | L56: =_xlfn.XLOOKUP($C56,'PP3 (2)'!$B$5:$B$112,'PP3 (2)'!$E$5:$E$112,"") -> 0 | M56: =_xlfn.XLOOKUP($C56,'PP4 (1)'!$B$6:$B$100,'PP4 (1)'!$E$6:$E$100,"") | N56: =_xlfn.XLOOKUP($C56,'PP4 (2)'!$B$6:$B$100,'PP4 (2)'!$E$6:$E$100,"") | O56: =_xlfn.XLOOKUP($C56,'PP5 (1)'!$B$6:$B$100,'PP5 (1)'!$E$6:$E$100,"") | P56: =_xlfn.XLOOKUP($C56,'PP5(2)'!$B$6:$B$100,'PP5(2)'!$E$6:$E$100,"") | Q56: =SUM(R56:AC56) -> 31 | R56: =_xlfn.XLOOKUP($C56,'MP (1)'!$B$6:$B$100,'MP (1)'!$F$6:$F$100,"") -> 9 | S56: =_xlfn.XLOOKUP($C56,'MP (2)'!$B$6:$B$100,'MP (2)'!$F$6:$F$100,"") -> 8 | T56: =_xlfn.XLOOKUP($C56,'PP1 (1)'!$B$6:$B$66,'PP1 (1)'!$F$6:$F$66,"") | U56: =_xlfn.XLOOKUP($C56,'PP1 (2)'!$B$6:$B$100,'PP1 (2)'!$F$6:$F$100,"") | V56: =_xlfn.XLOOKUP($C56,'PP2 (1)'!$B$6:$B$99,'PP2 (1)'!$F$6:$F$99,"") | W56: =_xlfn.XLOOKUP($C56,'PP2 (2)'!$B$6:$B$100,'PP2 (2)'!$F$6:$F$100,"") | X56: =_xlfn.XLOOKUP($C56,'PP3 (1)'!$B$5:$B$113,'PP3 (1)'!$F$5:$F$113,"") -> 9 | Y56: =_xlfn.XLOOKUP($C56,'PP3 (2)'!$B$5:$B$112,'PP3 (2)'!$F$5:$F$112,"") -> 5 | Z56: =_xlfn.XLOOKUP($C56,'PP4 (1)'!$B$6:$B$100,'PP4 (1)'!$F$6:$F$100,"") | AA56: =_xlfn.XLOOKUP($C56,'PP4 (2)'!$B$6:$B$100,'PP4 (2)'!$F$6:$F$100,"") | AB56: =_xlfn.XLOOKUP($C56,'PP5 (1)'!$B$6:$B$100,'PP5 (1)'!$F$6:$F$100,"") | AC56: =_xlfn.XLOOKUP($C56,'PP5(2)'!$B$6:$B$100,'PP5(2)'!$F$6:$F$100,"") | AD56: =SUM(AE56:AP56) -> -75 | AE56: =_xlfn.XLOOKUP($C56,'MP (1)'!$B$6:$B$100,'MP (1)'!$H$6:$H$100,"") -> -14 | AF56: =_xlfn.XLOOKUP($C56,'MP (2)'!$B$6:$B$100,'MP (2)'!$H$6:$H$100,"") -> -15 | AG56: =_xlfn.XLOOKUP($C56,'PP1 (1)'!$B$6:$B$66,'PP1 (1)'!$H$6:$H$66,"") | AH56: =_xlfn.XLOOKUP($C56,'PP1 (2)'!$B$6:$B$100,'PP1 (2)'!$H$6:$H$100,"") | AI56: =_xlfn.XLOOKUP($C56,'PP2 (1)'!$B$6:$B$99,'PP2 (1)'!$H$6:$H$99,"") | AJ56: =_xlfn.XLOOKUP($C56,'PP2 (2)'!$B$6:$B$100,'PP2 (2)'!$H$6:$H$100,"") | AK56: =_xlfn.XLOOKUP($C56,'PP3 (1)'!$B$5:$B$113,'PP3 (1)'!$H$5:$H$113,"") -> -21 | AL56: =_xlfn.XLOOKUP($C56,'PP3 (2)'!$B$5:$B$112,'PP3 (2)'!$H$5:$H$112,"") -> -25 | AM56: =_xlfn.XLOOKUP($C56,'PP4 (1)'!$B$6:$B$100,'PP4 (1)'!$H$6:$H$100,"") | AN56: =_xlfn.XLOOKUP($C56,'PP4 (2)'!$B$6:$B$100,'PP4 (2)'!$H$6:$H$100,"") | AO56: =_xlfn.XLOOKUP($C56,'PP5 (1)'!$B$6:$B$100,'PP5 (1)'!$H$6:$H$100,"") | AP56: =_xlfn.XLOOKUP($C56,'PP5(2)'!$B$6:$B$100,'PP5(2)'!$H$6:$H$100,"")
A57: =ROW()-4 -> 53 | B57: 1 | C57: RAJKIEWICZ Radosław | D57: =SUM(E57:P57) -> 0.37 | E57: =_xlfn.XLOOKUP($C57,'MP (1)'!$B$6:$B$100,'MP (1)'!$E$6:$E$100,"") | F57: =_xlfn.XLOOKUP($C57,'MP (2)'!$B$6:$B$100,'MP (2)'!$E$6:$E$100,"") | G57: =_xlfn.XLOOKUP($C57,'PP1 (1)'!$B$6:$B$66,'PP1 (1)'!$E$6:$E$66,"") -> 0.17 | H57: =_xlfn.XLOOKUP($C57,'PP1 (2)'!$B$6:$B$100,'PP1 (2)'!$E$6:$E$100,"") -> 0.2 | I57: =_xlfn.XLOOKUP($C57,'PP2 (1)'!$B$6:$B$99,'PP2 (1)'!$E$6:$E$99,"") | J57: =_xlfn.XLOOKUP($C57,'PP2 (2)'!$B$6:$B$100,'PP2 (2)'!$E$6:$E$100,"") | K57: =_xlfn.XLOOKUP($C57,'PP3 (1)'!$B$5:$B$113,'PP3 (1)'!$E$5:$E$113,"") | L57: =_xlfn.XLOOKUP($C57,'PP3 (2)'!$B$5:$B$112,'PP3 (2)'!$E$5:$E$112,"") | M57: =_xlfn.XLOOKUP($C57,'PP4 (1)'!$B$6:$B$100,'PP4 (1)'!$E$6:$E$100,"") | N57: =_xlfn.XLOOKUP($C57,'PP4 (2)'!$B$6:$B$100,'PP4 (2)'!$E$6:$E$100,"") | O57: =_xlfn.XLOOKUP($C57,'PP5 (1)'!$B$6:$B$100,'PP5 (1)'!$E$6:$E$100,"") | P57: =_xlfn.XLOOKUP($C57,'PP5(2)'!$B$6:$B$100,'PP5(2)'!$E$6:$E$100,"") | Q57: =SUM(R57:AC57) -> 23 | R57: =_xlfn.XLOOKUP($C57,'MP (1)'!$B$6:$B$100,'MP (1)'!$F$6:$F$100,"") | S57: =_xlfn.XLOOKUP($C57,'MP (2)'!$B$6:$B$100,'MP (2)'!$F$6:$F$100,"") | T57: =_xlfn.XLOOKUP($C57,'PP1 (1)'!$B$6:$B$66,'PP1 (1)'!$F$6:$F$66,"") -> 15 | U57: =_xlfn.XLOOKUP($C57,'PP1 (2)'!$B$6:$B$100,'PP1 (2)'!$F$6:$F$100,"") -> 8 | V57: =_xlfn.XLOOKUP($C57,'PP2 (1)'!$B$6:$B$99,'PP2 (1)'!$F$6:$F$99,"") | W57: =_xlfn.XLOOKUP($C57,'PP2 (2)'!$B$6:$B$100,'PP2 (2)'!$F$6:$F$100,"") | X57: =_xlfn.XLOOKUP($C57,'PP3 (1)'!$B$5:$B$113,'PP3 (1)'!$F$5:$F$113,"") | Y57: =_xlfn.XLOOKUP($C57,'PP3 (2)'!$B$5:$B$112,'PP3 (2)'!$F$5:$F$112,"") | Z57: =_xlfn.XLOOKUP($C57,'PP4 (1)'!$B$6:$B$100,'PP4 (1)'!$F$6:$F$100,"") | AA57: =_xlfn.XLOOKUP($C57,'PP4 (2)'!$B$6:$B$100,'PP4 (2)'!$F$6:$F$100,"") | AB57: =_xlfn.XLOOKUP($C57,'PP5 (1)'!$B$6:$B$100,'PP5 (1)'!$F$6:$F$100,"") | AC57: =_xlfn.XLOOKUP($C57,'PP5(2)'!$B$6:$B$100,'PP5(2)'!$F$6:$F$100,"") | AD57: =SUM(AE57:AP57) -> -27 | AE57: =_xlfn.XLOOKUP($C57,'MP (1)'!$B$6:$B$100,'MP (1)'!$H$6:$H$100,"") | AF57: =_xlfn.XLOOKUP($C57,'MP (2)'!$B$6:$B$100,'MP (2)'!$H$6:$H$100,"") | AG57: =_xlfn.XLOOKUP($C57,'PP1 (1)'!$B$6:$B$66,'PP1 (1)'!$H$6:$H$66,"") -> -12 | AH57: =_xlfn.XLOOKUP($C57,'PP1 (2)'!$B$6:$B$100,'PP1 (2)'!$H$6:$H$100,"") -> -15 | AI57: =_xlfn.XLOOKUP($C57,'PP2 (1)'!$B$6:$B$99,'PP2 (1)'!$H$6:$H$99,"") | AJ57: =_xlfn.XLOOKUP($C57,'PP2 (2)'!$B$6:$B$100,'PP2 (2)'!$H$6:$H$100,"") | AK57: =_xlfn.XLOOKUP($C57,'PP3 (1)'!$B$5:$B$113,'PP3 (1)'!$H$5:$H$113,"") | AL57: =_xlfn.XLOOKUP($C57,'PP3 (2)'!$B$5:$B$112,'PP3 (2)'!$H$5:$H$112,"") | AM57: =_xlfn.XLOOKUP($C57,'PP4 (1)'!$B$6:$B$100,'PP4 (1)'!$H$6:$H$100,"") | AN57: =_xlfn.XLOOKUP($C57,'PP4 (2)'!$B$6:$B$100,'PP4 (2)'!$H$6:$H$100,"") | AO57: =_xlfn.XLOOKUP($C57,'PP5 (1)'!$B$6:$B$100,'PP5 (1)'!$H$6:$H$100,"") | AP57: =_xlfn.XLOOKUP($C57,'PP5(2)'!$B$6:$B$100,'PP5(2)'!$H$6:$H$100,"")
A58: =ROW()-4 -> 54 | B58: 2k | C58: DWORAKOWSKA-BANAŚ Agnieszka | D58: =SUM(E58:P58) -> 0.34 | E58: =_xlfn.XLOOKUP($C58,'MP (1)'!$B$6:$B$100,'MP (1)'!$E$6:$E$100,"") -> 0 | F58: =_xlfn.XLOOKUP($C58,'MP (2)'!$B$6:$B$100,'MP (2)'!$E$6:$E$100,"") -> 0 | G58: =_xlfn.XLOOKUP($C58,'PP1 (1)'!$B$6:$B$66,'PP1 (1)'!$E$6:$E$66,"") | H58: =_xlfn.XLOOKUP($C58,'PP1 (2)'!$B$6:$B$100,'PP1 (2)'!$E$6:$E$100,"") | I58: =_xlfn.XLOOKUP($C58,'PP2 (1)'!$B$6:$B$99,'PP2 (1)'!$E$6:$E$99,"") -> 0 | J58: =_xlfn.XLOOKUP($C58,'PP2 (2)'!$B$6:$B$100,'PP2 (2)'!$E$6:$E$100,"") -> 0 | K58: =_xlfn.XLOOKUP($C58,'PP3 (1)'!$B$5:$B$113,'PP3 (1)'!$E$5:$E$113,"") -> 0.17 | L58: =_xlfn.XLOOKUP($C58,'PP3 (2)'!$B$5:$B$112,'PP3 (2)'!$E$5:$E$112,"") -> 0.17 | M58: =_xlfn.XLOOKUP($C58,'PP4 (1)'!$B$6:$B$100,'PP4 (1)'!$E$6:$E$100,"") | N58: =_xlfn.XLOOKUP($C58,'PP4 (2)'!$B$6:$B$100,'PP4 (2)'!$E$6:$E$100,"") | O58: =_xlfn.XLOOKUP($C58,'PP5 (1)'!$B$6:$B$100,'PP5 (1)'!$E$6:$E$100,"") | P58: =_xlfn.XLOOKUP($C58,'PP5(2)'!$B$6:$B$100,'PP5(2)'!$E$6:$E$100,"") | Q58: =SUM(R58:AC58) -> 58 | R58: =_xlfn.XLOOKUP($C58,'MP (1)'!$B$6:$B$100,'MP (1)'!$F$6:$F$100,"") -> 9 | S58: =_xlfn.XLOOKUP($C58,'MP (2)'!$B$6:$B$100,'MP (2)'!$F$6:$F$100,"") -> 7 | T58: =_xlfn.XLOOKUP($C58,'PP1 (1)'!$B$6:$B$66,'PP1 (1)'!$F$6:$F$66,"") | U58: =_xlfn.XLOOKUP($C58,'PP1 (2)'!$B$6:$B$100,'PP1 (2)'!$F$6:$F$100,"") | V58: =_xlfn.XLOOKUP($C58,'PP2 (1)'!$B$6:$B$99,'PP2 (1)'!$F$6:$F$99,"") -> 9 | W58: =_xlfn.XLOOKUP($C58,'PP2 (2)'!$B$6:$B$100,'PP2 (2)'!$F$6:$F$100,"") -> 9 | X58: =_xlfn.XLOOKUP($C58,'PP3 (1)'!$B$5:$B$113,'PP3 (1)'!$F$5:$F$113,"") -> 13 | Y58: =_xlfn.XLOOKUP($C58,'PP3 (2)'!$B$5:$B$112,'PP3 (2)'!$F$5:$F$112,"") -> 11 | Z58: =_xlfn.XLOOKUP($C58,'PP4 (1)'!$B$6:$B$100,'PP4 (1)'!$F$6:$F$100,"") | AA58: =_xlfn.XLOOKUP($C58,'PP4 (2)'!$B$6:$B$100,'PP4 (2)'!$F$6:$F$100,"") | AB58: =_xlfn.XLOOKUP($C58,'PP5 (1)'!$B$6:$B$100,'PP5 (1)'!$F$6:$F$100,"") | AC58: =_xlfn.XLOOKUP($C58,'PP5(2)'!$B$6:$B$100,'PP5(2)'!$F$6:$F$100,"") | AD58: =SUM(AE58:AP58) -> -99 | AE58: =_xlfn.XLOOKUP($C58,'MP (1)'!$B$6:$B$100,'MP (1)'!$H$6:$H$100,"") -> -16 | AF58: =_xlfn.XLOOKUP($C58,'MP (2)'!$B$6:$B$100,'MP (2)'!$H$6:$H$100,"") -> -18 | AG58: =_xlfn.XLOOKUP($C58,'PP1 (1)'!$B$6:$B$66,'PP1 (1)'!$H$6:$H$66,"") | AH58: =_xlfn.XLOOKUP($C58,'PP1 (2)'!$B$6:$B$100,'PP1 (2)'!$H$6:$H$100,"") | AI58: =_xlfn.XLOOKUP($C58,'PP2 (1)'!$B$6:$B$99,'PP2 (1)'!$H$6:$H$99,"") -> -16 | AJ58: =_xlfn.XLOOKUP($C58,'PP2 (2)'!$B$6:$B$100,'PP2 (2)'!$H$6:$H$100,"") -> -16 | AK58: =_xlfn.XLOOKUP($C58,'PP3 (1)'!$B$5:$B$113,'PP3 (1)'!$H$5:$H$113,"") -> -15 | AL58: =_xlfn.XLOOKUP($C58,'PP3 (2)'!$B$5:$B$112,'PP3 (2)'!$H$5:$H$112,"") -> -18 | AM58: =_xlfn.XLOOKUP($C58,'PP4 (1)'!$B$6:$B$100,'PP4 (1)'!$H$6:$H$100,"") | AN58: =_xlfn.XLOOKUP($C58,'PP4 (2)'!$B$6:$B$100,'PP4 (2)'!$H$6:$H$100,"") | AO58: =_xlfn.XLOOKUP($C58,'PP5 (1)'!$B$6:$B$100,'PP5 (1)'!$H$6:$H$100,"") | AP58: =_xlfn.XLOOKUP($C58,'PP5(2)'!$B$6:$B$100,'PP5(2)'!$H$6:$H$100,"")
A59: =ROW()-4 -> 55 | C59: KOTTS Radosław | D59: =SUM(E59:P59) -> 0.33 | E59: =_xlfn.XLOOKUP($C59,'MP (1)'!$B$6:$B$100,'MP (1)'!$E$6:$E$100,"") | F59: =_xlfn.XLOOKUP($C59,'MP (2)'!$B$6:$B$100,'MP (2)'!$E$6:$E$100,"") | G59: =_xlfn.XLOOKUP($C59,'PP1 (1)'!$B$6:$B$66,'PP1 (1)'!$E$6:$E$66,"") | H59: =_xlfn.XLOOKUP($C59,'PP1 (2)'!$B$6:$B$100,'PP1 (2)'!$E$6:$E$100,"") | I59: =_xlfn.XLOOKUP($C59,'PP2 (1)'!$B$6:$B$99,'PP2 (1)'!$E$6:$E$99,"") | J59: =_xlfn.XLOOKUP($C59,'PP2 (2)'!$B$6:$B$100,'PP2 (2)'!$E$6:$E$100,"") | K59: =_xlfn.XLOOKUP($C59,'PP3 (1)'!$B$5:$B$113,'PP3 (1)'!$E$5:$E$113,"") -> 0.33 | L59: =_xlfn.XLOOKUP($C59,'PP3 (2)'!$B$5:$B$112,'PP3 (2)'!$E$5:$E$112,"") -> 0 | M59: =_xlfn.XLOOKUP($C59,'PP4 (1)'!$B$6:$B$100,'PP4 (1)'!$E$6:$E$100,"") | N59: =_xlfn.XLOOKUP($C59,'PP4 (2)'!$B$6:$B$100,'PP4 (2)'!$E$6:$E$100,"") | O59: =_xlfn.XLOOKUP($C59,'PP5 (1)'!$B$6:$B$100,'PP5 (1)'!$E$6:$E$100,"") | P59: =_xlfn.XLOOKUP($C59,'PP5(2)'!$B$6:$B$100,'PP5(2)'!$E$6:$E$100,"") | Q59: =SUM(R59:AC59) -> 22 | R59: =_xlfn.XLOOKUP($C59,'MP (1)'!$B$6:$B$100,'MP (1)'!$F$6:$F$100,"") | S59: =_xlfn.XLOOKUP($C59,'MP (2)'!$B$6:$B$100,'MP (2)'!$F$6:$F$100,"") | T59: =_xlfn.XLOOKUP($C59,'PP1 (1)'!$B$6:$B$66,'PP1 (1)'!$F$6:$F$66,"") | U59: =_xlfn.XLOOKUP($C59,'PP1 (2)'!$B$6:$B$100,'PP1 (2)'!$F$6:$F$100,"") | V59: =_xlfn.XLOOKUP($C59,'PP2 (1)'!$B$6:$B$99,'PP2 (1)'!$F$6:$F$99,"") | W59: =_xlfn.XLOOKUP($C59,'PP2 (2)'!$B$6:$B$100,'PP2 (2)'!$F$6:$F$100,"") | X59: =_xlfn.XLOOKUP($C59,'PP3 (1)'!$B$5:$B$113,'PP3 (1)'!$F$5:$F$113,"") -> 18 | Y59: =_xlfn.XLOOKUP($C59,'PP3 (2)'!$B$5:$B$112,'PP3 (2)'!$F$5:$F$112,"") -> 4 | Z59: =_xlfn.XLOOKUP($C59,'PP4 (1)'!$B$6:$B$100,'PP4 (1)'!$F$6:$F$100,"") | AA59: =_xlfn.XLOOKUP($C59,'PP4 (2)'!$B$6:$B$100,'PP4 (2)'!$F$6:$F$100,"") | AB59: =_xlfn.XLOOKUP($C59,'PP5 (1)'!$B$6:$B$100,'PP5 (1)'!$F$6:$F$100,"") | AC59: =_xlfn.XLOOKUP($C59,'PP5(2)'!$B$6:$B$100,'PP5(2)'!$F$6:$F$100,"") | AD59: =SUM(AE59:AP59) -> -34 | AE59: =_xlfn.XLOOKUP($C59,'MP (1)'!$B$6:$B$100,'MP (1)'!$H$6:$H$100,"") | AF59: =_xlfn.XLOOKUP($C59,'MP (2)'!$B$6:$B$100,'MP (2)'!$H$6:$H$100,"") | AG59: =_xlfn.XLOOKUP($C59,'PP1 (1)'!$B$6:$B$66,'PP1 (1)'!$H$6:$H$66,"") | AH59: =_xlfn.XLOOKUP($C59,'PP1 (2)'!$B$6:$B$100,'PP1 (2)'!$H$6:$H$100,"") | AI59: =_xlfn.XLOOKUP($C59,'PP2 (1)'!$B$6:$B$99,'PP2 (1)'!$H$6:$H$99,"") | AJ59: =_xlfn.XLOOKUP($C59,'PP2 (2)'!$B$6:$B$100,'PP2 (2)'!$H$6:$H$100,"") | AK59: =_xlfn.XLOOKUP($C59,'PP3 (1)'!$B$5:$B$113,'PP3 (1)'!$H$5:$H$113,"") -> -8 | AL59: =_xlfn.XLOOKUP($C59,'PP3 (2)'!$B$5:$B$112,'PP3 (2)'!$H$5:$H$112,"") -> -26 | AM59: =_xlfn.XLOOKUP($C59,'PP4 (1)'!$B$6:$B$100,'PP4 (1)'!$H$6:$H$100,"") | AN59: =_xlfn.XLOOKUP($C59,'PP4 (2)'!$B$6:$B$100,'PP4 (2)'!$H$6:$H$100,"") | AO59: =_xlfn.XLOOKUP($C59,'PP5 (1)'!$B$6:$B$100,'PP5 (1)'!$H$6:$H$100,"") | AP59: =_xlfn.XLOOKUP($C59,'PP5(2)'!$B$6:$B$100,'PP5(2)'!$H$6:$H$100,"")
A60: =ROW()-4 -> 56 | B60: 0k | C60: KARWAT Aleksandra | D60: =SUM(E60:P60) -> 0.2 | E60: =_xlfn.XLOOKUP($C60,'MP (1)'!$B$6:$B$100,'MP (1)'!$E$6:$E$100,"") | F60: =_xlfn.XLOOKUP($C60,'MP (2)'!$B$6:$B$100,'MP (2)'!$E$6:$E$100,"") | G60: =_xlfn.XLOOKUP($C60,'PP1 (1)'!$B$6:$B$66,'PP1 (1)'!$E$6:$E$66,"") | H60: =_xlfn.XLOOKUP($C60,'PP1 (2)'!$B$6:$B$100,'PP1 (2)'!$E$6:$E$100,"") | I60: =_xlfn.XLOOKUP($C60,'PP2 (1)'!$B$6:$B$99,'PP2 (1)'!$E$6:$E$99,"") -> 0 | J60: =_xlfn.XLOOKUP($C60,'PP2 (2)'!$B$6:$B$100,'PP2 (2)'!$E$6:$E$100,"") -> 0 | K60: =_xlfn.XLOOKUP($C60,'PP3 (1)'!$B$5:$B$113,'PP3 (1)'!$E$5:$E$113,"") -> 0 | L60: =_xlfn.XLOOKUP($C60,'PP3 (2)'!$B$5:$B$112,'PP3 (2)'!$E$5:$E$112,"") -> 0.2 | M60: =_xlfn.XLOOKUP($C60,'PP4 (1)'!$B$6:$B$100,'PP4 (1)'!$E$6:$E$100,"") -> 0 | N60: =_xlfn.XLOOKUP($C60,'PP4 (2)'!$B$6:$B$100,'PP4 (2)'!$E$6:$E$100,"") -> 0 | O60: =_xlfn.XLOOKUP($C60,'PP5 (1)'!$B$6:$B$100,'PP5 (1)'!$E$6:$E$100,"") | P60: =_xlfn.XLOOKUP($C60,'PP5(2)'!$B$6:$B$100,'PP5(2)'!$E$6:$E$100,"") | Q60: =SUM(R60:AC60) -> 49 | R60: =_xlfn.XLOOKUP($C60,'MP (1)'!$B$6:$B$100,'MP (1)'!$F$6:$F$100,"") | S60: =_xlfn.XLOOKUP($C60,'MP (2)'!$B$6:$B$100,'MP (2)'!$F$6:$F$100,"") | T60: =_xlfn.XLOOKUP($C60,'PP1 (1)'!$B$6:$B$66,'PP1 (1)'!$F$6:$F$66,"") | U60: =_xlfn.XLOOKUP($C60,'PP1 (2)'!$B$6:$B$100,'PP1 (2)'!$F$6:$F$100,"") | V60: =_xlfn.XLOOKUP($C60,'PP2 (1)'!$B$6:$B$99,'PP2 (1)'!$F$6:$F$99,"") -> 4 | W60: =_xlfn.XLOOKUP($C60,'PP2 (2)'!$B$6:$B$100,'PP2 (2)'!$F$6:$F$100,"") -> 7 | X60: =_xlfn.XLOOKUP($C60,'PP3 (1)'!$B$5:$B$113,'PP3 (1)'!$F$5:$F$113,"") -> 11 | Y60: =_xlfn.XLOOKUP($C60,'PP3 (2)'!$B$5:$B$112,'PP3 (2)'!$F$5:$F$112,"") -> 11 | Z60: =_xlfn.XLOOKUP($C60,'PP4 (1)'!$B$6:$B$100,'PP4 (1)'!$F$6:$F$100,"") -> 7 | AA60: =_xlfn.XLOOKUP($C60,'PP4 (2)'!$B$6:$B$100,'PP4 (2)'!$F$6:$F$100,"") -> 9 | AB60: =_xlfn.XLOOKUP($C60,'PP5 (1)'!$B$6:$B$100,'PP5 (1)'!$F$6:$F$100,"") | AC60: =_xlfn.XLOOKUP($C60,'PP5(2)'!$B$6:$B$100,'PP5(2)'!$F$6:$F$100,"") | AD60: =SUM(AE60:AP60) -> -104 | AE60: =_xlfn.XLOOKUP($C60,'MP (1)'!$B$6:$B$100,'MP (1)'!$H$6:$H$100,"") | AF60: =_xlfn.XLOOKUP($C60,'MP (2)'!$B$6:$B$100,'MP (2)'!$H$6:$H$100,"") | AG60: =_xlfn.XLOOKUP($C60,'PP1 (1)'!$B$6:$B$66,'PP1 (1)'!$H$6:$H$66,"") | AH60: =_xlfn.XLOOKUP($C60,'PP1 (2)'!$B$6:$B$100,'PP1 (2)'!$H$6:$H$100,"") | AI60: =_xlfn.XLOOKUP($C60,'PP2 (1)'!$B$6:$B$99,'PP2 (1)'!$H$6:$H$99,"") -> -21 | AJ60: =_xlfn.XLOOKUP($C60,'PP2 (2)'!$B$6:$B$100,'PP2 (2)'!$H$6:$H$100,"") -> -18 | AK60: =_xlfn.XLOOKUP($C60,'PP3 (1)'!$B$5:$B$113,'PP3 (1)'!$H$5:$H$113,"") -> -19 | AL60: =_xlfn.XLOOKUP($C60,'PP3 (2)'!$B$5:$B$112,'PP3 (2)'!$H$5:$H$112,"") -> -12 | AM60: =_xlfn.XLOOKUP($C60,'PP4 (1)'!$B$6:$B$100,'PP4 (1)'!$H$6:$H$100,"") -> -18 | AN60: =_xlfn.XLOOKUP($C60,'PP4 (2)'!$B$6:$B$100,'PP4 (2)'!$H$6:$H$100,"") -> -16 | AO60: =_xlfn.XLOOKUP($C60,'PP5 (1)'!$B$6:$B$100,'PP5 (1)'!$H$6:$H$100,"") | AP60: =_xlfn.XLOOKUP($C60,'PP5(2)'!$B$6:$B$100,'PP5(2)'!$H$6:$H$100,"")
A61: =ROW()-4 -> 57 | B61: 0k | C61: KOZAK Marta | D61: =SUM(E61:P61) -> 0.2 | E61: =_xlfn.XLOOKUP($C61,'MP (1)'!$B$6:$B$100,'MP (1)'!$E$6:$E$100,"") | F61: =_xlfn.XLOOKUP($C61,'MP (2)'!$B$6:$B$100,'MP (2)'!$E$6:$E$100,"") | G61: =_xlfn.XLOOKUP($C61,'PP1 (1)'!$B$6:$B$66,'PP1 (1)'!$E$6:$E$66,"") -> 0.2 | H61: =_xlfn.XLOOKUP($C61,'PP1 (2)'!$B$6:$B$100,'PP1 (2)'!$E$6:$E$100,"") -> 0 | I61: =_xlfn.XLOOKUP($C61,'PP2 (1)'!$B$6:$B$99,'PP2 (1)'!$E$6:$E$99,"") | J61: =_xlfn.XLOOKUP($C61,'PP2 (2)'!$B$6:$B$100,'PP2 (2)'!$E$6:$E$100,"") | K61: =_xlfn.XLOOKUP($C61,'PP3 (1)'!$B$5:$B$113,'PP3 (1)'!$E$5:$E$113,"") | L61: =_xlfn.XLOOKUP($C61,'PP3 (2)'!$B$5:$B$112,'PP3 (2)'!$E$5:$E$112,"") | M61: =_xlfn.XLOOKUP($C61,'PP4 (1)'!$B$6:$B$100,'PP4 (1)'!$E$6:$E$100,"") | N61: =_xlfn.XLOOKUP($C61,'PP4 (2)'!$B$6:$B$100,'PP4 (2)'!$E$6:$E$100,"") | O61: =_xlfn.XLOOKUP($C61,'PP5 (1)'!$B$6:$B$100,'PP5 (1)'!$E$6:$E$100,"") | P61: =_xlfn.XLOOKUP($C61,'PP5(2)'!$B$6:$B$100,'PP5(2)'!$E$6:$E$100,"") | Q61: =SUM(R61:AC61) -> 17 | R61: =_xlfn.XLOOKUP($C61,'MP (1)'!$B$6:$B$100,'MP (1)'!$F$6:$F$100,"") | S61: =_xlfn.XLOOKUP($C61,'MP (2)'!$B$6:$B$100,'MP (2)'!$F$6:$F$100,"") | T61: =_xlfn.XLOOKUP($C61,'PP1 (1)'!$B$6:$B$66,'PP1 (1)'!$F$6:$F$66,"") -> 10 | U61: =_xlfn.XLOOKUP($C61,'PP1 (2)'!$B$6:$B$100,'PP1 (2)'!$F$6:$F$100,"") -> 7 | V61: =_xlfn.XLOOKUP($C61,'PP2 (1)'!$B$6:$B$99,'PP2 (1)'!$F$6:$F$99,"") | W61: =_xlfn.XLOOKUP($C61,'PP2 (2)'!$B$6:$B$100,'PP2 (2)'!$F$6:$F$100,"") | X61: =_xlfn.XLOOKUP($C61,'PP3 (1)'!$B$5:$B$113,'PP3 (1)'!$F$5:$F$113,"") | Y61: =_xlfn.XLOOKUP($C61,'PP3 (2)'!$B$5:$B$112,'PP3 (2)'!$F$5:$F$112,"") | Z61: =_xlfn.XLOOKUP($C61,'PP4 (1)'!$B$6:$B$100,'PP4 (1)'!$F$6:$F$100,"") | AA61: =_xlfn.XLOOKUP($C61,'PP4 (2)'!$B$6:$B$100,'PP4 (2)'!$F$6:$F$100,"") | AB61: =_xlfn.XLOOKUP($C61,'PP5 (1)'!$B$6:$B$100,'PP5 (1)'!$F$6:$F$100,"") | AC61: =_xlfn.XLOOKUP($C61,'PP5(2)'!$B$6:$B$100,'PP5(2)'!$F$6:$F$100,"") | AD61: =SUM(AE61:AP61) -> -31 | AE61: =_xlfn.XLOOKUP($C61,'MP (1)'!$B$6:$B$100,'MP (1)'!$H$6:$H$100,"") | AF61: =_xlfn.XLOOKUP($C61,'MP (2)'!$B$6:$B$100,'MP (2)'!$H$6:$H$100,"") | AG61: =_xlfn.XLOOKUP($C61,'PP1 (1)'!$B$6:$B$66,'PP1 (1)'!$H$6:$H$66,"") -> -13 | AH61: =_xlfn.XLOOKUP($C61,'PP1 (2)'!$B$6:$B$100,'PP1 (2)'!$H$6:$H$100,"") -> -18 | AI61: =_xlfn.XLOOKUP($C61,'PP2 (1)'!$B$6:$B$99,'PP2 (1)'!$H$6:$H$99,"") | AJ61: =_xlfn.XLOOKUP($C61,'PP2 (2)'!$B$6:$B$100,'PP2 (2)'!$H$6:$H$100,"") | AK61: =_xlfn.XLOOKUP($C61,'PP3 (1)'!$B$5:$B$113,'PP3 (1)'!$H$5:$H$113,"") | AL61: =_xlfn.XLOOKUP($C61,'PP3 (2)'!$B$5:$B$112,'PP3 (2)'!$H$5:$H$112,"") | AM61: =_xlfn.XLOOKUP($C61,'PP4 (1)'!$B$6:$B$100,'PP4 (1)'!$H$6:$H$100,"") | AN61: =_xlfn.XLOOKUP($C61,'PP4 (2)'!$B$6:$B$100,'PP4 (2)'!$H$6:$H$100,"") | AO61: =_xlfn.XLOOKUP($C61,'PP5 (1)'!$B$6:$B$100,'PP5 (1)'!$H$6:$H$100,"") | AP61: =_xlfn.XLOOKUP($C61,'PP5(2)'!$B$6:$B$100,'PP5(2)'!$H$6:$H$100,"")
A62: =ROW()-4 -> 58 | B62: 4k | C62: SOSNOWSKA Aniela | D62: =SUM(E62:P62) -> 0.17 | E62: =_xlfn.XLOOKUP($C62,'MP (1)'!$B$6:$B$100,'MP (1)'!$E$6:$E$100,"") -> 0 | F62: =_xlfn.XLOOKUP($C62,'MP (2)'!$B$6:$B$100,'MP (2)'!$E$6:$E$100,"") -> 0 | G62: =_xlfn.XLOOKUP($C62,'PP1 (1)'!$B$6:$B$66,'PP1 (1)'!$E$6:$E$66,"") | H62: =_xlfn.XLOOKUP($C62,'PP1 (2)'!$B$6:$B$100,'PP1 (2)'!$E$6:$E$100,"") | I62: =_xlfn.XLOOKUP($C62,'PP2 (1)'!$B$6:$B$99,'PP2 (1)'!$E$6:$E$99,"") | J62: =_xlfn.XLOOKUP($C62,'PP2 (2)'!$B$6:$B$100,'PP2 (2)'!$E$6:$E$100,"") | K62: =_xlfn.XLOOKUP($C62,'PP3 (1)'!$B$5:$B$113,'PP3 (1)'!$E$5:$E$113,"") -> 0.17 | L62: =_xlfn.XLOOKUP($C62,'PP3 (2)'!$B$5:$B$112,'PP3 (2)'!$E$5:$E$112,"") -> 0 | M62: =_xlfn.XLOOKUP($C62,'PP4 (1)'!$B$6:$B$100,'PP4 (1)'!$E$6:$E$100,"") -> 0 | N62: =_xlfn.XLOOKUP($C62,'PP4 (2)'!$B$6:$B$100,'PP4 (2)'!$E$6:$E$100,"") -> 0 | O62: =_xlfn.XLOOKUP($C62,'PP5 (1)'!$B$6:$B$100,'PP5 (1)'!$E$6:$E$100,"") -> 0 | P62: =_xlfn.XLOOKUP($C62,'PP5(2)'!$B$6:$B$100,'PP5(2)'!$E$6:$E$100,"") -> 0 | Q62: =SUM(R62:AC62) -> 40 | R62: =_xlfn.XLOOKUP($C62,'MP (1)'!$B$6:$B$100,'MP (1)'!$F$6:$F$100,"") -> 6 | S62: =_xlfn.XLOOKUP($C62,'MP (2)'!$B$6:$B$100,'MP (2)'!$F$6:$F$100,"") -> 5 | T62: =_xlfn.XLOOKUP($C62,'PP1 (1)'!$B$6:$B$66,'PP1 (1)'!$F$6:$F$66,"") | U62: =_xlfn.XLOOKUP($C62,'PP1 (2)'!$B$6:$B$100,'PP1 (2)'!$F$6:$F$100,"") | V62: =_xlfn.XLOOKUP($C62,'PP2 (1)'!$B$6:$B$99,'PP2 (1)'!$F$6:$F$99,"") | W62: =_xlfn.XLOOKUP($C62,'PP2 (2)'!$B$6:$B$100,'PP2 (2)'!$F$6:$F$100,"") | X62: =_xlfn.XLOOKUP($C62,'PP3 (1)'!$B$5:$B$113,'PP3 (1)'!$F$5:$F$113,"") -> 8 | Y62: =_xlfn.XLOOKUP($C62,'PP3 (2)'!$B$5:$B$112,'PP3 (2)'!$F$5:$F$112,"") -> 6 | Z62: =_xlfn.XLOOKUP($C62,'PP4 (1)'!$B$6:$B$100,'PP4 (1)'!$F$6:$F$100,"") -> 3 | AA62: =_xlfn.XLOOKUP($C62,'PP4 (2)'!$B$6:$B$100,'PP4 (2)'!$F$6:$F$100,"") -> 3 | AB62: =_xlfn.XLOOKUP($C62,'PP5 (1)'!$B$6:$B$100,'PP5 (1)'!$F$6:$F$100,"") -> 6 | AC62: =_xlfn.XLOOKUP($C62,'PP5(2)'!$B$6:$B$100,'PP5(2)'!$F$6:$F$100,"") -> 3 | AD62: =SUM(AE62:AP62) -> -158 | AE62: =_xlfn.XLOOKUP($C62,'MP (1)'!$B$6:$B$100,'MP (1)'!$H$6:$H$100,"") -> -19 | AF62: =_xlfn.XLOOKUP($C62,'MP (2)'!$B$6:$B$100,'MP (2)'!$H$6:$H$100,"") -> -20 | AG62: =_xlfn.XLOOKUP($C62,'PP1 (1)'!$B$6:$B$66,'PP1 (1)'!$H$6:$H$66,"") | AH62: =_xlfn.XLOOKUP($C62,'PP1 (2)'!$B$6:$B$100,'PP1 (2)'!$H$6:$H$100,"") | AI62: =_xlfn.XLOOKUP($C62,'PP2 (1)'!$B$6:$B$99,'PP2 (1)'!$H$6:$H$99,"") | AJ62: =_xlfn.XLOOKUP($C62,'PP2 (2)'!$B$6:$B$100,'PP2 (2)'!$H$6:$H$100,"") | AK62: =_xlfn.XLOOKUP($C62,'PP3 (1)'!$B$5:$B$113,'PP3 (1)'!$H$5:$H$113,"") -> -20 | AL62: =_xlfn.XLOOKUP($C62,'PP3 (2)'!$B$5:$B$112,'PP3 (2)'!$H$5:$H$112,"") -> -24 | AM62: =_xlfn.XLOOKUP($C62,'PP4 (1)'!$B$6:$B$100,'PP4 (1)'!$H$6:$H$100,"") -> -22 | AN62: =_xlfn.XLOOKUP($C62,'PP4 (2)'!$B$6:$B$100,'PP4 (2)'!$H$6:$H$100,"") -> -22 | AO62: =_xlfn.XLOOKUP($C62,'PP5 (1)'!$B$6:$B$100,'PP5 (1)'!$H$6:$H$100,"") -> -14 | AP62: =_xlfn.XLOOKUP($C62,'PP5(2)'!$B$6:$B$100,'PP5(2)'!$H$6:$H$100,"") -> -17
A63: =ROW()-4 -> 59 | B63: 1 | C63: KORONA-TRZEBSKI Przemysław | D63: =SUM(E63:P63) -> 0.17 | E63: =_xlfn.XLOOKUP($C63,'MP (1)'!$B$6:$B$100,'MP (1)'!$E$6:$E$100,"") | F63: =_xlfn.XLOOKUP($C63,'MP (2)'!$B$6:$B$100,'MP (2)'!$E$6:$E$100,"") | G63: =_xlfn.XLOOKUP($C63,'PP1 (1)'!$B$6:$B$66,'PP1 (1)'!$E$6:$E$66,"") | H63: =_xlfn.XLOOKUP($C63,'PP1 (2)'!$B$6:$B$100,'PP1 (2)'!$E$6:$E$100,"") | I63: =_xlfn.XLOOKUP($C63,'PP2 (1)'!$B$6:$B$99,'PP2 (1)'!$E$6:$E$99,"") | J63: =_xlfn.XLOOKUP($C63,'PP2 (2)'!$B$6:$B$100,'PP2 (2)'!$E$6:$E$100,"") | K63: =_xlfn.XLOOKUP($C63,'PP3 (1)'!$B$5:$B$113,'PP3 (1)'!$E$5:$E$113,"") -> 0 | L63: =_xlfn.XLOOKUP($C63,'PP3 (2)'!$B$5:$B$112,'PP3 (2)'!$E$5:$E$112,"") -> 0.17 | M63: =_xlfn.XLOOKUP($C63,'PP4 (1)'!$B$6:$B$100,'PP4 (1)'!$E$6:$E$100,"") | N63: =_xlfn.XLOOKUP($C63,'PP4 (2)'!$B$6:$B$100,'PP4 (2)'!$E$6:$E$100,"") | O63: =_xlfn.XLOOKUP($C63,'PP5 (1)'!$B$6:$B$100,'PP5 (1)'!$E$6:$E$100,"") | P63: =_xlfn.XLOOKUP($C63,'PP5(2)'!$B$6:$B$100,'PP5(2)'!$E$6:$E$100,"") | Q63: =SUM(R63:AC63) -> 27 | R63: =_xlfn.XLOOKUP($C63,'MP (1)'!$B$6:$B$100,'MP (1)'!$F$6:$F$100,"") | S63: =_xlfn.XLOOKUP($C63,'MP (2)'!$B$6:$B$100,'MP (2)'!$F$6:$F$100,"") | T63: =_xlfn.XLOOKUP($C63,'PP1 (1)'!$B$6:$B$66,'PP1 (1)'!$F$6:$F$66,"") | U63: =_xlfn.XLOOKUP($C63,'PP1 (2)'!$B$6:$B$100,'PP1 (2)'!$F$6:$F$100,"") | V63: =_xlfn.XLOOKUP($C63,'PP2 (1)'!$B$6:$B$99,'PP2 (1)'!$F$6:$F$99,"") | W63: =_xlfn.XLOOKUP($C63,'PP2 (2)'!$B$6:$B$100,'PP2 (2)'!$F$6:$F$100,"") | X63: =_xlfn.XLOOKUP($C63,'PP3 (1)'!$B$5:$B$113,'PP3 (1)'!$F$5:$F$113,"") -> 10 | Y63: =_xlfn.XLOOKUP($C63,'PP3 (2)'!$B$5:$B$112,'PP3 (2)'!$F$5:$F$112,"") -> 17 | Z63: =_xlfn.XLOOKUP($C63,'PP4 (1)'!$B$6:$B$100,'PP4 (1)'!$F$6:$F$100,"") | AA63: =_xlfn.XLOOKUP($C63,'PP4 (2)'!$B$6:$B$100,'PP4 (2)'!$F$6:$F$100,"") | AB63: =_xlfn.XLOOKUP($C63,'PP5 (1)'!$B$6:$B$100,'PP5 (1)'!$F$6:$F$100,"") | AC63: =_xlfn.XLOOKUP($C63,'PP5(2)'!$B$6:$B$100,'PP5(2)'!$F$6:$F$100,"") | AD63: =SUM(AE63:AP63) -> -29 | AE63: =_xlfn.XLOOKUP($C63,'MP (1)'!$B$6:$B$100,'MP (1)'!$H$6:$H$100,"") | AF63: =_xlfn.XLOOKUP($C63,'MP (2)'!$B$6:$B$100,'MP (2)'!$H$6:$H$100,"") | AG63: =_xlfn.XLOOKUP($C63,'PP1 (1)'!$B$6:$B$66,'PP1 (1)'!$H$6:$H$66,"") | AH63: =_xlfn.XLOOKUP($C63,'PP1 (2)'!$B$6:$B$100,'PP1 (2)'!$H$6:$H$100,"") | AI63: =_xlfn.XLOOKUP($C63,'PP2 (1)'!$B$6:$B$99,'PP2 (1)'!$H$6:$H$99,"") | AJ63: =_xlfn.XLOOKUP($C63,'PP2 (2)'!$B$6:$B$100,'PP2 (2)'!$H$6:$H$100,"") | AK63: =_xlfn.XLOOKUP($C63,'PP3 (1)'!$B$5:$B$113,'PP3 (1)'!$H$5:$H$113,"") -> -20 | AL63: =_xlfn.XLOOKUP($C63,'PP3 (2)'!$B$5:$B$112,'PP3 (2)'!$H$5:$H$112,"") -> -9 | AM63: =_xlfn.XLOOKUP($C63,'PP4 (1)'!$B$6:$B$100,'PP4 (1)'!$H$6:$H$100,"") | AN63: =_xlfn.XLOOKUP($C63,'PP4 (2)'!$B$6:$B$100,'PP4 (2)'!$H$6:$H$100,"") | AO63: =_xlfn.XLOOKUP($C63,'PP5 (1)'!$B$6:$B$100,'PP5 (1)'!$H$6:$H$100,"") | AP63: =_xlfn.XLOOKUP($C63,'PP5(2)'!$B$6:$B$100,'PP5(2)'!$H$6:$H$100,"")
A64: =ROW()-4 -> 60 | B64: 2k | C64: MILCZAREK Renata | D64: =SUM(E64:P64) -> 0.17 | E64: =_xlfn.XLOOKUP($C64,'MP (1)'!$B$6:$B$100,'MP (1)'!$E$6:$E$100,"") -> 0.17 | F64: =_xlfn.XLOOKUP($C64,'MP (2)'!$B$6:$B$100,'MP (2)'!$E$6:$E$100,"") -> 0 | G64: =_xlfn.XLOOKUP($C64,'PP1 (1)'!$B$6:$B$66,'PP1 (1)'!$E$6:$E$66,"") | H64: =_xlfn.XLOOKUP($C64,'PP1 (2)'!$B$6:$B$100,'PP1 (2)'!$E$6:$E$100,"") | I64: =_xlfn.XLOOKUP($C64,'PP2 (1)'!$B$6:$B$99,'PP2 (1)'!$E$6:$E$99,"") | J64: =_xlfn.XLOOKUP($C64,'PP2 (2)'!$B$6:$B$100,'PP2 (2)'!$E$6:$E$100,"") | K64: =_xlfn.XLOOKUP($C64,'PP3 (1)'!$B$5:$B$113,'PP3 (1)'!$E$5:$E$113,"") | L64: =_xlfn.XLOOKUP($C64,'PP3 (2)'!$B$5:$B$112,'PP3 (2)'!$E$5:$E$112,"") | M64: =_xlfn.XLOOKUP($C64,'PP4 (1)'!$B$6:$B$100,'PP4 (1)'!$E$6:$E$100,"") -> 0 | N64: =_xlfn.XLOOKUP($C64,'PP4 (2)'!$B$6:$B$100,'PP4 (2)'!$E$6:$E$100,"") -> 0 | O64: =_xlfn.XLOOKUP($C64,'PP5 (1)'!$B$6:$B$100,'PP5 (1)'!$E$6:$E$100,"") | P64: =_xlfn.XLOOKUP($C64,'PP5(2)'!$B$6:$B$100,'PP5(2)'!$E$6:$E$100,"") | Q64: =SUM(R64:AC64) -> 25 | R64: =_xlfn.XLOOKUP($C64,'MP (1)'!$B$6:$B$100,'MP (1)'!$F$6:$F$100,"") -> 6 | S64: =_xlfn.XLOOKUP($C64,'MP (2)'!$B$6:$B$100,'MP (2)'!$F$6:$F$100,"") -> 6 | T64: =_xlfn.XLOOKUP($C64,'PP1 (1)'!$B$6:$B$66,'PP1 (1)'!$F$6:$F$66,"") | U64: =_xlfn.XLOOKUP($C64,'PP1 (2)'!$B$6:$B$100,'PP1 (2)'!$F$6:$F$100,"") | V64: =_xlfn.XLOOKUP($C64,'PP2 (1)'!$B$6:$B$99,'PP2 (1)'!$F$6:$F$99,"") | W64: =_xlfn.XLOOKUP($C64,'PP2 (2)'!$B$6:$B$100,'PP2 (2)'!$F$6:$F$100,"") | X64: =_xlfn.XLOOKUP($C64,'PP3 (1)'!$B$5:$B$113,'PP3 (1)'!$F$5:$F$113,"") | Y64: =_xlfn.XLOOKUP($C64,'PP3 (2)'!$B$5:$B$112,'PP3 (2)'!$F$5:$F$112,"") | Z64: =_xlfn.XLOOKUP($C64,'PP4 (1)'!$B$6:$B$100,'PP4 (1)'!$F$6:$F$100,"") -> 7 | AA64: =_xlfn.XLOOKUP($C64,'PP4 (2)'!$B$6:$B$100,'PP4 (2)'!$F$6:$F$100,"") -> 6 | AB64: =_xlfn.XLOOKUP($C64,'PP5 (1)'!$B$6:$B$100,'PP5 (1)'!$F$6:$F$100,"") | AC64: =_xlfn.XLOOKUP($C64,'PP5(2)'!$B$6:$B$100,'PP5(2)'!$F$6:$F$100,"") | AD64: =SUM(AE64:AP64) -> -78 | AE64: =_xlfn.XLOOKUP($C64,'MP (1)'!$B$6:$B$100,'MP (1)'!$H$6:$H$100,"") -> -22 | AF64: =_xlfn.XLOOKUP($C64,'MP (2)'!$B$6:$B$100,'MP (2)'!$H$6:$H$100,"") -> -19 | AG64: =_xlfn.XLOOKUP($C64,'PP1 (1)'!$B$6:$B$66,'PP1 (1)'!$H$6:$H$66,"") | AH64: =_xlfn.XLOOKUP($C64,'PP1 (2)'!$B$6:$B$100,'PP1 (2)'!$H$6:$H$100,"") | AI64: =_xlfn.XLOOKUP($C64,'PP2 (1)'!$B$6:$B$99,'PP2 (1)'!$H$6:$H$99,"") | AJ64: =_xlfn.XLOOKUP($C64,'PP2 (2)'!$B$6:$B$100,'PP2 (2)'!$H$6:$H$100,"") | AK64: =_xlfn.XLOOKUP($C64,'PP3 (1)'!$B$5:$B$113,'PP3 (1)'!$H$5:$H$113,"") | AL64: =_xlfn.XLOOKUP($C64,'PP3 (2)'!$B$5:$B$112,'PP3 (2)'!$H$5:$H$112,"") | AM64: =_xlfn.XLOOKUP($C64,'PP4 (1)'!$B$6:$B$100,'PP4 (1)'!$H$6:$H$100,"") -> -18 | AN64: =_xlfn.XLOOKUP($C64,'PP4 (2)'!$B$6:$B$100,'PP4 (2)'!$H$6:$H$100,"") -> -19 | AO64: =_xlfn.XLOOKUP($C64,'PP5 (1)'!$B$6:$B$100,'PP5 (1)'!$H$6:$H$100,"") | AP64: =_xlfn.XLOOKUP($C64,'PP5(2)'!$B$6:$B$100,'PP5(2)'!$H$6:$H$100,"")
A65: =ROW()-4 -> 61 | B65: 3k | C65: OWCZAREK Elżbieta | D65: =SUM(E65:P65) -> 0 | E65: =_xlfn.XLOOKUP($C65,'MP (1)'!$B$6:$B$100,'MP (1)'!$E$6:$E$100,"") -> 0 | F65: =_xlfn.XLOOKUP($C65,'MP (2)'!$B$6:$B$100,'MP (2)'!$E$6:$E$100,"") -> 0 | G65: =_xlfn.XLOOKUP($C65,'PP1 (1)'!$B$6:$B$66,'PP1 (1)'!$E$6:$E$66,"") | H65: =_xlfn.XLOOKUP($C65,'PP1 (2)'!$B$6:$B$100,'PP1 (2)'!$E$6:$E$100,"") | I65: =_xlfn.XLOOKUP($C65,'PP2 (1)'!$B$6:$B$99,'PP2 (1)'!$E$6:$E$99,"") | J65: =_xlfn.XLOOKUP($C65,'PP2 (2)'!$B$6:$B$100,'PP2 (2)'!$E$6:$E$100,"") | K65: =_xlfn.XLOOKUP($C65,'PP3 (1)'!$B$5:$B$113,'PP3 (1)'!$E$5:$E$113,"") | L65: =_xlfn.XLOOKUP($C65,'PP3 (2)'!$B$5:$B$112,'PP3 (2)'!$E$5:$E$112,"") | M65: =_xlfn.XLOOKUP($C65,'PP4 (1)'!$B$6:$B$100,'PP4 (1)'!$E$6:$E$100,"") | N65: =_xlfn.XLOOKUP($C65,'PP4 (2)'!$B$6:$B$100,'PP4 (2)'!$E$6:$E$100,"") | O65: =_xlfn.XLOOKUP($C65,'PP5 (1)'!$B$6:$B$100,'PP5 (1)'!$E$6:$E$100,"") -> 0 | P65: =_xlfn.XLOOKUP($C65,'PP5(2)'!$B$6:$B$100,'PP5(2)'!$E$6:$E$100,"") -> 0 | Q65: =SUM(R65:AC65) -> 30 | R65: =_xlfn.XLOOKUP($C65,'MP (1)'!$B$6:$B$100,'MP (1)'!$F$6:$F$100,"") -> 10 | S65: =_xlfn.XLOOKUP($C65,'MP (2)'!$B$6:$B$100,'MP (2)'!$F$6:$F$100,"") -> 5 | T65: =_xlfn.XLOOKUP($C65,'PP1 (1)'!$B$6:$B$66,'PP1 (1)'!$F$6:$F$66,"") | U65: =_xlfn.XLOOKUP($C65,'PP1 (2)'!$B$6:$B$100,'PP1 (2)'!$F$6:$F$100,"") | V65: =_xlfn.XLOOKUP($C65,'PP2 (1)'!$B$6:$B$99,'PP2 (1)'!$F$6:$F$99,"") | W65: =_xlfn.XLOOKUP($C65,'PP2 (2)'!$B$6:$B$100,'PP2 (2)'!$F$6:$F$100,"") | X65: =_xlfn.XLOOKUP($C65,'PP3 (1)'!$B$5:$B$113,'PP3 (1)'!$F$5:$F$113,"") | Y65: =_xlfn.XLOOKUP($C65,'PP3 (2)'!$B$5:$B$112,'PP3 (2)'!$F$5:$F$112,"") | Z65: =_xlfn.XLOOKUP($C65,'PP4 (1)'!$B$6:$B$100,'PP4 (1)'!$F$6:$F$100,"") | AA65: =_xlfn.XLOOKUP($C65,'PP4 (2)'!$B$6:$B$100,'PP4 (2)'!$F$6:$F$100,"") | AB65: =_xlfn.XLOOKUP($C65,'PP5 (1)'!$B$6:$B$100,'PP5 (1)'!$F$6:$F$100,"") -> 5 | AC65: =_xlfn.XLOOKUP($C65,'PP5(2)'!$B$6:$B$100,'PP5(2)'!$F$6:$F$100,"") -> 10 | AD65: =SUM(AE65:AP65) -> -75 | AE65: =_xlfn.XLOOKUP($C65,'MP (1)'!$B$6:$B$100,'MP (1)'!$H$6:$H$100,"") -> -20 | AF65: =_xlfn.XLOOKUP($C65,'MP (2)'!$B$6:$B$100,'MP (2)'!$H$6:$H$100,"") -> -20 | AG65: =_xlfn.XLOOKUP($C65,'PP1 (1)'!$B$6:$B$66,'PP1 (1)'!$H$6:$H$66,"") | AH65: =_xlfn.XLOOKUP($C65,'PP1 (2)'!$B$6:$B$100,'PP1 (2)'!$H$6:$H$100,"") | AI65: =_xlfn.XLOOKUP($C65,'PP2 (1)'!$B$6:$B$99,'PP2 (1)'!$H$6:$H$99,"") | AJ65: =_xlfn.XLOOKUP($C65,'PP2 (2)'!$B$6:$B$100,'PP2 (2)'!$H$6:$H$100,"") | AK65: =_xlfn.XLOOKUP($C65,'PP3 (1)'!$B$5:$B$113,'PP3 (1)'!$H$5:$H$113,"") | AL65: =_xlfn.XLOOKUP($C65,'PP3 (2)'!$B$5:$B$112,'PP3 (2)'!$H$5:$H$112,"") | AM65: =_xlfn.XLOOKUP($C65,'PP4 (1)'!$B$6:$B$100,'PP4 (1)'!$H$6:$H$100,"") | AN65: =_xlfn.XLOOKUP($C65,'PP4 (2)'!$B$6:$B$100,'PP4 (2)'!$H$6:$H$100,"") | AO65: =_xlfn.XLOOKUP($C65,'PP5 (1)'!$B$6:$B$100,'PP5 (1)'!$H$6:$H$100,"") -> -20 | AP65: =_xlfn.XLOOKUP($C65,'PP5(2)'!$B$6:$B$100,'PP5(2)'!$H$6:$H$100,"") -> -15
A66: =ROW()-4 -> 62 | C66: BARTUSIK Grzegorz | D66: =SUM(E66:P66) -> 0 | E66: =_xlfn.XLOOKUP($C66,'MP (1)'!$B$6:$B$100,'MP (1)'!$E$6:$E$100,"") | F66: =_xlfn.XLOOKUP($C66,'MP (2)'!$B$6:$B$100,'MP (2)'!$E$6:$E$100,"") | G66: =_xlfn.XLOOKUP($C66,'PP1 (1)'!$B$6:$B$66,'PP1 (1)'!$E$6:$E$66,"") | H66: =_xlfn.XLOOKUP($C66,'PP1 (2)'!$B$6:$B$100,'PP1 (2)'!$E$6:$E$100,"") | I66: =_xlfn.XLOOKUP($C66,'PP2 (1)'!$B$6:$B$99,'PP2 (1)'!$E$6:$E$99,"") -> 0 | J66: =_xlfn.XLOOKUP($C66,'PP2 (2)'!$B$6:$B$100,'PP2 (2)'!$E$6:$E$100,"") -> 0 | K66: =_xlfn.XLOOKUP($C66,'PP3 (1)'!$B$5:$B$113,'PP3 (1)'!$E$5:$E$113,"") | L66: =_xlfn.XLOOKUP($C66,'PP3 (2)'!$B$5:$B$112,'PP3 (2)'!$E$5:$E$112,"") | M66: =_xlfn.XLOOKUP($C66,'PP4 (1)'!$B$6:$B$100,'PP4 (1)'!$E$6:$E$100,"") | N66: =_xlfn.XLOOKUP($C66,'PP4 (2)'!$B$6:$B$100,'PP4 (2)'!$E$6:$E$100,"") | O66: =_xlfn.XLOOKUP($C66,'PP5 (1)'!$B$6:$B$100,'PP5 (1)'!$E$6:$E$100,"") | P66: =_xlfn.XLOOKUP($C66,'PP5(2)'!$B$6:$B$100,'PP5(2)'!$E$6:$E$100,"") | Q66: =SUM(R66:AC66) -> 13 | R66: =_xlfn.XLOOKUP($C66,'MP (1)'!$B$6:$B$100,'MP (1)'!$F$6:$F$100,"") | S66: =_xlfn.XLOOKUP($C66,'MP (2)'!$B$6:$B$100,'MP (2)'!$F$6:$F$100,"") | T66: =_xlfn.XLOOKUP($C66,'PP1 (1)'!$B$6:$B$66,'PP1 (1)'!$F$6:$F$66,"") | U66: =_xlfn.XLOOKUP($C66,'PP1 (2)'!$B$6:$B$100,'PP1 (2)'!$F$6:$F$100,"") | V66: =_xlfn.XLOOKUP($C66,'PP2 (1)'!$B$6:$B$99,'PP2 (1)'!$F$6:$F$99,"") -> 7 | W66: =_xlfn.XLOOKUP($C66,'PP2 (2)'!$B$6:$B$100,'PP2 (2)'!$F$6:$F$100,"") -> 6 | X66: =_xlfn.XLOOKUP($C66,'PP3 (1)'!$B$5:$B$113,'PP3 (1)'!$F$5:$F$113,"") | Y66: =_xlfn.XLOOKUP($C66,'PP3 (2)'!$B$5:$B$112,'PP3 (2)'!$F$5:$F$112,"") | Z66: =_xlfn.XLOOKUP($C66,'PP4 (1)'!$B$6:$B$100,'PP4 (1)'!$F$6:$F$100,"") | AA66: =_xlfn.XLOOKUP($C66,'PP4 (2)'!$B$6:$B$100,'PP4 (2)'!$F$6:$F$100,"") | AB66: =_xlfn.XLOOKUP($C66,'PP5 (1)'!$B$6:$B$100,'PP5 (1)'!$F$6:$F$100,"") | AC66: =_xlfn.XLOOKUP($C66,'PP5(2)'!$B$6:$B$100,'PP5(2)'!$F$6:$F$100,"") | AD66: =SUM(AE66:AP66) -> -42 | AE66: =_xlfn.XLOOKUP($C66,'MP (1)'!$B$6:$B$100,'MP (1)'!$H$6:$H$100,"") | AF66: =_xlfn.XLOOKUP($C66,'MP (2)'!$B$6:$B$100,'MP (2)'!$H$6:$H$100,"") | AG66: =_xlfn.XLOOKUP($C66,'PP1 (1)'!$B$6:$B$66,'PP1 (1)'!$H$6:$H$66,"") | AH66: =_xlfn.XLOOKUP($C66,'PP1 (2)'!$B$6:$B$100,'PP1 (2)'!$H$6:$H$100,"") | AI66: =_xlfn.XLOOKUP($C66,'PP2 (1)'!$B$6:$B$99,'PP2 (1)'!$H$6:$H$99,"") -> -18 | AJ66: =_xlfn.XLOOKUP($C66,'PP2 (2)'!$B$6:$B$100,'PP2 (2)'!$H$6:$H$100,"") -> -24 | AK66: =_xlfn.XLOOKUP($C66,'PP3 (1)'!$B$5:$B$113,'PP3 (1)'!$H$5:$H$113,"") | AL66: =_xlfn.XLOOKUP($C66,'PP3 (2)'!$B$5:$B$112,'PP3 (2)'!$H$5:$H$112,"") | AM66: =_xlfn.XLOOKUP($C66,'PP4 (1)'!$B$6:$B$100,'PP4 (1)'!$H$6:$H$100,"") | AN66: =_xlfn.XLOOKUP($C66,'PP4 (2)'!$B$6:$B$100,'PP4 (2)'!$H$6:$H$100,"") | AO66: =_xlfn.XLOOKUP($C66,'PP5 (1)'!$B$6:$B$100,'PP5 (1)'!$H$6:$H$100,"") | AP66: =_xlfn.XLOOKUP($C66,'PP5(2)'!$B$6:$B$100,'PP5(2)'!$H$6:$H$100,"")
A67: =ROW()-4 -> 63 | B67: 4 | C67: ADAMCZEWSKI Wojciech | D67: =SUM(E67:P67) -> 0 | E67: =_xlfn.XLOOKUP($C67,'MP (1)'!$B$6:$B$100,'MP (1)'!$E$6:$E$100,"") | F67: =_xlfn.XLOOKUP($C67,'MP (2)'!$B$6:$B$100,'MP (2)'!$E$6:$E$100,"") | G67: =_xlfn.XLOOKUP($C67,'PP1 (1)'!$B$6:$B$66,'PP1 (1)'!$E$6:$E$66,"") | H67: =_xlfn.XLOOKUP($C67,'PP1 (2)'!$B$6:$B$100,'PP1 (2)'!$E$6:$E$100,"") | I67: =_xlfn.XLOOKUP($C67,'PP2 (1)'!$B$6:$B$99,'PP2 (1)'!$E$6:$E$99,"") | J67: =_xlfn.XLOOKUP($C67,'PP2 (2)'!$B$6:$B$100,'PP2 (2)'!$E$6:$E$100,"") | K67: =_xlfn.XLOOKUP($C67,'PP3 (1)'!$B$5:$B$113,'PP3 (1)'!$E$5:$E$113,"") | L67: =_xlfn.XLOOKUP($C67,'PP3 (2)'!$B$5:$B$112,'PP3 (2)'!$E$5:$E$112,"") | M67: =_xlfn.XLOOKUP($C67,'PP4 (1)'!$B$6:$B$100,'PP4 (1)'!$E$6:$E$100,"") | N67: =_xlfn.XLOOKUP($C67,'PP4 (2)'!$B$6:$B$100,'PP4 (2)'!$E$6:$E$100,"") | O67: =_xlfn.XLOOKUP($C67,'PP5 (1)'!$B$6:$B$100,'PP5 (1)'!$E$6:$E$100,"") | P67: =_xlfn.XLOOKUP($C67,'PP5(2)'!$B$6:$B$100,'PP5(2)'!$E$6:$E$100,"") | Q67: =SUM(R67:AC67) -> 0 | R67: =_xlfn.XLOOKUP($C67,'MP (1)'!$B$6:$B$100,'MP (1)'!$F$6:$F$100,"") | S67: =_xlfn.XLOOKUP($C67,'MP (2)'!$B$6:$B$100,'MP (2)'!$F$6:$F$100,"") | T67: =_xlfn.XLOOKUP($C67,'PP1 (1)'!$B$6:$B$66,'PP1 (1)'!$F$6:$F$66,"") | U67: =_xlfn.XLOOKUP($C67,'PP1 (2)'!$B$6:$B$100,'PP1 (2)'!$F$6:$F$100,"") | V67: =_xlfn.XLOOKUP($C67,'PP2 (1)'!$B$6:$B$99,'PP2 (1)'!$F$6:$F$99,"") | W67: =_xlfn.XLOOKUP($C67,'PP2 (2)'!$B$6:$B$100,'PP2 (2)'!$F$6:$F$100,"") | X67: =_xlfn.XLOOKUP($C67,'PP3 (1)'!$B$5:$B$113,'PP3 (1)'!$F$5:$F$113,"") | Y67: =_xlfn.XLOOKUP($C67,'PP3 (2)'!$B$5:$B$112,'PP3 (2)'!$F$5:$F$112,"") | Z67: =_xlfn.XLOOKUP($C67,'PP4 (1)'!$B$6:$B$100,'PP4 (1)'!$F$6:$F$100,"") | AA67: =_xlfn.XLOOKUP($C67,'PP4 (2)'!$B$6:$B$100,'PP4 (2)'!$F$6:$F$100,"") | AB67: =_xlfn.XLOOKUP($C67,'PP5 (1)'!$B$6:$B$100,'PP5 (1)'!$F$6:$F$100,"") | AC67: =_xlfn.XLOOKUP($C67,'PP5(2)'!$B$6:$B$100,'PP5(2)'!$F$6:$F$100,"") | AD67: =SUM(AE67:AP67) -> 0 | AE67: =_xlfn.XLOOKUP($C67,'MP (1)'!$B$6:$B$100,'MP (1)'!$H$6:$H$100,"") | AF67: =_xlfn.XLOOKUP($C67,'MP (2)'!$B$6:$B$100,'MP (2)'!$H$6:$H$100,"") | AG67: =_xlfn.XLOOKUP($C67,'PP1 (1)'!$B$6:$B$66,'PP1 (1)'!$H$6:$H$66,"") | AH67: =_xlfn.XLOOKUP($C67,'PP1 (2)'!$B$6:$B$100,'PP1 (2)'!$H$6:$H$100,"") | AI67: =_xlfn.XLOOKUP($C67,'PP2 (1)'!$B$6:$B$99,'PP2 (1)'!$H$6:$H$99,"") | AJ67: =_xlfn.XLOOKUP($C67,'PP2 (2)'!$B$6:$B$100,'PP2 (2)'!$H$6:$H$100,"") | AK67: =_xlfn.XLOOKUP($C67,'PP3 (1)'!$B$5:$B$113,'PP3 (1)'!$H$5:$H$113,"") | AL67: =_xlfn.XLOOKUP($C67,'PP3 (2)'!$B$5:$B$112,'PP3 (2)'!$H$5:$H$112,"") | AM67: =_xlfn.XLOOKUP($C67,'PP4 (1)'!$B$6:$B$100,'PP4 (1)'!$H$6:$H$100,"") | AN67: =_xlfn.XLOOKUP($C67,'PP4 (2)'!$B$6:$B$100,'PP4 (2)'!$H$6:$H$100,"") | AO67: =_xlfn.XLOOKUP($C67,'PP5 (1)'!$B$6:$B$100,'PP5 (1)'!$H$6:$H$100,"") | AP67: =_xlfn.XLOOKUP($C67,'PP5(2)'!$B$6:$B$100,'PP5(2)'!$H$6:$H$100,"")
A68: =ROW()-4 -> 64 | B68: 3 | C68: BARAŃSKI Wacław | D68: =SUM(E68:P68) -> 0 | E68: =_xlfn.XLOOKUP($C68,'MP (1)'!$B$6:$B$100,'MP (1)'!$E$6:$E$100,"") | F68: =_xlfn.XLOOKUP($C68,'MP (2)'!$B$6:$B$100,'MP (2)'!$E$6:$E$100,"") | G68: =_xlfn.XLOOKUP($C68,'PP1 (1)'!$B$6:$B$66,'PP1 (1)'!$E$6:$E$66,"") | H68: =_xlfn.XLOOKUP($C68,'PP1 (2)'!$B$6:$B$100,'PP1 (2)'!$E$6:$E$100,"") | I68: =_xlfn.XLOOKUP($C68,'PP2 (1)'!$B$6:$B$99,'PP2 (1)'!$E$6:$E$99,"") | J68: =_xlfn.XLOOKUP($C68,'PP2 (2)'!$B$6:$B$100,'PP2 (2)'!$E$6:$E$100,"") | K68: =_xlfn.XLOOKUP($C68,'PP3 (1)'!$B$5:$B$113,'PP3 (1)'!$E$5:$E$113,"") | L68: =_xlfn.XLOOKUP($C68,'PP3 (2)'!$B$5:$B$112,'PP3 (2)'!$E$5:$E$112,"") | M68: =_xlfn.XLOOKUP($C68,'PP4 (1)'!$B$6:$B$100,'PP4 (1)'!$E$6:$E$100,"") | N68: =_xlfn.XLOOKUP($C68,'PP4 (2)'!$B$6:$B$100,'PP4 (2)'!$E$6:$E$100,"") | O68: =_xlfn.XLOOKUP($C68,'PP5 (1)'!$B$6:$B$100,'PP5 (1)'!$E$6:$E$100,"") | P68: =_xlfn.XLOOKUP($C68,'PP5(2)'!$B$6:$B$100,'PP5(2)'!$E$6:$E$100,"") | Q68: =SUM(R68:AC68) -> 0 | R68: =_xlfn.XLOOKUP($C68,'MP (1)'!$B$6:$B$100,'MP (1)'!$F$6:$F$100,"") | S68: =_xlfn.XLOOKUP($C68,'MP (2)'!$B$6:$B$100,'MP (2)'!$F$6:$F$100,"") | T68: =_xlfn.XLOOKUP($C68,'PP1 (1)'!$B$6:$B$66,'PP1 (1)'!$F$6:$F$66,"") | U68: =_xlfn.XLOOKUP($C68,'PP1 (2)'!$B$6:$B$100,'PP1 (2)'!$F$6:$F$100,"") | V68: =_xlfn.XLOOKUP($C68,'PP2 (1)'!$B$6:$B$99,'PP2 (1)'!$F$6:$F$99,"") | W68: =_xlfn.XLOOKUP($C68,'PP2 (2)'!$B$6:$B$100,'PP2 (2)'!$F$6:$F$100,"") | X68: =_xlfn.XLOOKUP($C68,'PP3 (1)'!$B$5:$B$113,'PP3 (1)'!$F$5:$F$113,"") | Y68: =_xlfn.XLOOKUP($C68,'PP3 (2)'!$B$5:$B$112,'PP3 (2)'!$F$5:$F$112,"") | Z68: =_xlfn.XLOOKUP($C68,'PP4 (1)'!$B$6:$B$100,'PP4 (1)'!$F$6:$F$100,"") | AA68: =_xlfn.XLOOKUP($C68,'PP4 (2)'!$B$6:$B$100,'PP4 (2)'!$F$6:$F$100,"") | AB68: =_xlfn.XLOOKUP($C68,'PP5 (1)'!$B$6:$B$100,'PP5 (1)'!$F$6:$F$100,"") | AC68: =_xlfn.XLOOKUP($C68,'PP5(2)'!$B$6:$B$100,'PP5(2)'!$F$6:$F$100,"") | AD68: =SUM(AE68:AP68) -> 0 | AE68: =_xlfn.XLOOKUP($C68,'MP (1)'!$B$6:$B$100,'MP (1)'!$H$6:$H$100,"") | AF68: =_xlfn.XLOOKUP($C68,'MP (2)'!$B$6:$B$100,'MP (2)'!$H$6:$H$100,"") | AG68: =_xlfn.XLOOKUP($C68,'PP1 (1)'!$B$6:$B$66,'PP1 (1)'!$H$6:$H$66,"") | AH68: =_xlfn.XLOOKUP($C68,'PP1 (2)'!$B$6:$B$100,'PP1 (2)'!$H$6:$H$100,"") | AI68: =_xlfn.XLOOKUP($C68,'PP2 (1)'!$B$6:$B$99,'PP2 (1)'!$H$6:$H$99,"") | AJ68: =_xlfn.XLOOKUP($C68,'PP2 (2)'!$B$6:$B$100,'PP2 (2)'!$H$6:$H$100,"") | AK68: =_xlfn.XLOOKUP($C68,'PP3 (1)'!$B$5:$B$113,'PP3 (1)'!$H$5:$H$113,"") | AL68: =_xlfn.XLOOKUP($C68,'PP3 (2)'!$B$5:$B$112,'PP3 (2)'!$H$5:$H$112,"") | AM68: =_xlfn.XLOOKUP($C68,'PP4 (1)'!$B$6:$B$100,'PP4 (1)'!$H$6:$H$100,"") | AN68: =_xlfn.XLOOKUP($C68,'PP4 (2)'!$B$6:$B$100,'PP4 (2)'!$H$6:$H$100,"") | AO68: =_xlfn.XLOOKUP($C68,'PP5 (1)'!$B$6:$B$100,'PP5 (1)'!$H$6:$H$100,"") | AP68: =_xlfn.XLOOKUP($C68,'PP5(2)'!$B$6:$B$100,'PP5(2)'!$H$6:$H$100,"")
A69: =ROW()-4 -> 65 | B69: 2 | C69: BROSCH Artur | D69: =SUM(E69:P69) -> 0 | E69: =_xlfn.XLOOKUP($C69,'MP (1)'!$B$6:$B$100,'MP (1)'!$E$6:$E$100,"") | F69: =_xlfn.XLOOKUP($C69,'MP (2)'!$B$6:$B$100,'MP (2)'!$E$6:$E$100,"") | G69: =_xlfn.XLOOKUP($C69,'PP1 (1)'!$B$6:$B$66,'PP1 (1)'!$E$6:$E$66,"") | H69: =_xlfn.XLOOKUP($C69,'PP1 (2)'!$B$6:$B$100,'PP1 (2)'!$E$6:$E$100,"") | I69: =_xlfn.XLOOKUP($C69,'PP2 (1)'!$B$6:$B$99,'PP2 (1)'!$E$6:$E$99,"") | J69: =_xlfn.XLOOKUP($C69,'PP2 (2)'!$B$6:$B$100,'PP2 (2)'!$E$6:$E$100,"") | K69: =_xlfn.XLOOKUP($C69,'PP3 (1)'!$B$5:$B$113,'PP3 (1)'!$E$5:$E$113,"") | L69: =_xlfn.XLOOKUP($C69,'PP3 (2)'!$B$5:$B$112,'PP3 (2)'!$E$5:$E$112,"") | M69: =_xlfn.XLOOKUP($C69,'PP4 (1)'!$B$6:$B$100,'PP4 (1)'!$E$6:$E$100,"") | N69: =_xlfn.XLOOKUP($C69,'PP4 (2)'!$B$6:$B$100,'PP4 (2)'!$E$6:$E$100,"") | O69: =_xlfn.XLOOKUP($C69,'PP5 (1)'!$B$6:$B$100,'PP5 (1)'!$E$6:$E$100,"") | P69: =_xlfn.XLOOKUP($C69,'PP5(2)'!$B$6:$B$100,'PP5(2)'!$E$6:$E$100,"") | Q69: =SUM(R69:AC69) -> 0 | R69: =_xlfn.XLOOKUP($C69,'MP (1)'!$B$6:$B$100,'MP (1)'!$F$6:$F$100,"") | S69: =_xlfn.XLOOKUP($C69,'MP (2)'!$B$6:$B$100,'MP (2)'!$F$6:$F$100,"") | T69: =_xlfn.XLOOKUP($C69,'PP1 (1)'!$B$6:$B$66,'PP1 (1)'!$F$6:$F$66,"") | U69: =_xlfn.XLOOKUP($C69,'PP1 (2)'!$B$6:$B$100,'PP1 (2)'!$F$6:$F$100,"") | V69: =_xlfn.XLOOKUP($C69,'PP2 (1)'!$B$6:$B$99,'PP2 (1)'!$F$6:$F$99,"") | W69: =_xlfn.XLOOKUP($C69,'PP2 (2)'!$B$6:$B$100,'PP2 (2)'!$F$6:$F$100,"") | X69: =_xlfn.XLOOKUP($C69,'PP3 (1)'!$B$5:$B$113,'PP3 (1)'!$F$5:$F$113,"") | Y69: =_xlfn.XLOOKUP($C69,'PP3 (2)'!$B$5:$B$112,'PP3 (2)'!$F$5:$F$112,"") | Z69: =_xlfn.XLOOKUP($C69,'PP4 (1)'!$B$6:$B$100,'PP4 (1)'!$F$6:$F$100,"") | AA69: =_xlfn.XLOOKUP($C69,'PP4 (2)'!$B$6:$B$100,'PP4 (2)'!$F$6:$F$100,"") | AB69: =_xlfn.XLOOKUP($C69,'PP5 (1)'!$B$6:$B$100,'PP5 (1)'!$F$6:$F$100,"") | AC69: =_xlfn.XLOOKUP($C69,'PP5(2)'!$B$6:$B$100,'PP5(2)'!$F$6:$F$100,"") | AD69: =SUM(AE69:AP69) -> 0 | AE69: =_xlfn.XLOOKUP($C69,'MP (1)'!$B$6:$B$100,'MP (1)'!$H$6:$H$100,"") | AF69: =_xlfn.XLOOKUP($C69,'MP (2)'!$B$6:$B$100,'MP (2)'!$H$6:$H$100,"") | AG69: =_xlfn.XLOOKUP($C69,'PP1 (1)'!$B$6:$B$66,'PP1 (1)'!$H$6:$H$66,"") | AH69: =_xlfn.XLOOKUP($C69,'PP1 (2)'!$B$6:$B$100,'PP1 (2)'!$H$6:$H$100,"") | AI69: =_xlfn.XLOOKUP($C69,'PP2 (1)'!$B$6:$B$99,'PP2 (1)'!$H$6:$H$99,"") | AJ69: =_xlfn.XLOOKUP($C69,'PP2 (2)'!$B$6:$B$100,'PP2 (2)'!$H$6:$H$100,"") | AK69: =_xlfn.XLOOKUP($C69,'PP3 (1)'!$B$5:$B$113,'PP3 (1)'!$H$5:$H$113,"") | AL69: =_xlfn.XLOOKUP($C69,'PP3 (2)'!$B$5:$B$112,'PP3 (2)'!$H$5:$H$112,"") | AM69: =_xlfn.XLOOKUP($C69,'PP4 (1)'!$B$6:$B$100,'PP4 (1)'!$H$6:$H$100,"") | AN69: =_xlfn.XLOOKUP($C69,'PP4 (2)'!$B$6:$B$100,'PP4 (2)'!$H$6:$H$100,"") | AO69: =_xlfn.XLOOKUP($C69,'PP5 (1)'!$B$6:$B$100,'PP5 (1)'!$H$6:$H$100,"") | AP69: =_xlfn.XLOOKUP($C69,'PP5(2)'!$B$6:$B$100,'PP5(2)'!$H$6:$H$100,"")
A70: =ROW()-4 -> 66 | B70: 1k | C70: BUJKO Paulina | D70: =SUM(E70:P70) -> 0 | E70: =_xlfn.XLOOKUP($C70,'MP (1)'!$B$6:$B$100,'MP (1)'!$E$6:$E$100,"") | F70: =_xlfn.XLOOKUP($C70,'MP (2)'!$B$6:$B$100,'MP (2)'!$E$6:$E$100,"") | G70: =_xlfn.XLOOKUP($C70,'PP1 (1)'!$B$6:$B$66,'PP1 (1)'!$E$6:$E$66,"") | H70: =_xlfn.XLOOKUP($C70,'PP1 (2)'!$B$6:$B$100,'PP1 (2)'!$E$6:$E$100,"") | I70: =_xlfn.XLOOKUP($C70,'PP2 (1)'!$B$6:$B$99,'PP2 (1)'!$E$6:$E$99,"") | J70: =_xlfn.XLOOKUP($C70,'PP2 (2)'!$B$6:$B$100,'PP2 (2)'!$E$6:$E$100,"") | K70: =_xlfn.XLOOKUP($C70,'PP3 (1)'!$B$5:$B$113,'PP3 (1)'!$E$5:$E$113,"") | L70: =_xlfn.XLOOKUP($C70,'PP3 (2)'!$B$5:$B$112,'PP3 (2)'!$E$5:$E$112,"") | M70: =_xlfn.XLOOKUP($C70,'PP4 (1)'!$B$6:$B$100,'PP4 (1)'!$E$6:$E$100,"") | N70: =_xlfn.XLOOKUP($C70,'PP4 (2)'!$B$6:$B$100,'PP4 (2)'!$E$6:$E$100,"") | O70: =_xlfn.XLOOKUP($C70,'PP5 (1)'!$B$6:$B$100,'PP5 (1)'!$E$6:$E$100,"") | P70: =_xlfn.XLOOKUP($C70,'PP5(2)'!$B$6:$B$100,'PP5(2)'!$E$6:$E$100,"") | Q70: =SUM(R70:AC70) -> 0 | R70: =_xlfn.XLOOKUP($C70,'MP (1)'!$B$6:$B$100,'MP (1)'!$F$6:$F$100,"") | S70: =_xlfn.XLOOKUP($C70,'MP (2)'!$B$6:$B$100,'MP (2)'!$F$6:$F$100,"") | T70: =_xlfn.XLOOKUP($C70,'PP1 (1)'!$B$6:$B$66,'PP1 (1)'!$F$6:$F$66,"") | U70: =_xlfn.XLOOKUP($C70,'PP1 (2)'!$B$6:$B$100,'PP1 (2)'!$F$6:$F$100,"") | V70: =_xlfn.XLOOKUP($C70,'PP2 (1)'!$B$6:$B$99,'PP2 (1)'!$F$6:$F$99,"") | W70: =_xlfn.XLOOKUP($C70,'PP2 (2)'!$B$6:$B$100,'PP2 (2)'!$F$6:$F$100,"") | X70: =_xlfn.XLOOKUP($C70,'PP3 (1)'!$B$5:$B$113,'PP3 (1)'!$F$5:$F$113,"") | Y70: =_xlfn.XLOOKUP($C70,'PP3 (2)'!$B$5:$B$112,'PP3 (2)'!$F$5:$F$112,"") | Z70: =_xlfn.XLOOKUP($C70,'PP4 (1)'!$B$6:$B$100,'PP4 (1)'!$F$6:$F$100,"") | AA70: =_xlfn.XLOOKUP($C70,'PP4 (2)'!$B$6:$B$100,'PP4 (2)'!$F$6:$F$100,"") | AB70: =_xlfn.XLOOKUP($C70,'PP5 (1)'!$B$6:$B$100,'PP5 (1)'!$F$6:$F$100,"") | AC70: =_xlfn.XLOOKUP($C70,'PP5(2)'!$B$6:$B$100,'PP5(2)'!$F$6:$F$100,"") | AD70: =SUM(AE70:AP70) -> 0 | AE70: =_xlfn.XLOOKUP($C70,'MP (1)'!$B$6:$B$100,'MP (1)'!$H$6:$H$100,"") | AF70: =_xlfn.XLOOKUP($C70,'MP (2)'!$B$6:$B$100,'MP (2)'!$H$6:$H$100,"") | AG70: =_xlfn.XLOOKUP($C70,'PP1 (1)'!$B$6:$B$66,'PP1 (1)'!$H$6:$H$66,"") | AH70: =_xlfn.XLOOKUP($C70,'PP1 (2)'!$B$6:$B$100,'PP1 (2)'!$H$6:$H$100,"") | AI70: =_xlfn.XLOOKUP($C70,'PP2 (1)'!$B$6:$B$99,'PP2 (1)'!$H$6:$H$99,"") | AJ70: =_xlfn.XLOOKUP($C70,'PP2 (2)'!$B$6:$B$100,'PP2 (2)'!$H$6:$H$100,"") | AK70: =_xlfn.XLOOKUP($C70,'PP3 (1)'!$B$5:$B$113,'PP3 (1)'!$H$5:$H$113,"") | AL70: =_xlfn.XLOOKUP($C70,'PP3 (2)'!$B$5:$B$112,'PP3 (2)'!$H$5:$H$112,"") | AM70: =_xlfn.XLOOKUP($C70,'PP4 (1)'!$B$6:$B$100,'PP4 (1)'!$H$6:$H$100,"") | AN70: =_xlfn.XLOOKUP($C70,'PP4 (2)'!$B$6:$B$100,'PP4 (2)'!$H$6:$H$100,"") | AO70: =_xlfn.XLOOKUP($C70,'PP5 (1)'!$B$6:$B$100,'PP5 (1)'!$H$6:$H$100,"") | AP70: =_xlfn.XLOOKUP($C70,'PP5(2)'!$B$6:$B$100,'PP5(2)'!$H$6:$H$100,"")
A71: =ROW()-4 -> 67 | B71: 0 | C71: CHOJNACKI Tomasz | D71: =SUM(E71:P71) -> 0 | E71: =_xlfn.XLOOKUP($C71,'MP (1)'!$B$6:$B$100,'MP (1)'!$E$6:$E$100,"") | F71: =_xlfn.XLOOKUP($C71,'MP (2)'!$B$6:$B$100,'MP (2)'!$E$6:$E$100,"") | G71: =_xlfn.XLOOKUP($C71,'PP1 (1)'!$B$6:$B$66,'PP1 (1)'!$E$6:$E$66,"") | H71: =_xlfn.XLOOKUP($C71,'PP1 (2)'!$B$6:$B$100,'PP1 (2)'!$E$6:$E$100,"") | I71: =_xlfn.XLOOKUP($C71,'PP2 (1)'!$B$6:$B$99,'PP2 (1)'!$E$6:$E$99,"") | J71: =_xlfn.XLOOKUP($C71,'PP2 (2)'!$B$6:$B$100,'PP2 (2)'!$E$6:$E$100,"") | K71: =_xlfn.XLOOKUP($C71,'PP3 (1)'!$B$5:$B$113,'PP3 (1)'!$E$5:$E$113,"") | L71: =_xlfn.XLOOKUP($C71,'PP3 (2)'!$B$5:$B$112,'PP3 (2)'!$E$5:$E$112,"") | M71: =_xlfn.XLOOKUP($C71,'PP4 (1)'!$B$6:$B$100,'PP4 (1)'!$E$6:$E$100,"") | N71: =_xlfn.XLOOKUP($C71,'PP4 (2)'!$B$6:$B$100,'PP4 (2)'!$E$6:$E$100,"") | O71: =_xlfn.XLOOKUP($C71,'PP5 (1)'!$B$6:$B$100,'PP5 (1)'!$E$6:$E$100,"") | P71: =_xlfn.XLOOKUP($C71,'PP5(2)'!$B$6:$B$100,'PP5(2)'!$E$6:$E$100,"") | Q71: =SUM(R71:AC71) -> 0 | R71: =_xlfn.XLOOKUP($C71,'MP (1)'!$B$6:$B$100,'MP (1)'!$F$6:$F$100,"") | S71: =_xlfn.XLOOKUP($C71,'MP (2)'!$B$6:$B$100,'MP (2)'!$F$6:$F$100,"") | T71: =_xlfn.XLOOKUP($C71,'PP1 (1)'!$B$6:$B$66,'PP1 (1)'!$F$6:$F$66,"") | U71: =_xlfn.XLOOKUP($C71,'PP1 (2)'!$B$6:$B$100,'PP1 (2)'!$F$6:$F$100,"") | V71: =_xlfn.XLOOKUP($C71,'PP2 (1)'!$B$6:$B$99,'PP2 (1)'!$F$6:$F$99,"") | W71: =_xlfn.XLOOKUP($C71,'PP2 (2)'!$B$6:$B$100,'PP2 (2)'!$F$6:$F$100,"") | X71: =_xlfn.XLOOKUP($C71,'PP3 (1)'!$B$5:$B$113,'PP3 (1)'!$F$5:$F$113,"") | Y71: =_xlfn.XLOOKUP($C71,'PP3 (2)'!$B$5:$B$112,'PP3 (2)'!$F$5:$F$112,"") | Z71: =_xlfn.XLOOKUP($C71,'PP4 (1)'!$B$6:$B$100,'PP4 (1)'!$F$6:$F$100,"") | AA71: =_xlfn.XLOOKUP($C71,'PP4 (2)'!$B$6:$B$100,'PP4 (2)'!$F$6:$F$100,"") | AB71: =_xlfn.XLOOKUP($C71,'PP5 (1)'!$B$6:$B$100,'PP5 (1)'!$F$6:$F$100,"") | AC71: =_xlfn.XLOOKUP($C71,'PP5(2)'!$B$6:$B$100,'PP5(2)'!$F$6:$F$100,"") | AD71: =SUM(AE71:AP71) -> 0 | AE71: =_xlfn.XLOOKUP($C71,'MP (1)'!$B$6:$B$100,'MP (1)'!$H$6:$H$100,"") | AF71: =_xlfn.XLOOKUP($C71,'MP (2)'!$B$6:$B$100,'MP (2)'!$H$6:$H$100,"") | AG71: =_xlfn.XLOOKUP($C71,'PP1 (1)'!$B$6:$B$66,'PP1 (1)'!$H$6:$H$66,"") | AH71: =_xlfn.XLOOKUP($C71,'PP1 (2)'!$B$6:$B$100,'PP1 (2)'!$H$6:$H$100,"") | AI71: =_xlfn.XLOOKUP($C71,'PP2 (1)'!$B$6:$B$99,'PP2 (1)'!$H$6:$H$99,"") | AJ71: =_xlfn.XLOOKUP($C71,'PP2 (2)'!$B$6:$B$100,'PP2 (2)'!$H$6:$H$100,"") | AK71: =_xlfn.XLOOKUP($C71,'PP3 (1)'!$B$5:$B$113,'PP3 (1)'!$H$5:$H$113,"") | AL71: =_xlfn.XLOOKUP($C71,'PP3 (2)'!$B$5:$B$112,'PP3 (2)'!$H$5:$H$112,"") | AM71: =_xlfn.XLOOKUP($C71,'PP4 (1)'!$B$6:$B$100,'PP4 (1)'!$H$6:$H$100,"") | AN71: =_xlfn.XLOOKUP($C71,'PP4 (2)'!$B$6:$B$100,'PP4 (2)'!$H$6:$H$100,"") | AO71: =_xlfn.XLOOKUP($C71,'PP5 (1)'!$B$6:$B$100,'PP5 (1)'!$H$6:$H$100,"") | AP71: =_xlfn.XLOOKUP($C71,'PP5(2)'!$B$6:$B$100,'PP5(2)'!$H$6:$H$100,"")
A72: =ROW()-4 -> 68 | B72: 0 | C72: DOMAŃSKI Sławomir | D72: =SUM(E72:P72) -> 0 | E72: =_xlfn.XLOOKUP($C72,'MP (1)'!$B$6:$B$100,'MP (1)'!$E$6:$E$100,"") | F72: =_xlfn.XLOOKUP($C72,'MP (2)'!$B$6:$B$100,'MP (2)'!$E$6:$E$100,"") | G72: =_xlfn.XLOOKUP($C72,'PP1 (1)'!$B$6:$B$66,'PP1 (1)'!$E$6:$E$66,"") | H72: =_xlfn.XLOOKUP($C72,'PP1 (2)'!$B$6:$B$100,'PP1 (2)'!$E$6:$E$100,"") | I72: =_xlfn.XLOOKUP($C72,'PP2 (1)'!$B$6:$B$99,'PP2 (1)'!$E$6:$E$99,"") | J72: =_xlfn.XLOOKUP($C72,'PP2 (2)'!$B$6:$B$100,'PP2 (2)'!$E$6:$E$100,"") | K72: =_xlfn.XLOOKUP($C72,'PP3 (1)'!$B$5:$B$113,'PP3 (1)'!$E$5:$E$113,"") | L72: =_xlfn.XLOOKUP($C72,'PP3 (2)'!$B$5:$B$112,'PP3 (2)'!$E$5:$E$112,"") | M72: =_xlfn.XLOOKUP($C72,'PP4 (1)'!$B$6:$B$100,'PP4 (1)'!$E$6:$E$100,"") | N72: =_xlfn.XLOOKUP($C72,'PP4 (2)'!$B$6:$B$100,'PP4 (2)'!$E$6:$E$100,"") | O72: =_xlfn.XLOOKUP($C72,'PP5 (1)'!$B$6:$B$100,'PP5 (1)'!$E$6:$E$100,"") | P72: =_xlfn.XLOOKUP($C72,'PP5(2)'!$B$6:$B$100,'PP5(2)'!$E$6:$E$100,"") | Q72: =SUM(R72:AC72) -> 0 | R72: =_xlfn.XLOOKUP($C72,'MP (1)'!$B$6:$B$100,'MP (1)'!$F$6:$F$100,"") | S72: =_xlfn.XLOOKUP($C72,'MP (2)'!$B$6:$B$100,'MP (2)'!$F$6:$F$100,"") | T72: =_xlfn.XLOOKUP($C72,'PP1 (1)'!$B$6:$B$66,'PP1 (1)'!$F$6:$F$66,"") | U72: =_xlfn.XLOOKUP($C72,'PP1 (2)'!$B$6:$B$100,'PP1 (2)'!$F$6:$F$100,"") | V72: =_xlfn.XLOOKUP($C72,'PP2 (1)'!$B$6:$B$99,'PP2 (1)'!$F$6:$F$99,"") | W72: =_xlfn.XLOOKUP($C72,'PP2 (2)'!$B$6:$B$100,'PP2 (2)'!$F$6:$F$100,"") | X72: =_xlfn.XLOOKUP($C72,'PP3 (1)'!$B$5:$B$113,'PP3 (1)'!$F$5:$F$113,"") | Y72: =_xlfn.XLOOKUP($C72,'PP3 (2)'!$B$5:$B$112,'PP3 (2)'!$F$5:$F$112,"") | Z72: =_xlfn.XLOOKUP($C72,'PP4 (1)'!$B$6:$B$100,'PP4 (1)'!$F$6:$F$100,"") | AA72: =_xlfn.XLOOKUP($C72,'PP4 (2)'!$B$6:$B$100,'PP4 (2)'!$F$6:$F$100,"") | AB72: =_xlfn.XLOOKUP($C72,'PP5 (1)'!$B$6:$B$100,'PP5 (1)'!$F$6:$F$100,"") | AC72: =_xlfn.XLOOKUP($C72,'PP5(2)'!$B$6:$B$100,'PP5(2)'!$F$6:$F$100,"") | AD72: =SUM(AE72:AP72) -> 0 | AE72: =_xlfn.XLOOKUP($C72,'MP (1)'!$B$6:$B$100,'MP (1)'!$H$6:$H$100,"") | AF72: =_xlfn.XLOOKUP($C72,'MP (2)'!$B$6:$B$100,'MP (2)'!$H$6:$H$100,"") | AG72: =_xlfn.XLOOKUP($C72,'PP1 (1)'!$B$6:$B$66,'PP1 (1)'!$H$6:$H$66,"") | AH72: =_xlfn.XLOOKUP($C72,'PP1 (2)'!$B$6:$B$100,'PP1 (2)'!$H$6:$H$100,"") | AI72: =_xlfn.XLOOKUP($C72,'PP2 (1)'!$B$6:$B$99,'PP2 (1)'!$H$6:$H$99,"") | AJ72: =_xlfn.XLOOKUP($C72,'PP2 (2)'!$B$6:$B$100,'PP2 (2)'!$H$6:$H$100,"") | AK72: =_xlfn.XLOOKUP($C72,'PP3 (1)'!$B$5:$B$113,'PP3 (1)'!$H$5:$H$113,"") | AL72: =_xlfn.XLOOKUP($C72,'PP3 (2)'!$B$5:$B$112,'PP3 (2)'!$H$5:$H$112,"") | AM72: =_xlfn.XLOOKUP($C72,'PP4 (1)'!$B$6:$B$100,'PP4 (1)'!$H$6:$H$100,"") | AN72: =_xlfn.XLOOKUP($C72,'PP4 (2)'!$B$6:$B$100,'PP4 (2)'!$H$6:$H$100,"") | AO72: =_xlfn.XLOOKUP($C72,'PP5 (1)'!$B$6:$B$100,'PP5 (1)'!$H$6:$H$100,"") | AP72: =_xlfn.XLOOKUP($C72,'PP5(2)'!$B$6:$B$100,'PP5(2)'!$H$6:$H$100,"")
