Workbook

Sheet Ranking
B2: Dołączył/a do kategorii w tym roku | D2: Ranking Pucharu Polski Weteranów (PP) sezon 2024-2025 | R2: Na sumę punktów w rankingu skłąda się 4 najlepszych wyników (z 5 możliwych) w turniejach PP Weteranów oraz wynik z Mistrzostw Polski Weteranów.
D3: Kat. 3
A4: L.P. | B4: NAZWISKO Imię | C4: KLUB | D4: PUNKTY | E4: I PP | G4: II PP | I4: III PP | K4: IV PP | M4: V PP | O4: MPW
E5: M | F5: P | G5: M | H5: P | I5: M | J5: P | K5: M | L5: P | M5: M | N5: P | O5: M | P5: P
A6: =ROW()-5 -> 1 | B6: KRZEMIŃSKI Mariusz | D6: =SUM(F6,H6,J6,L6,N6,P6)-MIN(F6,H6,J6,L6,N6) -> 512.59257 | E6: =_xlfn.XLOOKUP($B6,'PP1'!$C$6:$C$101,'PP1'!$B$6:$B$101,"") -> 1 | F6: =_xlfn.XLOOKUP(E6,'PP1'!$B$6:$B$55,'PP1'!$A$6:$A$55,0) -> 109.38991 | G6: =_xlfn.XLOOKUP($B6,'PP2'!$C$6:$C$101,'PP2'!$B$6:$B$101,"") -> 3 | H6: =_xlfn.XLOOKUP(G6,'PP2'!$B$6:$B$55,'PP2'!$A$6:$A$55,0) -> 51.740251 | I6: =_xlfn.XLOOKUP($B6,'PP3'!$C$6:$C$101,'PP3'!$B$6:$B$101,"") -> 1 | J6: =_xlfn.XLOOKUP(I6,'PP3'!$B$6:$B$55,'PP3'!$A$6:$A$55,0) -> 110.01582 | K6: =_xlfn.XLOOKUP($B6,'PP4'!$C$6:$C$101,'PP4'!$B$6:$B$101,"") -> 1 | L6: =_xlfn.XLOOKUP(K6,'PP4'!$B$6:$B$55,'PP4'!$A$6:$A$55,0) -> 108.72075 | M6: =_xlfn.XLOOKUP($B6,'PP5'!$C$6:$C$101,'PP5'!$B$6:$B$101,"") | N6: =_xlfn.XLOOKUP(M6,'PP5'!$B$6:$B$55,'PP5'!$A$6:$A$55,0) -> 0 | O6: =_xlfn.XLOOKUP(B6,MPW!C$6:C$101,MPW!B$6:B$101,"") -> 1 | P6: =_xlfn.XLOOKUP(O6,MPW!B$6:B$55,MPW!A$6:A$55,0) -> 132.72583
A7: =ROW()-5 -> 2 | B7: KOSTRZEWA Ireneusz | D7: =SUM(F7,H7,J7,L7,N7,P7)-MIN(F7,H7,J7,L7,N7) -> 379.21984 | E7: =_xlfn.XLOOKUP($B7,'PP1'!$C$6:$C$101,'PP1'!$B$6:$B$101,"") -> 2 | F7: =_xlfn.XLOOKUP(E7,'PP1'!$B$6:$B$55,'PP1'!$A$6:$A$55,0) -> 78.176138 | G7: =_xlfn.XLOOKUP($B7,'PP2'!$C$6:$C$101,'PP2'!$B$6:$B$101,"") -> 1 | H7: =_xlfn.XLOOKUP(G7,'PP2'!$B$6:$B$55,'PP2'!$A$6:$A$55,0) -> 108.72075 | I7: =_xlfn.XLOOKUP($B7,'PP3'!$C$6:$C$101,'PP3'!$B$6:$B$101,"") -> 2 | J7: =_xlfn.XLOOKUP(I7,'PP3'!$B$6:$B$55,'PP3'!$A$6:$A$55,0) -> 79.179704 | K7: =_xlfn.XLOOKUP($B7,'PP4'!$C$6:$C$101,'PP4'!$B$6:$B$101,"") | L7: =_xlfn.XLOOKUP(K7,'PP4'!$B$6:$B$55,'PP4'!$A$6:$A$55,0) -> 0 | M7: =_xlfn.XLOOKUP($B7,'PP5'!$C$6:$C$101,'PP5'!$B$6:$B$101,"") -> 2 | N7: =_xlfn.XLOOKUP(M7,'PP5'!$B$6:$B$55,'PP5'!$A$6:$A$55,0) -> 61.946936 | O7: =_xlfn.XLOOKUP(B7,MPW!C$6:C$101,MPW!B$6:B$101,"") -> 4 | P7: =_xlfn.XLOOKUP(O7,MPW!B$6:B$55,MPW!A$6:A$55,0) -> 51.19631
A8: =ROW()-5 -> 3 | B8: AUGUSTOWSKI Waldemar | D8: =SUM(F8,H8,J8,L8,N8,P8)-MIN(F8,H8,J8,L8,N8) -> 312.43489 | E8: =_xlfn.XLOOKUP($B8,'PP1'!$C$6:$C$101,'PP1'!$B$6:$B$101,"") -> 7 | F8: =_xlfn.XLOOKUP(E8,'PP1'!$B$6:$B$55,'PP1'!$A$6:$A$55,0) -> 18.590196 | G8: =_xlfn.XLOOKUP($B8,'PP2'!$C$6:$C$101,'PP2'!$B$6:$B$101,"") -> 7 | H8: =_xlfn.XLOOKUP(G8,'PP2'!$B$6:$B$55,'PP2'!$A$6:$A$55,0) -> 16.604528 | I8: =_xlfn.XLOOKUP($B8,'PP3'!$C$6:$C$101,'PP3'!$B$6:$B$101,"") -> 3 | J8: =_xlfn.XLOOKUP(I8,'PP3'!$B$6:$B$55,'PP3'!$A$6:$A$55,0) -> 54.222252 | K8: =_xlfn.XLOOKUP($B8,'PP4'!$C$6:$C$101,'PP4'!$B$6:$B$101,"") -> 2 | L8: =_xlfn.XLOOKUP(K8,'PP4'!$B$6:$B$55,'PP4'!$A$6:$A$55,0) -> 77.022724 | M8: =_xlfn.XLOOKUP($B8,'PP5'!$C$6:$C$101,'PP5'!$B$6:$B$101,"") -> 1 | N8: =_xlfn.XLOOKUP(M8,'PP5'!$B$6:$B$55,'PP5'!$A$6:$A$55,0) -> 96.354085 | O8: =_xlfn.XLOOKUP(B8,MPW!C$6:C$101,MPW!B$6:B$101,"") -> 3 | P8: =_xlfn.XLOOKUP(O8,MPW!B$6:B$55,MPW!A$6:A$55,0) -> 66.245633
A9: =ROW()-5 -> 4 | B9: DRAPELLA Maciej | D9: =SUM(F9,H9,J9,L9,N9,P9)-MIN(F9,H9,J9,L9,N9) -> 242.87523 | E9: =_xlfn.XLOOKUP($B9,'PP1'!$C$6:$C$101,'PP1'!$B$6:$B$101,"") -> 3 | F9: =_xlfn.XLOOKUP(E9,'PP1'!$B$6:$B$55,'PP1'!$A$6:$A$55,0) -> 53.084363 | G9: =_xlfn.XLOOKUP($B9,'PP2'!$C$6:$C$101,'PP2'!$B$6:$B$101,"") -> 2 | H9: =_xlfn.XLOOKUP(G9,'PP2'!$B$6:$B$55,'PP2'!$A$6:$A$55,0) -> 77.022724 | I9: =_xlfn.XLOOKUP($B9,'PP3'!$C$6:$C$101,'PP3'!$B$6:$B$101,"") -> 5 | J9: =_xlfn.XLOOKUP(I9,'PP3'!$B$6:$B$55,'PP3'!$A$6:$A$55,0) -> 27.111801 | K9: =_xlfn.XLOOKUP($B9,'PP4'!$C$6:$C$101,'PP4'!$B$6:$B$101,"") -> 3 | L9: =_xlfn.XLOOKUP(K9,'PP4'!$B$6:$B$55,'PP4'!$A$6:$A$55,0) -> 51.740251 | M9: =_xlfn.XLOOKUP($B9,'PP5'!$C$6:$C$101,'PP5'!$B$6:$B$101,"") | N9: =_xlfn.XLOOKUP(M9,'PP5'!$B$6:$B$55,'PP5'!$A$6:$A$55,0) -> 0 | O9: =_xlfn.XLOOKUP(B9,MPW!C$6:C$101,MPW!B$6:B$101,"") -> 5 | P9: =_xlfn.XLOOKUP(O9,MPW!B$6:B$55,MPW!A$6:A$55,0) -> 33.916095
A10: =ROW()-5 -> 5 | B10: HERONIMEK Leszek | D10: =SUM(F10,H10,J10,L10,N10,P10)-MIN(F10,H10,J10,L10,N10) -> 170.01414 | E10: =_xlfn.XLOOKUP($B10,'PP1'!$C$6:$C$101,'PP1'!$B$6:$B$101,"") -> 4 | F10: =_xlfn.XLOOKUP(E10,'PP1'!$B$6:$B$55,'PP1'!$A$6:$A$55,0) -> 46.962364 | G10: =_xlfn.XLOOKUP($B10,'PP2'!$C$6:$C$101,'PP2'!$B$6:$B$101,"") -> 4 | H10: =_xlfn.XLOOKUP(G10,'PP2'!$B$6:$B$55,'PP2'!$A$6:$A$55,0) -> 39.084442 | I10: =_xlfn.XLOOKUP($B10,'PP3'!$C$6:$C$101,'PP3'!$B$6:$B$101,"") | J10: =_xlfn.XLOOKUP(I10,'PP3'!$B$6:$B$55,'PP3'!$A$6:$A$55,0) -> 0 | K10: =_xlfn.XLOOKUP($B10,'PP4'!$C$6:$C$101,'PP4'!$B$6:$B$101,"") -> 4 | L10: =_xlfn.XLOOKUP(K10,'PP4'!$B$6:$B$55,'PP4'!$A$6:$A$55,0) -> 39.084442 | M10: =_xlfn.XLOOKUP($B10,'PP5'!$C$6:$C$101,'PP5'!$B$6:$B$101,"") -> 4 | N10: =_xlfn.XLOOKUP(M10,'PP5'!$B$6:$B$55,'PP5'!$A$6:$A$55,0) -> 22.088425 | O10: =_xlfn.XLOOKUP(B10,MPW!C$6:C$101,MPW!B$6:B$101,"") -> 8 | P10: =_xlfn.XLOOKUP(O10,MPW!B$6:B$55,MPW!A$6:A$55,0) -> 22.794464
A11: =ROW()-5 -> 6 | B11: SZYMKOWIAK Krzysztof | D11: =SUM(F11,H11,J11,L11,N11,P11)-MIN(F11,H11,J11,L11,N11) -> 131.48919 | E11: =_xlfn.XLOOKUP($B11,'PP1'!$C$6:$C$101,'PP1'!$B$6:$B$101,"") | F11: =_xlfn.XLOOKUP(E11,'PP1'!$B$6:$B$55,'PP1'!$A$6:$A$55,0) -> 0 | G11: =_xlfn.XLOOKUP($B11,'PP2'!$C$6:$C$101,'PP2'!$B$6:$B$101,"") | H11: =_xlfn.XLOOKUP(G11,'PP2'!$B$6:$B$55,'PP2'!$A$6:$A$55,0) -> 0 | I11: =_xlfn.XLOOKUP($B11,'PP3'!$C$6:$C$101,'PP3'!$B$6:$B$101,"") | J11: =_xlfn.XLOOKUP(I11,'PP3'!$B$6:$B$55,'PP3'!$A$6:$A$55,0) -> 0 | K11: =_xlfn.XLOOKUP($B11,'PP4'!$C$6:$C$101,'PP4'!$B$6:$B$101,"") | L11: =_xlfn.XLOOKUP(K11,'PP4'!$B$6:$B$55,'PP4'!$A$6:$A$55,0) -> 0 | M11: =_xlfn.XLOOKUP($B11,'PP5'!$C$6:$C$101,'PP5'!$B$6:$B$101,"") -> 3 | N11: =_xlfn.XLOOKUP(M11,'PP5'!$B$6:$B$55,'PP5'!$A$6:$A$55,0) -> 35.407149 | O11: =_xlfn.XLOOKUP(B11,MPW!C$6:C$101,MPW!B$6:B$101,"") -> 2 | P11: =_xlfn.XLOOKUP(O11,MPW!B$6:B$55,MPW!A$6:A$55,0) -> 96.08204
A12: =ROW()-5 -> 7 | B12: POKRZYWA Mariusz | D12: =SUM(F12,H12,J12,L12,N12,P12)-MIN(F12,H12,J12,L12,N12) -> 82.683148 | E12: =_xlfn.XLOOKUP($B12,'PP1'!$C$6:$C$101,'PP1'!$B$6:$B$101,"") -> 6 | F12: =_xlfn.XLOOKUP(E12,'PP1'!$B$6:$B$55,'PP1'!$A$6:$A$55,0) -> 21.870589 | G12: =_xlfn.XLOOKUP($B12,'PP2'!$C$6:$C$101,'PP2'!$B$6:$B$101,"") -> 8 | H12: =_xlfn.XLOOKUP(G12,'PP2'!$B$6:$B$55,'PP2'!$A$6:$A$55,0) -> 13.626663 | I12: =_xlfn.XLOOKUP($B12,'PP3'!$C$6:$C$101,'PP3'!$B$6:$B$101,"") -> 4 | J12: =_xlfn.XLOOKUP(I12,'PP3'!$B$6:$B$55,'PP3'!$A$6:$A$55,0) -> 41.671647 | K12: =_xlfn.XLOOKUP($B12,'PP4'!$C$6:$C$101,'PP4'!$B$6:$B$101,"") | L12: =_xlfn.XLOOKUP(K12,'PP4'!$B$6:$B$55,'PP4'!$A$6:$A$55,0) -> 0 | M12: =_xlfn.XLOOKUP($B12,'PP5'!$C$6:$C$101,'PP5'!$B$6:$B$101,"") | N12: =_xlfn.XLOOKUP(M12,'PP5'!$B$6:$B$55,'PP5'!$A$6:$A$55,0) -> 0 | O12: =_xlfn.XLOOKUP(B12,MPW!C$6:C$101,MPW!B$6:B$101,"") -> 10 | P12: =_xlfn.XLOOKUP(O12,MPW!B$6:B$55,MPW!A$6:A$55,0) -> 5.5142496
A13: =ROW()-5 -> 8 | B13: POPRAWA Mariusz | D13: =SUM(F13,H13,J13,L13,N13,P13)-MIN(F13,H13,J13,L13,N13) -> 68.040265 | E13: =_xlfn.XLOOKUP($B13,'PP1'!$C$6:$C$101,'PP1'!$B$6:$B$101,"") | F13: =_xlfn.XLOOKUP(E13,'PP1'!$B$6:$B$55,'PP1'!$A$6:$A$55,0) -> 0 | G13: =_xlfn.XLOOKUP($B13,'PP2'!$C$6:$C$101,'PP2'!$B$6:$B$101,"") -> 6 | H13: =_xlfn.XLOOKUP(G13,'PP2'!$B$6:$B$55,'PP2'!$A$6:$A$55,0) -> 20.042221 | I13: =_xlfn.XLOOKUP($B13,'PP3'!$C$6:$C$101,'PP3'!$B$6:$B$101,"") -> 6 | J13: =_xlfn.XLOOKUP(I13,'PP3'!$B$6:$B$55,'PP3'!$A$6:$A$55,0) -> 23.386135 | K13: =_xlfn.XLOOKUP($B13,'PP4'!$C$6:$C$101,'PP4'!$B$6:$B$101,"") -> 7 | L13: =_xlfn.XLOOKUP(K13,'PP4'!$B$6:$B$55,'PP4'!$A$6:$A$55,0) -> 16.604528 | M13: =_xlfn.XLOOKUP($B13,'PP5'!$C$6:$C$101,'PP5'!$B$6:$B$101,"") | N13: =_xlfn.XLOOKUP(M13,'PP5'!$B$6:$B$55,'PP5'!$A$6:$A$55,0) -> 0 | O13: =_xlfn.XLOOKUP(B13,MPW!C$6:C$101,MPW!B$6:B$101,"") -> 9 | P13: =_xlfn.XLOOKUP(O13,MPW!B$6:B$55,MPW!A$6:A$55,0) -> 8.0073808
A14: =ROW()-5 -> 9 | B14: MAŁASIŃSKI Adam | D14: =SUM(F14,H14,J14,L14,N14,P14)-MIN(F14,H14,J14,L14,N14) -> 63.503891 | E14: =_xlfn.XLOOKUP($B14,'PP1'!$C$6:$C$101,'PP1'!$B$6:$B$101,"") | F14: =_xlfn.XLOOKUP(E14,'PP1'!$B$6:$B$55,'PP1'!$A$6:$A$55,0) -> 0 | G14: =_xlfn.XLOOKUP($B14,'PP2'!$C$6:$C$101,'PP2'!$B$6:$B$101,"") | H14: =_xlfn.XLOOKUP(G14,'PP2'!$B$6:$B$55,'PP2'!$A$6:$A$55,0) -> 0 | I14: =_xlfn.XLOOKUP($B14,'PP3'!$C$6:$C$101,'PP3'!$B$6:$B$101,"") -> 8 | J14: =_xlfn.XLOOKUP(I14,'PP3'!$B$6:$B$55,'PP3'!$A$6:$A$55,0) -> 17.507471 | K14: =_xlfn.XLOOKUP($B14,'PP4'!$C$6:$C$101,'PP4'!$B$6:$B$101,"") -> 6 | L14: =_xlfn.XLOOKUP(K14,'PP4'!$B$6:$B$55,'PP4'!$A$6:$A$55,0) -> 20.042221 | M14: =_xlfn.XLOOKUP($B14,'PP5'!$C$6:$C$101,'PP5'!$B$6:$B$101,"") | N14: =_xlfn.XLOOKUP(M14,'PP5'!$B$6:$B$55,'PP5'!$A$6:$A$55,0) -> 0 | O14: =_xlfn.XLOOKUP(B14,MPW!C$6:C$101,MPW!B$6:B$101,"") -> 7 | P14: =_xlfn.XLOOKUP(O14,MPW!B$6:B$55,MPW!A$6:A$55,0) -> 25.954199
A15: =ROW()-5 -> 10 | B15: NIKALAICHUK Aliaksandr | D15: =SUM(F15,H15,J15,L15,N15,P15)-MIN(F15,H15,J15,L15,N15) -> 54.959241 | E15: =_xlfn.XLOOKUP($B15,'PP1'!$C$6:$C$101,'PP1'!$B$6:$B$101,"") -> 5 | F15: =_xlfn.XLOOKUP(E15,'PP1'!$B$6:$B$55,'PP1'!$A$6:$A$55,0) -> 25.75047 | G15: =_xlfn.XLOOKUP($B15,'PP2'!$C$6:$C$101,'PP2'!$B$6:$B$101,"") -> 5 | H15: =_xlfn.XLOOKUP(G15,'PP2'!$B$6:$B$55,'PP2'!$A$6:$A$55,0) -> 24.108149 | I15: =_xlfn.XLOOKUP($B15,'PP3'!$C$6:$C$101,'PP3'!$B$6:$B$101,"") -> 9 | J15: =_xlfn.XLOOKUP(I15,'PP3'!$B$6:$B$55,'PP3'!$A$6:$A$55,0) -> 5.1006228 | K15: =_xlfn.XLOOKUP($B15,'PP4'!$C$6:$C$101,'PP4'!$B$6:$B$101,"") | L15: =_xlfn.XLOOKUP(K15,'PP4'!$B$6:$B$55,'PP4'!$A$6:$A$55,0) -> 0 | M15: =_xlfn.XLOOKUP($B15,'PP5'!$C$6:$C$101,'PP5'!$B$6:$B$101,"") | N15: =_xlfn.XLOOKUP(M15,'PP5'!$B$6:$B$55,'PP5'!$A$6:$A$55,0) -> 0 | O15: =_xlfn.XLOOKUP(B15,MPW!C$6:C$101,MPW!B$6:B$101,"") | P15: =_xlfn.XLOOKUP(O15,MPW!B$6:B$55,MPW!A$6:A$55,0)
A16: =ROW()-5 -> 11 | B16: SZCZĘSNY Jacek | D16: =SUM(F16,H16,J16,L16,N16,P16)-MIN(F16,H16,J16,L16,N16) -> 53.709994 | E16: =_xlfn.XLOOKUP($B16,'PP1'!$C$6:$C$101,'PP1'!$B$6:$B$101,"") | F16: =_xlfn.XLOOKUP(E16,'PP1'!$B$6:$B$55,'PP1'!$A$6:$A$55,0) -> 0 | G16: =_xlfn.XLOOKUP($B16,'PP2'!$C$6:$C$101,'PP2'!$B$6:$B$101,"") | H16: =_xlfn.XLOOKUP(G16,'PP2'!$B$6:$B$55,'PP2'!$A$6:$A$55,0) -> 0 | I16: =_xlfn.XLOOKUP($B16,'PP3'!$C$6:$C$101,'PP3'!$B$6:$B$101,"") | J16: =_xlfn.XLOOKUP(I16,'PP3'!$B$6:$B$55,'PP3'!$A$6:$A$55,0) -> 0 | K16: =_xlfn.XLOOKUP($B16,'PP4'!$C$6:$C$101,'PP4'!$B$6:$B$101,"") -> 5 | L16: =_xlfn.XLOOKUP(K16,'PP4'!$B$6:$B$55,'PP4'!$A$6:$A$55,0) -> 24.108149 | M16: =_xlfn.XLOOKUP($B16,'PP5'!$C$6:$C$101,'PP5'!$B$6:$B$101,"") | N16: =_xlfn.XLOOKUP(M16,'PP5'!$B$6:$B$55,'PP5'!$A$6:$A$55,0) -> 0 | O16: =_xlfn.XLOOKUP(B16,MPW!C$6:C$101,MPW!B$6:B$101,"") -> 6 | P16: =_xlfn.XLOOKUP(O16,MPW!B$6:B$55,MPW!A$6:A$55,0) -> 29.601845
A17: =ROW()-5 -> 12 | B17: CHUDYCKI Artur | D17: =SUM(F17,H17,J17,L17,N17,P17)-MIN(F17,H17,J17,L17,N17) -> 38.121731 | E17: =_xlfn.XLOOKUP($B17,'PP1'!$C$6:$C$101,'PP1'!$B$6:$B$101,"") -> 10 | F17: =_xlfn.XLOOKUP(E17,'PP1'!$B$6:$B$55,'PP1'!$A$6:$A$55,0) -> 1 | G17: =_xlfn.XLOOKUP($B17,'PP2'!$C$6:$C$101,'PP2'!$B$6:$B$101,"") | H17: =_xlfn.XLOOKUP(G17,'PP2'!$B$6:$B$55,'PP2'!$A$6:$A$55,0) -> 0 | I17: =_xlfn.XLOOKUP($B17,'PP3'!$C$6:$C$101,'PP3'!$B$6:$B$101,"") -> 7 | J17: =_xlfn.XLOOKUP(I17,'PP3'!$B$6:$B$55,'PP3'!$A$6:$A$55,0) -> 20.236129 | K17: =_xlfn.XLOOKUP($B17,'PP4'!$C$6:$C$101,'PP4'!$B$6:$B$101,"") -> 8 | L17: =_xlfn.XLOOKUP(K17,'PP4'!$B$6:$B$55,'PP4'!$A$6:$A$55,0) -> 13.626663 | M17: =_xlfn.XLOOKUP($B17,'PP5'!$C$6:$C$101,'PP5'!$B$6:$B$101,"") | N17: =_xlfn.XLOOKUP(M17,'PP5'!$B$6:$B$55,'PP5'!$A$6:$A$55,0) -> 0 | O17: =_xlfn.XLOOKUP(B17,MPW!C$6:C$101,MPW!B$6:B$101,"") -> 11 | P17: =_xlfn.XLOOKUP(O17,MPW!B$6:B$55,MPW!A$6:A$55,0) -> 3.2589381
... A22: =ROW()-5 -> 17 | B22: STOŁOWSKI Mariusz | D22: =SUM(F22,H22,J22,L22,N22,P22)-MIN(F22,H22,J22,L22,N22) -> 1 | E22: =_xlfn.XLOOKUP($B22,'PP1'!$C$6:$C$101,'PP1'!$B$6:$B$101,"") | F22: =_xlfn.XLOOKUP(E22,'PP1'!$B$6:$B$55,'PP1'!$A$6:$A$55,0) -> 0 | G22: =_xlfn.XLOOKUP($B22,'PP2'!$C$6:$C$101,'PP2'!$B$6:$B$101,"") | H22: =_xlfn.XLOOKUP(G22,'PP2'!$B$6:$B$55,'PP2'!$A$6:$A$55,0) -> 0 | I22: =_xlfn.XLOOKUP($B22,'PP3'!$C$6:$C$101,'PP3'!$B$6:$B$101,"") | J22: =_xlfn.XLOOKUP(I22,'PP3'!$B$6:$B$55,'PP3'!$A$6:$A$55,0) -> 0 | K22: =_xlfn.XLOOKUP($B22,'PP4'!$C$6:$C$101,'PP4'!$B$6:$B$101,"") | L22: =_xlfn.XLOOKUP(K22,'PP4'!$B$6:$B$55,'PP4'!$A$6:$A$55,0) -> 0 | M22: =_xlfn.XLOOKUP($B22,'PP5'!$C$6:$C$101,'PP5'!$B$6:$B$101,"") -> 6 | N22: =_xlfn.XLOOKUP(M22,'PP5'!$B$6:$B$55,'PP5'!$A$6:$A$55,0) -> 1 | O22: =_xlfn.XLOOKUP(B22,MPW!C$6:C$101,MPW!B$6:B$101,"") | P22: =_xlfn.XLOOKUP(O22,MPW!B$6:B$55,MPW!A$6:A$55,0)
A23: =ROW()-5 -> 18 | D23: =SUM(F23,H23,J23,L23,N23,P23)-MIN(F23,H23,J23,L23,N23) -> 0 | E23: =_xlfn.XLOOKUP($B23,'PP1'!$C$6:$C$101,'PP1'!$B$6:$B$101,"") | F23: =_xlfn.XLOOKUP(E23,'PP1'!$B$6:$B$55,'PP1'!$A$6:$A$55,0) -> 0 | G23: =_xlfn.XLOOKUP($B23,'PP2'!$C$6:$C$101,'PP2'!$B$6:$B$101,"") | H23: =_xlfn.XLOOKUP(G23,'PP2'!$B$6:$B$55,'PP2'!$A$6:$A$55,0) -> 0 | I23: =_xlfn.XLOOKUP($B23,'PP3'!$C$6:$C$101,'PP3'!$B$6:$B$101,"") | J23: =_xlfn.XLOOKUP(I23,'PP3'!$B$6:$B$55,'PP3'!$A$6:$A$55,0) -> 0 | K23: =_xlfn.XLOOKUP($B23,'PP4'!$C$6:$C$101,'PP4'!$B$6:$B$101,"") | L23: =_xlfn.XLOOKUP(K23,'PP4'!$B$6:$B$55,'PP4'!$A$6:$A$55,0) -> 0 | M23: =_xlfn.XLOOKUP($B23,'PP5'!$C$6:$C$101,'PP5'!$B$6:$B$101,"") | N23: =_xlfn.XLOOKUP(M23,'PP5'!$B$6:$B$55,'PP5'!$A$6:$A$55,0) -> 0 | O23: =_xlfn.XLOOKUP(B23,MPW!C$6:C$101,MPW!B$6:B$101,"") | P23: =_xlfn.XLOOKUP(O23,MPW!B$6:B$55,MPW!A$6:A$55,0)
A24: =ROW()-5 -> 19 | D24: =SUM(F24,H24,J24,L24,N24,P24)-MIN(F24,H24,J24,L24,N24) -> 0 | E24: =_xlfn.XLOOKUP($B24,'PP1'!$C$6:$C$101,'PP1'!$B$6:$B$101,"") | F24: =_xlfn.XLOOKUP(E24,'PP1'!$B$6:$B$55,'PP1'!$A$6:$A$55,0) -> 0 | G24: =_xlfn.XLOOKUP($B24,'PP2'!$C$6:$C$101,'PP2'!$B$6:$B$101,"") | H24: =_xlfn.XLOOKUP(G24,'PP2'!$B$6:$B$55,'PP2'!$A$6:$A$55,0) -> 0 | I24: =_xlfn.XLOOKUP($B24,'PP3'!$C$6:$C$101,'PP3'!$B$6:$B$101,"") | J24: =_xlfn.XLOOKUP(I24,'PP3'!$B$6:$B$55,'PP3'!$A$6:$A$55,0) -> 0 | K24: =_xlfn.XLOOKUP($B24,'PP4'!$C$6:$C$101,'PP4'!$B$6:$B$101,"") | L24: =_xlfn.XLOOKUP(K24,'PP4'!$B$6:$B$55,'PP4'!$A$6:$A$55,0) -> 0 | M24: =_xlfn.XLOOKUP($B24,'PP5'!$C$6:$C$101,'PP5'!$B$6:$B$101,"") | N24: =_xlfn.XLOOKUP(M24,'PP5'!$B$6:$B$55,'PP5'!$A$6:$A$55,0) -> 0 | O24: =_xlfn.XLOOKUP(B24,MPW!C$6:C$101,MPW!B$6:B$101,"") | P24: =_xlfn.XLOOKUP(O24,MPW!B$6:B$55,MPW!A$6:A$55,0)
A25: =ROW()-5 -> 20 | D25: =SUM(F25,H25,J25,L25,N25,P25)-MIN(F25,H25,J25,L25,N25) -> 0 | E25: =_xlfn.XLOOKUP($B25,'PP1'!$C$6:$C$101,'PP1'!$B$6:$B$101,"") | F25: =_xlfn.XLOOKUP(E25,'PP1'!$B$6:$B$55,'PP1'!$A$6:$A$55,0) -> 0 | G25: =_xlfn.XLOOKUP($B25,'PP2'!$C$6:$C$101,'PP2'!$B$6:$B$101,"") | H25: =_xlfn.XLOOKUP(G25,'PP2'!$B$6:$B$55,'PP2'!$A$6:$A$55,0) -> 0 | I25: =_xlfn.XLOOKUP($B25,'PP3'!$C$6:$C$101,'PP3'!$B$6:$B$101,"") | J25: =_xlfn.XLOOKUP(I25,'PP3'!$B$6:$B$55,'PP3'!$A$6:$A$55,0) -> 0 | K25: =_xlfn.XLOOKUP($B25,'PP4'!$C$6:$C$101,'PP4'!$B$6:$B$101,"") | L25: =_xlfn.XLOOKUP(K25,'PP4'!$B$6:$B$55,'PP4'!$A$6:$A$55,0) -> 0 | M25: =_xlfn.XLOOKUP($B25,'PP5'!$C$6:$C$101,'PP5'!$B$6:$B$101,"") | N25: =_xlfn.XLOOKUP(M25,'PP5'!$B$6:$B$55,'PP5'!$A$6:$A$55,0) -> 0 | O25: =_xlfn.XLOOKUP(B25,MPW!C$6:C$101,MPW!B$6:B$101,"") | P25: =_xlfn.XLOOKUP(O25,MPW!B$6:B$55,MPW!A$6:A$55,0)
A26: =ROW()-5 -> 21 | D26: =SUM(F26,H26,J26,L26,N26,P26)-MIN(F26,H26,J26,L26,N26) -> 0 | E26: =_xlfn.XLOOKUP($B26,'PP1'!$C$6:$C$101,'PP1'!$B$6:$B$101,"") | F26: =_xlfn.XLOOKUP(E26,'PP1'!$B$6:$B$55,'PP1'!$A$6:$A$55,0) -> 0 | G26: =_xlfn.XLOOKUP($B26,'PP2'!$C$6:$C$101,'PP2'!$B$6:$B$101,"") | H26: =_xlfn.XLOOKUP(G26,'PP2'!$B$6:$B$55,'PP2'!$A$6:$A$55,0) -> 0 | I26: =_xlfn.XLOOKUP($B26,'PP3'!$C$6:$C$101,'PP3'!$B$6:$B$101,"") | J26: =_xlfn.XLOOKUP(I26,'PP3'!$B$6:$B$55,'PP3'!$A$6:$A$55,0) -> 0 | K26: =_xlfn.XLOOKUP($B26,'PP4'!$C$6:$C$101,'PP4'!$B$6:$B$101,"") | L26: =_xlfn.XLOOKUP(K26,'PP4'!$B$6:$B$55,'PP4'!$A$6:$A$55,0) -> 0 | M26: =_xlfn.XLOOKUP($B26,'PP5'!$C$6:$C$101,'PP5'!$B$6:$B$101,"") | N26: =_xlfn.XLOOKUP(M26,'PP5'!$B$6:$B$55,'PP5'!$A$6:$A$55,0) -> 0 | O26: =_xlfn.XLOOKUP(B26,MPW!C$6:C$101,MPW!B$6:B$101,"") | P26: =_xlfn.XLOOKUP(O26,MPW!B$6:B$55,MPW!A$6:A$55,0)
A27: =ROW()-5 -> 22 | D27: =SUM(F27,H27,J27,L27,N27,P27)-MIN(F27,H27,J27,L27,N27) -> 0 | E27: =_xlfn.XLOOKUP($B27,'PP1'!$C$6:$C$101,'PP1'!$B$6:$B$101,"") | F27: =_xlfn.XLOOKUP(E27,'PP1'!$B$6:$B$55,'PP1'!$A$6:$A$55,0) -> 0 | G27: =_xlfn.XLOOKUP($B27,'PP2'!$C$6:$C$101,'PP2'!$B$6:$B$101,"") | H27: =_xlfn.XLOOKUP(G27,'PP2'!$B$6:$B$55,'PP2'!$A$6:$A$55,0) -> 0 | I27: =_xlfn.XLOOKUP($B27,'PP3'!$C$6:$C$101,'PP3'!$B$6:$B$101,"") | J27: =_xlfn.XLOOKUP(I27,'PP3'!$B$6:$B$55,'PP3'!$A$6:$A$55,0) -> 0 | K27: =_xlfn.XLOOKUP($B27,'PP4'!$C$6:$C$101,'PP4'!$B$6:$B$101,"") | L27: =_xlfn.XLOOKUP(K27,'PP4'!$B$6:$B$55,'PP4'!$A$6:$A$55,0) -> 0 | M27: =_xlfn.XLOOKUP($B27,'PP5'!$C$6:$C$101,'PP5'!$B$6:$B$101,"") | N27: =_xlfn.XLOOKUP(M27,'PP5'!$B$6:$B$55,'PP5'!$A$6:$A$55,0) -> 0 | O27: =_xlfn.XLOOKUP(B27,MPW!C$6:C$101,MPW!B$6:B$101,"") | P27: =_xlfn.XLOOKUP(O27,MPW!B$6:B$55,MPW!A$6:A$55,0)
A28: =ROW()-5 -> 23 | D28: =SUM(F28,H28,J28,L28,N28,P28)-MIN(F28,H28,J28,L28,N28) -> 0 | E28: =_xlfn.XLOOKUP($B28,'PP1'!$C$6:$C$101,'PP1'!$B$6:$B$101,"") | F28: =_xlfn.XLOOKUP(E28,'PP1'!$B$6:$B$55,'PP1'!$A$6:$A$55,0) -> 0 | G28: =_xlfn.XLOOKUP($B28,'PP2'!$C$6:$C$101,'PP2'!$B$6:$B$101,"") | H28: =_xlfn.XLOOKUP(G28,'PP2'!$B$6:$B$55,'PP2'!$A$6:$A$55,0) -> 0 | I28: =_xlfn.XLOOKUP($B28,'PP3'!$C$6:$C$101,'PP3'!$B$6:$B$101,"") | J28: =_xlfn.XLOOKUP(I28,'PP3'!$B$6:$B$55,'PP3'!$A$6:$A$55,0) -> 0 | K28: =_xlfn.XLOOKUP($B28,'PP4'!$C$6:$C$101,'PP4'!$B$6:$B$101,"") | L28: =_xlfn.XLOOKUP(K28,'PP4'!$B$6:$B$55,'PP4'!$A$6:$A$55,0) -> 0 | M28: =_xlfn.XLOOKUP($B28,'PP5'!$C$6:$C$101,'PP5'!$B$6:$B$101,"") | N28: =_xlfn.XLOOKUP(M28,'PP5'!$B$6:$B$55,'PP5'!$A$6:$A$55,0) -> 0 | O28: =_xlfn.XLOOKUP(B28,MPW!C$6:C$101,MPW!B$6:B$101,"") | P28: =_xlfn.XLOOKUP(O28,MPW!B$6:B$55,MPW!A$6:A$55,0)
A29: =ROW()-5 -> 24 | D29: =SUM(F29,H29,J29,L29,N29,P29)-MIN(F29,H29,J29,L29,N29) -> 0 | E29: =_xlfn.XLOOKUP($B29,'PP1'!$C$6:$C$101,'PP1'!$B$6:$B$101,"") | F29: =_xlfn.XLOOKUP(E29,'PP1'!$B$6:$B$55,'PP1'!$A$6:$A$55,0) -> 0 | G29: =_xlfn.XLOOKUP($B29,'PP2'!$C$6:$C$101,'PP2'!$B$6:$B$101,"") | H29: =_xlfn.XLOOKUP(G29,'PP2'!$B$6:$B$55,'PP2'!$A$6:$A$55,0) -> 0 | I29: =_xlfn.XLOOKUP($B29,'PP3'!$C$6:$C$101,'PP3'!$B$6:$B$101,"") | J29: =_xlfn.XLOOKUP(I29,'PP3'!$B$6:$B$55,'PP3'!$A$6:$A$55,0) -> 0 | K29: =_xlfn.XLOOKUP($B29,'PP4'!$C$6:$C$101,'PP4'!$B$6:$B$101,"") | L29: =_xlfn.XLOOKUP(K29,'PP4'!$B$6:$B$55,'PP4'!$A$6:$A$55,0) -> 0 | M29: =_xlfn.XLOOKUP($B29,'PP5'!$C$6:$C$101,'PP5'!$B$6:$B$101,"") | N29: =_xlfn.XLOOKUP(M29,'PP5'!$B$6:$B$55,'PP5'!$A$6:$A$55,0) -> 0 | O29: =_xlfn.XLOOKUP(B29,MPW!C$6:C$101,MPW!B$6:B$101,"") | P29: =_xlfn.XLOOKUP(O29,MPW!B$6:B$55,MPW!A$6:A$55,0)
A30: =ROW()-5 -> 25 | D30: =SUM(F30,H30,J30,L30,N30,P30)-MIN(F30,H30,J30,L30,N30) -> 0 | E30: =_xlfn.XLOOKUP($B30,'PP1'!$C$6:$C$101,'PP1'!$B$6:$B$101,"") | F30: =_xlfn.XLOOKUP(E30,'PP1'!$B$6:$B$55,'PP1'!$A$6:$A$55,0) -> 0 | G30: =_xlfn.XLOOKUP($B30,'PP2'!$C$6:$C$101,'PP2'!$B$6:$B$101,"") | H30: =_xlfn.XLOOKUP(G30,'PP2'!$B$6:$B$55,'PP2'!$A$6:$A$55,0) -> 0 | I30: =_xlfn.XLOOKUP($B30,'PP3'!$C$6:$C$101,'PP3'!$B$6:$B$101,"") | J30: =_xlfn.XLOOKUP(I30,'PP3'!$B$6:$B$55,'PP3'!$A$6:$A$55,0) -> 0 | K30: =_xlfn.XLOOKUP($B30,'PP4'!$C$6:$C$101,'PP4'!$B$6:$B$101,"") | L30: =_xlfn.XLOOKUP(K30,'PP4'!$B$6:$B$55,'PP4'!$A$6:$A$55,0) -> 0 | M30: =_xlfn.XLOOKUP($B30,'PP5'!$C$6:$C$101,'PP5'!$B$6:$B$101,"") | N30: =_xlfn.XLOOKUP(M30,'PP5'!$B$6:$B$55,'PP5'!$A$6:$A$55,0) -> 0 | O30: =_xlfn.XLOOKUP(B30,MPW!C$6:C$101,MPW!B$6:B$101,"") | P30: =_xlfn.XLOOKUP(O30,MPW!B$6:B$55,MPW!A$6:A$55,0)

Sheet PP1
H1: Liczba uczestników: | I1: GP Punkty | J1: Bonus za rundę | K1: Mnożnik za podium
B2: miejsce: | C2: KONIN | H2: 10 | I2: 50 | J2: 10 | K2: =3*H2^(1/3) -> 6.4633041
B3: data: | C3: 28.09.2024
A5: Punkty | B5: Miejsce Place | C5: Nazwisko Imię Name | D5: Klub Club(s) | E5: Okręg Division | F5: Państwo Country | H5: Miejsce | I5: Punkty za miejsce | J5: awans do kolejnej rundy pucharowej | K5: bonus za rundy pucharowe | L5: punkty za podium | M5: Suma
A6: =M6 -> 109.38991 | B6: =IF(H6>$H$2,"",(ROW()-5)) -> 1 | C6: KRZEMIŃSKI Mariusz | D6: AZS AWF Gdańsk | F6: POL | H6: 1 | I6: =IF(H2=1,50,IF(H6<$H$2+1,($I$2-($I$2-1)*(LOG(H6)/LOG($H$2))),"")) -> 50 | J6: =INT(LOG($H$2,2))-ROUNDUP(LOG(H6,2),0)+IF(OR($H$2=1,$H$2=2,$H$2=4,$H$2=8,$H$2=16,$H$2=32,$H$2=64,$H$2=128,$H$2=256),0,1) -> 4 | K6: =J6*$J$2 -> 40 | L6: =3*K2 -> 19.389912 | M6: =IF(I6<>"",K6+I6+L6,0) -> 109.38991
A7: =M7 -> 78.176138 | B7: =IF(H7>$H$2,"",(ROW()-5)) -> 2 | C7: KOSTRZEWA Ireneusz | D7: Ksz Warszawianka | F7: POL | H7: 2 | I7: =IF(H7<$H$2+1,($I$2-($I$2-1)*(LOG(H7)/LOG($H$2))),"") -> 35.24953 | J7: =INT(LOG($H$2,2))-ROUNDUP(LOG(H7,2),0)+IF(OR($H$2=1,$H$2=2,$H$2=4,$H$2=8,$H$2=16,$H$2=32,$H$2=64,$H$2=128,$H$2=256),0,1) -> 3 | K7: =J7*$J$2 -> 30 | L7: =2*K2 -> 12.926608 | M7: =IF(I7<>"",K7+I7+L7,0) -> 78.176138
A8: =M8 -> 53.084363 | B8: =IF(H8>$H$2,"",(ROW()-5)) -> 3 | C8: DRAPELLA Maciej | D8: SPWS | F8: POL | H8: 3 | I8: =IF(H8<$H$2+1,($I$2-($I$2-1)*(LOG(H8)/LOG($H$2))),"") -> 26.621059 | J8: =INT(LOG($H$2,2))-ROUNDUP(LOG(H8,2),0)+IF(OR($H$2=1,$H$2=2,$H$2=4,$H$2=8,$H$2=16,$H$2=32,$H$2=64,$H$2=128,$H$2=256),0,1) -> 2 | K8: =J8*$J$2 -> 20 | L8: =K2 -> 6.4633041 | M8: =IF(I8<>"",K8+I8+L8,0) -> 53.084363
A9: =M9 -> 46.962364 | B9: =IF(H9>$H$2,"",(ROW()-5)) -> 4 | C9: HERONIMEK Leszek | D9: Polski Klub Szermierczy Warszawa | F9: POL | H9: 4 | I9: =IF(H9<$H$2+1,($I$2-($I$2-1)*(LOG(H9)/LOG($H$2))),"") -> 20.49906 | J9: =INT(LOG($H$2,2))-ROUNDUP(LOG(H9,2),0)+IF(OR($H$2=1,$H$2=2,$H$2=4,$H$2=8,$H$2=16,$H$2=32,$H$2=64,$H$2=128,$H$2=256),0,1) -> 2 | K9: =J9*$J$2 -> 20 | L9: =K2 -> 6.4633041 | M9: =IF(I9<>"",K9+I9+L9,0) -> 46.962364 | AH9: x | AI9: 23
A10: =M10 -> 25.75047 | B10: =IF(H10>$H$2,"",(ROW()-5)) -> 5 | C10: NIKALAICHUK Aliaksandr | D10: AZS AWF Kraków | F10: POL | H10: 5 | I10: =IF(H10<$H$2+1,($I$2-($I$2-1)*(LOG(H10)/LOG($H$2))),"") -> 15.75047 | J10: =INT(LOG($H$2,2))-ROUNDUP(LOG(H10,2),0)+IF(OR($H$2=1,$H$2=2,$H$2=4,$H$2=8,$H$2=16,$H$2=32,$H$2=64,$H$2=128,$H$2=256),0,1) -> 1 | K10: =J10*$J$2 -> 10 | M10: =IF(I10<>"",K10+I10+L10,0) -> 25.75047 | AH10: N | AI10: 45
A11: =M11 -> 21.870589 | B11: =IF(H11>$H$2,"",(ROW()-5)) -> 6 | C11: POKRZYWA Mariusz | D11: AZS AWF Kraków | F11: POL | H11: 6 | I11: =IF(H11<$H$2+1,($I$2-($I$2-1)*(LOG(H11)/LOG($H$2))),"") -> 11.870589 | J11: =INT(LOG($H$2,2))-ROUNDUP(LOG(H11,2),0)+IF(OR($H$2=1,$H$2=2,$H$2=4,$H$2=8,$H$2=16,$H$2=32,$H$2=64,$H$2=128,$H$2=256),0,1) -> 1 | K11: =J11*$J$2 -> 10 | M11: =IF(I11<>"",K11+I11+L11,0) -> 21.870589 | AH11: MP | AI11: 50
A12: =M12 -> 18.590196 | B12: =IF(H12>$H$2,"",(ROW()-5)) -> 7 | C12: AUGUSTOWSKI Waldemar | D12: AZS AWF Wrocław | F12: POL | H12: 7 | I12: =IF(H12<$H$2+1,($I$2-($I$2-1)*(LOG(H12)/LOG($H$2))),"") -> 8.590196 | J12: =INT(LOG($H$2,2))-ROUNDUP(LOG(H12,2),0)+IF(OR($H$2=1,$H$2=2,$H$2=4,$H$2=8,$H$2=16,$H$2=32,$H$2=64,$H$2=128,$H$2=256),0,1) -> 1 | K12: =J12*$J$2 -> 10 | M12: =IF(I12<>"",K12+I12+L12,0) -> 18.590196 | AH12: MP-1 | AI12: =AI11-1 -> 49
A13: =M13 -> 15.748591 | B13: =IF(H13>$H$2,"",(ROW()-5)) -> 8 | C13: ĆWIORO Krzysztof | D13: BTS Bytom | F13: POL | H13: 8 | I13: =IF(H13<$H$2+1,($I$2-($I$2-1)*(LOG(H13)/LOG($H$2))),"") -> 5.7485906 | J13: =INT(LOG($H$2,2))-ROUNDUP(LOG(H13,2),0)+IF(OR($H$2=1,$H$2=2,$H$2=4,$H$2=8,$H$2=16,$H$2=32,$H$2=64,$H$2=128,$H$2=256),0,1) -> 1 | K13: =J13*$J$2 -> 10 | M13: =IF(I13<>"",K13+I13+L13,0) -> 15.748591 | AH13: log(x) | AI13: =LOG(AI9) -> 1.3617278
A14: =M14 -> 3.242117 | B14: =IF(H14>$H$2,"",(ROW()-5)) -> 9 | C14: WHITLEY Gary | D14: AZS Wratislavia | F14: POL | H14: 9 | I14: =IF(H14<$H$2+1,($I$2-($I$2-1)*(LOG(H14)/LOG($H$2))),"") -> 3.242117 | J14: =INT(LOG($H$2,2))-ROUNDUP(LOG(H14,2),0)+IF(OR($H$2=1,$H$2=2,$H$2=4,$H$2=8,$H$2=16,$H$2=32,$H$2=64,$H$2=128,$H$2=256),0,1) -> 0 | K14: =J14*$J$2 -> 0 | M14: =IF(I14<>"",K14+I14+L14,0) -> 3.242117 | AH14: Log(N) | AI14: =LOG(AI10) -> 1.6532125
A15: =M15 -> 1 | B15: =IF(H15>$H$2,"",(ROW()-5)) -> 10 | C15: CHUDYCKI Artur | D15: MKS KUSY SZCZECIN | F15: POL | H15: 10 | I15: =IF(H15<$H$2+1,($I$2-($I$2-1)*(LOG(H15)/LOG($H$2))),"") -> 1 | J15: =INT(LOG($H$2,2))-ROUNDUP(LOG(H15,2),0)+IF(OR($H$2=1,$H$2=2,$H$2=4,$H$2=8,$H$2=16,$H$2=32,$H$2=64,$H$2=128,$H$2=256),0,1) -> 0 | K15: =J15*$J$2 -> 0 | M15: =IF(I15<>"",K15+I15+L15,0) -> 1
A16: =M16 -> 0 | B16: =IF(H16>$H$2,"",(ROW()-5)) | H16: 11 | I16: =IF(H16<$H$2+1,($I$2-($I$2-1)*(LOG(H16)/LOG($H$2))),"") | J16: =INT(LOG($H$2,2))-ROUNDUP(LOG(H16,2),0)+IF(OR($H$2=1,$H$2=2,$H$2=4,$H$2=8,$H$2=16,$H$2=32,$H$2=64,$H$2=128,$H$2=256),0,1) -> 0 | K16: =J16*$J$2 -> 0 | M16: =IF(I16<>"",K16+I16+L16,0) -> 0 | AH16: MP - (MP-1)*LOG(x)/LOG(N) | AI16: =AI11-AI12*AI13/AI14 -> 9.6393909 | AJ16: points
A17: =M17 -> 0 | B17: =IF(H17>$H$2,"",(ROW()-5)) | H17: 12 | I17: =IF(H17<$H$2+1,($I$2-($I$2-1)*(LOG(H17)/LOG($H$2))),"") | J17: =INT(LOG($H$2,2))-ROUNDUP(LOG(H17,2),0)+IF(OR($H$2=1,$H$2=2,$H$2=4,$H$2=8,$H$2=16,$H$2=32,$H$2=64,$H$2=128,$H$2=256),0,1) -> 0 | K17: =J17*$J$2 -> 0 | M17: =IF(I17<>"",K17+I17+L17,0) -> 0
A18: =M18 -> 0 | B18: =IF(H18>$H$2,"",(ROW()-5)) | H18: 13 | I18: =IF(H18<$H$2+1,($I$2-($I$2-1)*(LOG(H18)/LOG($H$2))),"") | J18: =INT(LOG($H$2,2))-ROUNDUP(LOG(H18,2),0)+IF(OR($H$2=1,$H$2=2,$H$2=4,$H$2=8,$H$2=16,$H$2=32,$H$2=64,$H$2=128,$H$2=256),0,1) -> 0 | K18: =J18*$J$2 -> 0 | M18: =IF(I18<>"",K18+I18+L18,0) -> 0
A19: =M19 -> 0 | B19: =IF(H19>$H$2,"",(ROW()-5)) | H19: 14 | I19: =IF(H19<$H$2+1,($I$2-($I$2-1)*(LOG(H19)/LOG($H$2))),"") | J19: =INT(LOG($H$2,2))-ROUNDUP(LOG(H19,2),0)+IF(OR($H$2=1,$H$2=2,$H$2=4,$H$2=8,$H$2=16,$H$2=32,$H$2=64,$H$2=128,$H$2=256),0,1) -> 0 | K19: =J19*$J$2 -> 0 | M19: =IF(I19<>"",K19+I19+L19,0) -> 0
A20: =M20 -> 0 | B20: =IF(H20>$H$2,"",(ROW()-5)) | H20: 15 | I20: =IF(H20<$H$2+1,($I$2-($I$2-1)*(LOG(H20)/LOG($H$2))),"") | J20: =INT(LOG($H$2,2))-ROUNDUP(LOG(H20,2),0)+IF(OR($H$2=1,$H$2=2,$H$2=4,$H$2=8,$H$2=16,$H$2=32,$H$2=64,$H$2=128,$H$2=256),0,1) -> 0 | K20: =J20*$J$2 -> 0 | M20: =IF(I20<>"",K20+I20+L20,0) -> 0
A21: =M21 -> 0 | B21: =IF(H21>$H$2,"",(ROW()-5)) | H21: 16 | I21: =IF(H21<$H$2+1,($I$2-($I$2-1)*(LOG(H21)/LOG($H$2))),"") | J21: =INT(LOG($H$2,2))-ROUNDUP(LOG(H21,2),0)+IF(OR($H$2=1,$H$2=2,$H$2=4,$H$2=8,$H$2=16,$H$2=32,$H$2=64,$H$2=128,$H$2=256),0,1) -> 0 | K21: =J21*$J$2 -> 0 | M21: =IF(I21<>"",K21+I21+L21,0) -> 0
A22: =M22 -> 0 | B22: =IF(H22>$H$2,"",(ROW()-5)) | H22: 17 | I22: =IF(H22<$H$2+1,($I$2-($I$2-1)*(LOG(H22)/LOG($H$2))),"") | J22: =INT(LOG($H$2,2))-ROUNDUP(LOG(H22,2),0)+IF(OR($H$2=1,$H$2=2,$H$2=4,$H$2=8,$H$2=16,$H$2=32,$H$2=64,$H$2=128,$H$2=256),0,1) -> -1 | K22: =J22*$J$2 -> -10 | M22: =IF(I22<>"",K22+I22+L22,0) -> 0
A23: =M23 -> 0 | B23: =IF(H23>$H$2,"",(ROW()-5)) | H23: 18 | I23: =IF(H23<$H$2+1,($I$2-($I$2-1)*(LOG(H23)/LOG($H$2))),"") | J23: =INT(LOG($H$2,2))-ROUNDUP(LOG(H23,2),0)+IF(OR($H$2=1,$H$2=2,$H$2=4,$H$2=8,$H$2=16,$H$2=32,$H$2=64,$H$2=128,$H$2=256),0,1) -> -1 | K23: =J23*$J$2 -> -10 | M23: =IF(I23<>"",K23+I23+L23,0) -> 0
A24: =M24 -> 0 | B24: =IF(H24>$H$2,"",(ROW()-5)) | H24: 19 | I24: =IF(H24<$H$2+1,($I$2-($I$2-1)*(LOG(H24)/LOG($H$2))),"") | J24: =INT(LOG($H$2,2))-ROUNDUP(LOG(H24,2),0)+IF(OR($H$2=1,$H$2=2,$H$2=4,$H$2=8,$H$2=16,$H$2=32,$H$2=64,$H$2=128,$H$2=256),0,1) -> -1 | K24: =J24*$J$2 -> -10 | M24: =IF(I24<>"",K24+I24+L24,0) -> 0
A25: =M25 -> 0 | B25: =IF(H25>$H$2,"",(ROW()-5)) | H25: 20 | I25: =IF(H25<$H$2+1,($I$2-($I$2-1)*(LOG(H25)/LOG($H$2))),"") | J25: =INT(LOG($H$2,2))-ROUNDUP(LOG(H25,2),0)+IF(OR($H$2=1,$H$2=2,$H$2=4,$H$2=8,$H$2=16,$H$2=32,$H$2=64,$H$2=128,$H$2=256),0,1) -> -1 | K25: =J25*$J$2 -> -10 | M25: =IF(I25<>"",K25+I25+L25,0) -> 0
A26: =M26 -> 0 | B26: =IF(H26>$H$2,"",(ROW()-5)) | H26: 21 | I26: =IF(H26<$H$2+1,($I$2-($I$2-1)*(LOG(H26)/LOG($H$2))),"") | J26: =INT(LOG($H$2,2))-ROUNDUP(LOG(H26,2),0)+IF(OR($H$2=1,$H$2=2,$H$2=4,$H$2=8,$H$2=16,$H$2=32,$H$2=64,$H$2=128,$H$2=256),0,1) -> -1 | K26: =J26*$J$2 -> -10 | M26: =IF(I26<>"",K26+I26+L26,0) -> 0
A27: =M27 -> 0 | B27: =IF(H27>$H$2,"",(ROW()-5)) | H27: 22 | I27: =IF(H27<$H$2+1,($I$2-($I$2-1)*(LOG(H27)/LOG($H$2))),"") | J27: =INT(LOG($H$2,2))-ROUNDUP(LOG(H27,2),0)+IF(OR($H$2=1,$H$2=2,$H$2=4,$H$2=8,$H$2=16,$H$2=32,$H$2=64,$H$2=128,$H$2=256),0,1) -> -1 | K27: =J27*$J$2 -> -10 | M27: =IF(I27<>"",K27+I27+L27,0) -> 0
A28: =M28 -> 0 | B28: =IF(H28>$H$2,"",(ROW()-5)) | H28: 23 | I28: =IF(H28<$H$2+1,($I$2-($I$2-1)*(LOG(H28)/LOG($H$2))),"") | J28: =INT(LOG($H$2,2))-ROUNDUP(LOG(H28,2),0)+IF(OR($H$2=1,$H$2=2,$H$2=4,$H$2=8,$H$2=16,$H$2=32,$H$2=64,$H$2=128,$H$2=256),0,1) -> -1 | K28: =J28*$J$2 -> -10 | M28: =IF(I28<>"",K28+I28+L28,0) -> 0
... A37: =M37 -> 0 | B37: =IF(H37>$H$2,"",(ROW()-5)) | H37: 32 | I37: =IF(H37<$H$2+1,($I$2-($I$2-1)*(LOG(H37)/LOG($H$2))),"") | J37: =INT(LOG($H$2,2))-ROUNDUP(LOG(H37,2),0)+IF(OR($H$2=1,$H$2=2,$H$2=4,$H$2=8,$H$2=16,$H$2=32,$H$2=64,$H$2=128,$H$2=256),0,1) -> -1 | K37: =J37*$J$2 -> -10 | M37: =IF(I37<>"",K37+I37+L37,0) -> 0
B38: =IF(H38>$H$2,"",(ROW()-5)) | H38: 33 | I38: =IF(H38<$H$2+1,($I$2-($I$2-1)*(LOG(H38)/LOG($H$2))),"") | J38: =INT(LOG($H$2,2))-ROUNDUP(LOG(H38,2),0)+IF(OR($H$2=1,$H$2=2,$H$2=4,$H$2=8,$H$2=16,$H$2=32,$H$2=64,$H$2=128,$H$2=256),0,1) -> -2 | K38: =J38*$J$2 -> -20 | M38: =IF(I38<>"",K38+I38+L38,0) -> 0
B39: =IF(H39>$H$2,"",(ROW()-5)) | H39: 34 | I39: =IF(H39<$H$2+1,($I$2-($I$2-1)*(LOG(H39)/LOG($H$2))),"") | J39: =INT(LOG($H$2,2))-ROUNDUP(LOG(H39,2),0)+IF(OR($H$2=1,$H$2=2,$H$2=4,$H$2=8,$H$2=16,$H$2=32,$H$2=64,$H$2=128,$H$2=256),0,1) -> -2 | K39: =J39*$J$2 -> -20 | M39: =IF(I39<>"",K39+I39+L39,0) -> 0
B40: =IF(H40>$H$2,"",(ROW()-5)) | H40: 35 | I40: =IF(H40<$H$2+1,($I$2-($I$2-1)*(LOG(H40)/LOG($H$2))),"") | J40: =INT(LOG($H$2,2))-ROUNDUP(LOG(H40,2),0)+IF(OR($H$2=1,$H$2=2,$H$2=4,$H$2=8,$H$2=16,$H$2=32,$H$2=64,$H$2=128,$H$2=256),0,1) -> -2 | K40: =J40*$J$2 -> -20 | M40: =IF(I40<>"",K40+I40+L40,0) -> 0
B41: =IF(H41>$H$2,"",(ROW()-5)) | H41: 36 | I41: =IF(H41<$H$2+1,($I$2-($I$2-1)*(LOG(H41)/LOG($H$2))),"") | J41: =INT(LOG($H$2,2))-ROUNDUP(LOG(H41,2),0)+IF(OR($H$2=1,$H$2=2,$H$2=4,$H$2=8,$H$2=16,$H$2=32,$H$2=64,$H$2=128,$H$2=256),0,1) -> -2 | K41: =J41*$J$2 -> -20 | M41: =IF(I41<>"",K41+I41+L41,0) -> 0
B42: =IF(H42>$H$2,"",(ROW()-5)) | H42: 37 | I42: =IF(H42<$H$2+1,($I$2-($I$2-1)*(LOG(H42)/LOG($H$2))),"") | J42: =INT(LOG($H$2,2))-ROUNDUP(LOG(H42,2),0)+IF(OR($H$2=1,$H$2=2,$H$2=4,$H$2=8,$H$2=16,$H$2=32,$H$2=64,$H$2=128,$H$2=256),0,1) -> -2 | K42: =J42*$J$2 -> -20 | M42: =IF(I42<>"",K42+I42+L42,0) -> 0
B43: =IF(H43>$H$2,"",(ROW()-5)) | H43: 38 | I43: =IF(H43<$H$2+1,($I$2-($I$2-1)*(LOG(H43)/LOG($H$2))),"") | J43: =INT(LOG($H$2,2))-ROUNDUP(LOG(H43,2),0)+IF(OR($H$2=1,$H$2=2,$H$2=4,$H$2=8,$H$2=16,$H$2=32,$H$2=64,$H$2=128,$H$2=256),0,1) -> -2 | K43: =J43*$J$2 -> -20 | M43: =IF(I43<>"",K43+I43+L43,0) -> 0
B44: =IF(H44>$H$2,"",(ROW()-5)) | H44: 39 | I44: =IF(H44<$H$2+1,($I$2-($I$2-1)*(LOG(H44)/LOG($H$2))),"") | J44: =INT(LOG($H$2,2))-ROUNDUP(LOG(H44,2),0)+IF(OR($H$2=1,$H$2=2,$H$2=4,$H$2=8,$H$2=16,$H$2=32,$H$2=64,$H$2=128,$H$2=256),0,1) -> -2 | K44: =J44*$J$2 -> -20 | M44: =IF(I44<>"",K44+I44+L44,0) -> 0
B45: =IF(H45>$H$2,"",(ROW()-5)) | H45: 40 | I45: =IF(H45<$H$2+1,($I$2-($I$2-1)*(LOG(H45)/LOG($H$2))),"") | J45: =INT(LOG($H$2,2))-ROUNDUP(LOG(H45,2),0)+IF(OR($H$2=1,$H$2=2,$H$2=4,$H$2=8,$H$2=16,$H$2=32,$H$2=64,$H$2=128,$H$2=256),0,1) -> -2 | K45: =J45*$J$2 -> -20 | M45: =IF(I45<>"",K45+I45+L45,0) -> 0
B46: =IF(H46>$H$2,"",(ROW()-5)) | H46: 41 | I46: =IF(H46<$H$2+1,($I$2-($I$2-1)*(LOG(H46)/LOG($H$2))),"") | J46: =INT(LOG($H$2,2))-ROUNDUP(LOG(H46,2),0)+IF(OR($H$2=1,$H$2=2,$H$2=4,$H$2=8,$H$2=16,$H$2=32,$H$2=64,$H$2=128,$H$2=256),0,1) -> -2 | K46: =J46*$J$2 -> -20 | M46: =IF(I46<>"",K46+I46+L46,0) -> 0 | R46: =LOG($H$2,2) -> 3.3219281 | T46: =LOG(H38,2) -> 5.0443941 | U46: =R46-T46 -> -1.722466
B47: =IF(H47>$H$2,"",(ROW()-5)) | H47: 42 | I47: =IF(H47<$H$2+1,($I$2-($I$2-1)*(LOG(H47)/LOG($H$2))),"") | J47: =INT(LOG($H$2,2))-ROUNDUP(LOG(H47,2),0)+IF(OR($H$2=1,$H$2=2,$H$2=4,$H$2=8,$H$2=16,$H$2=32,$H$2=64,$H$2=128,$H$2=256),0,1) -> -2 | K47: =J47*$J$2 -> -20 | M47: =IF(I47<>"",K47+I47+L47,0) -> 0
B48: =IF(H48>$H$2,"",(ROW()-5)) | H48: 43 | I48: =IF(H48<$H$2+1,($I$2-($I$2-1)*(LOG(H48)/LOG($H$2))),"") | J48: =INT(LOG($H$2,2))-ROUNDUP(LOG(H48,2),0)+IF(OR($H$2=1,$H$2=2,$H$2=4,$H$2=8,$H$2=16,$H$2=32,$H$2=64,$H$2=128,$H$2=256),0,1) -> -2 | K48: =J48*$J$2 -> -20 | M48: =IF(I48<>"",K48+I48+L48,0) -> 0
B49: =IF(H49>$H$2,"",(ROW()-5)) | H49: 44 | I49: =IF(H49<$H$2+1,($I$2-($I$2-1)*(LOG(H49)/LOG($H$2))),"") | J49: =INT(LOG($H$2,2))-ROUNDUP(LOG(H49,2),0)+IF(OR($H$2=1,$H$2=2,$H$2=4,$H$2=8,$H$2=16,$H$2=32,$H$2=64,$H$2=128,$H$2=256),0,1) -> -2 | K49: =J49*$J$2 -> -20 | M49: =IF(I49<>"",K49+I49+L49,0) -> 0
B50: =IF(H50>$H$2,"",(ROW()-5)) | H50: 45 | I50: =IF(H50<$H$2+1,($I$2-($I$2-1)*(LOG(H50)/LOG($H$2))),"") | J50: =INT(LOG($H$2,2))-ROUNDUP(LOG(H50,2),0)+IF(OR($H$2=1,$H$2=2,$H$2=4,$H$2=8,$H$2=16,$H$2=32,$H$2=64,$H$2=128,$H$2=256),0,1) -> -2 | K50: =J50*$J$2 -> -20 | M50: =IF(I50<>"",K50+I50+L50,0) -> 0
B51: =IF(H51>$H$2,"",(ROW()-5)) | H51: 46 | I51: =IF(H51<$H$2+1,($I$2-($I$2-1)*(LOG(H51)/LOG($H$2))),"") | J51: =INT(LOG($H$2,2))-ROUNDUP(LOG(H51,2),0)+IF(OR($H$2=1,$H$2=2,$H$2=4,$H$2=8,$H$2=16,$H$2=32,$H$2=64,$H$2=128,$H$2=256),0,1) -> -2 | K51: =J51*$J$2 -> -20 | M51: =IF(I51<>"",K51+I51+L51,0) -> 0
B52: =IF(H52>$H$2,"",(ROW()-5)) | H52: 47 | I52: =IF(H52<$H$2+1,($I$2-($I$2-1)*(LOG(H52)/LOG($H$2))),"") | J52: =INT(LOG($H$2,2))-ROUNDUP(LOG(H52,2),0)+IF(OR($H$2=1,$H$2=2,$H$2=4,$H$2=8,$H$2=16,$H$2=32,$H$2=64,$H$2=128,$H$2=256),0,1) -> -2 | K52: =J52*$J$2 -> -20 | M52: =IF(I52<>"",K52+I52+L52,0) -> 0
B53: =IF(H53>$H$2,"",(ROW()-5)) | H53: 48 | I53: =IF(H53<$H$2+1,($I$2-($I$2-1)*(LOG(H53)/LOG($H$2))),"") | J53: =INT(LOG($H$2,2))-ROUNDUP(LOG(H53,2),0)+IF(OR($H$2=1,$H$2=2,$H$2=4,$H$2=8,$H$2=16,$H$2=32,$H$2=64,$H$2=128,$H$2=256),0,1) -> -2 | K53: =J53*$J$2 -> -20 | M53: =IF(I53<>"",K53+I53+L53,0) -> 0
B54: =IF(H54>$H$2,"",(ROW()-5)) | H54: 49 | I54: =IF(H54<$H$2+1,($I$2-($I$2-1)*(LOG(H54)/LOG($H$2))),"") | J54: =INT(LOG($H$2,2))-ROUNDUP(LOG(H54,2),0)+IF(OR($H$2=1,$H$2=2,$H$2=4,$H$2=8,$H$2=16,$H$2=32,$H$2=64,$H$2=128,$H$2=256),0,1) -> -2 | K54: =J54*$J$2 -> -20 | M54: =IF(I54<>"",K54+I54+L54,0) -> 0
B55: =IF(H55>$H$2,"",(ROW()-5)) | H55: 50 | I55: =IF(H55<$H$2+1,($I$2-($I$2-1)*(LOG(H55)/LOG($H$2))),"") | J55: =INT(LOG($H$2,2))-ROUNDUP(LOG(H55,2),0)+IF(OR($H$2=1,$H$2=2,$H$2=4,$H$2=8,$H$2=16,$H$2=32,$H$2=64,$H$2=128,$H$2=256),0,1) -> -2 | K55: =J55*$J$2 -> -20 | M55: =IF(I55<>"",K55+I55+L55,0) -> 0
B56: =IF(H56>$H$2,"",(ROW()-5)) | H56: 51 | I56: =IF(H56<$H$2+1,($I$2-($I$2-1)*(LOG(H56)/LOG($H$2))),"") | J56: =INT(LOG($H$2,2))-ROUNDUP(LOG(H56,2),0)+IF(OR($H$2=1,$H$2=2,$H$2=4,$H$2=8,$H$2=16,$H$2=32,$H$2=64,$H$2=128,$H$2=256),0,1) -> -2 | K56: =J56*$J$2 -> -20 | M56: =IF(I56<>"",K56+I56+L56,0) -> 0
B57: =IF(H57>$H$2,"",(ROW()-5)) | H57: 52 | I57: =IF(H57<$H$2+1,($I$2-($I$2-1)*(LOG(H57)/LOG($H$2))),"") | J57: =INT(LOG($H$2,2))-ROUNDUP(LOG(H57,2),0)+IF(OR($H$2=1,$H$2=2,$H$2=4,$H$2=8,$H$2=16,$H$2=32,$H$2=64,$H$2=128,$H$2=256),0,1) -> -2 | K57: =J57*$J$2 -> -20 | M57: =IF(I57<>"",K57+I57+L57,0) -> 0
B58: =IF(H58>$H$2,"",(ROW()-5)) | H58: 53 | I58: =IF(H58<$H$2+1,($I$2-($I$2-1)*(LOG(H58)/LOG($H$2))),"") | J58: =INT(LOG($H$2,2))-ROUNDUP(LOG(H58,2),0)+IF(OR($H$2=1,$H$2=2,$H$2=4,$H$2=8,$H$2=16,$H$2=32,$H$2=64,$H$2=128,$H$2=256),0,1) -> -2 | K58: =J58*$J$2 -> -20 | M58: =IF(I58<>"",K58+I58+L58,0) -> 0
... B65: =IF(H65>$H$2,"",(ROW()-5)) | H65: 60 | I65: =IF(H65<$H$2+1,($I$2-($I$2-1)*(LOG(H65)/LOG($H$2))),"") | J65: =INT(LOG($H$2,2))-ROUNDUP(LOG(H65,2),0)+IF(OR($H$2=1,$H$2=2,$H$2=4,$H$2=8,$H$2=16,$H$2=32,$H$2=64,$H$2=128,$H$2=256),0,1) -> -2 | K65: =J65*$J$2 -> -20 | M65: =IF(I65<>"",K65+I65+L65,0) -> 0
H66: 61 | I66: =IF(H66<$H$2+1,($I$2-($I$2-1)*(LOG(H66)/LOG($H$2))),"") | J66: =INT(LOG($H$2,2))-ROUNDUP(LOG(H66,2),0)+IF(OR($H$2=1,$H$2=2,$H$2=4,$H$2=8,$H$2=16,$H$2=32,$H$2=64,$H$2=128,$H$2=256),0,1) -> -2 | K66: =J66*$J$2 -> -20 | M66: =IF(I66<>"",K66+I66+L66,0) -> 0
H67: 62 | I67: =IF(H67<$H$2+1,($I$2-($I$2-1)*(LOG(H67)/LOG($H$2))),"") | J67: =INT(LOG($H$2,2))-ROUNDUP(LOG(H67,2),0)+IF(OR($H$2=1,$H$2=2,$H$2=4,$H$2=8,$H$2=16,$H$2=32,$H$2=64,$H$2=128,$H$2=256),0,1) -> -2 | K67: =J67*$J$2 -> -20 | M67: =IF(I67<>"",K67+I67+L67,0) -> 0
H68: 63 | I68: =IF(H68<$H$2+1,($I$2-($I$2-1)*(LOG(H68)/LOG($H$2))),"") | J68: =INT(LOG($H$2,2))-ROUNDUP(LOG(H68,2),0)+IF(OR($H$2=1,$H$2=2,$H$2=4,$H$2=8,$H$2=16,$H$2=32,$H$2=64,$H$2=128,$H$2=256),0,1) -> -2 | K68: =J68*$J$2 -> -20 | M68: =IF(I68<>"",K68+I68+L68,0) -> 0
H69: 64 | I69: =IF(H69<$H$2+1,($I$2-($I$2-1)*(LOG(H69)/LOG($H$2))),"") | J69: =INT(LOG($H$2,2))-ROUNDUP(LOG(H69,2),0)+IF(OR($H$2=1,$H$2=2,$H$2=4,$H$2=8,$H$2=16,$H$2=32,$H$2=64,$H$2=128,$H$2=256),0,1) -> -2 | K69: =J69*$J$2 -> -20 | M69: =IF(I69<>"",K69+I69+L69,0) -> 0
H70: 65 | I70: =IF(H70<$H$2+1,($I$2-($I$2-1)*(LOG(H70)/LOG($H$2))),"") | J70: =INT(LOG($H$2,2))-ROUNDUP(LOG(H70,2),0)+IF(OR($H$2=1,$H$2=2,$H$2=4,$H$2=8,$H$2=16,$H$2=32,$H$2=64,$H$2=128,$H$2=256),0,1) -> -3 | K70: =J70*$J$2 -> -30 | M70: =IF(I70<>"",K70+I70+L70,0) -> 0
H71: 66 | I71: =IF(H71<$H$2+1,($I$2-($I$2-1)*(LOG(H71)/LOG($H$2))),"") | J71: =INT(LOG($H$2,2))-ROUNDUP(LOG(H71,2),0)+IF(OR($H$2=1,$H$2=2,$H$2=4,$H$2=8,$H$2=16,$H$2=32,$H$2=64,$H$2=128,$H$2=256),0,1) -> -3 | K71: =J71*$J$2 -> -30 | M71: =IF(I71<>"",K71+I71+L71,0) -> 0
H72: 67 | I72: =IF(H72<$H$2+1,($I$2-($I$2-1)*(LOG(H72)/LOG($H$2))),"") | J72: =INT(LOG($H$2,2))-ROUNDUP(LOG(H72,2),0)+IF(OR($H$2=1,$H$2=2,$H$2=4,$H$2=8,$H$2=16,$H$2=32,$H$2=64,$H$2=128,$H$2=256),0,1) -> -3 | K72: =J72*$J$2 -> -30 | M72: =IF(I72<>"",K72+I72+L72,0) -> 0
H73: 68 | I73: =IF(H73<$H$2+1,($I$2-($I$2-1)*(LOG(H73)/LOG($H$2))),"") | J73: =INT(LOG($H$2,2))-ROUNDUP(LOG(H73,2),0)+IF(OR($H$2=1,$H$2=2,$H$2=4,$H$2=8,$H$2=16,$H$2=32,$H$2=64,$H$2=128,$H$2=256),0,1) -> -3 | K73: =J73*$J$2 -> -30 | M73: =IF(I73<>"",K73+I73+L73,0) -> 0
H74: 69 | I74: =IF(H74<$H$2+1,($I$2-($I$2-1)*(LOG(H74)/LOG($H$2))),"") | J74: =INT(LOG($H$2,2))-ROUNDUP(LOG(H74,2),0)+IF(OR($H$2=1,$H$2=2,$H$2=4,$H$2=8,$H$2=16,$H$2=32,$H$2=64,$H$2=128,$H$2=256),0,1) -> -3 | K74: =J74*$J$2 -> -30 | M74: =IF(I74<>"",K74+I74+L74,0) -> 0
H75: 70 | I75: =IF(H75<$H$2+1,($I$2-($I$2-1)*(LOG(H75)/LOG($H$2))),"") | J75: =INT(LOG($H$2,2))-ROUNDUP(LOG(H75,2),0)+IF(OR($H$2=1,$H$2=2,$H$2=4,$H$2=8,$H$2=16,$H$2=32,$H$2=64,$H$2=128,$H$2=256),0,1) -> -3 | K75: =J75*$J$2 -> -30 | M75: =IF(I75<>"",K75+I75+L75,0) -> 0
H76: 71 | I76: =IF(H76<$H$2+1,($I$2-($I$2-1)*(LOG(H76)/LOG($H$2))),"") | J76: =INT(LOG($H$2,2))-ROUNDUP(LOG(H76,2),0)+IF(OR($H$2=1,$H$2=2,$H$2=4,$H$2=8,$H$2=16,$H$2=32,$H$2=64,$H$2=128,$H$2=256),0,1) -> -3 | K76: =J76*$J$2 -> -30 | M76: =IF(I76<>"",K76+I76+L76,0) -> 0
H77: 72 | I77: =IF(H77<$H$2+1,($I$2-($I$2-1)*(LOG(H77)/LOG($H$2))),"") | J77: =INT(LOG($H$2,2))-ROUNDUP(LOG(H77,2),0)+IF(OR($H$2=1,$H$2=2,$H$2=4,$H$2=8,$H$2=16,$H$2=32,$H$2=64,$H$2=128,$H$2=256),0,1) -> -3 | K77: =J77*$J$2 -> -30 | M77: =IF(I77<>"",K77+I77+L77,0) -> 0
... H305: 300 | I305: =IF(H305<$H$2+1,($I$2-($I$2-1)*(LOG(H305)/LOG($H$2))),"") | J305: =INT(LOG($H$2,2))-ROUNDUP(LOG(H305,2),0)+IF(OR($H$2=1,$H$2=2,$H$2=4,$H$2=8,$H$2=16,$H$2=32,$H$2=64,$H$2=128,$H$2=256),0,1) -> -5 | K305: =J305*$J$2 -> -50 | M305: =IF(I305<>"",K305+I305+L305,0) -> 0

Sheet PP2
H1: Liczba uczestników: | I1: GP Punkty | J1: Bonus za rundę | K1: Mnożnik za podium
B2: miejsce: | C2: BYTOM | H2: 9 | I2: 50 | J2: 10 | K2: =3*H2^(1/3) -> 6.2402515
B3: data: | C3: 26.10.2024
A5: Punkty | B5: Miejsce Place | C5: Nazwisko Imię Name | D5: Klub Club(s) | E5: Okręg Division | F5: Państwo Country | H5: Miejsce | I5: Punkty za miejsce | J5: awans do kolejnej rundy pucharowej | K5: bonus za rundy pucharowe | L5: punkty za podium | M5: Suma
A6: =M6 -> 108.72075 | B6: =IF(H6>$H$2,"",(ROW()-5)) -> 1 | C6: KOSTRZEWA Ireneusz | D6: KSz WARSZAWIANKA | E6: POL | F6: POL | H6: 1 | I6: =IF(H2=1,50,IF(H6<$H$2+1,($I$2-($I$2-1)*(LOG(H6)/LOG($H$2))),"")) -> 50 | J6: =INT(LOG($H$2,2))-ROUNDUP(LOG(H6,2),0)+IF(OR($H$2=1,$H$2=2,$H$2=4,$H$2=8,$H$2=16,$H$2=32,$H$2=64,$H$2=128,$H$2=256),0,1) -> 4 | K6: =J6*$J$2 -> 40 | L6: =3*K2 -> 18.720754 | M6: =IF(I6<>"",K6+I6+L6,0) -> 108.72075
A7: =M7 -> 77.022724 | B7: =IF(H7>$H$2,"",(ROW()-5)) -> 2 | C7: DRAPELLA Maciej | D7: SPWS | E7: POL | F7: POL | H7: 2 | I7: =IF(H7<$H$2+1,($I$2-($I$2-1)*(LOG(H7)/LOG($H$2))),"") -> 34.542221 | J7: =INT(LOG($H$2,2))-ROUNDUP(LOG(H7,2),0)+IF(OR($H$2=1,$H$2=2,$H$2=4,$H$2=8,$H$2=16,$H$2=32,$H$2=64,$H$2=128,$H$2=256),0,1) -> 3 | K7: =J7*$J$2 -> 30 | L7: =2*K2 -> 12.480503 | M7: =IF(I7<>"",K7+I7+L7,0) -> 77.022724
A8: =M8 -> 51.740251 | B8: =IF(H8>$H$2,"",(ROW()-5)) -> 3 | C8: KRZEMIŃSKI Mariusz | D8: KS AZS AWFIS GDAŃSK | E8: POL | F8: POL | H8: 3 | I8: =IF(H8<$H$2+1,($I$2-($I$2-1)*(LOG(H8)/LOG($H$2))),"") -> 25.5 | J8: =INT(LOG($H$2,2))-ROUNDUP(LOG(H8,2),0)+IF(OR($H$2=1,$H$2=2,$H$2=4,$H$2=8,$H$2=16,$H$2=32,$H$2=64,$H$2=128,$H$2=256),0,1) -> 2 | K8: =J8*$J$2 -> 20 | L8: =K2 -> 6.2402515 | M8: =IF(I8<>"",K8+I8+L8,0) -> 51.740251
A9: =M9 -> 39.084442 | B9: =IF(H9>$H$2,"",(ROW()-5)) -> 4 | C9: HERONIMEK Leszek | D9: PKSzerm WARSZAWA | E9: POL | F9: POL | H9: 4 | I9: =IF(H9<$H$2+1,($I$2-($I$2-1)*(LOG(H9)/LOG($H$2))),"") -> 19.084442 | J9: =INT(LOG($H$2,2))-ROUNDUP(LOG(H9,2),0)+IF(OR($H$2=1,$H$2=2,$H$2=4,$H$2=8,$H$2=16,$H$2=32,$H$2=64,$H$2=128,$H$2=256),0,1) -> 2 | K9: =J9*$J$2 -> 20 | M9: =IF(I9<>"",K9+I9+L9,0) -> 39.084442 | AH9: x | AI9: 23
A10: =M10 -> 24.108149 | B10: =IF(H10>$H$2,"",(ROW()-5)) -> 5 | C10: NIKALAICHUK Aliaksandr | D10: AZS AWF KRAKÓW | E10: POL | F10: POL | H10: 5 | I10: =IF(H10<$H$2+1,($I$2-($I$2-1)*(LOG(H10)/LOG($H$2))),"") -> 14.108149 | J10: =INT(LOG($H$2,2))-ROUNDUP(LOG(H10,2),0)+IF(OR($H$2=1,$H$2=2,$H$2=4,$H$2=8,$H$2=16,$H$2=32,$H$2=64,$H$2=128,$H$2=256),0,1) -> 1 | K10: =J10*$J$2 -> 10 | M10: =IF(I10<>"",K10+I10+L10,0) -> 24.108149 | AH10: N | AI10: 45
A11: =M11 -> 20.042221 | B11: =IF(H11>$H$2,"",(ROW()-5)) -> 6 | C11: POPRAWA Mariusz | D11: UKS SOKOLIK MOSiR KROSNO | E11: POL | F11: POL | H11: 6 | I11: =IF(H11<$H$2+1,($I$2-($I$2-1)*(LOG(H11)/LOG($H$2))),"") -> 10.042221 | J11: =INT(LOG($H$2,2))-ROUNDUP(LOG(H11,2),0)+IF(OR($H$2=1,$H$2=2,$H$2=4,$H$2=8,$H$2=16,$H$2=32,$H$2=64,$H$2=128,$H$2=256),0,1) -> 1 | K11: =J11*$J$2 -> 10 | M11: =IF(I11<>"",K11+I11+L11,0) -> 20.042221 | AH11: MP | AI11: 50
A12: =M12 -> 16.604528 | B12: =IF(H12>$H$2,"",(ROW()-5)) -> 7 | C12: AUGUSTOWSKI Waldemar | D12: AZS AWF WROCŁAW | E12: POL | H12: 7 | I12: =IF(H12<$H$2+1,($I$2-($I$2-1)*(LOG(H12)/LOG($H$2))),"") -> 6.6045281 | J12: =INT(LOG($H$2,2))-ROUNDUP(LOG(H12,2),0)+IF(OR($H$2=1,$H$2=2,$H$2=4,$H$2=8,$H$2=16,$H$2=32,$H$2=64,$H$2=128,$H$2=256),0,1) -> 1 | K12: =J12*$J$2 -> 10 | M12: =IF(I12<>"",K12+I12+L12,0) -> 16.604528 | AH12: MP-1 | AI12: =AI11-1 -> 49
A13: =M13 -> 13.626663 | B13: =IF(H13>$H$2,"",(ROW()-5)) -> 8 | C13: POKRZYWA Mariusz | D13: AZS AWF KRAKÓW | E13: POL | H13: 8 | I13: =IF(H13<$H$2+1,($I$2-($I$2-1)*(LOG(H13)/LOG($H$2))),"") -> 3.6266631 | J13: =INT(LOG($H$2,2))-ROUNDUP(LOG(H13,2),0)+IF(OR($H$2=1,$H$2=2,$H$2=4,$H$2=8,$H$2=16,$H$2=32,$H$2=64,$H$2=128,$H$2=256),0,1) -> 1 | K13: =J13*$J$2 -> 10 | M13: =IF(I13<>"",K13+I13+L13,0) -> 13.626663 | AH13: log(x) | AI13: =LOG(AI9) -> 1.3617278
A14: =M14 -> 1 | B14: =IF(H14>$H$2,"",(ROW()-5)) -> 9 | C14: WHITLEY Gary | D14: AZS WRATISLAVIA WROCŁAW | E14: USA | F14: USA | H14: 9 | I14: =IF(H14<$H$2+1,($I$2-($I$2-1)*(LOG(H14)/LOG($H$2))),"") -> 1 | J14: =INT(LOG($H$2,2))-ROUNDUP(LOG(H14,2),0)+IF(OR($H$2=1,$H$2=2,$H$2=4,$H$2=8,$H$2=16,$H$2=32,$H$2=64,$H$2=128,$H$2=256),0,1) -> 0 | K14: =J14*$J$2 -> 0 | M14: =IF(I14<>"",K14+I14+L14,0) -> 1 | AH14: Log(N) | AI14: =LOG(AI10) -> 1.6532125
A15: =M15 -> 0 | B15: =IF(H15>$H$2,"",(ROW()-5)) | H15: 10 | I15: =IF(H15<$H$2+1,($I$2-($I$2-1)*(LOG(H15)/LOG($H$2))),"") | J15: =INT(LOG($H$2,2))-ROUNDUP(LOG(H15,2),0)+IF(OR($H$2=1,$H$2=2,$H$2=4,$H$2=8,$H$2=16,$H$2=32,$H$2=64,$H$2=128,$H$2=256),0,1) -> 0 | K15: =J15*$J$2 -> 0 | M15: =IF(I15<>"",K15+I15+L15,0) -> 0
A16: =M16 -> 0 | B16: =IF(H16>$H$2,"",(ROW()-5)) | H16: 11 | I16: =IF(H16<$H$2+1,($I$2-($I$2-1)*(LOG(H16)/LOG($H$2))),"") | J16: =INT(LOG($H$2,2))-ROUNDUP(LOG(H16,2),0)+IF(OR($H$2=1,$H$2=2,$H$2=4,$H$2=8,$H$2=16,$H$2=32,$H$2=64,$H$2=128,$H$2=256),0,1) -> 0 | K16: =J16*$J$2 -> 0 | M16: =IF(I16<>"",K16+I16+L16,0) -> 0 | AH16: MP - (MP-1)*LOG(x)/LOG(N) | AI16: =AI11-AI12*AI13/AI14 -> 9.6393909 | AJ16: points
A17: =M17 -> 0 | B17: =IF(H17>$H$2,"",(ROW()-5)) | H17: 12 | I17: =IF(H17<$H$2+1,($I$2-($I$2-1)*(LOG(H17)/LOG($H$2))),"") | J17: =INT(LOG($H$2,2))-ROUNDUP(LOG(H17,2),0)+IF(OR($H$2=1,$H$2=2,$H$2=4,$H$2=8,$H$2=16,$H$2=32,$H$2=64,$H$2=128,$H$2=256),0,1) -> 0 | K17: =J17*$J$2 -> 0 | M17: =IF(I17<>"",K17+I17+L17,0) -> 0
A18: =M18 -> 0 | B18: =IF(H18>$H$2,"",(ROW()-5)) | H18: 13 | I18: =IF(H18<$H$2+1,($I$2-($I$2-1)*(LOG(H18)/LOG($H$2))),"") | J18: =INT(LOG($H$2,2))-ROUNDUP(LOG(H18,2),0)+IF(OR($H$2=1,$H$2=2,$H$2=4,$H$2=8,$H$2=16,$H$2=32,$H$2=64,$H$2=128,$H$2=256),0,1) -> 0 | K18: =J18*$J$2 -> 0 | M18: =IF(I18<>"",K18+I18+L18,0) -> 0
A19: =M19 -> 0 | B19: =IF(H19>$H$2,"",(ROW()-5)) | H19: 14 | I19: =IF(H19<$H$2+1,($I$2-($I$2-1)*(LOG(H19)/LOG($H$2))),"") | J19: =INT(LOG($H$2,2))-ROUNDUP(LOG(H19,2),0)+IF(OR($H$2=1,$H$2=2,$H$2=4,$H$2=8,$H$2=16,$H$2=32,$H$2=64,$H$2=128,$H$2=256),0,1) -> 0 | K19: =J19*$J$2 -> 0 | M19: =IF(I19<>"",K19+I19+L19,0) -> 0
A20: =M20 -> 0 | B20: =IF(H20>$H$2,"",(ROW()-5)) | H20: 15 | I20: =IF(H20<$H$2+1,($I$2-($I$2-1)*(LOG(H20)/LOG($H$2))),"") | J20: =INT(LOG($H$2,2))-ROUNDUP(LOG(H20,2),0)+IF(OR($H$2=1,$H$2=2,$H$2=4,$H$2=8,$H$2=16,$H$2=32,$H$2=64,$H$2=128,$H$2=256),0,1) -> 0 | K20: =J20*$J$2 -> 0 | M20: =IF(I20<>"",K20+I20+L20,0) -> 0
A21: =M21 -> 0 | B21: =IF(H21>$H$2,"",(ROW()-5)) | H21: 16 | I21: =IF(H21<$H$2+1,($I$2-($I$2-1)*(LOG(H21)/LOG($H$2))),"") | J21: =INT(LOG($H$2,2))-ROUNDUP(LOG(H21,2),0)+IF(OR($H$2=1,$H$2=2,$H$2=4,$H$2=8,$H$2=16,$H$2=32,$H$2=64,$H$2=128,$H$2=256),0,1) -> 0 | K21: =J21*$J$2 -> 0 | M21: =IF(I21<>"",K21+I21+L21,0) -> 0
A22: =M22 -> 0 | B22: =IF(H22>$H$2,"",(ROW()-5)) | H22: 17 | I22: =IF(H22<$H$2+1,($I$2-($I$2-1)*(LOG(H22)/LOG($H$2))),"") | J22: =INT(LOG($H$2,2))-ROUNDUP(LOG(H22,2),0)+IF(OR($H$2=1,$H$2=2,$H$2=4,$H$2=8,$H$2=16,$H$2=32,$H$2=64,$H$2=128,$H$2=256),0,1) -> -1 | K22: =J22*$J$2 -> -10 | M22: =IF(I22<>"",K22+I22+L22,0) -> 0
A23: =M23 -> 0 | B23: =IF(H23>$H$2,"",(ROW()-5)) | H23: 18 | I23: =IF(H23<$H$2+1,($I$2-($I$2-1)*(LOG(H23)/LOG($H$2))),"") | J23: =INT(LOG($H$2,2))-ROUNDUP(LOG(H23,2),0)+IF(OR($H$2=1,$H$2=2,$H$2=4,$H$2=8,$H$2=16,$H$2=32,$H$2=64,$H$2=128,$H$2=256),0,1) -> -1 | K23: =J23*$J$2 -> -10 | M23: =IF(I23<>"",K23+I23+L23,0) -> 0
A24: =M24 -> 0 | B24: =IF(H24>$H$2,"",(ROW()-5)) | H24: 19 | I24: =IF(H24<$H$2+1,($I$2-($I$2-1)*(LOG(H24)/LOG($H$2))),"") | J24: =INT(LOG($H$2,2))-ROUNDUP(LOG(H24,2),0)+IF(OR($H$2=1,$H$2=2,$H$2=4,$H$2=8,$H$2=16,$H$2=32,$H$2=64,$H$2=128,$H$2=256),0,1) -> -1 | K24: =J24*$J$2 -> -10 | M24: =IF(I24<>"",K24+I24+L24,0) -> 0
A25: =M25 -> 0 | B25: =IF(H25>$H$2,"",(ROW()-5)) | H25: 20 | I25: =IF(H25<$H$2+1,($I$2-($I$2-1)*(LOG(H25)/LOG($H$2))),"") | J25: =INT(LOG($H$2,2))-ROUNDUP(LOG(H25,2),0)+IF(OR($H$2=1,$H$2=2,$H$2=4,$H$2=8,$H$2=16,$H$2=32,$H$2=64,$H$2=128,$H$2=256),0,1) -> -1 | K25: =J25*$J$2 -> -10 | M25: =IF(I25<>"",K25+I25+L25,0) -> 0
A26: =M26 -> 0 | B26: =IF(H26>$H$2,"",(ROW()-5)) | H26: 21 | I26: =IF(H26<$H$2+1,($I$2-($I$2-1)*(LOG(H26)/LOG($H$2))),"") | J26: =INT(LOG($H$2,2))-ROUNDUP(LOG(H26,2),0)+IF(OR($H$2=1,$H$2=2,$H$2=4,$H$2=8,$H$2=16,$H$2=32,$H$2=64,$H$2=128,$H$2=256),0,1) -> -1 | K26: =J26*$J$2 -> -10 | M26: =IF(I26<>"",K26+I26+L26,0) -> 0
A27: =M27 -> 0 | B27: =IF(H27>$H$2,"",(ROW()-5)) | H27: 22 | I27: =IF(H27<$H$2+1,($I$2-($I$2-1)*(LOG(H27)/LOG($H$2))),"") | J27: =INT(LOG($H$2,2))-ROUNDUP(LOG(H27,2),0)+IF(OR($H$2=1,$H$2=2,$H$2=4,$H$2=8,$H$2=16,$H$2=32,$H$2=64,$H$2=128,$H$2=256),0,1) -> -1 | K27: =J27*$J$2 -> -10 | M27: =IF(I27<>"",K27+I27+L27,0) -> 0
A28: =M28 -> 0 | B28: =IF(H28>$H$2,"",(ROW()-5)) | H28: 23 | I28: =IF(H28<$H$2+1,($I$2-($I$2-1)*(LOG(H28)/LOG($H$2))),"") | J28: =INT(LOG($H$2,2))-ROUNDUP(LOG(H28,2),0)+IF(OR($H$2=1,$H$2=2,$H$2=4,$H$2=8,$H$2=16,$H$2=32,$H$2=64,$H$2=128,$H$2=256),0,1) -> -1 | K28: =J28*$J$2 -> -10 | M28: =IF(I28<>"",K28+I28+L28,0) -> 0
... A37: =M37 -> 0 | B37: =IF(H37>$H$2,"",(ROW()-5)) | H37: 32 | I37: =IF(H37<$H$2+1,($I$2-($I$2-1)*(LOG(H37)/LOG($H$2))),"") | J37: =INT(LOG($H$2,2))-ROUNDUP(LOG(H37,2),0)+IF(OR($H$2=1,$H$2=2,$H$2=4,$H$2=8,$H$2=16,$H$2=32,$H$2=64,$H$2=128,$H$2=256),0,1) -> -1 | K37: =J37*$J$2 -> -10 | M37: =IF(I37<>"",K37+I37+L37,0) -> 0
B38: =IF(H38>$H$2,"",(ROW()-5)) | H38: 33 | I38: =IF(H38<$H$2+1,($I$2-($I$2-1)*(LOG(H38)/LOG($H$2))),"") | J38: =INT(LOG($H$2,2))-ROUNDUP(LOG(H38,2),0)+IF(OR($H$2=1,$H$2=2,$H$2=4,$H$2=8,$H$2=16,$H$2=32,$H$2=64,$H$2=128,$H$2=256),0,1) -> -2 | K38: =J38*$J$2 -> -20 | M38: =IF(I38<>"",K38+I38+L38,0) -> 0
B39: =IF(H39>$H$2,"",(ROW()-5)) | H39: 34 | I39: =IF(H39<$H$2+1,($I$2-($I$2-1)*(LOG(H39)/LOG($H$2))),"") | J39: =INT(LOG($H$2,2))-ROUNDUP(LOG(H39,2),0)+IF(OR($H$2=1,$H$2=2,$H$2=4,$H$2=8,$H$2=16,$H$2=32,$H$2=64,$H$2=128,$H$2=256),0,1) -> -2 | K39: =J39*$J$2 -> -20 | M39: =IF(I39<>"",K39+I39+L39,0) -> 0
B40: =IF(H40>$H$2,"",(ROW()-5)) | H40: 35 | I40: =IF(H40<$H$2+1,($I$2-($I$2-1)*(LOG(H40)/LOG($H$2))),"") | J40: =INT(LOG($H$2,2))-ROUNDUP(LOG(H40,2),0)+IF(OR($H$2=1,$H$2=2,$H$2=4,$H$2=8,$H$2=16,$H$2=32,$H$2=64,$H$2=128,$H$2=256),0,1) -> -2 | K40: =J40*$J$2 -> -20 | M40: =IF(I40<>"",K40+I40+L40,0) -> 0
B41: =IF(H41>$H$2,"",(ROW()-5)) | H41: 36 | I41: =IF(H41<$H$2+1,($I$2-($I$2-1)*(LOG(H41)/LOG($H$2))),"") | J41: =INT(LOG($H$2,2))-ROUNDUP(LOG(H41,2),0)+IF(OR($H$2=1,$H$2=2,$H$2=4,$H$2=8,$H$2=16,$H$2=32,$H$2=64,$H$2=128,$H$2=256),0,1) -> -2 | K41: =J41*$J$2 -> -20 | M41: =IF(I41<>"",K41+I41+L41,0) -> 0
B42: =IF(H42>$H$2,"",(ROW()-5)) | H42: 37 | I42: =IF(H42<$H$2+1,($I$2-($I$2-1)*(LOG(H42)/LOG($H$2))),"") | J42: =INT(LOG($H$2,2))-ROUNDUP(LOG(H42,2),0)+IF(OR($H$2=1,$H$2=2,$H$2=4,$H$2=8,$H$2=16,$H$2=32,$H$2=64,$H$2=128,$H$2=256),0,1) -> -2 | K42: =J42*$J$2 -> -20 | M42: =IF(I42<>"",K42+I42+L42,0) -> 0
B43: =IF(H43>$H$2,"",(ROW()-5)) | H43: 38 | I43: =IF(H43<$H$2+1,($I$2-($I$2-1)*(LOG(H43)/LOG($H$2))),"") | J43: =INT(LOG($H$2,2))-ROUNDUP(LOG(H43,2),0)+IF(OR($H$2=1,$H$2=2,$H$2=4,$H$2=8,$H$2=16,$H$2=32,$H$2=64,$H$2=128,$H$2=256),0,1) -> -2 | K43: =J43*$J$2 -> -20 | M43: =IF(I43<>"",K43+I43+L43,0) -> 0
B44: =IF(H44>$H$2,"",(ROW()-5)) | H44: 39 | I44: =IF(H44<$H$2+1,($I$2-($I$2-1)*(LOG(H44)/LOG($H$2))),"") | J44: =INT(LOG($H$2,2))-ROUNDUP(LOG(H44,2),0)+IF(OR($H$2=1,$H$2=2,$H$2=4,$H$2=8,$H$2=16,$H$2=32,$H$2=64,$H$2=128,$H$2=256),0,1) -> -2 | K44: =J44*$J$2 -> -20 | M44: =IF(I44<>"",K44+I44+L44,0) -> 0
B45: =IF(H45>$H$2,"",(ROW()-5)) | H45: 40 | I45: =IF(H45<$H$2+1,($I$2-($I$2-1)*(LOG(H45)/LOG($H$2))),"") | J45: =INT(LOG($H$2,2))-ROUNDUP(LOG(H45,2),0)+IF(OR($H$2=1,$H$2=2,$H$2=4,$H$2=8,$H$2=16,$H$2=32,$H$2=64,$H$2=128,$H$2=256),0,1) -> -2 | K45: =J45*$J$2 -> -20 | M45: =IF(I45<>"",K45+I45+L45,0) -> 0
B46: =IF(H46>$H$2,"",(ROW()-5)) | H46: 41 | I46: =IF(H46<$H$2+1,($I$2-($I$2-1)*(LOG(H46)/LOG($H$2))),"") | J46: =INT(LOG($H$2,2))-ROUNDUP(LOG(H46,2),0)+IF(OR($H$2=1,$H$2=2,$H$2=4,$H$2=8,$H$2=16,$H$2=32,$H$2=64,$H$2=128,$H$2=256),0,1) -> -2 | K46: =J46*$J$2 -> -20 | M46: =IF(I46<>"",K46+I46+L46,0) -> 0 | R46: =LOG($H$2,2) -> 3.169925 | T46: =LOG(H38,2) -> 5.0443941 | U46: =R46-T46 -> -1.8744691
B47: =IF(H47>$H$2,"",(ROW()-5)) | H47: 42 | I47: =IF(H47<$H$2+1,($I$2-($I$2-1)*(LOG(H47)/LOG($H$2))),"") | J47: =INT(LOG($H$2,2))-ROUNDUP(LOG(H47,2),0)+IF(OR($H$2=1,$H$2=2,$H$2=4,$H$2=8,$H$2=16,$H$2=32,$H$2=64,$H$2=128,$H$2=256),0,1) -> -2 | K47: =J47*$J$2 -> -20 | M47: =IF(I47<>"",K47+I47+L47,0) -> 0
B48: =IF(H48>$H$2,"",(ROW()-5)) | H48: 43 | I48: =IF(H48<$H$2+1,($I$2-($I$2-1)*(LOG(H48)/LOG($H$2))),"") | J48: =INT(LOG($H$2,2))-ROUNDUP(LOG(H48,2),0)+IF(OR($H$2=1,$H$2=2,$H$2=4,$H$2=8,$H$2=16,$H$2=32,$H$2=64,$H$2=128,$H$2=256),0,1) -> -2 | K48: =J48*$J$2 -> -20 | M48: =IF(I48<>"",K48+I48+L48,0) -> 0
B49: =IF(H49>$H$2,"",(ROW()-5)) | H49: 44 | I49: =IF(H49<$H$2+1,($I$2-($I$2-1)*(LOG(H49)/LOG($H$2))),"") | J49: =INT(LOG($H$2,2))-ROUNDUP(LOG(H49,2),0)+IF(OR($H$2=1,$H$2=2,$H$2=4,$H$2=8,$H$2=16,$H$2=32,$H$2=64,$H$2=128,$H$2=256),0,1) -> -2 | K49: =J49*$J$2 -> -20 | M49: =IF(I49<>"",K49+I49+L49,0) -> 0
B50: =IF(H50>$H$2,"",(ROW()-5)) | H50: 45 | I50: =IF(H50<$H$2+1,($I$2-($I$2-1)*(LOG(H50)/LOG($H$2))),"") | J50: =INT(LOG($H$2,2))-ROUNDUP(LOG(H50,2),0)+IF(OR($H$2=1,$H$2=2,$H$2=4,$H$2=8,$H$2=16,$H$2=32,$H$2=64,$H$2=128,$H$2=256),0,1) -> -2 | K50: =J50*$J$2 -> -20 | M50: =IF(I50<>"",K50+I50+L50,0) -> 0
B51: =IF(H51>$H$2,"",(ROW()-5)) | H51: 46 | I51: =IF(H51<$H$2+1,($I$2-($I$2-1)*(LOG(H51)/LOG($H$2))),"") | J51: =INT(LOG($H$2,2))-ROUNDUP(LOG(H51,2),0)+IF(OR($H$2=1,$H$2=2,$H$2=4,$H$2=8,$H$2=16,$H$2=32,$H$2=64,$H$2=128,$H$2=256),0,1) -> -2 | K51: =J51*$J$2 -> -20 | M51: =IF(I51<>"",K51+I51+L51,0) -> 0
B52: =IF(H52>$H$2,"",(ROW()-5)) | H52: 47 | I52: =IF(H52<$H$2+1,($I$2-($I$2-1)*(LOG(H52)/LOG($H$2))),"") | J52: =INT(LOG($H$2,2))-ROUNDUP(LOG(H52,2),0)+IF(OR($H$2=1,$H$2=2,$H$2=4,$H$2=8,$H$2=16,$H$2=32,$H$2=64,$H$2=128,$H$2=256),0,1) -> -2 | K52: =J52*$J$2 -> -20 | M52: =IF(I52<>"",K52+I52+L52,0) -> 0
B53: =IF(H53>$H$2,"",(ROW()-5)) | H53: 48 | I53: =IF(H53<$H$2+1,($I$2-($I$2-1)*(LOG(H53)/LOG($H$2))),"") | J53: =INT(LOG($H$2,2))-ROUNDUP(LOG(H53,2),0)+IF(OR($H$2=1,$H$2=2,$H$2=4,$H$2=8,$H$2=16,$H$2=32,$H$2=64,$H$2=128,$H$2=256),0,1) -> -2 | K53: =J53*$J$2 -> -20 | M53: =IF(I53<>"",K53+I53+L53,0) -> 0
B54: =IF(H54>$H$2,"",(ROW()-5)) | H54: 49 | I54: =IF(H54<$H$2+1,($I$2-($I$2-1)*(LOG(H54)/LOG($H$2))),"") | J54: =INT(LOG($H$2,2))-ROUNDUP(LOG(H54,2),0)+IF(OR($H$2=1,$H$2=2,$H$2=4,$H$2=8,$H$2=16,$H$2=32,$H$2=64,$H$2=128,$H$2=256),0,1) -> -2 | K54: =J54*$J$2 -> -20 | M54: =IF(I54<>"",K54+I54+L54,0) -> 0
B55: =IF(H55>$H$2,"",(ROW()-5)) | H55: 50 | I55: =IF(H55<$H$2+1,($I$2-($I$2-1)*(LOG(H55)/LOG($H$2))),"") | J55: =INT(LOG($H$2,2))-ROUNDUP(LOG(H55,2),0)+IF(OR($H$2=1,$H$2=2,$H$2=4,$H$2=8,$H$2=16,$H$2=32,$H$2=64,$H$2=128,$H$2=256),0,1) -> -2 | K55: =J55*$J$2 -> -20 | M55: =IF(I55<>"",K55+I55+L55,0) -> 0
B56: =IF(H56>$H$2,"",(ROW()-5)) | H56: 51 | I56: =IF(H56<$H$2+1,($I$2-($I$2-1)*(LOG(H56)/LOG($H$2))),"") | J56: =INT(LOG($H$2,2))-ROUNDUP(LOG(H56,2),0)+IF(OR($H$2=1,$H$2=2,$H$2=4,$H$2=8,$H$2=16,$H$2=32,$H$2=64,$H$2=128,$H$2=256),0,1) -> -2 | K56: =J56*$J$2 -> -20 | M56: =IF(I56<>"",K56+I56+L56,0) -> 0
B57: =IF(H57>$H$2,"",(ROW()-5)) | H57: 52 | I57: =IF(H57<$H$2+1,($I$2-($I$2-1)*(LOG(H57)/LOG($H$2))),"") | J57: =INT(LOG($H$2,2))-ROUNDUP(LOG(H57,2),0)+IF(OR($H$2=1,$H$2=2,$H$2=4,$H$2=8,$H$2=16,$H$2=32,$H$2=64,$H$2=128,$H$2=256),0,1) -> -2 | K57: =J57*$J$2 -> -20 | M57: =IF(I57<>"",K57+I57+L57,0) -> 0
B58: =IF(H58>$H$2,"",(ROW()-5)) | H58: 53 | I58: =IF(H58<$H$2+1,($I$2-($I$2-1)*(LOG(H58)/LOG($H$2))),"") | J58: =INT(LOG($H$2,2))-ROUNDUP(LOG(H58,2),0)+IF(OR($H$2=1,$H$2=2,$H$2=4,$H$2=8,$H$2=16,$H$2=32,$H$2=64,$H$2=128,$H$2=256),0,1) -> -2 | K58: =J58*$J$2 -> -20 | M58: =IF(I58<>"",K58+I58+L58,0) -> 0
... B65: =IF(H65>$H$2,"",(ROW()-5)) | H65: 60 | I65: =IF(H65<$H$2+1,($I$2-($I$2-1)*(LOG(H65)/LOG($H$2))),"") | J65: =INT(LOG($H$2,2))-ROUNDUP(LOG(H65,2),0)+IF(OR($H$2=1,$H$2=2,$H$2=4,$H$2=8,$H$2=16,$H$2=32,$H$2=64,$H$2=128,$H$2=256),0,1) -> -2 | K65: =J65*$J$2 -> -20 | M65: =IF(I65<>"",K65+I65+L65,0) -> 0
H66: 61 | I66: =IF(H66<$H$2+1,($I$2-($I$2-1)*(LOG(H66)/LOG($H$2))),"") | J66: =INT(LOG($H$2,2))-ROUNDUP(LOG(H66,2),0)+IF(OR($H$2=1,$H$2=2,$H$2=4,$H$2=8,$H$2=16,$H$2=32,$H$2=64,$H$2=128,$H$2=256),0,1) -> -2 | K66: =J66*$J$2 -> -20 | M66: =IF(I66<>"",K66+I66+L66,0) -> 0
H67: 62 | I67: =IF(H67<$H$2+1,($I$2-($I$2-1)*(LOG(H67)/LOG($H$2))),"") | J67: =INT(LOG($H$2,2))-ROUNDUP(LOG(H67,2),0)+IF(OR($H$2=1,$H$2=2,$H$2=4,$H$2=8,$H$2=16,$H$2=32,$H$2=64,$H$2=128,$H$2=256),0,1) -> -2 | K67: =J67*$J$2 -> -20 | M67: =IF(I67<>"",K67+I67+L67,0) -> 0
H68: 63 | I68: =IF(H68<$H$2+1,($I$2-($I$2-1)*(LOG(H68)/LOG($H$2))),"") | J68: =INT(LOG($H$2,2))-ROUNDUP(LOG(H68,2),0)+IF(OR($H$2=1,$H$2=2,$H$2=4,$H$2=8,$H$2=16,$H$2=32,$H$2=64,$H$2=128,$H$2=256),0,1) -> -2 | K68: =J68*$J$2 -> -20 | M68: =IF(I68<>"",K68+I68+L68,0) -> 0
H69: 64 | I69: =IF(H69<$H$2+1,($I$2-($I$2-1)*(LOG(H69)/LOG($H$2))),"") | J69: =INT(LOG($H$2,2))-ROUNDUP(LOG(H69,2),0)+IF(OR($H$2=1,$H$2=2,$H$2=4,$H$2=8,$H$2=16,$H$2=32,$H$2=64,$H$2=128,$H$2=256),0,1) -> -2 | K69: =J69*$J$2 -> -20 | M69: =IF(I69<>"",K69+I69+L69,0) -> 0
H70: 65 | I70: =IF(H70<$H$2+1,($I$2-($I$2-1)*(LOG(H70)/LOG($H$2))),"") | J70: =INT(LOG($H$2,2))-ROUNDUP(LOG(H70,2),0)+IF(OR($H$2=1,$H$2=2,$H$2=4,$H$2=8,$H$2=16,$H$2=32,$H$2=64,$H$2=128,$H$2=256),0,1) -> -3 | K70: =J70*$J$2 -> -30 | M70: =IF(I70<>"",K70+I70+L70,0) -> 0
H71: 66 | I71: =IF(H71<$H$2+1,($I$2-($I$2-1)*(LOG(H71)/LOG($H$2))),"") | J71: =INT(LOG($H$2,2))-ROUNDUP(LOG(H71,2),0)+IF(OR($H$2=1,$H$2=2,$H$2=4,$H$2=8,$H$2=16,$H$2=32,$H$2=64,$H$2=128,$H$2=256),0,1) -> -3 | K71: =J71*$J$2 -> -30 | M71: =IF(I71<>"",K71+I71+L71,0) -> 0
H72: 67 | I72: =IF(H72<$H$2+1,($I$2-($I$2-1)*(LOG(H72)/LOG($H$2))),"") | J72: =INT(LOG($H$2,2))-ROUNDUP(LOG(H72,2),0)+IF(OR($H$2=1,$H$2=2,$H$2=4,$H$2=8,$H$2=16,$H$2=32,$H$2=64,$H$2=128,$H$2=256),0,1) -> -3 | K72: =J72*$J$2 -> -30 | M72: =IF(I72<>"",K72+I72+L72,0) -> 0
H73: 68 | I73: =IF(H73<$H$2+1,($I$2-($I$2-1)*(LOG(H73)/LOG($H$2))),"") | J73: =INT(LOG($H$2,2))-ROUNDUP(LOG(H73,2),0)+IF(OR($H$2=1,$H$2=2,$H$2=4,$H$2=8,$H$2=16,$H$2=32,$H$2=64,$H$2=128,$H$2=256),0,1) -> -3 | K73: =J73*$J$2 -> -30 | M73: =IF(I73<>"",K73+I73+L73,0) -> 0
H74: 69 | I74: =IF(H74<$H$2+1,($I$2-($I$2-1)*(LOG(H74)/LOG($H$2))),"") | J74: =INT(LOG($H$2,2))-ROUNDUP(LOG(H74,2),0)+IF(OR($H$2=1,$H$2=2,$H$2=4,$H$2=8,$H$2=16,$H$2=32,$H$2=64,$H$2=128,$H$2=256),0,1) -> -3 | K74: =J74*$J$2 -> -30 | M74: =IF(I74<>"",K74+I74+L74,0) -> 0
H75: 70 | I75: =IF(H75<$H$2+1,($I$2-($I$2-1)*(LOG(H75)/LOG($H$2))),"") | J75: =INT(LOG($H$2,2))-ROUNDUP(LOG(H75,2),0)+IF(OR($H$2=1,$H$2=2,$H$2=4,$H$2=8,$H$2=16,$H$2=32,$H$2=64,$H$2=128,$H$2=256),0,1) -> -3 | K75: =J75*$J$2 -> -30 | M75: =IF(I75<>"",K75+I75+L75,0) -> 0
H76: 71 | I76: =IF(H76<$H$2+1,($I$2-($I$2-1)*(LOG(H76)/LOG($H$2))),"") | J76: =INT(LOG($H$2,2))-ROUNDUP(LOG(H76,2),0)+IF(OR($H$2=1,$H$2=2,$H$2=4,$H$2=8,$H$2=16,$H$2=32,$H$2=64,$H$2=128,$H$2=256),0,1) -> -3 | K76: =J76*$J$2 -> -30 | M76: =IF(I76<>"",K76+I76+L76,0) -> 0
H77: 72 | I77: =IF(H77<$H$2+1,($I$2-($I$2-1)*(LOG(H77)/LOG($H$2))),"") | J77: =INT(LOG($H$2,2))-ROUNDUP(LOG(H77,2),0)+IF(OR($H$2=1,$H$2=2,$H$2=4,$H$2=8,$H$2=16,$H$2=32,$H$2=64,$H$2=128,$H$2=256),0,1) -> -3 | K77: =J77*$J$2 -> -30 | M77: =IF(I77<>"",K77+I77+L77,0) -> 0
... H305: 300 | I305: =IF(H305<$H$2+1,($I$2-($I$2-1)*(LOG(H305)/LOG($H$2))),"") | J305: =INT(LOG($H$2,2))-ROUNDUP(LOG(H305,2),0)+IF(OR($H$2=1,$H$2=2,$H$2=4,$H$2=8,$H$2=16,$H$2=32,$H$2=64,$H$2=128,$H$2=256),0,1) -> -5 | K305: =J305*$J$2 -> -50 | M305: =IF(I305<>"",K305+I305+L305,0) -> 0

Sheet PP3
H1: Liczba uczestników: | I1: GP Punkty | J1: Bonus za rundę | K1: Mnożnik za podium
B2: miejsce: | C2: KRAKÓW | H2: 11 | I2: 50 | J2: 10 | K2: =3*H2^(1/3) -> 6.6719403
B3: data: | C3: 30.11.2024
A5: Punkty | B5: Miejsce Place | C5: Nazwisko Imię Name | D5: Klub Club(s) | E5: Okręg Division | F5: Państwo Country | H5: Miejsce | I5: Punkty za miejsce | J5: awans do kolejnej rundy pucharowej | K5: bonus za rundy pucharowe | L5: punkty za podium | M5: Suma
A6: =M6 -> 110.01582 | B6: =IF(H6>$H$2,"",(ROW()-5)) -> 1 | C6: KRZEMIŃSKI Mariusz | D6: KS AZS AWFIS GDAŃSK | E6: POL | H6: 1 | I6: =IF(H2=1,50,IF(H6<$H$2+1,($I$2-($I$2-1)*(LOG(H6)/LOG($H$2))),"")) -> 50 | J6: =INT(LOG($H$2,2))-ROUNDUP(LOG(H6,2),0)+IF(OR($H$2=1,$H$2=2,$H$2=4,$H$2=8,$H$2=16,$H$2=32,$H$2=64,$H$2=128,$H$2=256),0,1) -> 4 | K6: =J6*$J$2 -> 40 | L6: =3*K2 -> 20.015821 | M6: =IF(I6<>"",K6+I6+L6,0) -> 110.01582
A7: =M7 -> 79.179704 | B7: =IF(H7>$H$2,"",(ROW()-5)) -> 2 | C7: KOSTRZEWA Ireneusz | D7: KSz WARSZAWIANKA | E7: POL | H7: 2 | I7: =IF(H7<$H$2+1,($I$2-($I$2-1)*(LOG(H7)/LOG($H$2))),"") -> 35.835824 | J7: =INT(LOG($H$2,2))-ROUNDUP(LOG(H7,2),0)+IF(OR($H$2=1,$H$2=2,$H$2=4,$H$2=8,$H$2=16,$H$2=32,$H$2=64,$H$2=128,$H$2=256),0,1) -> 3 | K7: =J7*$J$2 -> 30 | L7: =2*K2 -> 13.343881 | M7: =IF(I7<>"",K7+I7+L7,0) -> 79.179704
A8: =M8 -> 54.222252 | B8: =IF(H8>$H$2,"",(ROW()-5)) -> 3 | C8: AUGUSTOWSKI Waldemar | D8: AZS AWF WROCŁAW | E8: POL | H8: 3 | I8: =IF(H8<$H$2+1,($I$2-($I$2-1)*(LOG(H8)/LOG($H$2))),"") -> 27.550311 | J8: =INT(LOG($H$2,2))-ROUNDUP(LOG(H8,2),0)+IF(OR($H$2=1,$H$2=2,$H$2=4,$H$2=8,$H$2=16,$H$2=32,$H$2=64,$H$2=128,$H$2=256),0,1) -> 2 | K8: =J8*$J$2 -> 20 | L8: =K2 -> 6.6719403 | M8: =IF(I8<>"",K8+I8+L8,0) -> 54.222252
A9: =M9 -> 41.671647 | B9: =IF(H9>$H$2,"",(ROW()-5)) -> 4 | C9: POKRZYWA MARIUSZ | D9: AZS AWF KRAKÓW | E9: POL | H9: 4 | I9: =IF(H9<$H$2+1,($I$2-($I$2-1)*(LOG(H9)/LOG($H$2))),"") -> 21.671647 | J9: =INT(LOG($H$2,2))-ROUNDUP(LOG(H9,2),0)+IF(OR($H$2=1,$H$2=2,$H$2=4,$H$2=8,$H$2=16,$H$2=32,$H$2=64,$H$2=128,$H$2=256),0,1) -> 2 | K9: =J9*$J$2 -> 20 | M9: =IF(I9<>"",K9+I9+L9,0) -> 41.671647 | AH9: x | AI9: 23
A10: =M10 -> 27.111801 | B10: =IF(H10>$H$2,"",(ROW()-5)) -> 5 | C10: DRAPELLA Maciej | D10: ST. POLSKICH WETERANÓW SZERMIERKI | E10: POL | H10: 5 | I10: =IF(H10<$H$2+1,($I$2-($I$2-1)*(LOG(H10)/LOG($H$2))),"") -> 17.111801 | J10: =INT(LOG($H$2,2))-ROUNDUP(LOG(H10,2),0)+IF(OR($H$2=1,$H$2=2,$H$2=4,$H$2=8,$H$2=16,$H$2=32,$H$2=64,$H$2=128,$H$2=256),0,1) -> 1 | K10: =J10*$J$2 -> 10 | M10: =IF(I10<>"",K10+I10+L10,0) -> 27.111801 | AH10: N | AI10: 45
A11: =M11 -> 23.386135 | B11: =IF(H11>$H$2,"",(ROW()-5)) -> 6 | C11: POPRAWA Mariusz | D11: UKS SOKOLIK MOSiR KROSNO | E11: POL | H11: 6 | I11: =IF(H11<$H$2+1,($I$2-($I$2-1)*(LOG(H11)/LOG($H$2))),"") -> 13.386135 | J11: =INT(LOG($H$2,2))-ROUNDUP(LOG(H11,2),0)+IF(OR($H$2=1,$H$2=2,$H$2=4,$H$2=8,$H$2=16,$H$2=32,$H$2=64,$H$2=128,$H$2=256),0,1) -> 1 | K11: =J11*$J$2 -> 10 | M11: =IF(I11<>"",K11+I11+L11,0) -> 23.386135 | AH11: MP | AI11: 50
A12: =M12 -> 20.236129 | B12: =IF(H12>$H$2,"",(ROW()-5)) -> 7 | C12: CHUDYCKI Artur | D12: MKS KUSY SZCZECIN | E12: POL | H12: 7 | I12: =IF(H12<$H$2+1,($I$2-($I$2-1)*(LOG(H12)/LOG($H$2))),"") -> 10.236129 | J12: =INT(LOG($H$2,2))-ROUNDUP(LOG(H12,2),0)+IF(OR($H$2=1,$H$2=2,$H$2=4,$H$2=8,$H$2=16,$H$2=32,$H$2=64,$H$2=128,$H$2=256),0,1) -> 1 | K12: =J12*$J$2 -> 10 | M12: =IF(I12<>"",K12+I12+L12,0) -> 20.236129 | AH12: MP-1 | AI12: =AI11-1 -> 49
A13: =M13 -> 17.507471 | B13: =IF(H13>$H$2,"",(ROW()-5)) -> 8 | C13: MAŁASIŃSKI Adam | D13: AZS AWF KRAKÓW | E13: POL | H13: 8 | I13: =IF(H13<$H$2+1,($I$2-($I$2-1)*(LOG(H13)/LOG($H$2))),"") -> 7.5074705 | J13: =INT(LOG($H$2,2))-ROUNDUP(LOG(H13,2),0)+IF(OR($H$2=1,$H$2=2,$H$2=4,$H$2=8,$H$2=16,$H$2=32,$H$2=64,$H$2=128,$H$2=256),0,1) -> 1 | K13: =J13*$J$2 -> 10 | M13: =IF(I13<>"",K13+I13+L13,0) -> 17.507471 | AH13: log(x) | AI13: =LOG(AI9) -> 1.3617278
A14: =M14 -> 5.1006228 | B14: =IF(H14>$H$2,"",(ROW()-5)) -> 9 | C14: NIKALAICHUK Aliaksandr | D14: AZS AWF KRAKÓW | E14: POL | H14: 9 | I14: =IF(H14<$H$2+1,($I$2-($I$2-1)*(LOG(H14)/LOG($H$2))),"") -> 5.1006228 | J14: =INT(LOG($H$2,2))-ROUNDUP(LOG(H14,2),0)+IF(OR($H$2=1,$H$2=2,$H$2=4,$H$2=8,$H$2=16,$H$2=32,$H$2=64,$H$2=128,$H$2=256),0,1) -> 0 | K14: =J14*$J$2 -> 0 | M14: =IF(I14<>"",K14+I14+L14,0) -> 5.1006228 | AH14: Log(N) | AI14: =LOG(AI10) -> 1.6532125
A15: =M15 -> 2.9476242 | B15: =IF(H15>$H$2,"",(ROW()-5)) -> 10 | C15: WRONA Grzegorz | D15: KKS KRAKÓW | E15: POL | H15: 10 | I15: =IF(H15<$H$2+1,($I$2-($I$2-1)*(LOG(H15)/LOG($H$2))),"") -> 2.9476242 | J15: =INT(LOG($H$2,2))-ROUNDUP(LOG(H15,2),0)+IF(OR($H$2=1,$H$2=2,$H$2=4,$H$2=8,$H$2=16,$H$2=32,$H$2=64,$H$2=128,$H$2=256),0,1) -> 0 | K15: =J15*$J$2 -> 0 | M15: =IF(I15<>"",K15+I15+L15,0) -> 2.9476242
A16: =M16 -> 1 | B16: =IF(H16>$H$2,"",(ROW()-5)) -> 11 | C16: PYZIK Zdzisław | D16: KSz WARSZAWIANKA | E16: POL | H16: 11 | I16: =IF(H16<$H$2+1,($I$2-($I$2-1)*(LOG(H16)/LOG($H$2))),"") -> 1 | J16: =INT(LOG($H$2,2))-ROUNDUP(LOG(H16,2),0)+IF(OR($H$2=1,$H$2=2,$H$2=4,$H$2=8,$H$2=16,$H$2=32,$H$2=64,$H$2=128,$H$2=256),0,1) -> 0 | K16: =J16*$J$2 -> 0 | M16: =IF(I16<>"",K16+I16+L16,0) -> 1 | AH16: MP - (MP-1)*LOG(x)/LOG(N) | AI16: =AI11-AI12*AI13/AI14 -> 9.6393909 | AJ16: points
A17: =M17 -> 0 | B17: =IF(H17>$H$2,"",(ROW()-5)) | H17: 12 | I17: =IF(H17<$H$2+1,($I$2-($I$2-1)*(LOG(H17)/LOG($H$2))),"") | J17: =INT(LOG($H$2,2))-ROUNDUP(LOG(H17,2),0)+IF(OR($H$2=1,$H$2=2,$H$2=4,$H$2=8,$H$2=16,$H$2=32,$H$2=64,$H$2=128,$H$2=256),0,1) -> 0 | K17: =J17*$J$2 -> 0 | M17: =IF(I17<>"",K17+I17+L17,0) -> 0
A18: =M18 -> 0 | B18: =IF(H18>$H$2,"",(ROW()-5)) | H18: 13 | I18: =IF(H18<$H$2+1,($I$2-($I$2-1)*(LOG(H18)/LOG($H$2))),"") | J18: =INT(LOG($H$2,2))-ROUNDUP(LOG(H18,2),0)+IF(OR($H$2=1,$H$2=2,$H$2=4,$H$2=8,$H$2=16,$H$2=32,$H$2=64,$H$2=128,$H$2=256),0,1) -> 0 | K18: =J18*$J$2 -> 0 | M18: =IF(I18<>"",K18+I18+L18,0) -> 0
A19: =M19 -> 0 | B19: =IF(H19>$H$2,"",(ROW()-5)) | H19: 14 | I19: =IF(H19<$H$2+1,($I$2-($I$2-1)*(LOG(H19)/LOG($H$2))),"") | J19: =INT(LOG($H$2,2))-ROUNDUP(LOG(H19,2),0)+IF(OR($H$2=1,$H$2=2,$H$2=4,$H$2=8,$H$2=16,$H$2=32,$H$2=64,$H$2=128,$H$2=256),0,1) -> 0 | K19: =J19*$J$2 -> 0 | M19: =IF(I19<>"",K19+I19+L19,0) -> 0
A20: =M20 -> 0 | B20: =IF(H20>$H$2,"",(ROW()-5)) | H20: 15 | I20: =IF(H20<$H$2+1,($I$2-($I$2-1)*(LOG(H20)/LOG($H$2))),"") | J20: =INT(LOG($H$2,2))-ROUNDUP(LOG(H20,2),0)+IF(OR($H$2=1,$H$2=2,$H$2=4,$H$2=8,$H$2=16,$H$2=32,$H$2=64,$H$2=128,$H$2=256),0,1) -> 0 | K20: =J20*$J$2 -> 0 | M20: =IF(I20<>"",K20+I20+L20,0) -> 0
A21: =M21 -> 0 | B21: =IF(H21>$H$2,"",(ROW()-5)) | H21: 16 | I21: =IF(H21<$H$2+1,($I$2-($I$2-1)*(LOG(H21)/LOG($H$2))),"") | J21: =INT(LOG($H$2,2))-ROUNDUP(LOG(H21,2),0)+IF(OR($H$2=1,$H$2=2,$H$2=4,$H$2=8,$H$2=16,$H$2=32,$H$2=64,$H$2=128,$H$2=256),0,1) -> 0 | K21: =J21*$J$2 -> 0 | M21: =IF(I21<>"",K21+I21+L21,0) -> 0
A22: =M22 -> 0 | B22: =IF(H22>$H$2,"",(ROW()-5)) | H22: 17 | I22: =IF(H22<$H$2+1,($I$2-($I$2-1)*(LOG(H22)/LOG($H$2))),"") | J22: =INT(LOG($H$2,2))-ROUNDUP(LOG(H22,2),0)+IF(OR($H$2=1,$H$2=2,$H$2=4,$H$2=8,$H$2=16,$H$2=32,$H$2=64,$H$2=128,$H$2=256),0,1) -> -1 | K22: =J22*$J$2 -> -10 | M22: =IF(I22<>"",K22+I22+L22,0) -> 0
A23: =M23 -> 0 | B23: =IF(H23>$H$2,"",(ROW()-5)) | H23: 18 | I23: =IF(H23<$H$2+1,($I$2-($I$2-1)*(LOG(H23)/LOG($H$2))),"") | J23: =INT(LOG($H$2,2))-ROUNDUP(LOG(H23,2),0)+IF(OR($H$2=1,$H$2=2,$H$2=4,$H$2=8,$H$2=16,$H$2=32,$H$2=64,$H$2=128,$H$2=256),0,1) -> -1 | K23: =J23*$J$2 -> -10 | M23: =IF(I23<>"",K23+I23+L23,0) -> 0
A24: =M24 -> 0 | B24: =IF(H24>$H$2,"",(ROW()-5)) | H24: 19 | I24: =IF(H24<$H$2+1,($I$2-($I$2-1)*(LOG(H24)/LOG($H$2))),"") | J24: =INT(LOG($H$2,2))-ROUNDUP(LOG(H24,2),0)+IF(OR($H$2=1,$H$2=2,$H$2=4,$H$2=8,$H$2=16,$H$2=32,$H$2=64,$H$2=128,$H$2=256),0,1) -> -1 | K24: =J24*$J$2 -> -10 | M24: =IF(I24<>"",K24+I24+L24,0) -> 0
A25: =M25 -> 0 | B25: =IF(H25>$H$2,"",(ROW()-5)) | H25: 20 | I25: =IF(H25<$H$2+1,($I$2-($I$2-1)*(LOG(H25)/LOG($H$2))),"") | J25: =INT(LOG($H$2,2))-ROUNDUP(LOG(H25,2),0)+IF(OR($H$2=1,$H$2=2,$H$2=4,$H$2=8,$H$2=16,$H$2=32,$H$2=64,$H$2=128,$H$2=256),0,1) -> -1 | K25: =J25*$J$2 -> -10 | M25: =IF(I25<>"",K25+I25+L25,0) -> 0
A26: =M26 -> 0 | B26: =IF(H26>$H$2,"",(ROW()-5)) | H26: 21 | I26: =IF(H26<$H$2+1,($I$2-($I$2-1)*(LOG(H26)/LOG($H$2))),"") | J26: =INT(LOG($H$2,2))-ROUNDUP(LOG(H26,2),0)+IF(OR($H$2=1,$H$2=2,$H$2=4,$H$2=8,$H$2=16,$H$2=32,$H$2=64,$H$2=128,$H$2=256),0,1) -> -1 | K26: =J26*$J$2 -> -10 | M26: =IF(I26<>"",K26+I26+L26,0) -> 0
A27: =M27 -> 0 | B27: =IF(H27>$H$2,"",(ROW()-5)) | H27: 22 | I27: =IF(H27<$H$2+1,($I$2-($I$2-1)*(LOG(H27)/LOG($H$2))),"") | J27: =INT(LOG($H$2,2))-ROUNDUP(LOG(H27,2),0)+IF(OR($H$2=1,$H$2=2,$H$2=4,$H$2=8,$H$2=16,$H$2=32,$H$2=64,$H$2=128,$H$2=256),0,1) -> -1 | K27: =J27*$J$2 -> -10 | M27: =IF(I27<>"",K27+I27+L27,0) -> 0
A28: =M28 -> 0 | B28: =IF(H28>$H$2,"",(ROW()-5)) | H28: 23 | I28: =IF(H28<$H$2+1,($I$2-($I$2-1)*(LOG(H28)/LOG($H$2))),"") | J28: =INT(LOG($H$2,2))-ROUNDUP(LOG(H28,2),0)+IF(OR($H$2=1,$H$2=2,$H$2=4,$H$2=8,$H$2=16,$H$2=32,$H$2=64,$H$2=128,$H$2=256),0,1) -> -1 | K28: =J28*$J$2 -> -10 | M28: =IF(I28<>"",K28+I28+L28,0) -> 0
... A37: =M37 -> 0 | B37: =IF(H37>$H$2,"",(ROW()-5)) | H37: 32 | I37: =IF(H37<$H$2+1,($I$2-($I$2-1)*(LOG(H37)/LOG($H$2))),"") | J37: =INT(LOG($H$2,2))-ROUNDUP(LOG(H37,2),0)+IF(OR($H$2=1,$H$2=2,$H$2=4,$H$2=8,$H$2=16,$H$2=32,$H$2=64,$H$2=128,$H$2=256),0,1) -> -1 | K37: =J37*$J$2 -> -10 | M37: =IF(I37<>"",K37+I37+L37,0) -> 0
B38: =IF(H38>$H$2,"",(ROW()-5)) | H38: 33 | I38: =IF(H38<$H$2+1,($I$2-($I$2-1)*(LOG(H38)/LOG($H$2))),"") | J38: =INT(LOG($H$2,2))-ROUNDUP(LOG(H38,2),0)+IF(OR($H$2=1,$H$2=2,$H$2=4,$H$2=8,$H$2=16,$H$2=32,$H$2=64,$H$2=128,$H$2=256),0,1) -> -2 | K38: =J38*$J$2 -> -20 | M38: =IF(I38<>"",K38+I38+L38,0) -> 0
B39: =IF(H39>$H$2,"",(ROW()-5)) | H39: 34 | I39: =IF(H39<$H$2+1,($I$2-($I$2-1)*(LOG(H39)/LOG($H$2))),"") | J39: =INT(LOG($H$2,2))-ROUNDUP(LOG(H39,2),0)+IF(OR($H$2=1,$H$2=2,$H$2=4,$H$2=8,$H$2=16,$H$2=32,$H$2=64,$H$2=128,$H$2=256),0,1) -> -2 | K39: =J39*$J$2 -> -20 | M39: =IF(I39<>"",K39+I39+L39,0) -> 0
B40: =IF(H40>$H$2,"",(ROW()-5)) | H40: 35 | I40: =IF(H40<$H$2+1,($I$2-($I$2-1)*(LOG(H40)/LOG($H$2))),"") | J40: =INT(LOG($H$2,2))-ROUNDUP(LOG(H40,2),0)+IF(OR($H$2=1,$H$2=2,$H$2=4,$H$2=8,$H$2=16,$H$2=32,$H$2=64,$H$2=128,$H$2=256),0,1) -> -2 | K40: =J40*$J$2 -> -20 | M40: =IF(I40<>"",K40+I40+L40,0) -> 0
B41: =IF(H41>$H$2,"",(ROW()-5)) | H41: 36 | I41: =IF(H41<$H$2+1,($I$2-($I$2-1)*(LOG(H41)/LOG($H$2))),"") | J41: =INT(LOG($H$2,2))-ROUNDUP(LOG(H41,2),0)+IF(OR($H$2=1,$H$2=2,$H$2=4,$H$2=8,$H$2=16,$H$2=32,$H$2=64,$H$2=128,$H$2=256),0,1) -> -2 | K41: =J41*$J$2 -> -20 | M41: =IF(I41<>"",K41+I41+L41,0) -> 0
B42: =IF(H42>$H$2,"",(ROW()-5)) | H42: 37 | I42: =IF(H42<$H$2+1,($I$2-($I$2-1)*(LOG(H42)/LOG($H$2))),"") | J42: =INT(LOG($H$2,2))-ROUNDUP(LOG(H42,2),0)+IF(OR($H$2=1,$H$2=2,$H$2=4,$H$2=8,$H$2=16,$H$2=32,$H$2=64,$H$2=128,$H$2=256),0,1) -> -2 | K42: =J42*$J$2 -> -20 | M42: =IF(I42<>"",K42+I42+L42,0) -> 0
B43: =IF(H43>$H$2,"",(ROW()-5)) | H43: 38 | I43: =IF(H43<$H$2+1,($I$2-($I$2-1)*(LOG(H43)/LOG($H$2))),"") | J43: =INT(LOG($H$2,2))-ROUNDUP(LOG(H43,2),0)+IF(OR($H$2=1,$H$2=2,$H$2=4,$H$2=8,$H$2=16,$H$2=32,$H$2=64,$H$2=128,$H$2=256),0,1) -> -2 | K43: =J43*$J$2 -> -20 | M43: =IF(I43<>"",K43+I43+L43,0) -> 0
B44: =IF(H44>$H$2,"",(ROW()-5)) | H44: 39 | I44: =IF(H44<$H$2+1,($I$2-($I$2-1)*(LOG(H44)/LOG($H$2))),"") | J44: =INT(LOG($H$2,2))-ROUNDUP(LOG(H44,2),0)+IF(OR($H$2=1,$H$2=2,$H$2=4,$H$2=8,$H$2=16,$H$2=32,$H$2=64,$H$2=128,$H$2=256),0,1) -> -2 | K44: =J44*$J$2 -> -20 | M44: =IF(I44<>"",K44+I44+L44,0) -> 0
B45: =IF(H45>$H$2,"",(ROW()-5)) | H45: 40 | I45: =IF(H45<$H$2+1,($I$2-($I$2-1)*(LOG(H45)/LOG($H$2))),"") | J45: =INT(LOG($H$2,2))-ROUNDUP(LOG(H45,2),0)+IF(OR($H$2=1,$H$2=2,$H$2=4,$H$2=8,$H$2=16,$H$2=32,$H$2=64,$H$2=128,$H$2=256),0,1) -> -2 | K45: =J45*$J$2 -> -20 | M45: =IF(I45<>"",K45+I45+L45,0) -> 0
B46: =IF(H46>$H$2,"",(ROW()-5)) | H46: 41 | I46: =IF(H46<$H$2+1,($I$2-($I$2-1)*(LOG(H46)/LOG($H$2))),"") | J46: =INT(LOG($H$2,2))-ROUNDUP(LOG(H46,2),0)+IF(OR($H$2=1,$H$2=2,$H$2=4,$H$2=8,$H$2=16,$H$2=32,$H$2=64,$H$2=128,$H$2=256),0,1) -> -2 | K46: =J46*$J$2 -> -20 | M46: =IF(I46<>"",K46+I46+L46,0) -> 0 | R46: =LOG($H$2,2) -> 3.4594316 | T46: =LOG(H38,2) -> 5.0443941 | U46: =R46-T46 -> -1.5849625
B47: =IF(H47>$H$2,"",(ROW()-5)) | H47: 42 | I47: =IF(H47<$H$2+1,($I$2-($I$2-1)*(LOG(H47)/LOG($H$2))),"") | J47: =INT(LOG($H$2,2))-ROUNDUP(LOG(H47,2),0)+IF(OR($H$2=1,$H$2=2,$H$2=4,$H$2=8,$H$2=16,$H$2=32,$H$2=64,$H$2=128,$H$2=256),0,1) -> -2 | K47: =J47*$J$2 -> -20 | M47: =IF(I47<>"",K47+I47+L47,0) -> 0
B48: =IF(H48>$H$2,"",(ROW()-5)) | H48: 43 | I48: =IF(H48<$H$2+1,($I$2-($I$2-1)*(LOG(H48)/LOG($H$2))),"") | J48: =INT(LOG($H$2,2))-ROUNDUP(LOG(H48,2),0)+IF(OR($H$2=1,$H$2=2,$H$2=4,$H$2=8,$H$2=16,$H$2=32,$H$2=64,$H$2=128,$H$2=256),0,1) -> -2 | K48: =J48*$J$2 -> -20 | M48: =IF(I48<>"",K48+I48+L48,0) -> 0
B49: =IF(H49>$H$2,"",(ROW()-5)) | H49: 44 | I49: =IF(H49<$H$2+1,($I$2-($I$2-1)*(LOG(H49)/LOG($H$2))),"") | J49: =INT(LOG($H$2,2))-ROUNDUP(LOG(H49,2),0)+IF(OR($H$2=1,$H$2=2,$H$2=4,$H$2=8,$H$2=16,$H$2=32,$H$2=64,$H$2=128,$H$2=256),0,1) -> -2 | K49: =J49*$J$2 -> -20 | M49: =IF(I49<>"",K49+I49+L49,0) -> 0
B50: =IF(H50>$H$2,"",(ROW()-5)) | H50: 45 | I50: =IF(H50<$H$2+1,($I$2-($I$2-1)*(LOG(H50)/LOG($H$2))),"") | J50: =INT(LOG($H$2,2))-ROUNDUP(LOG(H50,2),0)+IF(OR($H$2=1,$H$2=2,$H$2=4,$H$2=8,$H$2=16,$H$2=32,$H$2=64,$H$2=128,$H$2=256),0,1) -> -2 | K50: =J50*$J$2 -> -20 | M50: =IF(I50<>"",K50+I50+L50,0) -> 0
B51: =IF(H51>$H$2,"",(ROW()-5)) | H51: 46 | I51: =IF(H51<$H$2+1,($I$2-($I$2-1)*(LOG(H51)/LOG($H$2))),"") | J51: =INT(LOG($H$2,2))-ROUNDUP(LOG(H51,2),0)+IF(OR($H$2=1,$H$2=2,$H$2=4,$H$2=8,$H$2=16,$H$2=32,$H$2=64,$H$2=128,$H$2=256),0,1) -> -2 | K51: =J51*$J$2 -> -20 | M51: =IF(I51<>"",K51+I51+L51,0) -> 0
B52: =IF(H52>$H$2,"",(ROW()-5)) | H52: 47 | I52: =IF(H52<$H$2+1,($I$2-($I$2-1)*(LOG(H52)/LOG($H$2))),"") | J52: =INT(LOG($H$2,2))-ROUNDUP(LOG(H52,2),0)+IF(OR($H$2=1,$H$2=2,$H$2=4,$H$2=8,$H$2=16,$H$2=32,$H$2=64,$H$2=128,$H$2=256),0,1) -> -2 | K52: =J52*$J$2 -> -20 | M52: =IF(I52<>"",K52+I52+L52,0) -> 0
B53: =IF(H53>$H$2,"",(ROW()-5)) | H53: 48 | I53: =IF(H53<$H$2+1,($I$2-($I$2-1)*(LOG(H53)/LOG($H$2))),"") | J53: =INT(LOG($H$2,2))-ROUNDUP(LOG(H53,2),0)+IF(OR($H$2=1,$H$2=2,$H$2=4,$H$2=8,$H$2=16,$H$2=32,$H$2=64,$H$2=128,$H$2=256),0,1) -> -2 | K53: =J53*$J$2 -> -20 | M53: =IF(I53<>"",K53+I53+L53,0) -> 0
B54: =IF(H54>$H$2,"",(ROW()-5)) | H54: 49 | I54: =IF(H54<$H$2+1,($I$2-($I$2-1)*(LOG(H54)/LOG($H$2))),"") | J54: =INT(LOG($H$2,2))-ROUNDUP(LOG(H54,2),0)+IF(OR($H$2=1,$H$2=2,$H$2=4,$H$2=8,$H$2=16,$H$2=32,$H$2=64,$H$2=128,$H$2=256),0,1) -> -2 | K54: =J54*$J$2 -> -20 | M54: =IF(I54<>"",K54+I54+L54,0) -> 0
B55: =IF(H55>$H$2,"",(ROW()-5)) | H55: 50 | I55: =IF(H55<$H$2+1,($I$2-($I$2-1)*(LOG(H55)/LOG($H$2))),"") | J55: =INT(LOG($H$2,2))-ROUNDUP(LOG(H55,2),0)+IF(OR($H$2=1,$H$2=2,$H$2=4,$H$2=8,$H$2=16,$H$2=32,$H$2=64,$H$2=128,$H$2=256),0,1) -> -2 | K55: =J55*$J$2 -> -20 | M55: =IF(I55<>"",K55+I55+L55,0) -> 0
B56: =IF(H56>$H$2,"",(ROW()-5)) | H56: 51 | I56: =IF(H56<$H$2+1,($I$2-($I$2-1)*(LOG(H56)/LOG($H$2))),"") | J56: =INT(LOG($H$2,2))-ROUNDUP(LOG(H56,2),0)+IF(OR($H$2=1,$H$2=2,$H$2=4,$H$2=8,$H$2=16,$H$2=32,$H$2=64,$H$2=128,$H$2=256),0,1) -> -2 | K56: =J56*$J$2 -> -20 | M56: =IF(I56<>"",K56+I56+L56,0) -> 0
B57: =IF(H57>$H$2,"",(ROW()-5)) | H57: 52 | I57: =IF(H57<$H$2+1,($I$2-($I$2-1)*(LOG(H57)/LOG($H$2))),"") | J57: =INT(LOG($H$2,2))-ROUNDUP(LOG(H57,2),0)+IF(OR($H$2=1,$H$2=2,$H$2=4,$H$2=8,$H$2=16,$H$2=32,$H$2=64,$H$2=128,$H$2=256),0,1) -> -2 | K57: =J57*$J$2 -> -20 | M57: =IF(I57<>"",K57+I57+L57,0) -> 0
B58: =IF(H58>$H$2,"",(ROW()-5)) | H58: 53 | I58: =IF(H58<$H$2+1,($I$2-($I$2-1)*(LOG(H58)/LOG($H$2))),"") | J58: =INT(LOG($H$2,2))-ROUNDUP(LOG(H58,2),0)+IF(OR($H$2=1,$H$2=2,$H$2=4,$H$2=8,$H$2=16,$H$2=32,$H$2=64,$H$2=128,$H$2=256),0,1) -> -2 | K58: =J58*$J$2 -> -20 | M58: =IF(I58<>"",K58+I58+L58,0) -> 0
... B65: =IF(H65>$H$2,"",(ROW()-5)) | H65: 60 | I65: =IF(H65<$H$2+1,($I$2-($I$2-1)*(LOG(H65)/LOG($H$2))),"") | J65: =INT(LOG($H$2,2))-ROUNDUP(LOG(H65,2),0)+IF(OR($H$2=1,$H$2=2,$H$2=4,$H$2=8,$H$2=16,$H$2=32,$H$2=64,$H$2=128,$H$2=256),0,1) -> -2 | K65: =J65*$J$2 -> -20 | M65: =IF(I65<>"",K65+I65+L65,0) -> 0
H66: 61 | I66: =IF(H66<$H$2+1,($I$2-($I$2-1)*(LOG(H66)/LOG($H$2))),"") | J66: =INT(LOG($H$2,2))-ROUNDUP(LOG(H66,2),0)+IF(OR($H$2=1,$H$2=2,$H$2=4,$H$2=8,$H$2=16,$H$2=32,$H$2=64,$H$2=128,$H$2=256),0,1) -> -2 | K66: =J66*$J$2 -> -20 | M66: =IF(I66<>"",K66+I66+L66,0) -> 0
H67: 62 | I67: =IF(H67<$H$2+1,($I$2-($I$2-1)*(LOG(H67)/LOG($H$2))),"") | J67: =INT(LOG($H$2,2))-ROUNDUP(LOG(H67,2),0)+IF(OR($H$2=1,$H$2=2,$H$2=4,$H$2=8,$H$2=16,$H$2=32,$H$2=64,$H$2=128,$H$2=256),0,1) -> -2 | K67: =J67*$J$2 -> -20 | M67: =IF(I67<>"",K67+I67+L67,0) -> 0
H68: 63 | I68: =IF(H68<$H$2+1,($I$2-($I$2-1)*(LOG(H68)/LOG($H$2))),"") | J68: =INT(LOG($H$2,2))-ROUNDUP(LOG(H68,2),0)+IF(OR($H$2=1,$H$2=2,$H$2=4,$H$2=8,$H$2=16,$H$2=32,$H$2=64,$H$2=128,$H$2=256),0,1) -> -2 | K68: =J68*$J$2 -> -20 | M68: =IF(I68<>"",K68+I68+L68,0) -> 0
H69: 64 | I69: =IF(H69<$H$2+1,($I$2-($I$2-1)*(LOG(H69)/LOG($H$2))),"") | J69: =INT(LOG($H$2,2))-ROUNDUP(LOG(H69,2),0)+IF(OR($H$2=1,$H$2=2,$H$2=4,$H$2=8,$H$2=16,$H$2=32,$H$2=64,$H$2=128,$H$2=256),0,1) -> -2 | K69: =J69*$J$2 -> -20 | M69: =IF(I69<>"",K69+I69+L69,0) -> 0
H70: 65 | I70: =IF(H70<$H$2+1,($I$2-($I$2-1)*(LOG(H70)/LOG($H$2))),"") | J70: =INT(LOG($H$2,2))-ROUNDUP(LOG(H70,2),0)+IF(OR($H$2=1,$H$2=2,$H$2=4,$H$2=8,$H$2=16,$H$2=32,$H$2=64,$H$2=128,$H$2=256),0,1) -> -3 | K70: =J70*$J$2 -> -30 | M70: =IF(I70<>"",K70+I70+L70,0) -> 0
H71: 66 | I71: =IF(H71<$H$2+1,($I$2-($I$2-1)*(LOG(H71)/LOG($H$2))),"") | J71: =INT(LOG($H$2,2))-ROUNDUP(LOG(H71,2),0)+IF(OR($H$2=1,$H$2=2,$H$2=4,$H$2=8,$H$2=16,$H$2=32,$H$2=64,$H$2=128,$H$2=256),0,1) -> -3 | K71: =J71*$J$2 -> -30 | M71: =IF(I71<>"",K71+I71+L71,0) -> 0
H72: 67 | I72: =IF(H72<$H$2+1,($I$2-($I$2-1)*(LOG(H72)/LOG($H$2))),"") | J72: =INT(LOG($H$2,2))-ROUNDUP(LOG(H72,2),0)+IF(OR($H$2=1,$H$2=2,$H$2=4,$H$2=8,$H$2=16,$H$2=32,$H$2=64,$H$2=128,$H$2=256),0,1) -> -3 | K72: =J72*$J$2 -> -30 | M72: =IF(I72<>"",K72+I72+L72,0) -> 0
H73: 68 | I73: =IF(H73<$H$2+1,($I$2-($I$2-1)*(LOG(H73)/LOG($H$2))),"") | J73: =INT(LOG($H$2,2))-ROUNDUP(LOG(H73,2),0)+IF(OR($H$2=1,$H$2=2,$H$2=4,$H$2=8,$H$2=16,$H$2=32,$H$2=64,$H$2=128,$H$2=256),0,1) -> -3 | K73: =J73*$J$2 -> -30 | M73: =IF(I73<>"",K73+I73+L73,0) -> 0
H74: 69 | I74: =IF(H74<$H$2+1,($I$2-($I$2-1)*(LOG(H74)/LOG($H$2))),"") | J74: =INT(LOG($H$2,2))-ROUNDUP(LOG(H74,2),0)+IF(OR($H$2=1,$H$2=2,$H$2=4,$H$2=8,$H$2=16,$H$2=32,$H$2=64,$H$2=128,$H$2=256),0,1) -> -3 | K74: =J74*$J$2 -> -30 | M74: =IF(I74<>"",K74+I74+L74,0) -> 0
H75: 70 | I75: =IF(H75<$H$2+1,($I$2-($I$2-1)*(LOG(H75)/LOG($H$2))),"") | J75: =INT(LOG($H$2,2))-ROUNDUP(LOG(H75,2),0)+IF(OR($H$2=1,$H$2=2,$H$2=4,$H$2=8,$H$2=16,$H$2=32,$H$2=64,$H$2=128,$H$2=256),0,1) -> -3 | K75: =J75*$J$2 -> -30 | M75: =IF(I75<>"",K75+I75+L75,0) -> 0
H76: 71 | I76: =IF(H76<$H$2+1,($I$2-($I$2-1)*(LOG(H76)/LOG($H$2))),"") | J76: =INT(LOG($H$2,2))-ROUNDUP(LOG(H76,2),0)+IF(OR($H$2=1,$H$2=2,$H$2=4,$H$2=8,$H$2=16,$H$2=32,$H$2=64,$H$2=128,$H$2=256),0,1) -> -3 | K76: =J76*$J$2 -> -30 | M76: =IF(I76<>"",K76+I76+L76,0) -> 0
H77: 72 | I77: =IF(H77<$H$2+1,($I$2-($I$2-1)*(LOG(H77)/LOG($H$2))),"") | J77: =INT(LOG($H$2,2))-ROUNDUP(LOG(H77,2),0)+IF(OR($H$2=1,$H$2=2,$H$2=4,$H$2=8,$H$2=16,$H$2=32,$H$2=64,$H$2=128,$H$2=256),0,1) -> -3 | K77: =J77*$J$2 -> -30 | M77: =IF(I77<>"",K77+I77+L77,0) -> 0
... H305: 300 | I305: =IF(H305<$H$2+1,($I$2-($I$2-1)*(LOG(H305)/LOG($H$2))),"") | J305: =INT(LOG($H$2,2))-ROUNDUP(LOG(H305,2),0)+IF(OR($H$2=1,$H$2=2,$H$2=4,$H$2=8,$H$2=16,$H$2=32,$H$2=64,$H$2=128,$H$2=256),0,1) -> -5 | K305: =J305*$J$2 -> -50 | M305: =IF(I305<>"",K305+I305+L305,0) -> 0

Sheet PP4
H1: Liczba uczestników: | I1: GP Punkty | J1: Bonus za rundę | K1: Mnożnik za podium
B2: miejsce: | C2: WARSZAWA | H2: 9 | I2: 50 | J2: 10 | K2: =3*H2^(1/3) -> 6.2402515
B3: data: | C3: 22.02.2025
A5: Punkty | B5: Miejsce Place | C5: Nazwisko Imię Name | D5: Klub Club(s) | E5: Okręg Division | F5: Państwo Country | H5: Miejsce | I5: Punkty za miejsce | J5: awans do kolejnej rundy pucharowej | K5: bonus za rundy pucharowe | L5: punkty za podium | M5: Suma
A6: =M6 -> 108.72075 | B6: =IF(H6>$H$2,"",(ROW()-5)) -> 1 | C6: KRZEMIŃSKI Mariusz | D6: KS AZS AWFIS GDAŃSK | E6: POL | H6: 1 | I6: =IF(H2=1,50,IF(H6<$H$2+1,($I$2-($I$2-1)*(LOG(H6)/LOG($H$2))),"")) -> 50 | J6: =INT(LOG($H$2,2))-ROUNDUP(LOG(H6,2),0)+IF(OR($H$2=1,$H$2=2,$H$2=4,$H$2=8,$H$2=16,$H$2=32,$H$2=64,$H$2=128,$H$2=256),0,1) -> 4 | K6: =J6*$J$2 -> 40 | L6: =3*K2 -> 18.720754 | M6: =IF(I6<>"",K6+I6+L6,0) -> 108.72075
A7: =M7 -> 77.022724 | B7: =IF(H7>$H$2,"",(ROW()-5)) -> 2 | C7: AUGUSTOWSKI Waldemar | D7: AZS AWF WROCŁAW | E7: POL | H7: 2 | I7: =IF(H7<$H$2+1,($I$2-($I$2-1)*(LOG(H7)/LOG($H$2))),"") -> 34.542221 | J7: =INT(LOG($H$2,2))-ROUNDUP(LOG(H7,2),0)+IF(OR($H$2=1,$H$2=2,$H$2=4,$H$2=8,$H$2=16,$H$2=32,$H$2=64,$H$2=128,$H$2=256),0,1) -> 3 | K7: =J7*$J$2 -> 30 | L7: =2*K2 -> 12.480503 | M7: =IF(I7<>"",K7+I7+L7,0) -> 77.022724
A8: =M8 -> 51.740251 | B8: =IF(H8>$H$2,"",(ROW()-5)) -> 3 | C8: DRAPELLA Maciej | D8: ST. POLSKICH WETERANÓW SZERMIERKI | E8: POL | H8: 3 | I8: =IF(H8<$H$2+1,($I$2-($I$2-1)*(LOG(H8)/LOG($H$2))),"") -> 25.5 | J8: =INT(LOG($H$2,2))-ROUNDUP(LOG(H8,2),0)+IF(OR($H$2=1,$H$2=2,$H$2=4,$H$2=8,$H$2=16,$H$2=32,$H$2=64,$H$2=128,$H$2=256),0,1) -> 2 | K8: =J8*$J$2 -> 20 | L8: =K2 -> 6.2402515 | M8: =IF(I8<>"",K8+I8+L8,0) -> 51.740251
A9: =M9 -> 39.084442 | B9: =IF(H9>$H$2,"",(ROW()-5)) -> 4 | C9: HERONIMEK Leszek | D9: PKSZERM WARSZAWA | E9: POL | H9: 4 | I9: =IF(H9<$H$2+1,($I$2-($I$2-1)*(LOG(H9)/LOG($H$2))),"") -> 19.084442 | J9: =INT(LOG($H$2,2))-ROUNDUP(LOG(H9,2),0)+IF(OR($H$2=1,$H$2=2,$H$2=4,$H$2=8,$H$2=16,$H$2=32,$H$2=64,$H$2=128,$H$2=256),0,1) -> 2 | K9: =J9*$J$2 -> 20 | M9: =IF(I9<>"",K9+I9+L9,0) -> 39.084442 | AH9: x | AI9: 23
A10: =M10 -> 24.108149 | B10: =IF(H10>$H$2,"",(ROW()-5)) -> 5 | C10: SZCZĘSNY Jacek | D10: KS AZS AWFIS GDAŃSK | E10: POL | H10: 5 | I10: =IF(H10<$H$2+1,($I$2-($I$2-1)*(LOG(H10)/LOG($H$2))),"") -> 14.108149 | J10: =INT(LOG($H$2,2))-ROUNDUP(LOG(H10,2),0)+IF(OR($H$2=1,$H$2=2,$H$2=4,$H$2=8,$H$2=16,$H$2=32,$H$2=64,$H$2=128,$H$2=256),0,1) -> 1 | K10: =J10*$J$2 -> 10 | M10: =IF(I10<>"",K10+I10+L10,0) -> 24.108149 | AH10: N | AI10: 45
A11: =M11 -> 20.042221 | B11: =IF(H11>$H$2,"",(ROW()-5)) -> 6 | C11: MAŁASIŃSKI Adam | D11: AZS AWF KRAKÓW | E11: POL | H11: 6 | I11: =IF(H11<$H$2+1,($I$2-($I$2-1)*(LOG(H11)/LOG($H$2))),"") -> 10.042221 | J11: =INT(LOG($H$2,2))-ROUNDUP(LOG(H11,2),0)+IF(OR($H$2=1,$H$2=2,$H$2=4,$H$2=8,$H$2=16,$H$2=32,$H$2=64,$H$2=128,$H$2=256),0,1) -> 1 | K11: =J11*$J$2 -> 10 | M11: =IF(I11<>"",K11+I11+L11,0) -> 20.042221 | AH11: MP | AI11: 50
A12: =M12 -> 16.604528 | B12: =IF(H12>$H$2,"",(ROW()-5)) -> 7 | C12: POPRAWA Mariusz | D12: UKS SOKOLIK MOSiR KROSNO | E12: POL | H12: 7 | I12: =IF(H12<$H$2+1,($I$2-($I$2-1)*(LOG(H12)/LOG($H$2))),"") -> 6.6045281 | J12: =INT(LOG($H$2,2))-ROUNDUP(LOG(H12,2),0)+IF(OR($H$2=1,$H$2=2,$H$2=4,$H$2=8,$H$2=16,$H$2=32,$H$2=64,$H$2=128,$H$2=256),0,1) -> 1 | K12: =J12*$J$2 -> 10 | M12: =IF(I12<>"",K12+I12+L12,0) -> 16.604528 | AH12: MP-1 | AI12: =AI11-1 -> 49
A13: =M13 -> 13.626663 | B13: =IF(H13>$H$2,"",(ROW()-5)) -> 8 | C13: CHUDYCKI Artur | D13: MKS KUSY SZCZECIN | E13: POL | H13: 8 | I13: =IF(H13<$H$2+1,($I$2-($I$2-1)*(LOG(H13)/LOG($H$2))),"") -> 3.6266631 | J13: =INT(LOG($H$2,2))-ROUNDUP(LOG(H13,2),0)+IF(OR($H$2=1,$H$2=2,$H$2=4,$H$2=8,$H$2=16,$H$2=32,$H$2=64,$H$2=128,$H$2=256),0,1) -> 1 | K13: =J13*$J$2 -> 10 | M13: =IF(I13<>"",K13+I13+L13,0) -> 13.626663 | AH13: log(x) | AI13: =LOG(AI9) -> 1.3617278
A14: =M14 -> 1 | B14: =IF(H14>$H$2,"",(ROW()-5)) -> 9 | C14: WHITLEY Gary | D14: AZS WRATISLAVIA WROCŁAW | E14: USA | H14: 9 | I14: =IF(H14<$H$2+1,($I$2-($I$2-1)*(LOG(H14)/LOG($H$2))),"") -> 1 | J14: =INT(LOG($H$2,2))-ROUNDUP(LOG(H14,2),0)+IF(OR($H$2=1,$H$2=2,$H$2=4,$H$2=8,$H$2=16,$H$2=32,$H$2=64,$H$2=128,$H$2=256),0,1) -> 0 | K14: =J14*$J$2 -> 0 | M14: =IF(I14<>"",K14+I14+L14,0) -> 1 | AH14: Log(N) | AI14: =LOG(AI10) -> 1.6532125
A15: =M15 -> 0 | B15: =IF(H15>$H$2,"",(ROW()-5)) | H15: 10 | I15: =IF(H15<$H$2+1,($I$2-($I$2-1)*(LOG(H15)/LOG($H$2))),"") | J15: =INT(LOG($H$2,2))-ROUNDUP(LOG(H15,2),0)+IF(OR($H$2=1,$H$2=2,$H$2=4,$H$2=8,$H$2=16,$H$2=32,$H$2=64,$H$2=128,$H$2=256),0,1) -> 0 | K15: =J15*$J$2 -> 0 | M15: =IF(I15<>"",K15+I15+L15,0) -> 0
A16: =M16 -> 0 | B16: =IF(H16>$H$2,"",(ROW()-5)) | H16: 11 | I16: =IF(H16<$H$2+1,($I$2-($I$2-1)*(LOG(H16)/LOG($H$2))),"") | J16: =INT(LOG($H$2,2))-ROUNDUP(LOG(H16,2),0)+IF(OR($H$2=1,$H$2=2,$H$2=4,$H$2=8,$H$2=16,$H$2=32,$H$2=64,$H$2=128,$H$2=256),0,1) -> 0 | K16: =J16*$J$2 -> 0 | M16: =IF(I16<>"",K16+I16+L16,0) -> 0 | AH16: MP - (MP-1)*LOG(x)/LOG(N) | AI16: =AI11-AI12*AI13/AI14 -> 9.6393909 | AJ16: points
A17: =M17 -> 0 | B17: =IF(H17>$H$2,"",(ROW()-5)) | H17: 12 | I17: =IF(H17<$H$2+1,($I$2-($I$2-1)*(LOG(H17)/LOG($H$2))),"") | J17: =INT(LOG($H$2,2))-ROUNDUP(LOG(H17,2),0)+IF(OR($H$2=1,$H$2=2,$H$2=4,$H$2=8,$H$2=16,$H$2=32,$H$2=64,$H$2=128,$H$2=256),0,1) -> 0 | K17: =J17*$J$2 -> 0 | M17: =IF(I17<>"",K17+I17+L17,0) -> 0
A18: =M18 -> 0 | B18: =IF(H18>$H$2,"",(ROW()-5)) | H18: 13 | I18: =IF(H18<$H$2+1,($I$2-($I$2-1)*(LOG(H18)/LOG($H$2))),"") | J18: =INT(LOG($H$2,2))-ROUNDUP(LOG(H18,2),0)+IF(OR($H$2=1,$H$2=2,$H$2=4,$H$2=8,$H$2=16,$H$2=32,$H$2=64,$H$2=128,$H$2=256),0,1) -> 0 | K18: =J18*$J$2 -> 0 | M18: =IF(I18<>"",K18+I18+L18,0) -> 0
A19: =M19 -> 0 | B19: =IF(H19>$H$2,"",(ROW()-5)) | H19: 14 | I19: =IF(H19<$H$2+1,($I$2-($I$2-1)*(LOG(H19)/LOG($H$2))),"") | J19: =INT(LOG($H$2,2))-ROUNDUP(LOG(H19,2),0)+IF(OR($H$2=1,$H$2=2,$H$2=4,$H$2=8,$H$2=16,$H$2=32,$H$2=64,$H$2=128,$H$2=256),0,1) -> 0 | K19: =J19*$J$2 -> 0 | M19: =IF(I19<>"",K19+I19+L19,0) -> 0
A20: =M20 -> 0 | B20: =IF(H20>$H$2,"",(ROW()-5)) | H20: 15 | I20: =IF(H20<$H$2+1,($I$2-($I$2-1)*(LOG(H20)/LOG($H$2))),"") | J20: =INT(LOG($H$2,2))-ROUNDUP(LOG(H20,2),0)+IF(OR($H$2=1,$H$2=2,$H$2=4,$H$2=8,$H$2=16,$H$2=32,$H$2=64,$H$2=128,$H$2=256),0,1) -> 0 | K20: =J20*$J$2 -> 0 | M20: =IF(I20<>"",K20+I20+L20,0) -> 0
A21: =M21 -> 0 | B21: =IF(H21>$H$2,"",(ROW()-5)) | H21: 16 | I21: =IF(H21<$H$2+1,($I$2-($I$2-1)*(LOG(H21)/LOG($H$2))),"") | J21: =INT(LOG($H$2,2))-ROUNDUP(LOG(H21,2),0)+IF(OR($H$2=1,$H$2=2,$H$2=4,$H$2=8,$H$2=16,$H$2=32,$H$2=64,$H$2=128,$H$2=256),0,1) -> 0 | K21: =J21*$J$2 -> 0 | M21: =IF(I21<>"",K21+I21+L21,0) -> 0
A22: =M22 -> 0 | B22: =IF(H22>$H$2,"",(ROW()-5)) | H22: 17 | I22: =IF(H22<$H$2+1,($I$2-($I$2-1)*(LOG(H22)/LOG($H$2))),"") | J22: =INT(LOG($H$2,2))-ROUNDUP(LOG(H22,2),0)+IF(OR($H$2=1,$H$2=2,$H$2=4,$H$2=8,$H$2=16,$H$2=32,$H$2=64,$H$2=128,$H$2=256),0,1) -> -1 | K22: =J22*$J$2 -> -10 | M22: =IF(I22<>"",K22+I22+L22,0) -> 0
A23: =M23 -> 0 | B23: =IF(H23>$H$2,"",(ROW()-5)) | H23: 18 | I23: =IF(H23<$H$2+1,($I$2-($I$2-1)*(LOG(H23)/LOG($H$2))),"") | J23: =INT(LOG($H$2,2))-ROUNDUP(LOG(H23,2),0)+IF(OR($H$2=1,$H$2=2,$H$2=4,$H$2=8,$H$2=16,$H$2=32,$H$2=64,$H$2=128,$H$2=256),0,1) -> -1 | K23: =J23*$J$2 -> -10 | M23: =IF(I23<>"",K23+I23+L23,0) -> 0
A24: =M24 -> 0 | B24: =IF(H24>$H$2,"",(ROW()-5)) | H24: 19 | I24: =IF(H24<$H$2+1,($I$2-($I$2-1)*(LOG(H24)/LOG($H$2))),"") | J24: =INT(LOG($H$2,2))-ROUNDUP(LOG(H24,2),0)+IF(OR($H$2=1,$H$2=2,$H$2=4,$H$2=8,$H$2=16,$H$2=32,$H$2=64,$H$2=128,$H$2=256),0,1) -> -1 | K24: =J24*$J$2 -> -10 | M24: =IF(I24<>"",K24+I24+L24,0) -> 0
A25: =M25 -> 0 | B25: =IF(H25>$H$2,"",(ROW()-5)) | H25: 20 | I25: =IF(H25<$H$2+1,($I$2-($I$2-1)*(LOG(H25)/LOG($H$2))),"") | J25: =INT(LOG($H$2,2))-ROUNDUP(LOG(H25,2),0)+IF(OR($H$2=1,$H$2=2,$H$2=4,$H$2=8,$H$2=16,$H$2=32,$H$2=64,$H$2=128,$H$2=256),0,1) -> -1 | K25: =J25*$J$2 -> -10 | M25: =IF(I25<>"",K25+I25+L25,0) -> 0
A26: =M26 -> 0 | B26: =IF(H26>$H$2,"",(ROW()-5)) | H26: 21 | I26: =IF(H26<$H$2+1,($I$2-($I$2-1)*(LOG(H26)/LOG($H$2))),"") | J26: =INT(LOG($H$2,2))-ROUNDUP(LOG(H26,2),0)+IF(OR($H$2=1,$H$2=2,$H$2=4,$H$2=8,$H$2=16,$H$2=32,$H$2=64,$H$2=128,$H$2=256),0,1) -> -1 | K26: =J26*$J$2 -> -10 | M26: =IF(I26<>"",K26+I26+L26,0) -> 0
A27: =M27 -> 0 | B27: =IF(H27>$H$2,"",(ROW()-5)) | H27: 22 | I27: =IF(H27<$H$2+1,($I$2-($I$2-1)*(LOG(H27)/LOG($H$2))),"") | J27: =INT(LOG($H$2,2))-ROUNDUP(LOG(H27,2),0)+IF(OR($H$2=1,$H$2=2,$H$2=4,$H$2=8,$H$2=16,$H$2=32,$H$2=64,$H$2=128,$H$2=256),0,1) -> -1 | K27: =J27*$J$2 -> -10 | M27: =IF(I27<>"",K27+I27+L27,0) -> 0
A28: =M28 -> 0 | B28: =IF(H28>$H$2,"",(ROW()-5)) | H28: 23 | I28: =IF(H28<$H$2+1,($I$2-($I$2-1)*(LOG(H28)/LOG($H$2))),"") | J28: =INT(LOG($H$2,2))-ROUNDUP(LOG(H28,2),0)+IF(OR($H$2=1,$H$2=2,$H$2=4,$H$2=8,$H$2=16,$H$2=32,$H$2=64,$H$2=128,$H$2=256),0,1) -> -1 | K28: =J28*$J$2 -> -10 | M28: =IF(I28<>"",K28+I28+L28,0) -> 0
... A37: =M37 -> 0 | B37: =IF(H37>$H$2,"",(ROW()-5)) | H37: 32 | I37: =IF(H37<$H$2+1,($I$2-($I$2-1)*(LOG(H37)/LOG($H$2))),"") | J37: =INT(LOG($H$2,2))-ROUNDUP(LOG(H37,2),0)+IF(OR($H$2=1,$H$2=2,$H$2=4,$H$2=8,$H$2=16,$H$2=32,$H$2=64,$H$2=128,$H$2=256),0,1) -> -1 | K37: =J37*$J$2 -> -10 | M37: =IF(I37<>"",K37+I37+L37,0) -> 0
B38: =IF(H38>$H$2,"",(ROW()-5)) | H38: 33 | I38: =IF(H38<$H$2+1,($I$2-($I$2-1)*(LOG(H38)/LOG($H$2))),"") | J38: =INT(LOG($H$2,2))-ROUNDUP(LOG(H38,2),0)+IF(OR($H$2=1,$H$2=2,$H$2=4,$H$2=8,$H$2=16,$H$2=32,$H$2=64,$H$2=128,$H$2=256),0,1) -> -2 | K38: =J38*$J$2 -> -20 | M38: =IF(I38<>"",K38+I38+L38,0) -> 0
B39: =IF(H39>$H$2,"",(ROW()-5)) | H39: 34 | I39: =IF(H39<$H$2+1,($I$2-($I$2-1)*(LOG(H39)/LOG($H$2))),"") | J39: =INT(LOG($H$2,2))-ROUNDUP(LOG(H39,2),0)+IF(OR($H$2=1,$H$2=2,$H$2=4,$H$2=8,$H$2=16,$H$2=32,$H$2=64,$H$2=128,$H$2=256),0,1) -> -2 | K39: =J39*$J$2 -> -20 | M39: =IF(I39<>"",K39+I39+L39,0) -> 0
B40: =IF(H40>$H$2,"",(ROW()-5)) | H40: 35 | I40: =IF(H40<$H$2+1,($I$2-($I$2-1)*(LOG(H40)/LOG($H$2))),"") | J40: =INT(LOG($H$2,2))-ROUNDUP(LOG(H40,2),0)+IF(OR($H$2=1,$H$2=2,$H$2=4,$H$2=8,$H$2=16,$H$2=32,$H$2=64,$H$2=128,$H$2=256),0,1) -> -2 | K40: =J40*$J$2 -> -20 | M40: =IF(I40<>"",K40+I40+L40,0) -> 0
B41: =IF(H41>$H$2,"",(ROW()-5)) | H41: 36 | I41: =IF(H41<$H$2+1,($I$2-($I$2-1)*(LOG(H41)/LOG($H$2))),"") | J41: =INT(LOG($H$2,2))-ROUNDUP(LOG(H41,2),0)+IF(OR($H$2=1,$H$2=2,$H$2=4,$H$2=8,$H$2=16,$H$2=32,$H$2=64,$H$2=128,$H$2=256),0,1) -> -2 | K41: =J41*$J$2 -> -20 | M41: =IF(I41<>"",K41+I41+L41,0) -> 0
B42: =IF(H42>$H$2,"",(ROW()-5)) | H42: 37 | I42: =IF(H42<$H$2+1,($I$2-($I$2-1)*(LOG(H42)/LOG($H$2))),"") | J42: =INT(LOG($H$2,2))-ROUNDUP(LOG(H42,2),0)+IF(OR($H$2=1,$H$2=2,$H$2=4,$H$2=8,$H$2=16,$H$2=32,$H$2=64,$H$2=128,$H$2=256),0,1) -> -2 | K42: =J42*$J$2 -> -20 | M42: =IF(I42<>"",K42+I42+L42,0) -> 0
B43: =IF(H43>$H$2,"",(ROW()-5)) | H43: 38 | I43: =IF(H43<$H$2+1,($I$2-($I$2-1)*(LOG(H43)/LOG($H$2))),"") | J43: =INT(LOG($H$2,2))-ROUNDUP(LOG(H43,2),0)+IF(OR($H$2=1,$H$2=2,$H$2=4,$H$2=8,$H$2=16,$H$2=32,$H$2=64,$H$2=128,$H$2=256),0,1) -> -2 | K43: =J43*$J$2 -> -20 | M43: =IF(I43<>"",K43+I43+L43,0) -> 0
B44: =IF(H44>$H$2,"",(ROW()-5)) | H44: 39 | I44: =IF(H44<$H$2+1,($I$2-($I$2-1)*(LOG(H44)/LOG($H$2))),"") | J44: =INT(LOG($H$2,2))-ROUNDUP(LOG(H44,2),0)+IF(OR($H$2=1,$H$2=2,$H$2=4,$H$2=8,$H$2=16,$H$2=32,$H$2=64,$H$2=128,$H$2=256),0,1) -> -2 | K44: =J44*$J$2 -> -20 | M44: =IF(I44<>"",K44+I44+L44,0) -> 0
B45: =IF(H45>$H$2,"",(ROW()-5)) | H45: 40 | I45: =IF(H45<$H$2+1,($I$2-($I$2-1)*(LOG(H45)/LOG($H$2))),"") | J45: =INT(LOG($H$2,2))-ROUNDUP(LOG(H45,2),0)+IF(OR($H$2=1,$H$2=2,$H$2=4,$H$2=8,$H$2=16,$H$2=32,$H$2=64,$H$2=128,$H$2=256),0,1) -> -2 | K45: =J45*$J$2 -> -20 | M45: =IF(I45<>"",K45+I45+L45,0) -> 0
B46: =IF(H46>$H$2,"",(ROW()-5)) | H46: 41 | I46: =IF(H46<$H$2+1,($I$2-($I$2-1)*(LOG(H46)/LOG($H$2))),"") | J46: =INT(LOG($H$2,2))-ROUNDUP(LOG(H46,2),0)+IF(OR($H$2=1,$H$2=2,$H$2=4,$H$2=8,$H$2=16,$H$2=32,$H$2=64,$H$2=128,$H$2=256),0,1) -> -2 | K46: =J46*$J$2 -> -20 | M46: =IF(I46<>"",K46+I46+L46,0) -> 0 | R46: =LOG($H$2,2) -> 3.169925 | T46: =LOG(H38,2) -> 5.0443941 | U46: =R46-T46 -> -1.8744691
B47: =IF(H47>$H$2,"",(ROW()-5)) | H47: 42 | I47: =IF(H47<$H$2+1,($I$2-($I$2-1)*(LOG(H47)/LOG($H$2))),"") | J47: =INT(LOG($H$2,2))-ROUNDUP(LOG(H47,2),0)+IF(OR($H$2=1,$H$2=2,$H$2=4,$H$2=8,$H$2=16,$H$2=32,$H$2=64,$H$2=128,$H$2=256),0,1) -> -2 | K47: =J47*$J$2 -> -20 | M47: =IF(I47<>"",K47+I47+L47,0) -> 0
B48: =IF(H48>$H$2,"",(ROW()-5)) | H48: 43 | I48: =IF(H48<$H$2+1,($I$2-($I$2-1)*(LOG(H48)/LOG($H$2))),"") | J48: =INT(LOG($H$2,2))-ROUNDUP(LOG(H48,2),0)+IF(OR($H$2=1,$H$2=2,$H$2=4,$H$2=8,$H$2=16,$H$2=32,$H$2=64,$H$2=128,$H$2=256),0,1) -> -2 | K48: =J48*$J$2 -> -20 | M48: =IF(I48<>"",K48+I48+L48,0) -> 0
B49: =IF(H49>$H$2,"",(ROW()-5)) | H49: 44 | I49: =IF(H49<$H$2+1,($I$2-($I$2-1)*(LOG(H49)/LOG($H$2))),"") | J49: =INT(LOG($H$2,2))-ROUNDUP(LOG(H49,2),0)+IF(OR($H$2=1,$H$2=2,$H$2=4,$H$2=8,$H$2=16,$H$2=32,$H$2=64,$H$2=128,$H$2=256),0,1) -> -2 | K49: =J49*$J$2 -> -20 | M49: =IF(I49<>"",K49+I49+L49,0) -> 0
B50: =IF(H50>$H$2,"",(ROW()-5)) | H50: 45 | I50: =IF(H50<$H$2+1,($I$2-($I$2-1)*(LOG(H50)/LOG($H$2))),"") | J50: =INT(LOG($H$2,2))-ROUNDUP(LOG(H50,2),0)+IF(OR($H$2=1,$H$2=2,$H$2=4,$H$2=8,$H$2=16,$H$2=32,$H$2=64,$H$2=128,$H$2=256),0,1) -> -2 | K50: =J50*$J$2 -> -20 | M50: =IF(I50<>"",K50+I50+L50,0) -> 0
B51: =IF(H51>$H$2,"",(ROW()-5)) | H51: 46 | I51: =IF(H51<$H$2+1,($I$2-($I$2-1)*(LOG(H51)/LOG($H$2))),"") | J51: =INT(LOG($H$2,2))-ROUNDUP(LOG(H51,2),0)+IF(OR($H$2=1,$H$2=2,$H$2=4,$H$2=8,$H$2=16,$H$2=32,$H$2=64,$H$2=128,$H$2=256),0,1) -> -2 | K51: =J51*$J$2 -> -20 | M51: =IF(I51<>"",K51+I51+L51,0) -> 0
B52: =IF(H52>$H$2,"",(ROW()-5)) | H52: 47 | I52: =IF(H52<$H$2+1,($I$2-($I$2-1)*(LOG(H52)/LOG($H$2))),"") | J52: =INT(LOG($H$2,2))-ROUNDUP(LOG(H52,2),0)+IF(OR($H$2=1,$H$2=2,$H$2=4,$H$2=8,$H$2=16,$H$2=32,$H$2=64,$H$2=128,$H$2=256),0,1) -> -2 | K52: =J52*$J$2 -> -20 | M52: =IF(I52<>"",K52+I52+L52,0) -> 0
B53: =IF(H53>$H$2,"",(ROW()-5)) | H53: 48 | I53: =IF(H53<$H$2+1,($I$2-($I$2-1)*(LOG(H53)/LOG($H$2))),"") | J53: =INT(LOG($H$2,2))-ROUNDUP(LOG(H53,2),0)+IF(OR($H$2=1,$H$2=2,$H$2=4,$H$2=8,$H$2=16,$H$2=32,$H$2=64,$H$2=128,$H$2=256),0,1) -> -2 | K53: =J53*$J$2 -> -20 | M53: =IF(I53<>"",K53+I53+L53,0) -> 0
B54: =IF(H54>$H$2,"",(ROW()-5)) | H54: 49 | I54: =IF(H54<$H$2+1,($I$2-($I$2-1)*(LOG(H54)/LOG($H$2))),"") | J54: =INT(LOG($H$2,2))-ROUNDUP(LOG(H54,2),0)+IF(OR($H$2=1,$H$2=2,$H$2=4,$H$2=8,$H$2=16,$H$2=32,$H$2=64,$H$2=128,$H$2=256),0,1) -> -2 | K54: =J54*$J$2 -> -20 | M54: =IF(I54<>"",K54+I54+L54,0) -> 0
B55: =IF(H55>$H$2,"",(ROW()-5)) | H55: 50 | I55: =IF(H55<$H$2+1,($I$2-($I$2-1)*(LOG(H55)/LOG($H$2))),"") | J55: =INT(LOG($H$2,2))-ROUNDUP(LOG(H55,2),0)+IF(OR($H$2=1,$H$2=2,$H$2=4,$H$2=8,$H$2=16,$H$2=32,$H$2=64,$H$2=128,$H$2=256),0,1) -> -2 | K55: =J55*$J$2 -> -20 | M55: =IF(I55<>"",K55+I55+L55,0) -> 0
B56: =IF(H56>$H$2,"",(ROW()-5)) | H56: 51 | I56: =IF(H56<$H$2+1,($I$2-($I$2-1)*(LOG(H56)/LOG($H$2))),"") | J56: =INT(LOG($H$2,2))-ROUNDUP(LOG(H56,2),0)+IF(OR($H$2=1,$H$2=2,$H$2=4,$H$2=8,$H$2=16,$H$2=32,$H$2=64,$H$2=128,$H$2=256),0,1) -> -2 | K56: =J56*$J$2 -> -20 | M56: =IF(I56<>"",K56+I56+L56,0) -> 0
B57: =IF(H57>$H$2,"",(ROW()-5)) | H57: 52 | I57: =IF(H57<$H$2+1,($I$2-($I$2-1)*(LOG(H57)/LOG($H$2))),"") | J57: =INT(LOG($H$2,2))-ROUNDUP(LOG(H57,2),0)+IF(OR($H$2=1,$H$2=2,$H$2=4,$H$2=8,$H$2=16,$H$2=32,$H$2=64,$H$2=128,$H$2=256),0,1) -> -2 | K57: =J57*$J$2 -> -20 | M57: =IF(I57<>"",K57+I57+L57,0) -> 0
B58: =IF(H58>$H$2,"",(ROW()-5)) | H58: 53 | I58: =IF(H58<$H$2+1,($I$2-($I$2-1)*(LOG(H58)/LOG($H$2))),"") | J58: =INT(LOG($H$2,2))-ROUNDUP(LOG(H58,2),0)+IF(OR($H$2=1,$H$2=2,$H$2=4,$H$2=8,$H$2=16,$H$2=32,$H$2=64,$H$2=128,$H$2=256),0,1) -> -2 | K58: =J58*$J$2 -> -20 | M58: =IF(I58<>"",K58+I58+L58,0) -> 0
... B65: =IF(H65>$H$2,"",(ROW()-5)) | H65: 60 | I65: =IF(H65<$H$2+1,($I$2-($I$2-1)*(LOG(H65)/LOG($H$2))),"") | J65: =INT(LOG($H$2,2))-ROUNDUP(LOG(H65,2),0)+IF(OR($H$2=1,$H$2=2,$H$2=4,$H$2=8,$H$2=16,$H$2=32,$H$2=64,$H$2=128,$H$2=256),0,1) -> -2 | K65: =J65*$J$2 -> -20 | M65: =IF(I65<>"",K65+I65+L65,0) -> 0
H66: 61 | I66: =IF(H66<$H$2+1,($I$2-($I$2-1)*(LOG(H66)/LOG($H$2))),"") | J66: =INT(LOG($H$2,2))-ROUNDUP(LOG(H66,2),0)+IF(OR($H$2=1,$H$2=2,$H$2=4,$H$2=8,$H$2=16,$H$2=32,$H$2=64,$H$2=128,$H$2=256),0,1) -> -2 | K66: =J66*$J$2 -> -20 | M66: =IF(I66<>"",K66+I66+L66,0) -> 0
H67: 62 | I67: =IF(H67<$H$2+1,($I$2-($I$2-1)*(LOG(H67)/LOG($H$2))),"") | J67: =INT(LOG($H$2,2))-ROUNDUP(LOG(H67,2),0)+IF(OR($H$2=1,$H$2=2,$H$2=4,$H$2=8,$H$2=16,$H$2=32,$H$2=64,$H$2=128,$H$2=256),0,1) -> -2 | K67: =J67*$J$2 -> -20 | M67: =IF(I67<>"",K67+I67+L67,0) -> 0
H68: 63 | I68: =IF(H68<$H$2+1,($I$2-($I$2-1)*(LOG(H68)/LOG($H$2))),"") | J68: =INT(LOG($H$2,2))-ROUNDUP(LOG(H68,2),0)+IF(OR($H$2=1,$H$2=2,$H$2=4,$H$2=8,$H$2=16,$H$2=32,$H$2=64,$H$2=128,$H$2=256),0,1) -> -2 | K68: =J68*$J$2 -> -20 | M68: =IF(I68<>"",K68+I68+L68,0) -> 0
H69: 64 | I69: =IF(H69<$H$2+1,($I$2-($I$2-1)*(LOG(H69)/LOG($H$2))),"") | J69: =INT(LOG($H$2,2))-ROUNDUP(LOG(H69,2),0)+IF(OR($H$2=1,$H$2=2,$H$2=4,$H$2=8,$H$2=16,$H$2=32,$H$2=64,$H$2=128,$H$2=256),0,1) -> -2 | K69: =J69*$J$2 -> -20 | M69: =IF(I69<>"",K69+I69+L69,0) -> 0
H70: 65 | I70: =IF(H70<$H$2+1,($I$2-($I$2-1)*(LOG(H70)/LOG($H$2))),"") | J70: =INT(LOG($H$2,2))-ROUNDUP(LOG(H70,2),0)+IF(OR($H$2=1,$H$2=2,$H$2=4,$H$2=8,$H$2=16,$H$2=32,$H$2=64,$H$2=128,$H$2=256),0,1) -> -3 | K70: =J70*$J$2 -> -30 | M70: =IF(I70<>"",K70+I70+L70,0) -> 0
H71: 66 | I71: =IF(H71<$H$2+1,($I$2-($I$2-1)*(LOG(H71)/LOG($H$2))),"") | J71: =INT(LOG($H$2,2))-ROUNDUP(LOG(H71,2),0)+IF(OR($H$2=1,$H$2=2,$H$2=4,$H$2=8,$H$2=16,$H$2=32,$H$2=64,$H$2=128,$H$2=256),0,1) -> -3 | K71: =J71*$J$2 -> -30 | M71: =IF(I71<>"",K71+I71+L71,0) -> 0
H72: 67 | I72: =IF(H72<$H$2+1,($I$2-($I$2-1)*(LOG(H72)/LOG($H$2))),"") | J72: =INT(LOG($H$2,2))-ROUNDUP(LOG(H72,2),0)+IF(OR($H$2=1,$H$2=2,$H$2=4,$H$2=8,$H$2=16,$H$2=32,$H$2=64,$H$2=128,$H$2=256),0,1) -> -3 | K72: =J72*$J$2 -> -30 | M72: =IF(I72<>"",K72+I72+L72,0) -> 0
H73: 68 | I73: =IF(H73<$H$2+1,($I$2-($I$2-1)*(LOG(H73)/LOG($H$2))),"") | J73: =INT(LOG($H$2,2))-ROUNDUP(LOG(H73,2),0)+IF(OR($H$2=1,$H$2=2,$H$2=4,$H$2=8,$H$2=16,$H$2=32,$H$2=64,$H$2=128,$H$2=256),0,1) -> -3 | K73: =J73*$J$2 -> -30 | M73: =IF(I73<>"",K73+I73+L73,0) -> 0
H74: 69 | I74: =IF(H74<$H$2+1,($I$2-($I$2-1)*(LOG(H74)/LOG($H$2))),"") | J74: =INT(LOG($H$2,2))-ROUNDUP(LOG(H74,2),0)+IF(OR($H$2=1,$H$2=2,$H$2=4,$H$2=8,$H$2=16,$H$2=32,$H$2=64,$H$2=128,$H$2=256),0,1) -> -3 | K74: =J74*$J$2 -> -30 | M74: =IF(I74<>"",K74+I74+L74,0) -> 0
H75: 70 | I75: =IF(H75<$H$2+1,($I$2-($I$2-1)*(LOG(H75)/LOG($H$2))),"") | J75: =INT(LOG($H$2,2))-ROUNDUP(LOG(H75,2),0)+IF(OR($H$2=1,$H$2=2,$H$2=4,$H$2=8,$H$2=16,$H$2=32,$H$2=64,$H$2=128,$H$2=256),0,1) -> -3 | K75: =J75*$J$2 -> -30 | M75: =IF(I75<>"",K75+I75+L75,0) -> 0
H76: 71 | I76: =IF(H76<$H$2+1,($I$2-($I$2-1)*(LOG(H76)/LOG($H$2))),"") | J76: =INT(LOG($H$2,2))-ROUNDUP(LOG(H76,2),0)+IF(OR($H$2=1,$H$2=2,$H$2=4,$H$2=8,$H$2=16,$H$2=32,$H$2=64,$H$2=128,$H$2=256),0,1) -> -3 | K76: =J76*$J$2 -> -30 | M76: =IF(I76<>"",K76+I76+L76,0) -> 0
H77: 72 | I77: =IF(H77<$H$2+1,($I$2-($I$2-1)*(LOG(H77)/LOG($H$2))),"") | J77: =INT(LOG($H$2,2))-ROUNDUP(LOG(H77,2),0)+IF(OR($H$2=1,$H$2=2,$H$2=4,$H$2=8,$H$2=16,$H$2=32,$H$2=64,$H$2=128,$H$2=256),0,1) -> -3 | K77: =J77*$J$2 -> -30 | M77: =IF(I77<>"",K77+I77+L77,0) -> 0
... H305: 300 | I305: =IF(H305<$H$2+1,($I$2-($I$2-1)*(LOG(H305)/LOG($H$2))),"") | J305: =INT(LOG($H$2,2))-ROUNDUP(LOG(H305,2),0)+IF(OR($H$2=1,$H$2=2,$H$2=4,$H$2=8,$H$2=16,$H$2=32,$H$2=64,$H$2=128,$H$2=256),0,1) -> -5 | K305: =J305*$J$2 -> -50 | M305: =IF(I305<>"",K305+I305+L305,0) -> 0

Sheet PP5
H1: Liczba uczestników: | I1: GP Punkty | J1: Bonus za rundę | K1: Mnożnik za podium
B2: miejsce: | C2: SZCZECIN | H2: 6 | I2: 50 | J2: 10 | K2: =3*H2^(1/3) -> 5.4513618
B3: data: | C3: 26.04.2025
A5: Punkty | B5: Miejsce Place | C5: Nazwisko Imię Name | D5: Klub Club(s) | E5: Okręg Division | F5: Państwo Country | H5: Miejsce | I5: Punkty za miejsce | J5: awans do kolejnej rundy pucharowej | K5: bonus za rundy pucharowe | L5: punkty za podium | M5: Suma
A6: =M6 -> 96.354085 | B6: =IF(H6>$H$2,"",(ROW()-5)) -> 1 | C6: AUGUSTOWSKI Waldemar | D6: AZS AWF WROCŁAW | F6: POL | H6: 1 | I6: =IF(H2=1,50,IF(H6<$H$2+1,($I$2-($I$2-1)*(LOG(H6)/LOG($H$2))),"")) -> 50 | J6: =INT(LOG($H$2,2))-ROUNDUP(LOG(H6,2),0)+IF(OR($H$2=1,$H$2=2,$H$2=4,$H$2=8,$H$2=16,$H$2=32,$H$2=64,$H$2=128,$H$2=256),0,1) -> 3 | K6: =J6*$J$2 -> 30 | L6: =3*K2 -> 16.354085 | M6: =IF(I6<>"",K6+I6+L6,0) -> 96.354085 | O6: 1 | P6: KRZEMIŃSKI (3) Mariusz | Q6: 4 | R6: 40
A7: =M7 -> 61.946936 | B7: =IF(H7>$H$2,"",(ROW()-5)) -> 2 | C7: KOSTRZEWA Ireneusz | D7: KSz WARSZAWIANKA | F7: POL | H7: 2 | I7: =IF(H7<$H$2+1,($I$2-($I$2-1)*(LOG(H7)/LOG($H$2))),"") -> 31.044212 | J7: =INT(LOG($H$2,2))-ROUNDUP(LOG(H7,2),0)+IF(OR($H$2=1,$H$2=2,$H$2=4,$H$2=8,$H$2=16,$H$2=32,$H$2=64,$H$2=128,$H$2=256),0,1) -> 2 | K7: =J7*$J$2 -> 20 | L7: =2*K2 -> 10.902724 | M7: =IF(I7<>"",K7+I7+L7,0) -> 61.946936 | O7: 2 | P7: AUGUSTOWSKI (3) Waldemar | Q7: 3 | R7: 30
A8: =M8 -> 35.407149 | B8: =IF(H8>$H$2,"",(ROW()-5)) -> 3 | C8: SZYMKOWIAK Krzysztof | D8: AZS AWF POZNAŃ | F8: POL | H8: 3 | I8: =IF(H8<$H$2+1,($I$2-($I$2-1)*(LOG(H8)/LOG($H$2))),"") -> 19.955788 | J8: =INT(LOG($H$2,2))-ROUNDUP(LOG(H8,2),0)+IF(OR($H$2=1,$H$2=2,$H$2=4,$H$2=8,$H$2=16,$H$2=32,$H$2=64,$H$2=128,$H$2=256),0,1) -> 1 | K8: =J8*$J$2 -> 10 | L8: =K2 -> 5.4513618 | M8: =IF(I8<>"",K8+I8+L8,0) -> 35.407149 | O8: 3 | P8: POPRAWA (3) Mariusz | Q8: 2 | R8: 20
A9: =M9 -> 22.088425 | B9: =IF(H9>$H$2,"",(ROW()-5)) -> 4 | C9: HERONIMEK Leszek | D9: POLSKI KLUB SZERMIERCZY | F9: POL | H9: 4 | I9: =IF(H9<$H$2+1,($I$2-($I$2-1)*(LOG(H9)/LOG($H$2))),"") -> 12.088425 | J9: =INT(LOG($H$2,2))-ROUNDUP(LOG(H9,2),0)+IF(OR($H$2=1,$H$2=2,$H$2=4,$H$2=8,$H$2=16,$H$2=32,$H$2=64,$H$2=128,$H$2=256),0,1) -> 1 | K9: =J9*$J$2 -> 10 | M9: =IF(I9<>"",K9+I9+L9,0) -> 22.088425 | O9: 4 | P9: POKRZYWA (3) MARIUSZ | Q9: 2 | R9: 20 | AH9: x | AI9: 23
A10: =M10 -> 5.9860243 | B10: =IF(H10>$H$2,"",(ROW()-5)) -> 5 | C10: WHITLEY Gary | D10: AZS WRATISLAVIA | F10: USA | H10: 5 | I10: =IF(H10<$H$2+1,($I$2-($I$2-1)*(LOG(H10)/LOG($H$2))),"") -> 5.9860243 | J10: =INT(LOG($H$2,2))-ROUNDUP(LOG(H10,2),0)+IF(OR($H$2=1,$H$2=2,$H$2=4,$H$2=8,$H$2=16,$H$2=32,$H$2=64,$H$2=128,$H$2=256),0,1) -> 0 | K10: =J10*$J$2 -> 0 | M10: =IF(I10<>"",K10+I10+L10,0) -> 5.9860243 | O10: 5 | P10: ĆWIORO (3) Krzysztof | Q10: 1 | R10: 10 | AH10: N | AI10: 45
A11: =M11 -> 1 | B11: =IF(H11>$H$2,"",(ROW()-5)) -> 6 | C11: STOŁOWSKI Mariusz | D11: ŚREMSKA AKADEMIA SZERMIERKI WARTA ŚREM | F11: POL | H11: 6 | I11: =IF(H11<$H$2+1,($I$2-($I$2-1)*(LOG(H11)/LOG($H$2))),"") -> 1 | J11: =INT(LOG($H$2,2))-ROUNDUP(LOG(H11,2),0)+IF(OR($H$2=1,$H$2=2,$H$2=4,$H$2=8,$H$2=16,$H$2=32,$H$2=64,$H$2=128,$H$2=256),0,1) -> 0 | K11: =J11*$J$2 -> 0 | M11: =IF(I11<>"",K11+I11+L11,0) -> 1 | O11: 6 | P11: ADAMCZEWSKI (4) Wojciech | Q11: 1 | R11: 10 | AH11: MP | AI11: 50
A12: =M12 -> 0 | B12: =IF(H12>$H$2,"",(ROW()-5)) | H12: 7 | I12: =IF(H12<$H$2+1,($I$2-($I$2-1)*(LOG(H12)/LOG($H$2))),"") | J12: =INT(LOG($H$2,2))-ROUNDUP(LOG(H12,2),0)+IF(OR($H$2=1,$H$2=2,$H$2=4,$H$2=8,$H$2=16,$H$2=32,$H$2=64,$H$2=128,$H$2=256),0,1) -> 0 | K12: =J12*$J$2 -> 0 | M12: =IF(I12<>"",K12+I12+L12,0) -> 0 | O12: 7 | P12: KIERSZNICKI (3) Ryszard | Q12: 1 | R12: 10 | AH12: MP-1 | AI12: =AI11-1 -> 49
A13: =M13 -> 0 | B13: =IF(H13>$H$2,"",(ROW()-5)) | H13: 8 | I13: =IF(H13<$H$2+1,($I$2-($I$2-1)*(LOG(H13)/LOG($H$2))),"") | J13: =INT(LOG($H$2,2))-ROUNDUP(LOG(H13,2),0)+IF(OR($H$2=1,$H$2=2,$H$2=4,$H$2=8,$H$2=16,$H$2=32,$H$2=64,$H$2=128,$H$2=256),0,1) -> 0 | K13: =J13*$J$2 -> 0 | M13: =IF(I13<>"",K13+I13+L13,0) -> 0 | O13: 8 | P13: QUEVRAIN (3) Michel | Q13: 1 | R13: 10 | AH13: log(x) | AI13: =LOG(AI9) -> 1.3617278
A14: =M14 -> 0 | B14: =IF(H14>$H$2,"",(ROW()-5)) | H14: 9 | I14: =IF(H14<$H$2+1,($I$2-($I$2-1)*(LOG(H14)/LOG($H$2))),"") | J14: =INT(LOG($H$2,2))-ROUNDUP(LOG(H14,2),0)+IF(OR($H$2=1,$H$2=2,$H$2=4,$H$2=8,$H$2=16,$H$2=32,$H$2=64,$H$2=128,$H$2=256),0,1) -> -1 | K14: =J14*$J$2 -> -10 | M14: =IF(I14<>"",K14+I14+L14,0) -> 0 | O14: 9 | P14: MAŁASIŃSKI (3) Adam | Q14: 0 | R14: 0 | AH14: Log(N) | AI14: =LOG(AI10) -> 1.6532125
A15: =M15 -> 0 | B15: =IF(H15>$H$2,"",(ROW()-5)) | H15: 10 | I15: =IF(H15<$H$2+1,($I$2-($I$2-1)*(LOG(H15)/LOG($H$2))),"") | J15: =INT(LOG($H$2,2))-ROUNDUP(LOG(H15,2),0)+IF(OR($H$2=1,$H$2=2,$H$2=4,$H$2=8,$H$2=16,$H$2=32,$H$2=64,$H$2=128,$H$2=256),0,1) -> -1 | K15: =J15*$J$2 -> -10 | M15: =IF(I15<>"",K15+I15+L15,0) -> 0 | O15: 10 | P15: CHUDYCKI (3) Artur | Q15: 0 | R15: 0
A16: =M16 -> 0 | B16: =IF(H16>$H$2,"",(ROW()-5)) | H16: 11 | I16: =IF(H16<$H$2+1,($I$2-($I$2-1)*(LOG(H16)/LOG($H$2))),"") | J16: =INT(LOG($H$2,2))-ROUNDUP(LOG(H16,2),0)+IF(OR($H$2=1,$H$2=2,$H$2=4,$H$2=8,$H$2=16,$H$2=32,$H$2=64,$H$2=128,$H$2=256),0,1) -> -1 | K16: =J16*$J$2 -> -10 | M16: =IF(I16<>"",K16+I16+L16,0) -> 0 | O16: 11 | P16: HERONIMEK (3) Leszek | Q16: 0 | R16: 0 | AH16: MP - (MP-1)*LOG(x)/LOG(N) | AI16: =AI11-AI12*AI13/AI14 -> 9.6393909 | AJ16: points
A17: =M17 -> 0 | B17: =IF(H17>$H$2,"",(ROW()-5)) | H17: 12 | I17: =IF(H17<$H$2+1,($I$2-($I$2-1)*(LOG(H17)/LOG($H$2))),"") | J17: =INT(LOG($H$2,2))-ROUNDUP(LOG(H17,2),0)+IF(OR($H$2=1,$H$2=2,$H$2=4,$H$2=8,$H$2=16,$H$2=32,$H$2=64,$H$2=128,$H$2=256),0,1) -> -1 | K17: =J17*$J$2 -> -10 | M17: =IF(I17<>"",K17+I17+L17,0) -> 0 | O17: 12 | P17: PYZIK (3) Zdzisław | Q17: 0 | R17: 0
A18: =M18 -> 0 | B18: =IF(H18>$H$2,"",(ROW()-5)) | H18: 13 | I18: =IF(H18<$H$2+1,($I$2-($I$2-1)*(LOG(H18)/LOG($H$2))),"") | J18: =INT(LOG($H$2,2))-ROUNDUP(LOG(H18,2),0)+IF(OR($H$2=1,$H$2=2,$H$2=4,$H$2=8,$H$2=16,$H$2=32,$H$2=64,$H$2=128,$H$2=256),0,1) -> -1 | K18: =J18*$J$2 -> -10 | M18: =IF(I18<>"",K18+I18+L18,0) -> 0
A19: =M19 -> 0 | B19: =IF(H19>$H$2,"",(ROW()-5)) | H19: 14 | I19: =IF(H19<$H$2+1,($I$2-($I$2-1)*(LOG(H19)/LOG($H$2))),"") | J19: =INT(LOG($H$2,2))-ROUNDUP(LOG(H19,2),0)+IF(OR($H$2=1,$H$2=2,$H$2=4,$H$2=8,$H$2=16,$H$2=32,$H$2=64,$H$2=128,$H$2=256),0,1) -> -1 | K19: =J19*$J$2 -> -10 | M19: =IF(I19<>"",K19+I19+L19,0) -> 0
A20: =M20 -> 0 | B20: =IF(H20>$H$2,"",(ROW()-5)) | H20: 15 | I20: =IF(H20<$H$2+1,($I$2-($I$2-1)*(LOG(H20)/LOG($H$2))),"") | J20: =INT(LOG($H$2,2))-ROUNDUP(LOG(H20,2),0)+IF(OR($H$2=1,$H$2=2,$H$2=4,$H$2=8,$H$2=16,$H$2=32,$H$2=64,$H$2=128,$H$2=256),0,1) -> -1 | K20: =J20*$J$2 -> -10 | M20: =IF(I20<>"",K20+I20+L20,0) -> 0
A21: =M21 -> 0 | B21: =IF(H21>$H$2,"",(ROW()-5)) | H21: 16 | I21: =IF(H21<$H$2+1,($I$2-($I$2-1)*(LOG(H21)/LOG($H$2))),"") | J21: =INT(LOG($H$2,2))-ROUNDUP(LOG(H21,2),0)+IF(OR($H$2=1,$H$2=2,$H$2=4,$H$2=8,$H$2=16,$H$2=32,$H$2=64,$H$2=128,$H$2=256),0,1) -> -1 | K21: =J21*$J$2 -> -10 | M21: =IF(I21<>"",K21+I21+L21,0) -> 0
A22: =M22 -> 0 | B22: =IF(H22>$H$2,"",(ROW()-5)) | H22: 17 | I22: =IF(H22<$H$2+1,($I$2-($I$2-1)*(LOG(H22)/LOG($H$2))),"") | J22: =INT(LOG($H$2,2))-ROUNDUP(LOG(H22,2),0)+IF(OR($H$2=1,$H$2=2,$H$2=4,$H$2=8,$H$2=16,$H$2=32,$H$2=64,$H$2=128,$H$2=256),0,1) -> -2 | K22: =J22*$J$2 -> -20 | M22: =IF(I22<>"",K22+I22+L22,0) -> 0
A23: =M23 -> 0 | B23: =IF(H23>$H$2,"",(ROW()-5)) | H23: 18 | I23: =IF(H23<$H$2+1,($I$2-($I$2-1)*(LOG(H23)/LOG($H$2))),"") | J23: =INT(LOG($H$2,2))-ROUNDUP(LOG(H23,2),0)+IF(OR($H$2=1,$H$2=2,$H$2=4,$H$2=8,$H$2=16,$H$2=32,$H$2=64,$H$2=128,$H$2=256),0,1) -> -2 | K23: =J23*$J$2 -> -20 | M23: =IF(I23<>"",K23+I23+L23,0) -> 0
A24: =M24 -> 0 | B24: =IF(H24>$H$2,"",(ROW()-5)) | H24: 19 | I24: =IF(H24<$H$2+1,($I$2-($I$2-1)*(LOG(H24)/LOG($H$2))),"") | J24: =INT(LOG($H$2,2))-ROUNDUP(LOG(H24,2),0)+IF(OR($H$2=1,$H$2=2,$H$2=4,$H$2=8,$H$2=16,$H$2=32,$H$2=64,$H$2=128,$H$2=256),0,1) -> -2 | K24: =J24*$J$2 -> -20 | M24: =IF(I24<>"",K24+I24+L24,0) -> 0
A25: =M25 -> 0 | B25: =IF(H25>$H$2,"",(ROW()-5)) | H25: 20 | I25: =IF(H25<$H$2+1,($I$2-($I$2-1)*(LOG(H25)/LOG($H$2))),"") | J25: =INT(LOG($H$2,2))-ROUNDUP(LOG(H25,2),0)+IF(OR($H$2=1,$H$2=2,$H$2=4,$H$2=8,$H$2=16,$H$2=32,$H$2=64,$H$2=128,$H$2=256),0,1) -> -2 | K25: =J25*$J$2 -> -20 | M25: =IF(I25<>"",K25+I25+L25,0) -> 0
A26: =M26 -> 0 | B26: =IF(H26>$H$2,"",(ROW()-5)) | H26: 21 | I26: =IF(H26<$H$2+1,($I$2-($I$2-1)*(LOG(H26)/LOG($H$2))),"") | J26: =INT(LOG($H$2,2))-ROUNDUP(LOG(H26,2),0)+IF(OR($H$2=1,$H$2=2,$H$2=4,$H$2=8,$H$2=16,$H$2=32,$H$2=64,$H$2=128,$H$2=256),0,1) -> -2 | K26: =J26*$J$2 -> -20 | M26: =IF(I26<>"",K26+I26+L26,0) -> 0
A27: =M27 -> 0 | B27: =IF(H27>$H$2,"",(ROW()-5)) | H27: 22 | I27: =IF(H27<$H$2+1,($I$2-($I$2-1)*(LOG(H27)/LOG($H$2))),"") | J27: =INT(LOG($H$2,2))-ROUNDUP(LOG(H27,2),0)+IF(OR($H$2=1,$H$2=2,$H$2=4,$H$2=8,$H$2=16,$H$2=32,$H$2=64,$H$2=128,$H$2=256),0,1) -> -2 | K27: =J27*$J$2 -> -20 | M27: =IF(I27<>"",K27+I27+L27,0) -> 0
A28: =M28 -> 0 | B28: =IF(H28>$H$2,"",(ROW()-5)) | H28: 23 | I28: =IF(H28<$H$2+1,($I$2-($I$2-1)*(LOG(H28)/LOG($H$2))),"") | J28: =INT(LOG($H$2,2))-ROUNDUP(LOG(H28,2),0)+IF(OR($H$2=1,$H$2=2,$H$2=4,$H$2=8,$H$2=16,$H$2=32,$H$2=64,$H$2=128,$H$2=256),0,1) -> -2 | K28: =J28*$J$2 -> -20 | M28: =IF(I28<>"",K28+I28+L28,0) -> 0
A29: =M29 -> 0 | B29: =IF(H29>$H$2,"",(ROW()-5)) | H29: 24 | I29: =IF(H29<$H$2+1,($I$2-($I$2-1)*(LOG(H29)/LOG($H$2))),"") | J29: =INT(LOG($H$2,2))-ROUNDUP(LOG(H29,2),0)+IF(OR($H$2=1,$H$2=2,$H$2=4,$H$2=8,$H$2=16,$H$2=32,$H$2=64,$H$2=128,$H$2=256),0,1) -> -2 | K29: =J29*$J$2 -> -20 | M29: =IF(I29<>"",K29+I29+L29,0) -> 0
... A37: =M37 -> 0 | B37: =IF(H37>$H$2,"",(ROW()-5)) | H37: 32 | I37: =IF(H37<$H$2+1,($I$2-($I$2-1)*(LOG(H37)/LOG($H$2))),"") | J37: =INT(LOG($H$2,2))-ROUNDUP(LOG(H37,2),0)+IF(OR($H$2=1,$H$2=2,$H$2=4,$H$2=8,$H$2=16,$H$2=32,$H$2=64,$H$2=128,$H$2=256),0,1) -> -2 | K37: =J37*$J$2 -> -20 | M37: =IF(I37<>"",K37+I37+L37,0) -> 0
B38: =IF(H38>$H$2,"",(ROW()-5)) | H38: 33 | I38: =IF(H38<$H$2+1,($I$2-($I$2-1)*(LOG(H38)/LOG($H$2))),"") | J38: =INT(LOG($H$2,2))-ROUNDUP(LOG(H38,2),0)+IF(OR($H$2=1,$H$2=2,$H$2=4,$H$2=8,$H$2=16,$H$2=32,$H$2=64,$H$2=128,$H$2=256),0,1) -> -3 | K38: =J38*$J$2 -> -30 | M38: =IF(I38<>"",K38+I38+L38,0) -> 0
B39: =IF(H39>$H$2,"",(ROW()-5)) | H39: 34 | I39: =IF(H39<$H$2+1,($I$2-($I$2-1)*(LOG(H39)/LOG($H$2))),"") | J39: =INT(LOG($H$2,2))-ROUNDUP(LOG(H39,2),0)+IF(OR($H$2=1,$H$2=2,$H$2=4,$H$2=8,$H$2=16,$H$2=32,$H$2=64,$H$2=128,$H$2=256),0,1) -> -3 | K39: =J39*$J$2 -> -30 | M39: =IF(I39<>"",K39+I39+L39,0) -> 0
B40: =IF(H40>$H$2,"",(ROW()-5)) | H40: 35 | I40: =IF(H40<$H$2+1,($I$2-($I$2-1)*(LOG(H40)/LOG($H$2))),"") | J40: =INT(LOG($H$2,2))-ROUNDUP(LOG(H40,2),0)+IF(OR($H$2=1,$H$2=2,$H$2=4,$H$2=8,$H$2=16,$H$2=32,$H$2=64,$H$2=128,$H$2=256),0,1) -> -3 | K40: =J40*$J$2 -> -30 | M40: =IF(I40<>"",K40+I40+L40,0) -> 0
B41: =IF(H41>$H$2,"",(ROW()-5)) | H41: 36 | I41: =IF(H41<$H$2+1,($I$2-($I$2-1)*(LOG(H41)/LOG($H$2))),"") | J41: =INT(LOG($H$2,2))-ROUNDUP(LOG(H41,2),0)+IF(OR($H$2=1,$H$2=2,$H$2=4,$H$2=8,$H$2=16,$H$2=32,$H$2=64,$H$2=128,$H$2=256),0,1) -> -3 | K41: =J41*$J$2 -> -30 | M41: =IF(I41<>"",K41+I41+L41,0) -> 0
B42: =IF(H42>$H$2,"",(ROW()-5)) | H42: 37 | I42: =IF(H42<$H$2+1,($I$2-($I$2-1)*(LOG(H42)/LOG($H$2))),"") | J42: =INT(LOG($H$2,2))-ROUNDUP(LOG(H42,2),0)+IF(OR($H$2=1,$H$2=2,$H$2=4,$H$2=8,$H$2=16,$H$2=32,$H$2=64,$H$2=128,$H$2=256),0,1) -> -3 | K42: =J42*$J$2 -> -30 | M42: =IF(I42<>"",K42+I42+L42,0) -> 0
B43: =IF(H43>$H$2,"",(ROW()-5)) | H43: 38 | I43: =IF(H43<$H$2+1,($I$2-($I$2-1)*(LOG(H43)/LOG($H$2))),"") | J43: =INT(LOG($H$2,2))-ROUNDUP(LOG(H43,2),0)+IF(OR($H$2=1,$H$2=2,$H$2=4,$H$2=8,$H$2=16,$H$2=32,$H$2=64,$H$2=128,$H$2=256),0,1) -> -3 | K43: =J43*$J$2 -> -30 | M43: =IF(I43<>"",K43+I43+L43,0) -> 0
B44: =IF(H44>$H$2,"",(ROW()-5)) | H44: 39 | I44: =IF(H44<$H$2+1,($I$2-($I$2-1)*(LOG(H44)/LOG($H$2))),"") | J44: =INT(LOG($H$2,2))-ROUNDUP(LOG(H44,2),0)+IF(OR($H$2=1,$H$2=2,$H$2=4,$H$2=8,$H$2=16,$H$2=32,$H$2=64,$H$2=128,$H$2=256),0,1) -> -3 | K44: =J44*$J$2 -> -30 | M44: =IF(I44<>"",K44+I44+L44,0) -> 0
B45: =IF(H45>$H$2,"",(ROW()-5)) | H45: 40 | I45: =IF(H45<$H$2+1,($I$2-($I$2-1)*(LOG(H45)/LOG($H$2))),"") | J45: =INT(LOG($H$2,2))-ROUNDUP(LOG(H45,2),0)+IF(OR($H$2=1,$H$2=2,$H$2=4,$H$2=8,$H$2=16,$H$2=32,$H$2=64,$H$2=128,$H$2=256),0,1) -> -3 | K45: =J45*$J$2 -> -30 | M45: =IF(I45<>"",K45+I45+L45,0) -> 0
B46: =IF(H46>$H$2,"",(ROW()-5)) | H46: 41 | I46: =IF(H46<$H$2+1,($I$2-($I$2-1)*(LOG(H46)/LOG($H$2))),"") | J46: =INT(LOG($H$2,2))-ROUNDUP(LOG(H46,2),0)+IF(OR($H$2=1,$H$2=2,$H$2=4,$H$2=8,$H$2=16,$H$2=32,$H$2=64,$H$2=128,$H$2=256),0,1) -> -3 | K46: =J46*$J$2 -> -30 | M46: =IF(I46<>"",K46+I46+L46,0) -> 0 | R46: =LOG($H$2,2) -> 2.5849625 | T46: =LOG(H38,2) -> 5.0443941 | U46: =R46-T46 -> -2.4594316
B47: =IF(H47>$H$2,"",(ROW()-5)) | H47: 42 | I47: =IF(H47<$H$2+1,($I$2-($I$2-1)*(LOG(H47)/LOG($H$2))),"") | J47: =INT(LOG($H$2,2))-ROUNDUP(LOG(H47,2),0)+IF(OR($H$2=1,$H$2=2,$H$2=4,$H$2=8,$H$2=16,$H$2=32,$H$2=64,$H$2=128,$H$2=256),0,1) -> -3 | K47: =J47*$J$2 -> -30 | M47: =IF(I47<>"",K47+I47+L47,0) -> 0
B48: =IF(H48>$H$2,"",(ROW()-5)) | H48: 43 | I48: =IF(H48<$H$2+1,($I$2-($I$2-1)*(LOG(H48)/LOG($H$2))),"") | J48: =INT(LOG($H$2,2))-ROUNDUP(LOG(H48,2),0)+IF(OR($H$2=1,$H$2=2,$H$2=4,$H$2=8,$H$2=16,$H$2=32,$H$2=64,$H$2=128,$H$2=256),0,1) -> -3 | K48: =J48*$J$2 -> -30 | M48: =IF(I48<>"",K48+I48+L48,0) -> 0
B49: =IF(H49>$H$2,"",(ROW()-5)) | H49: 44 | I49: =IF(H49<$H$2+1,($I$2-($I$2-1)*(LOG(H49)/LOG($H$2))),"") | J49: =INT(LOG($H$2,2))-ROUNDUP(LOG(H49,2),0)+IF(OR($H$2=1,$H$2=2,$H$2=4,$H$2=8,$H$2=16,$H$2=32,$H$2=64,$H$2=128,$H$2=256),0,1) -> -3 | K49: =J49*$J$2 -> -30 | M49: =IF(I49<>"",K49+I49+L49,0) -> 0
B50: =IF(H50>$H$2,"",(ROW()-5)) | H50: 45 | I50: =IF(H50<$H$2+1,($I$2-($I$2-1)*(LOG(H50)/LOG($H$2))),"") | J50: =INT(LOG($H$2,2))-ROUNDUP(LOG(H50,2),0)+IF(OR($H$2=1,$H$2=2,$H$2=4,$H$2=8,$H$2=16,$H$2=32,$H$2=64,$H$2=128,$H$2=256),0,1) -> -3 | K50: =J50*$J$2 -> -30 | M50: =IF(I50<>"",K50+I50+L50,0) -> 0
B51: =IF(H51>$H$2,"",(ROW()-5)) | H51: 46 | I51: =IF(H51<$H$2+1,($I$2-($I$2-1)*(LOG(H51)/LOG($H$2))),"") | J51: =INT(LOG($H$2,2))-ROUNDUP(LOG(H51,2),0)+IF(OR($H$2=1,$H$2=2,$H$2=4,$H$2=8,$H$2=16,$H$2=32,$H$2=64,$H$2=128,$H$2=256),0,1) -> -3 | K51: =J51*$J$2 -> -30 | M51: =IF(I51<>"",K51+I51+L51,0) -> 0
B52: =IF(H52>$H$2,"",(ROW()-5)) | H52: 47 | I52: =IF(H52<$H$2+1,($I$2-($I$2-1)*(LOG(H52)/LOG($H$2))),"") | J52: =INT(LOG($H$2,2))-ROUNDUP(LOG(H52,2),0)+IF(OR($H$2=1,$H$2=2,$H$2=4,$H$2=8,$H$2=16,$H$2=32,$H$2=64,$H$2=128,$H$2=256),0,1) -> -3 | K52: =J52*$J$2 -> -30 | M52: =IF(I52<>"",K52+I52+L52,0) -> 0
B53: =IF(H53>$H$2,"",(ROW()-5)) | H53: 48 | I53: =IF(H53<$H$2+1,($I$2-($I$2-1)*(LOG(H53)/LOG($H$2))),"") | J53: =INT(LOG($H$2,2))-ROUNDUP(LOG(H53,2),0)+IF(OR($H$2=1,$H$2=2,$H$2=4,$H$2=8,$H$2=16,$H$2=32,$H$2=64,$H$2=128,$H$2=256),0,1) -> -3 | K53: =J53*$J$2 -> -30 | M53: =IF(I53<>"",K53+I53+L53,0) -> 0
B54: =IF(H54>$H$2,"",(ROW()-5)) | H54: 49 | I54: =IF(H54<$H$2+1,($I$2-($I$2-1)*(LOG(H54)/LOG($H$2))),"") | J54: =INT(LOG($H$2,2))-ROUNDUP(LOG(H54,2),0)+IF(OR($H$2=1,$H$2=2,$H$2=4,$H$2=8,$H$2=16,$H$2=32,$H$2=64,$H$2=128,$H$2=256),0,1) -> -3 | K54: =J54*$J$2 -> -30 | M54: =IF(I54<>"",K54+I54+L54,0) -> 0
B55: =IF(H55>$H$2,"",(ROW()-5)) | H55: 50 | I55: =IF(H55<$H$2+1,($I$2-($I$2-1)*(LOG(H55)/LOG($H$2))),"") | J55: =INT(LOG($H$2,2))-ROUNDUP(LOG(H55,2),0)+IF(OR($H$2=1,$H$2=2,$H$2=4,$H$2=8,$H$2=16,$H$2=32,$H$2=64,$H$2=128,$H$2=256),0,1) -> -3 | K55: =J55*$J$2 -> -30 | M55: =IF(I55<>"",K55+I55+L55,0) -> 0
B56: =IF(H56>$H$2,"",(ROW()-5)) | H56: 51 | I56: =IF(H56<$H$2+1,($I$2-($I$2-1)*(LOG(H56)/LOG($H$2))),"") | J56: =INT(LOG($H$2,2))-ROUNDUP(LOG(H56,2),0)+IF(OR($H$2=1,$H$2=2,$H$2=4,$H$2=8,$H$2=16,$H$2=32,$H$2=64,$H$2=128,$H$2=256),0,1) -> -3 | K56: =J56*$J$2 -> -30 | M56: =IF(I56<>"",K56+I56+L56,0) -> 0
B57: =IF(H57>$H$2,"",(ROW()-5)) | H57: 52 | I57: =IF(H57<$H$2+1,($I$2-($I$2-1)*(LOG(H57)/LOG($H$2))),"") | J57: =INT(LOG($H$2,2))-ROUNDUP(LOG(H57,2),0)+IF(OR($H$2=1,$H$2=2,$H$2=4,$H$2=8,$H$2=16,$H$2=32,$H$2=64,$H$2=128,$H$2=256),0,1) -> -3 | K57: =J57*$J$2 -> -30 | M57: =IF(I57<>"",K57+I57+L57,0) -> 0
B58: =IF(H58>$H$2,"",(ROW()-5)) | H58: 53 | I58: =IF(H58<$H$2+1,($I$2-($I$2-1)*(LOG(H58)/LOG($H$2))),"") | J58: =INT(LOG($H$2,2))-ROUNDUP(LOG(H58,2),0)+IF(OR($H$2=1,$H$2=2,$H$2=4,$H$2=8,$H$2=16,$H$2=32,$H$2=64,$H$2=128,$H$2=256),0,1) -> -3 | K58: =J58*$J$2 -> -30 | M58: =IF(I58<>"",K58+I58+L58,0) -> 0
... B65: =IF(H65>$H$2,"",(ROW()-5)) | H65: 60 | I65: =IF(H65<$H$2+1,($I$2-($I$2-1)*(LOG(H65)/LOG($H$2))),"") | J65: =INT(LOG($H$2,2))-ROUNDUP(LOG(H65,2),0)+IF(OR($H$2=1,$H$2=2,$H$2=4,$H$2=8,$H$2=16,$H$2=32,$H$2=64,$H$2=128,$H$2=256),0,1) -> -3 | K65: =J65*$J$2 -> -30 | M65: =IF(I65<>"",K65+I65+L65,0) -> 0
H66: 61 | I66: =IF(H66<$H$2+1,($I$2-($I$2-1)*(LOG(H66)/LOG($H$2))),"") | J66: =INT(LOG($H$2,2))-ROUNDUP(LOG(H66,2),0)+IF(OR($H$2=1,$H$2=2,$H$2=4,$H$2=8,$H$2=16,$H$2=32,$H$2=64,$H$2=128,$H$2=256),0,1) -> -3 | K66: =J66*$J$2 -> -30 | M66: =IF(I66<>"",K66+I66+L66,0) -> 0
H67: 62 | I67: =IF(H67<$H$2+1,($I$2-($I$2-1)*(LOG(H67)/LOG($H$2))),"") | J67: =INT(LOG($H$2,2))-ROUNDUP(LOG(H67,2),0)+IF(OR($H$2=1,$H$2=2,$H$2=4,$H$2=8,$H$2=16,$H$2=32,$H$2=64,$H$2=128,$H$2=256),0,1) -> -3 | K67: =J67*$J$2 -> -30 | M67: =IF(I67<>"",K67+I67+L67,0) -> 0
H68: 63 | I68: =IF(H68<$H$2+1,($I$2-($I$2-1)*(LOG(H68)/LOG($H$2))),"") | J68: =INT(LOG($H$2,2))-ROUNDUP(LOG(H68,2),0)+IF(OR($H$2=1,$H$2=2,$H$2=4,$H$2=8,$H$2=16,$H$2=32,$H$2=64,$H$2=128,$H$2=256),0,1) -> -3 | K68: =J68*$J$2 -> -30 | M68: =IF(I68<>"",K68+I68+L68,0) -> 0
H69: 64 | I69: =IF(H69<$H$2+1,($I$2-($I$2-1)*(LOG(H69)/LOG($H$2))),"") | J69: =INT(LOG($H$2,2))-ROUNDUP(LOG(H69,2),0)+IF(OR($H$2=1,$H$2=2,$H$2=4,$H$2=8,$H$2=16,$H$2=32,$H$2=64,$H$2=128,$H$2=256),0,1) -> -3 | K69: =J69*$J$2 -> -30 | M69: =IF(I69<>"",K69+I69+L69,0) -> 0
H70: 65 | I70: =IF(H70<$H$2+1,($I$2-($I$2-1)*(LOG(H70)/LOG($H$2))),"") | J70: =INT(LOG($H$2,2))-ROUNDUP(LOG(H70,2),0)+IF(OR($H$2=1,$H$2=2,$H$2=4,$H$2=8,$H$2=16,$H$2=32,$H$2=64,$H$2=128,$H$2=256),0,1) -> -4 | K70: =J70*$J$2 -> -40 | M70: =IF(I70<>"",K70+I70+L70,0) -> 0
H71: 66 | I71: =IF(H71<$H$2+1,($I$2-($I$2-1)*(LOG(H71)/LOG($H$2))),"") | J71: =INT(LOG($H$2,2))-ROUNDUP(LOG(H71,2),0)+IF(OR($H$2=1,$H$2=2,$H$2=4,$H$2=8,$H$2=16,$H$2=32,$H$2=64,$H$2=128,$H$2=256),0,1) -> -4 | K71: =J71*$J$2 -> -40 | M71: =IF(I71<>"",K71+I71+L71,0) -> 0
H72: 67 | I72: =IF(H72<$H$2+1,($I$2-($I$2-1)*(LOG(H72)/LOG($H$2))),"") | J72: =INT(LOG($H$2,2))-ROUNDUP(LOG(H72,2),0)+IF(OR($H$2=1,$H$2=2,$H$2=4,$H$2=8,$H$2=16,$H$2=32,$H$2=64,$H$2=128,$H$2=256),0,1) -> -4 | K72: =J72*$J$2 -> -40 | M72: =IF(I72<>"",K72+I72+L72,0) -> 0
H73: 68 | I73: =IF(H73<$H$2+1,($I$2-($I$2-1)*(LOG(H73)/LOG($H$2))),"") | J73: =INT(LOG($H$2,2))-ROUNDUP(LOG(H73,2),0)+IF(OR($H$2=1,$H$2=2,$H$2=4,$H$2=8,$H$2=16,$H$2=32,$H$2=64,$H$2=128,$H$2=256),0,1) -> -4 | K73: =J73*$J$2 -> -40 | M73: =IF(I73<>"",K73+I73+L73,0) -> 0
H74: 69 | I74: =IF(H74<$H$2+1,($I$2-($I$2-1)*(LOG(H74)/LOG($H$2))),"") | J74: =INT(LOG($H$2,2))-ROUNDUP(LOG(H74,2),0)+IF(OR($H$2=1,$H$2=2,$H$2=4,$H$2=8,$H$2=16,$H$2=32,$H$2=64,$H$2=128,$H$2=256),0,1) -> -4 | K74: =J74*$J$2 -> -40 | M74: =IF(I74<>"",K74+I74+L74,0) -> 0
H75: 70 | I75: =IF(H75<$H$2+1,($I$2-($I$2-1)*(LOG(H75)/LOG($H$2))),"") | J75: =INT(LOG($H$2,2))-ROUNDUP(LOG(H75,2),0)+IF(OR($H$2=1,$H$2=2,$H$2=4,$H$2=8,$H$2=16,$H$2=32,$H$2=64,$H$2=128,$H$2=256),0,1) -> -4 | K75: =J75*$J$2 -> -40 | M75: =IF(I75<>"",K75+I75+L75,0) -> 0
H76: 71 | I76: =IF(H76<$H$2+1,($I$2-($I$2-1)*(LOG(H76)/LOG($H$2))),"") | J76: =INT(LOG($H$2,2))-ROUNDUP(LOG(H76,2),0)+IF(OR($H$2=1,$H$2=2,$H$2=4,$H$2=8,$H$2=16,$H$2=32,$H$2=64,$H$2=128,$H$2=256),0,1) -> -4 | K76: =J76*$J$2 -> -40 | M76: =IF(I76<>"",K76+I76+L76,0) -> 0
H77: 72 | I77: =IF(H77<$H$2+1,($I$2-($I$2-1)*(LOG(H77)/LOG($H$2))),"") | J77: =INT(LOG($H$2,2))-ROUNDUP(LOG(H77,2),0)+IF(OR($H$2=1,$H$2=2,$H$2=4,$H$2=8,$H$2=16,$H$2=32,$H$2=64,$H$2=128,$H$2=256),0,1) -> -4 | K77: =J77*$J$2 -> -40 | M77: =IF(I77<>"",K77+I77+L77,0) -> 0
... H305: 300 | I305: =IF(H305<$H$2+1,($I$2-($I$2-1)*(LOG(H305)/LOG($H$2))),"") | J305: =INT(LOG($H$2,2))-ROUNDUP(LOG(H305,2),0)+IF(OR($H$2=1,$H$2=2,$H$2=4,$H$2=8,$H$2=16,$H$2=32,$H$2=64,$H$2=128,$H$2=256),0,1) -> -6 | K305: =J305*$J$2 -> -60 | M305: =IF(I305<>"",K305+I305+L305,0) -> 0

Sheet MPW
H1: Liczba uczestników: | I1: GP Punkty | J1: Bonus za rundę | K1: Podium | L1: Współczynnik MPW
B2: miejsce: | C2: PABIANICE | H2: 12 | I2: 50 | J2: 10 | K2: =3*H2^(1/3) -> 6.8682855 | L2: =1.2 -> 1.2
B3: data: | C3: 7.06.2025
A5: Punkty | B5: Miejsce Place | C5: Nazwisko Imię Name | D5: Klub Club(s) | E5: Okręg Division | F5: Państwo Country | H5: Miejsce | I5: Punkty za miejsce | J5: awans do kolejnej rundy pucharowej | K5: bonus za rundy pucharowe | L5: punkty za podium | M5: Suma | N5: Punkty MPW
A6: =N6 -> 132.72583 | B6: =IF(H6>$H$2,"",(ROW()-5)) -> 1 | C6: KRZEMIŃSKI Mariusz | D6: KS AZS AWFIS GDAŃSK | E6: POL | F6: POL | H6: 1 | I6: =IF(H2=1,50,IF(H6<$H$2+1,($I$2-($I$2-1)*(LOG(H6)/LOG($H$2))),"")) -> 50 | J6: =INT(LOG($H$2,2))-ROUNDUP(LOG(H6,2),0)+IF(OR($H$2=1,$H$2=2,$H$2=4,$H$2=8,$H$2=16,$H$2=32,$H$2=64,$H$2=128,$H$2=256),0,1) -> 4 | K6: =J6*$J$2 -> 40 | L6: =3*K2 -> 20.604856 | M6: =IF(I6<>"",K6+I6+L6,0) -> 110.60486 | N6: =IF(I6<>"",M6*L$2,"") -> 132.72583
A7: =N7 -> 96.08204 | B7: =IF(H7>$H$2,"",(ROW()-5)) -> 2 | C7: SZYMKOWIAK Krzysztof | D7: AZS AWF POZNAŃ | E7: POL | F7: POL | H7: 2 | I7: =IF(H7<$H$2+1,($I$2-($I$2-1)*(LOG(H7)/LOG($H$2))),"") -> 36.331796 | J7: =INT(LOG($H$2,2))-ROUNDUP(LOG(H7,2),0)+IF(OR($H$2=1,$H$2=2,$H$2=4,$H$2=8,$H$2=16,$H$2=32,$H$2=64,$H$2=128,$H$2=256),0,1) -> 3 | K7: =J7*$J$2 -> 30 | L7: =2*K2 -> 13.736571 | M7: =IF(I7<>"",K7+I7+L7,0) -> 80.068367 | N7: =IF(I7<>"",M7*L$2,"") -> 96.08204
A8: =N8 -> 66.245633 | B8: =IF(H8>$H$2,"",(ROW()-5)) -> 3 | C8: AUGUSTOWSKI Waldemar | D8: AZS AWF WROCŁAW | E8: POL | F8: POL | H8: 3 | I8: =IF(H8<$H$2+1,($I$2-($I$2-1)*(LOG(H8)/LOG($H$2))),"") -> 28.336409 | J8: =INT(LOG($H$2,2))-ROUNDUP(LOG(H8,2),0)+IF(OR($H$2=1,$H$2=2,$H$2=4,$H$2=8,$H$2=16,$H$2=32,$H$2=64,$H$2=128,$H$2=256),0,1) -> 2 | K8: =J8*$J$2 -> 20 | L8: =K2 -> 6.8682855 | M8: =IF(I8<>"",K8+I8+L8,0) -> 55.204694 | N8: =IF(I8<>"",M8*L$2,"") -> 66.245633
A9: =N9 -> 51.19631 | B9: =IF(H9>$H$2,"",(ROW()-5)) -> 4 | C9: KOSTRZEWA Ireneusz | D9: Warszawianka | E9: POL | F9: POL | H9: 4 | I9: =IF(H9<$H$2+1,($I$2-($I$2-1)*(LOG(H9)/LOG($H$2))),"") -> 22.663591 | J9: =INT(LOG($H$2,2))-ROUNDUP(LOG(H9,2),0)+IF(OR($H$2=1,$H$2=2,$H$2=4,$H$2=8,$H$2=16,$H$2=32,$H$2=64,$H$2=128,$H$2=256),0,1) -> 2 | K9: =J9*$J$2 -> 20 | M9: =IF(I9<>"",K9+I9+L9,0) -> 42.663591 | N9: =IF(I9<>"",M9*L$2,"") -> 51.19631 | AI9: x | AJ9: 23
A10: =N10 -> 33.916095 | B10: =IF(H10>$H$2,"",(ROW()-5)) -> 5 | C10: DRAPELLA Maciej | D10: Stowarzyszenie Polskich Weteranów Szermierki | E10: POL | F10: POL | H10: 5 | I10: =IF(H10<$H$2+1,($I$2-($I$2-1)*(LOG(H10)/LOG($H$2))),"") -> 18.263412 | J10: =INT(LOG($H$2,2))-ROUNDUP(LOG(H10,2),0)+IF(OR($H$2=1,$H$2=2,$H$2=4,$H$2=8,$H$2=16,$H$2=32,$H$2=64,$H$2=128,$H$2=256),0,1) -> 1 | K10: =J10*$J$2 -> 10 | M10: =IF(I10<>"",K10+I10+L10,0) -> 28.263412 | N10: =IF(I10<>"",M10*L$2,"") -> 33.916095 | AI10: N | AJ10: 45
A11: =N11 -> 29.601845 | B11: =IF(H11>$H$2,"",(ROW()-5)) -> 6 | C11: SZCZĘSNY Jacek | D11: KS AZS AWFIS GDAŃSK | E11: POL | F11: POL | H11: 6 | I11: =IF(H11<$H$2+1,($I$2-($I$2-1)*(LOG(H11)/LOG($H$2))),"") -> 14.668204 | J11: =INT(LOG($H$2,2))-ROUNDUP(LOG(H11,2),0)+IF(OR($H$2=1,$H$2=2,$H$2=4,$H$2=8,$H$2=16,$H$2=32,$H$2=64,$H$2=128,$H$2=256),0,1) -> 1 | K11: =J11*$J$2 -> 10 | M11: =IF(I11<>"",K11+I11+L11,0) -> 24.668204 | N11: =IF(I11<>"",M11*L$2,"") -> 29.601845 | AI11: MP | AJ11: 50
A12: =N12 -> 25.954199 | B12: =IF(H12>$H$2,"",(ROW()-5)) -> 7 | C12: MAŁASIŃSKI Adam | D12: AZS AWF KRAKÓW | E12: POL | F12: POL | H12: 7 | I12: =IF(H12<$H$2+1,($I$2-($I$2-1)*(LOG(H12)/LOG($H$2))),"") -> 11.628499 | J12: =INT(LOG($H$2,2))-ROUNDUP(LOG(H12,2),0)+IF(OR($H$2=1,$H$2=2,$H$2=4,$H$2=8,$H$2=16,$H$2=32,$H$2=64,$H$2=128,$H$2=256),0,1) -> 1 | K12: =J12*$J$2 -> 10 | M12: =IF(I12<>"",K12+I12+L12,0) -> 21.628499 | N12: =IF(I12<>"",M12*L$2,"") -> 25.954199 | AI12: MP-1 | AJ12: =AJ11-1 -> 49
A13: =N13 -> 22.794464 | B13: =IF(H13>$H$2,"",(ROW()-5)) -> 8 | C13: HERONIMEK Leszek | D13: PKSZERM Warszawa | E13: POL | F13: POL | H13: 8 | I13: =IF(H13<$H$2+1,($I$2-($I$2-1)*(LOG(H13)/LOG($H$2))),"") -> 8.995387 | J13: =INT(LOG($H$2,2))-ROUNDUP(LOG(H13,2),0)+IF(OR($H$2=1,$H$2=2,$H$2=4,$H$2=8,$H$2=16,$H$2=32,$H$2=64,$H$2=128,$H$2=256),0,1) -> 1 | K13: =J13*$J$2 -> 10 | M13: =IF(I13<>"",K13+I13+L13,0) -> 18.995387 | N13: =IF(I13<>"",M13*L$2,"") -> 22.794464 | AI13: log(x) | AJ13: =LOG(AJ9) -> 1.3617278
A14: =N14 -> 8.0073808 | B14: =IF(H14>$H$2,"",(ROW()-5)) -> 9 | C14: POPRAWA Mariusz | D14: UKS Sokolik MOSiR Krosno | E14: POL | F14: POL | H14: 9 | I14: =IF(H14<$H$2+1,($I$2-($I$2-1)*(LOG(H14)/LOG($H$2))),"") -> 6.6728173 | J14: =INT(LOG($H$2,2))-ROUNDUP(LOG(H14,2),0)+IF(OR($H$2=1,$H$2=2,$H$2=4,$H$2=8,$H$2=16,$H$2=32,$H$2=64,$H$2=128,$H$2=256),0,1) -> 0 | K14: =J14*$J$2 -> 0 | M14: =IF(I14<>"",K14+I14+L14,0) -> 6.6728173 | N14: =IF(I14<>"",M14*L$2,"") -> 8.0073808 | AI14: Log(N) | AJ14: =LOG(AJ10) -> 1.6532125
A15: =N15 -> 5.5142496 | B15: =IF(H15>$H$2,"",(ROW()-5)) -> 10 | C15: POKRZYWA Mariusz | D15: AZS AWF KRAKÓW | E15: POL | F15: POL | H15: 10 | I15: =IF(H15<$H$2+1,($I$2-($I$2-1)*(LOG(H15)/LOG($H$2))),"") -> 4.595208 | J15: =INT(LOG($H$2,2))-ROUNDUP(LOG(H15,2),0)+IF(OR($H$2=1,$H$2=2,$H$2=4,$H$2=8,$H$2=16,$H$2=32,$H$2=64,$H$2=128,$H$2=256),0,1) -> 0 | K15: =J15*$J$2 -> 0 | M15: =IF(I15<>"",K15+I15+L15,0) -> 4.595208 | N15: =IF(I15<>"",M15*L$2,"") -> 5.5142496
A16: =N16 -> 3.2589381 | B16: =IF(H16>$H$2,"",(ROW()-5)) -> 11 | C16: CHUDYCKI Artur | D16: MKS KUSY | E16: POL | F16: POL | H16: 11 | I16: =IF(H16<$H$2+1,($I$2-($I$2-1)*(LOG(H16)/LOG($H$2))),"") -> 2.7157817 | J16: =INT(LOG($H$2,2))-ROUNDUP(LOG(H16,2),0)+IF(OR($H$2=1,$H$2=2,$H$2=4,$H$2=8,$H$2=16,$H$2=32,$H$2=64,$H$2=128,$H$2=256),0,1) -> 0 | K16: =J16*$J$2 -> 0 | M16: =IF(I16<>"",K16+I16+L16,0) -> 2.7157817 | N16: =IF(I16<>"",M16*L$2,"") -> 3.2589381 | AI16: MP - (MP-1)*LOG(x)/LOG(N) | AJ16: =AJ11-AJ12*AJ13/AJ14 -> 9.6393909 | AK16: points
A17: =N17 -> 1.2 | B17: =IF(H17>$H$2,"",(ROW()-5)) -> 12 | C17: PYZIK Zdzisław | D17: Stowarzyszenie Polskich Weteranów Szermierki | E17: POL | F17: POL | H17: 12 | I17: =IF(H17<$H$2+1,($I$2-($I$2-1)*(LOG(H17)/LOG($H$2))),"") -> 1 | J17: =INT(LOG($H$2,2))-ROUNDUP(LOG(H17,2),0)+IF(OR($H$2=1,$H$2=2,$H$2=4,$H$2=8,$H$2=16,$H$2=32,$H$2=64,$H$2=128,$H$2=256),0,1) -> 0 | K17: =J17*$J$2 -> 0 | M17: =IF(I17<>"",K17+I17+L17,0) -> 1 | N17: =IF(I17<>"",M17*L$2,"") -> 1.2
A18: =N18 | B18: =IF(H18>$H$2,"",(ROW()-5)) | H18: 13 | I18: =IF(H18<$H$2+1,($I$2-($I$2-1)*(LOG(H18)/LOG($H$2))),"") | J18: =INT(LOG($H$2,2))-ROUNDUP(LOG(H18,2),0)+IF(OR($H$2=1,$H$2=2,$H$2=4,$H$2=8,$H$2=16,$H$2=32,$H$2=64,$H$2=128,$H$2=256),0,1) -> 0 | K18: =J18*$J$2 -> 0 | M18: =IF(I18<>"",K18+I18+L18,0) -> 0 | N18: =IF(I18<>"",M18*L$2,"")
A19: =N19 | B19: =IF(H19>$H$2,"",(ROW()-5)) | H19: 14 | I19: =IF(H19<$H$2+1,($I$2-($I$2-1)*(LOG(H19)/LOG($H$2))),"") | J19: =INT(LOG($H$2,2))-ROUNDUP(LOG(H19,2),0)+IF(OR($H$2=1,$H$2=2,$H$2=4,$H$2=8,$H$2=16,$H$2=32,$H$2=64,$H$2=128,$H$2=256),0,1) -> 0 | K19: =J19*$J$2 -> 0 | M19: =IF(I19<>"",K19+I19+L19,0) -> 0 | N19: =IF(I19<>"",M19*L$2,"")
A20: =N20 | B20: =IF(H20>$H$2,"",(ROW()-5)) | H20: 15 | I20: =IF(H20<$H$2+1,($I$2-($I$2-1)*(LOG(H20)/LOG($H$2))),"") | J20: =INT(LOG($H$2,2))-ROUNDUP(LOG(H20,2),0)+IF(OR($H$2=1,$H$2=2,$H$2=4,$H$2=8,$H$2=16,$H$2=32,$H$2=64,$H$2=128,$H$2=256),0,1) -> 0 | K20: =J20*$J$2 -> 0 | M20: =IF(I20<>"",K20+I20+L20,0) -> 0 | N20: =IF(I20<>"",M20*L$2,"")
H21: 16 | I21: =IF(H21<$H$2+1,($I$2-($I$2-1)*(LOG(H21)/LOG($H$2))),"") | J21: =INT(LOG($H$2,2))-ROUNDUP(LOG(H21,2),0)+IF(OR($H$2=1,$H$2=2,$H$2=4,$H$2=8,$H$2=16,$H$2=32,$H$2=64,$H$2=128,$H$2=256),0,1) -> 0 | K21: =J21*$J$2 -> 0 | M21: =IF(I21<>"",K21+I21+L21,0) -> 0 | N21: =IF(I21<>"",M21*L$2,"")
A22: =N22 | B22: =IF(H22>$H$2,"",(ROW()-5)) | H22: 17 | I22: =IF(H22<$H$2+1,($I$2-($I$2-1)*(LOG(H22)/LOG($H$2))),"") | J22: =INT(LOG($H$2,2))-ROUNDUP(LOG(H22,2),0)+IF(OR($H$2=1,$H$2=2,$H$2=4,$H$2=8,$H$2=16,$H$2=32,$H$2=64,$H$2=128,$H$2=256),0,1) -> -1 | K22: =J22*$J$2 -> -10 | M22: =IF(I22<>"",K22+I22+L22,0) -> 0 | N22: =IF(I22<>"",M22*L$2,"")
A23: =N23 | B23: =IF(H23>$H$2,"",(ROW()-5)) | H23: 18 | I23: =IF(H23<$H$2+1,($I$2-($I$2-1)*(LOG(H23)/LOG($H$2))),"") | J23: =INT(LOG($H$2,2))-ROUNDUP(LOG(H23,2),0)+IF(OR($H$2=1,$H$2=2,$H$2=4,$H$2=8,$H$2=16,$H$2=32,$H$2=64,$H$2=128,$H$2=256),0,1) -> -1 | K23: =J23*$J$2 -> -10 | M23: =IF(I23<>"",K23+I23+L23,0) -> 0 | N23: =IF(I23<>"",M23*L$2,"")
A24: =N24 | B24: =IF(H24>$H$2,"",(ROW()-5)) | H24: 19 | I24: =IF(H24<$H$2+1,($I$2-($I$2-1)*(LOG(H24)/LOG($H$2))),"") | J24: =INT(LOG($H$2,2))-ROUNDUP(LOG(H24,2),0)+IF(OR($H$2=1,$H$2=2,$H$2=4,$H$2=8,$H$2=16,$H$2=32,$H$2=64,$H$2=128,$H$2=256),0,1) -> -1 | K24: =J24*$J$2 -> -10 | M24: =IF(I24<>"",K24+I24+L24,0) -> 0 | N24: =IF(I24<>"",M24*L$2,"")
A25: =N25 | B25: =IF(H25>$H$2,"",(ROW()-5)) | H25: 20 | I25: =IF(H25<$H$2+1,($I$2-($I$2-1)*(LOG(H25)/LOG($H$2))),"") | J25: =INT(LOG($H$2,2))-ROUNDUP(LOG(H25,2),0)+IF(OR($H$2=1,$H$2=2,$H$2=4,$H$2=8,$H$2=16,$H$2=32,$H$2=64,$H$2=128,$H$2=256),0,1) -> -1 | K25: =J25*$J$2 -> -10 | M25: =IF(I25<>"",K25+I25+L25,0) -> 0 | N25: =IF(I25<>"",M25*L$2,"")
A26: =N26 | B26: =IF(H26>$H$2,"",(ROW()-5)) | H26: 21 | I26: =IF(H26<$H$2+1,($I$2-($I$2-1)*(LOG(H26)/LOG($H$2))),"") | J26: =INT(LOG($H$2,2))-ROUNDUP(LOG(H26,2),0)+IF(OR($H$2=1,$H$2=2,$H$2=4,$H$2=8,$H$2=16,$H$2=32,$H$2=64,$H$2=128,$H$2=256),0,1) -> -1 | K26: =J26*$J$2 -> -10 | M26: =IF(I26<>"",K26+I26+L26,0) -> 0 | N26: =IF(I26<>"",M26*L$2,"")
A27: =N27 | B27: =IF(H27>$H$2,"",(ROW()-5)) | H27: 22 | I27: =IF(H27<$H$2+1,($I$2-($I$2-1)*(LOG(H27)/LOG($H$2))),"") | J27: =INT(LOG($H$2,2))-ROUNDUP(LOG(H27,2),0)+IF(OR($H$2=1,$H$2=2,$H$2=4,$H$2=8,$H$2=16,$H$2=32,$H$2=64,$H$2=128,$H$2=256),0,1) -> -1 | K27: =J27*$J$2 -> -10 | M27: =IF(I27<>"",K27+I27+L27,0) -> 0 | N27: =IF(I27<>"",M27*L$2,"")
A28: =N28 | B28: =IF(H28>$H$2,"",(ROW()-5)) | H28: 23 | I28: =IF(H28<$H$2+1,($I$2-($I$2-1)*(LOG(H28)/LOG($H$2))),"") | J28: =INT(LOG($H$2,2))-ROUNDUP(LOG(H28,2),0)+IF(OR($H$2=1,$H$2=2,$H$2=4,$H$2=8,$H$2=16,$H$2=32,$H$2=64,$H$2=128,$H$2=256),0,1) -> -1 | K28: =J28*$J$2 -> -10 | M28: =IF(I28<>"",K28+I28+L28,0) -> 0 | N28: =IF(I28<>"",M28*L$2,"")
A29: =N29 | B29: =IF(H29>$H$2,"",(ROW()-5)) | H29: 24 | I29: =IF(H29<$H$2+1,($I$2-($I$2-1)*(LOG(H29)/LOG($H$2))),"") | J29: =INT(LOG($H$2,2))-ROUNDUP(LOG(H29,2),0)+IF(OR($H$2=1,$H$2=2,$H$2=4,$H$2=8,$H$2=16,$H$2=32,$H$2=64,$H$2=128,$H$2=256),0,1) -> -1 | K29: =J29*$J$2 -> -10 | M29: =IF(I29<>"",K29+I29+L29,0) -> 0 | N29: =IF(I29<>"",M29*L$2,"")
A30: =N30 | B30: =IF(H30>$H$2,"",(ROW()-5)) | H30: 25 | I30: =IF(H30<$H$2+1,($I$2-($I$2-1)*(LOG(H30)/LOG($H$2))),"") | J30: =INT(LOG($H$2,2))-ROUNDUP(LOG(H30,2),0)+IF(OR($H$2=1,$H$2=2,$H$2=4,$H$2=8,$H$2=16,$H$2=32,$H$2=64,$H$2=128,$H$2=256),0,1) -> -1 | K30: =J30*$J$2 -> -10 | M30: =IF(I30<>"",K30+I30+L30,0) -> 0 | N30: =IF(I30<>"",M30*L$2,"")
A31: =N31 | B31: =IF(H31>$H$2,"",(ROW()-5)) | H31: 26 | I31: =IF(H31<$H$2+1,($I$2-($I$2-1)*(LOG(H31)/LOG($H$2))),"") | J31: =INT(LOG($H$2,2))-ROUNDUP(LOG(H31,2),0)+IF(OR($H$2=1,$H$2=2,$H$2=4,$H$2=8,$H$2=16,$H$2=32,$H$2=64,$H$2=128,$H$2=256),0,1) -> -1 | K31: =J31*$J$2 -> -10 | M31: =IF(I31<>"",K31+I31+L31,0) -> 0 | N31: =IF(I31<>"",M31*L$2,"")
A32: =N32 | B32: =IF(H32>$H$2,"",(ROW()-5)) | H32: 27 | I32: =IF(H32<$H$2+1,($I$2-($I$2-1)*(LOG(H32)/LOG($H$2))),"") | J32: =INT(LOG($H$2,2))-ROUNDUP(LOG(H32,2),0)+IF(OR($H$2=1,$H$2=2,$H$2=4,$H$2=8,$H$2=16,$H$2=32,$H$2=64,$H$2=128,$H$2=256),0,1) -> -1 | K32: =J32*$J$2 -> -10 | M32: =IF(I32<>"",K32+I32+L32,0) -> 0 | N32: =IF(I32<>"",M32*L$2,"")
A33: =N33 | B33: =IF(H33>$H$2,"",(ROW()-5)) | H33: 28 | I33: =IF(H33<$H$2+1,($I$2-($I$2-1)*(LOG(H33)/LOG($H$2))),"") | J33: =INT(LOG($H$2,2))-ROUNDUP(LOG(H33,2),0)+IF(OR($H$2=1,$H$2=2,$H$2=4,$H$2=8,$H$2=16,$H$2=32,$H$2=64,$H$2=128,$H$2=256),0,1) -> -1 | K33: =J33*$J$2 -> -10 | M33: =IF(I33<>"",K33+I33+L33,0) -> 0 | N33: =IF(I33<>"",M33*L$2,"")
... A45: =N45 | B45: =IF(H45>$H$2,"",(ROW()-5)) | H45: 40 | I45: =IF(H45<$H$2+1,($I$2-($I$2-1)*(LOG(H45)/LOG($H$2))),"") | J45: =INT(LOG($H$2,2))-ROUNDUP(LOG(H45,2),0)+IF(OR($H$2=1,$H$2=2,$H$2=4,$H$2=8,$H$2=16,$H$2=32,$H$2=64,$H$2=128,$H$2=256),0,1) -> -2 | K45: =J45*$J$2 -> -20 | M45: =IF(I45<>"",K45+I45+L45,0) -> 0 | N45: =IF(I45<>"",M45*L$2,"")
A46: =N46 | B46: =IF(H46>$H$2,"",(ROW()-5)) | H46: 41 | I46: =IF(H46<$H$2+1,($I$2-($I$2-1)*(LOG(H46)/LOG($H$2))),"") | J46: =INT(LOG($H$2,2))-ROUNDUP(LOG(H46,2),0)+IF(OR($H$2=1,$H$2=2,$H$2=4,$H$2=8,$H$2=16,$H$2=32,$H$2=64,$H$2=128,$H$2=256),0,1) -> -2 | K46: =J46*$J$2 -> -20 | M46: =IF(I46<>"",K46+I46+L46,0) -> 0 | N46: =IF(I46<>"",M46*L$2,"") | S46: =LOG($H$2,2) -> 3.5849625 | U46: =LOG(H38,2) -> 5.0443941 | V46: =S46-U46 -> -1.4594316
A47: =N47 | B47: =IF(H47>$H$2,"",(ROW()-5)) | H47: 42 | I47: =IF(H47<$H$2+1,($I$2-($I$2-1)*(LOG(H47)/LOG($H$2))),"") | J47: =INT(LOG($H$2,2))-ROUNDUP(LOG(H47,2),0)+IF(OR($H$2=1,$H$2=2,$H$2=4,$H$2=8,$H$2=16,$H$2=32,$H$2=64,$H$2=128,$H$2=256),0,1) -> -2 | K47: =J47*$J$2 -> -20 | M47: =IF(I47<>"",K47+I47+L47,0) -> 0 | N47: =IF(I47<>"",M47*L$2,"")
A48: =N48 | B48: =IF(H48>$H$2,"",(ROW()-5)) | H48: 43 | I48: =IF(H48<$H$2+1,($I$2-($I$2-1)*(LOG(H48)/LOG($H$2))),"") | J48: =INT(LOG($H$2,2))-ROUNDUP(LOG(H48,2),0)+IF(OR($H$2=1,$H$2=2,$H$2=4,$H$2=8,$H$2=16,$H$2=32,$H$2=64,$H$2=128,$H$2=256),0,1) -> -2 | K48: =J48*$J$2 -> -20 | M48: =IF(I48<>"",K48+I48+L48,0) -> 0 | N48: =IF(I48<>"",M48*L$2,"")
A49: =N49 | B49: =IF(H49>$H$2,"",(ROW()-5)) | H49: 44 | I49: =IF(H49<$H$2+1,($I$2-($I$2-1)*(LOG(H49)/LOG($H$2))),"") | J49: =INT(LOG($H$2,2))-ROUNDUP(LOG(H49,2),0)+IF(OR($H$2=1,$H$2=2,$H$2=4,$H$2=8,$H$2=16,$H$2=32,$H$2=64,$H$2=128,$H$2=256),0,1) -> -2 | K49: =J49*$J$2 -> -20 | M49: =IF(I49<>"",K49+I49+L49,0) -> 0 | N49: =IF(I49<>"",M49*L$2,"")
A50: =N50 | B50: =IF(H50>$H$2,"",(ROW()-5)) | H50: 45 | I50: =IF(H50<$H$2+1,($I$2-($I$2-1)*(LOG(H50)/LOG($H$2))),"") | J50: =INT(LOG($H$2,2))-ROUNDUP(LOG(H50,2),0)+IF(OR($H$2=1,$H$2=2,$H$2=4,$H$2=8,$H$2=16,$H$2=32,$H$2=64,$H$2=128,$H$2=256),0,1) -> -2 | K50: =J50*$J$2 -> -20 | M50: =IF(I50<>"",K50+I50+L50,0) -> 0 | N50: =IF(I50<>"",M50*L$2,"")
A51: =N51 | B51: =IF(H51>$H$2,"",(ROW()-5)) | H51: 46 | I51: =IF(H51<$H$2+1,($I$2-($I$2-1)*(LOG(H51)/LOG($H$2))),"") | J51: =INT(LOG($H$2,2))-ROUNDUP(LOG(H51,2),0)+IF(OR($H$2=1,$H$2=2,$H$2=4,$H$2=8,$H$2=16,$H$2=32,$H$2=64,$H$2=128,$H$2=256),0,1) -> -2 | K51: =J51*$J$2 -> -20 | M51: =IF(I51<>"",K51+I51+L51,0) -> 0 | N51: =IF(I51<>"",M51*L$2,"")
A52: =N52 | B52: =IF(H52>$H$2,"",(ROW()-5)) | H52: 47 | I52: =IF(H52<$H$2+1,($I$2-($I$2-1)*(LOG(H52)/LOG($H$2))),"") | J52: =INT(LOG($H$2,2))-ROUNDUP(LOG(H52,2),0)+IF(OR($H$2=1,$H$2=2,$H$2=4,$H$2=8,$H$2=16,$H$2=32,$H$2=64,$H$2=128,$H$2=256),0,1) -> -2 | K52: =J52*$J$2 -> -20 | M52: =IF(I52<>"",K52+I52+L52,0) -> 0 | N52: =IF(I52<>"",M52*L$2,"")
A53: =N53 | B53: =IF(H53>$H$2,"",(ROW()-5)) | H53: 48 | I53: =IF(H53<$H$2+1,($I$2-($I$2-1)*(LOG(H53)/LOG($H$2))),"") | J53: =INT(LOG($H$2,2))-ROUNDUP(LOG(H53,2),0)+IF(OR($H$2=1,$H$2=2,$H$2=4,$H$2=8,$H$2=16,$H$2=32,$H$2=64,$H$2=128,$H$2=256),0,1) -> -2 | K53: =J53*$J$2 -> -20 | M53: =IF(I53<>"",K53+I53+L53,0) -> 0 | N53: =IF(I53<>"",M53*L$2,"")
A54: =N54 | B54: =IF(H54>$H$2,"",(ROW()-5)) | H54: 49 | I54: =IF(H54<$H$2+1,($I$2-($I$2-1)*(LOG(H54)/LOG($H$2))),"") | J54: =INT(LOG($H$2,2))-ROUNDUP(LOG(H54,2),0)+IF(OR($H$2=1,$H$2=2,$H$2=4,$H$2=8,$H$2=16,$H$2=32,$H$2=64,$H$2=128,$H$2=256),0,1) -> -2 | K54: =J54*$J$2 -> -20 | M54: =IF(I54<>"",K54+I54+L54,0) -> 0 | N54: =IF(I54<>"",M54*L$2,"")
A55: =N55 | B55: =IF(H55>$H$2,"",(ROW()-5)) | H55: 50 | I55: =IF(H55<$H$2+1,($I$2-($I$2-1)*(LOG(H55)/LOG($H$2))),"") | J55: =INT(LOG($H$2,2))-ROUNDUP(LOG(H55,2),0)+IF(OR($H$2=1,$H$2=2,$H$2=4,$H$2=8,$H$2=16,$H$2=32,$H$2=64,$H$2=128,$H$2=256),0,1) -> -2 | K55: =J55*$J$2 -> -20 | M55: =IF(I55<>"",K55+I55+L55,0) -> 0 | N55: =IF(I55<>"",M55*L$2,"")
A56: =N56 | B56: =IF(H56>$H$2,"",(ROW()-5)) | H56: 51 | I56: =IF(H56<$H$2+1,($I$2-($I$2-1)*(LOG(H56)/LOG($H$2))),"") | J56: =INT(LOG($H$2,2))-ROUNDUP(LOG(H56,2),0)+IF(OR($H$2=1,$H$2=2,$H$2=4,$H$2=8,$H$2=16,$H$2=32,$H$2=64,$H$2=128,$H$2=256),0,1) -> -2 | K56: =J56*$J$2 -> -20 | M56: =IF(I56<>"",K56+I56+L56,0) -> 0 | N56: =IF(I56<>"",M56*L$2,"")
A57: =N57 | B57: =IF(H57>$H$2,"",(ROW()-5)) | H57: 52 | I57: =IF(H57<$H$2+1,($I$2-($I$2-1)*(LOG(H57)/LOG($H$2))),"") | J57: =INT(LOG($H$2,2))-ROUNDUP(LOG(H57,2),0)+IF(OR($H$2=1,$H$2=2,$H$2=4,$H$2=8,$H$2=16,$H$2=32,$H$2=64,$H$2=128,$H$2=256),0,1) -> -2 | K57: =J57*$J$2 -> -20 | M57: =IF(I57<>"",K57+I57+L57,0) -> 0 | N57: =IF(I57<>"",M57*L$2,"")
A58: =N58 | B58: =IF(H58>$H$2,"",(ROW()-5)) | H58: 53 | I58: =IF(H58<$H$2+1,($I$2-($I$2-1)*(LOG(H58)/LOG($H$2))),"") | J58: =INT(LOG($H$2,2))-ROUNDUP(LOG(H58,2),0)+IF(OR($H$2=1,$H$2=2,$H$2=4,$H$2=8,$H$2=16,$H$2=32,$H$2=64,$H$2=128,$H$2=256),0,1) -> -2 | K58: =J58*$J$2 -> -20 | M58: =IF(I58<>"",K58+I58+L58,0) -> 0 | N58: =IF(I58<>"",M58*L$2,"")
... A65: =N65 | B65: =IF(H65>$H$2,"",(ROW()-5)) | H65: 60 | I65: =IF(H65<$H$2+1,($I$2-($I$2-1)*(LOG(H65)/LOG($H$2))),"") | J65: =INT(LOG($H$2,2))-ROUNDUP(LOG(H65,2),0)+IF(OR($H$2=1,$H$2=2,$H$2=4,$H$2=8,$H$2=16,$H$2=32,$H$2=64,$H$2=128,$H$2=256),0,1) -> -2 | K65: =J65*$J$2 -> -20 | M65: =IF(I65<>"",K65+I65+L65,0) -> 0 | N65: =IF(I65<>"",M65*L$2,"")
A66: =N66 | H66: 61 | I66: =IF(H66<$H$2+1,($I$2-($I$2-1)*(LOG(H66)/LOG($H$2))),"") | J66: =INT(LOG($H$2,2))-ROUNDUP(LOG(H66,2),0)+IF(OR($H$2=1,$H$2=2,$H$2=4,$H$2=8,$H$2=16,$H$2=32,$H$2=64,$H$2=128,$H$2=256),0,1) -> -2 | K66: =J66*$J$2 -> -20 | M66: =IF(I66<>"",K66+I66+L66,0) -> 0 | N66: =IF(I66<>"",M66*L$2,"")
A67: =N67 | H67: 62 | I67: =IF(H67<$H$2+1,($I$2-($I$2-1)*(LOG(H67)/LOG($H$2))),"") | J67: =INT(LOG($H$2,2))-ROUNDUP(LOG(H67,2),0)+IF(OR($H$2=1,$H$2=2,$H$2=4,$H$2=8,$H$2=16,$H$2=32,$H$2=64,$H$2=128,$H$2=256),0,1) -> -2 | K67: =J67*$J$2 -> -20 | M67: =IF(I67<>"",K67+I67+L67,0) -> 0 | N67: =IF(I67<>"",M67*L$2,"")
A68: =N68 | H68: 63 | I68: =IF(H68<$H$2+1,($I$2-($I$2-1)*(LOG(H68)/LOG($H$2))),"") | J68: =INT(LOG($H$2,2))-ROUNDUP(LOG(H68,2),0)+IF(OR($H$2=1,$H$2=2,$H$2=4,$H$2=8,$H$2=16,$H$2=32,$H$2=64,$H$2=128,$H$2=256),0,1) -> -2 | K68: =J68*$J$2 -> -20 | M68: =IF(I68<>"",K68+I68+L68,0) -> 0 | N68: =IF(I68<>"",M68*L$2,"")
A69: =N69 | H69: 64 | I69: =IF(H69<$H$2+1,($I$2-($I$2-1)*(LOG(H69)/LOG($H$2))),"") | J69: =INT(LOG($H$2,2))-ROUNDUP(LOG(H69,2),0)+IF(OR($H$2=1,$H$2=2,$H$2=4,$H$2=8,$H$2=16,$H$2=32,$H$2=64,$H$2=128,$H$2=256),0,1) -> -2 | K69: =J69*$J$2 -> -20 | M69: =IF(I69<>"",K69+I69+L69,0) -> 0 | N69: =IF(I69<>"",M69*L$2,"")
A70: =N70 | H70: 65 | I70: =IF(H70<$H$2+1,($I$2-($I$2-1)*(LOG(H70)/LOG($H$2))),"") | J70: =INT(LOG($H$2,2))-ROUNDUP(LOG(H70,2),0)+IF(OR($H$2=1,$H$2=2,$H$2=4,$H$2=8,$H$2=16,$H$2=32,$H$2=64,$H$2=128,$H$2=256),0,1) -> -3 | K70: =J70*$J$2 -> -30 | M70: =IF(I70<>"",K70+I70+L70,0) -> 0 | N70: =IF(I70<>"",M70*L$2,"")
A71: =N71 | H71: 66 | I71: =IF(H71<$H$2+1,($I$2-($I$2-1)*(LOG(H71)/LOG($H$2))),"") | J71: =INT(LOG($H$2,2))-ROUNDUP(LOG(H71,2),0)+IF(OR($H$2=1,$H$2=2,$H$2=4,$H$2=8,$H$2=16,$H$2=32,$H$2=64,$H$2=128,$H$2=256),0,1) -> -3 | K71: =J71*$J$2 -> -30 | M71: =IF(I71<>"",K71+I71+L71,0) -> 0 | N71: =IF(I71<>"",M71*L$2,"")
A72: =N72 | H72: 67 | I72: =IF(H72<$H$2+1,($I$2-($I$2-1)*(LOG(H72)/LOG($H$2))),"") | J72: =INT(LOG($H$2,2))-ROUNDUP(LOG(H72,2),0)+IF(OR($H$2=1,$H$2=2,$H$2=4,$H$2=8,$H$2=16,$H$2=32,$H$2=64,$H$2=128,$H$2=256),0,1) -> -3 | K72: =J72*$J$2 -> -30 | M72: =IF(I72<>"",K72+I72+L72,0) -> 0 | N72: =IF(I72<>"",M72*L$2,"")
A73: =N73 | H73: 68 | I73: =IF(H73<$H$2+1,($I$2-($I$2-1)*(LOG(H73)/LOG($H$2))),"") | J73: =INT(LOG($H$2,2))-ROUNDUP(LOG(H73,2),0)+IF(OR($H$2=1,$H$2=2,$H$2=4,$H$2=8,$H$2=16,$H$2=32,$H$2=64,$H$2=128,$H$2=256),0,1) -> -3 | K73: =J73*$J$2 -> -30 | M73: =IF(I73<>"",K73+I73+L73,0) -> 0 | N73: =IF(I73<>"",M73*L$2,"")
A74: =N74 | H74: 69 | I74: =IF(H74<$H$2+1,($I$2-($I$2-1)*(LOG(H74)/LOG($H$2))),"") | J74: =INT(LOG($H$2,2))-ROUNDUP(LOG(H74,2),0)+IF(OR($H$2=1,$H$2=2,$H$2=4,$H$2=8,$H$2=16,$H$2=32,$H$2=64,$H$2=128,$H$2=256),0,1) -> -3 | K74: =J74*$J$2 -> -30 | M74: =IF(I74<>"",K74+I74+L74,0) -> 0 | N74: =IF(I74<>"",M74*L$2,"")
A75: =N75 | H75: 70 | I75: =IF(H75<$H$2+1,($I$2-($I$2-1)*(LOG(H75)/LOG($H$2))),"") | J75: =INT(LOG($H$2,2))-ROUNDUP(LOG(H75,2),0)+IF(OR($H$2=1,$H$2=2,$H$2=4,$H$2=8,$H$2=16,$H$2=32,$H$2=64,$H$2=128,$H$2=256),0,1) -> -3 | K75: =J75*$J$2 -> -30 | M75: =IF(I75<>"",K75+I75+L75,0) -> 0 | N75: =IF(I75<>"",M75*L$2,"")
A76: =N76 | H76: 71 | I76: =IF(H76<$H$2+1,($I$2-($I$2-1)*(LOG(H76)/LOG($H$2))),"") | J76: =INT(LOG($H$2,2))-ROUNDUP(LOG(H76,2),0)+IF(OR($H$2=1,$H$2=2,$H$2=4,$H$2=8,$H$2=16,$H$2=32,$H$2=64,$H$2=128,$H$2=256),0,1) -> -3 | K76: =J76*$J$2 -> -30 | M76: =IF(I76<>"",K76+I76+L76,0) -> 0 | N76: =IF(I76<>"",M76*L$2,"")
A77: =N77 | H77: 72 | I77: =IF(H77<$H$2+1,($I$2-($I$2-1)*(LOG(H77)/LOG($H$2))),"") | J77: =INT(LOG($H$2,2))-ROUNDUP(LOG(H77,2),0)+IF(OR($H$2=1,$H$2=2,$H$2=4,$H$2=8,$H$2=16,$H$2=32,$H$2=64,$H$2=128,$H$2=256),0,1) -> -3 | K77: =J77*$J$2 -> -30 | M77: =IF(I77<>"",K77+I77+L77,0) -> 0 | N77: =IF(I77<>"",M77*L$2,"")
... A305: =N305 | H305: 300 | I305: =IF(H305<$H$2+1,($I$2-($I$2-1)*(LOG(H305)/LOG($H$2))),"") | J305: =INT(LOG($H$2,2))-ROUNDUP(LOG(H305,2),0)+IF(OR($H$2=1,$H$2=2,$H$2=4,$H$2=8,$H$2=16,$H$2=32,$H$2=64,$H$2=128,$H$2=256),0,1) -> -5 | K305: =J305*$J$2 -> -50 | M305: =IF(I305<>"",K305+I305+L305,0) -> 0 | N305: =IF(I305<>"",M305*L$2,"")

Sheet Kadra
D1: Klasyfikacja będą podstawą do rekomendacji dla PZSZERM powołań do kadry na międzynarodowe zawody rangi mistrzowskiej. | R1: Na sumę punktów w rankingu skłądają się 4 najlepsze wyniki (z 5 możliwych) w turniejach PP Weteranów, wynik z Mistrzostw Polski Weteranów, 3 najlepsze wyniki z PEW i PS w ciągu roku (krocząco) oraz punkty zdobyte w IMEW.
B2: Dołączył/a do kategorii w tym roku
D3: MĘŻCZYŹNI Kat.3
A4: L.P. | B4: NAZWISKO Imię | C4: KLUB | D4: PUNKTY | E4: I PP | G4: II PP | I4: III PP | K4: IV PP | M4: V PP | O4: MPW | R4: I PEW | T4: II PEW | V4: III PEW | X4: IV PEW | Z4: V PEW | AB4: VI PEW | AD4: VII PEW | AF4: PS | AH4: IMEW
E5: M | F5: P | G5: M | H5: P | I5: M | J5: P | K5: M | L5: P | M5: M | N5: P | O5: M | P5: P | R5: M | S5: P | T5: M | U5: P | V5: M | W5: P | X5: M | Y5: P | Z5: M | AA5: P | AB5: M | AC5: P | AD5: M | AE5: P | AF5: M | AG5: P | AH5: M | AI5: P
A6: =ROW()-5 -> 1 | B6: KRZEMIŃSKI Mariusz | D6: =SUM(F6,H6,J6,L6,N6,P6)-MIN(F6,H6,J6,L6,N6)+SUM(LARGE((S6,U6,W6,Y6,AA6,AC6,AE6,AG6),1),LARGE((S6,U6,W6,Y6,AA6,AC6,AE6,AG6),2),LARGE((S6,U6,W6,Y6,AA6,AC6,AE6,AG6),3),AI6) -> 866.26923 | E6: =_xlfn.XLOOKUP($B6,'PP1'!$C$6:$C$55,'PP1'!$B$6:$B$55,"") -> 1 | F6: =_xlfn.XLOOKUP(E6,'PP1'!$B$6:$B$55,'PP1'!$A$6:$A$55,0) -> 109.38991 | G6: =_xlfn.XLOOKUP($B6,'PP2'!$C$6:$C$55,'PP2'!$B$6:$B$55,"") -> 3 | H6: =_xlfn.XLOOKUP(G6,'PP2'!$B$6:$B$55,'PP2'!$A$6:$A$55,0) -> 51.740251 | I6: =_xlfn.XLOOKUP($B6,'PP3'!$C$6:$C$101,'PP3'!$B$6:$B$101,"") -> 1 | J6: =_xlfn.XLOOKUP(I6,'PP3'!$B$6:$B$55,'PP3'!$A$6:$A$55,0) -> 110.01582 | K6: =_xlfn.XLOOKUP($B6,'PP4'!$C$6:$C$101,'PP4'!$B$6:$B$101,"") -> 1 | L6: =_xlfn.XLOOKUP(K6,'PP4'!$B$6:$B$55,'PP4'!$A$6:$A$55,0) -> 108.72075 | M6: =_xlfn.XLOOKUP($B6,'PP5'!$C$6:$C$101,'PP5'!$B$6:$B$101,"") | N6: =_xlfn.XLOOKUP(M6,'PP5'!$B$6:$B$55,'PP5'!$A$6:$A$55,0) -> 0 | O6: =_xlfn.XLOOKUP(B6,MPW!C$6:C$55,MPW!B$6:B$55,"") -> 1 | P6: =_xlfn.XLOOKUP(O6,MPW!B$6:B$55,MPW!A$6:A$55,0) -> 132.72583 | R6: =_xlfn.XLOOKUP($B6,'PEW1'!$C$6:$C$78,'PEW1'!$B$6:$B$78,"") -> 1 | S6: =_xlfn.XLOOKUP(R6,'PEW1'!$B$6:$B$100,'PEW1'!$A$6:$A$100,0) -> 141.03396 | T6: =_xlfn.XLOOKUP($B6,'PEW2'!$C$6:$C$101,'PEW2'!$B$6:$B$101,"") -> 10 | U6: =_xlfn.XLOOKUP(T6,'PEW2'!$B$6:$B$100,'PEW2'!$A$6:$A$100,0) -> 27.445105 | V6: =_xlfn.XLOOKUP($B6,'PEW3'!$C$6:$C$101,'PEW3'!$B$6:$B$101,"") -> 5 | W6: =_xlfn.XLOOKUP(V6,'PEW3'!$B$6:$B$100,'PEW3'!$A$6:$A$100,0) -> 60.320464 | X6: =_xlfn.XLOOKUP($B6,'PEW4'!$C$6:$C$101,'PEW4'!$B$6:$B$101,"") -> 6 | Y6: =_xlfn.XLOOKUP(X6,'PEW4'!$B$6:$B$100,'PEW4'!$A$6:$A$100,0) -> 69.403517 | Z6: =_xlfn.XLOOKUP($B6,'PEW5'!$C$6:$C$101,'PEW5'!$B$6:$B$101,"") -> 3 | AA6: =_xlfn.XLOOKUP(Z6,'PEW5'!$B$6:$B$100,'PEW5'!$A$6:$A$100,0) -> 84.883676 | AB6: =_xlfn.XLOOKUP($B6,'PEW6'!$C$6:$C$101,'PEW6'!$B$6:$B$101,"") | AC6: =_xlfn.XLOOKUP(AB6,'PEW6'!$B$6:$B$100,'PEW6'!$A$6:$A$100,0) -> 0 | AD6: =_xlfn.XLOOKUP($B6,'PEW7'!$C$6:$C$101,'PEW7'!$B$6:$B$101,"") | AE6: =_xlfn.XLOOKUP(AD6,'PEW7'!$B$6:$B$100,'PEW7'!$A$6:$A$100,0) -> 0 | AF6: =_xlfn.XLOOKUP($B6,PS!$C$6:$C$101,PS!$B$6:$B$101,"") | AG6: =_xlfn.XLOOKUP(AF6,PS!$B$6:$B$100,PS!$A$6:$A$100,0) -> 0 | AH6: {=_xlfn.XLOOKUP($B6,IMEW!C$6:C$201,IMEW!$B$6:B$201,"")} -> 16 | AI6: =_xlfn.XLOOKUP(AH6,IMEW!$B$6:$B$201,IMEW!$A$6:$A$201,0) -> 58.355517
A7: =ROW()-5 -> 2 | B7: KOSTRZEWA Ireneusz | D7: =SUM(F7,H7,J7,L7,N7,P7)-MIN(F7,H7,J7,L7,N7)+SUM(LARGE((S7,U7,W7,Y7,AA7,AC7,AE7,AG7),1),LARGE((S7,U7,W7,Y7,AA7,AC7,AE7,AG7),2),LARGE((S7,U7,W7,Y7,AA7,AC7,AE7,AG7),3),AI7) -> 537.23237 | E7: =_xlfn.XLOOKUP($B7,'PP1'!$C$6:$C$55,'PP1'!$B$6:$B$55,"") -> 2 | F7: =_xlfn.XLOOKUP(E7,'PP1'!$B$6:$B$55,'PP1'!$A$6:$A$55,0) -> 78.176138 | G7: =_xlfn.XLOOKUP($B7,'PP2'!$C$6:$C$55,'PP2'!$B$6:$B$55,"") -> 1 | H7: =_xlfn.XLOOKUP(G7,'PP2'!$B$6:$B$55,'PP2'!$A$6:$A$55,0) -> 108.72075 | I7: =_xlfn.XLOOKUP($B7,'PP3'!$C$6:$C$101,'PP3'!$B$6:$B$101,"") -> 2 | J7: =_xlfn.XLOOKUP(I7,'PP3'!$B$6:$B$55,'PP3'!$A$6:$A$55,0) -> 79.179704 | K7: =_xlfn.XLOOKUP($B7,'PP4'!$C$6:$C$101,'PP4'!$B$6:$B$101,"") | L7: =_xlfn.XLOOKUP(K7,'PP4'!$B$6:$B$55,'PP4'!$A$6:$A$55,0) -> 0 | M7: =_xlfn.XLOOKUP($B7,'PP5'!$C$6:$C$101,'PP5'!$B$6:$B$101,"") -> 2 | N7: =_xlfn.XLOOKUP(M7,'PP5'!$B$6:$B$55,'PP5'!$A$6:$A$55,0) -> 61.946936 | O7: =_xlfn.XLOOKUP(B7,MPW!C$6:C$55,MPW!B$6:B$55,"") -> 4 | P7: =_xlfn.XLOOKUP(O7,MPW!B$6:B$55,MPW!A$6:A$55,0) -> 51.19631 | R7: =_xlfn.XLOOKUP($B7,'PEW1'!$C$6:$C$78,'PEW1'!$B$6:$B$78,"") -> 5 | S7: =_xlfn.XLOOKUP(R7,'PEW1'!$B$6:$B$100,'PEW1'!$A$6:$A$100,0) -> 58.76372 | T7: =_xlfn.XLOOKUP($B7,'PEW2'!$C$6:$C$101,'PEW2'!$B$6:$B$101,"") -> 2 | U7: =_xlfn.XLOOKUP(T7,'PEW2'!$B$6:$B$100,'PEW2'!$A$6:$A$100,0) -> 99.248813 | V7: =_xlfn.XLOOKUP($B7,'PEW3'!$C$6:$C$101,'PEW3'!$B$6:$B$101,"") | W7: =_xlfn.XLOOKUP(V7,'PEW3'!$B$6:$B$100,'PEW3'!$A$6:$A$100,0) -> 0 | X7: =_xlfn.XLOOKUP($B7,'PEW4'!$C$6:$C$101,'PEW4'!$B$6:$B$101,"") | Y7: =_xlfn.XLOOKUP(X7,'PEW4'!$B$6:$B$100,'PEW4'!$A$6:$A$100,0) -> 0 | Z7: =_xlfn.XLOOKUP($B7,'PEW5'!$C$6:$C$101,'PEW5'!$B$6:$B$101,"") | AA7: =_xlfn.XLOOKUP(Z7,'PEW5'!$B$6:$B$100,'PEW5'!$A$6:$A$100,0) -> 0 | AB7: =_xlfn.XLOOKUP($B7,'PEW6'!$C$6:$C$101,'PEW6'!$B$6:$B$101,"") | AC7: =_xlfn.XLOOKUP(AB7,'PEW6'!$B$6:$B$100,'PEW6'!$A$6:$A$100,0) -> 0 | AD7: =_xlfn.XLOOKUP($B7,'PEW7'!$C$6:$C$101,'PEW7'!$B$6:$B$101,"") | AE7: =_xlfn.XLOOKUP(AD7,'PEW7'!$B$6:$B$100,'PEW7'!$A$6:$A$100,0) -> 0 | AF7: =_xlfn.XLOOKUP($B7,PS!$C$6:$C$101,PS!$B$6:$B$101,"") | AG7: =_xlfn.XLOOKUP(AF7,PS!$B$6:$B$100,PS!$A$6:$A$100,0) -> 0 | AH7: {=_xlfn.XLOOKUP($B7,IMEW!C$6:C$201,IMEW!$B$6:B$201,"")} | AI7: =_xlfn.XLOOKUP(AH7,IMEW!$B$6:$B$201,IMEW!$A$6:$A$201,0) -> 0
A8: =ROW()-5 -> 3 | B8: DRAPELLA Maciej | D8: =SUM(F8,H8,J8,L8,N8,P8)-MIN(F8,H8,J8,L8,N8)+SUM(LARGE((S8,U8,W8,Y8,AA8,AC8,AE8,AG8),1),LARGE((S8,U8,W8,Y8,AA8,AC8,AE8,AG8),2),LARGE((S8,U8,W8,Y8,AA8,AC8,AE8,AG8),3),AI8) -> 372.76167 | E8: =_xlfn.XLOOKUP($B8,'PP1'!$C$6:$C$55,'PP1'!$B$6:$B$55,"") -> 3 | F8: =_xlfn.XLOOKUP(E8,'PP1'!$B$6:$B$55,'PP1'!$A$6:$A$55,0) -> 53.084363 | G8: =_xlfn.XLOOKUP($B8,'PP2'!$C$6:$C$55,'PP2'!$B$6:$B$55,"") -> 2 | H8: =_xlfn.XLOOKUP(G8,'PP2'!$B$6:$B$55,'PP2'!$A$6:$A$55,0) -> 77.022724 | I8: =_xlfn.XLOOKUP($B8,'PP3'!$C$6:$C$101,'PP3'!$B$6:$B$101,"") -> 5 | J8: =_xlfn.XLOOKUP(I8,'PP3'!$B$6:$B$55,'PP3'!$A$6:$A$55,0) -> 27.111801 | K8: =_xlfn.XLOOKUP($B8,'PP4'!$C$6:$C$101,'PP4'!$B$6:$B$101,"") -> 3 | L8: =_xlfn.XLOOKUP(K8,'PP4'!$B$6:$B$55,'PP4'!$A$6:$A$55,0) -> 51.740251 | M8: =_xlfn.XLOOKUP($B8,'PP5'!$C$6:$C$101,'PP5'!$B$6:$B$101,"") | N8: =_xlfn.XLOOKUP(M8,'PP5'!$B$6:$B$55,'PP5'!$A$6:$A$55,0) -> 0 | O8: =_xlfn.XLOOKUP(B8,MPW!C$6:C$55,MPW!B$6:B$55,"") -> 5 | P8: =_xlfn.XLOOKUP(O8,MPW!B$6:B$55,MPW!A$6:A$55,0) -> 33.916095 | R8: =_xlfn.XLOOKUP($B8,'PEW1'!$C$6:$C$78,'PEW1'!$B$6:$B$78,"") -> 13 | S8: =_xlfn.XLOOKUP(R8,'PEW1'!$B$6:$B$100,'PEW1'!$A$6:$A$100,0) -> 36.155896 | T8: =_xlfn.XLOOKUP($B8,'PEW2'!$C$6:$C$101,'PEW2'!$B$6:$B$101,"") -> 3 | U8: =_xlfn.XLOOKUP(T8,'PEW2'!$B$6:$B$100,'PEW2'!$A$6:$A$100,0) -> 73.991774 | V8: =_xlfn.XLOOKUP($B8,'PEW3'!$C$6:$C$101,'PEW3'!$B$6:$B$101,"") | W8: =_xlfn.XLOOKUP(V8,'PEW3'!$B$6:$B$100,'PEW3'!$A$6:$A$100,0) -> 0 | X8: =_xlfn.XLOOKUP($B8,'PEW4'!$C$6:$C$101,'PEW4'!$B$6:$B$101,"") | Y8: =_xlfn.XLOOKUP(X8,'PEW4'!$B$6:$B$100,'PEW4'!$A$6:$A$100,0) -> 0 | Z8: =_xlfn.XLOOKUP($B8,'PEW5'!$C$6:$C$101,'PEW5'!$B$6:$B$101,"") | AA8: =_xlfn.XLOOKUP(Z8,'PEW5'!$B$6:$B$100,'PEW5'!$A$6:$A$100,0) -> 0 | AB8: =_xlfn.XLOOKUP($B8,'PEW6'!$C$6:$C$101,'PEW6'!$B$6:$B$101,"") -> 15 | AC8: =_xlfn.XLOOKUP(AB8,'PEW6'!$B$6:$B$100,'PEW6'!$A$6:$A$100,0) -> 19.738766 | AD8: =_xlfn.XLOOKUP($B8,'PEW7'!$C$6:$C$101,'PEW7'!$B$6:$B$101,"") | AE8: =_xlfn.XLOOKUP(AD8,'PEW7'!$B$6:$B$100,'PEW7'!$A$6:$A$100,0) -> 0 | AF8: =_xlfn.XLOOKUP($B8,PS!$C$6:$C$101,PS!$B$6:$B$101,"") | AG8: =_xlfn.XLOOKUP(AF8,PS!$B$6:$B$100,PS!$A$6:$A$100,0) -> 0 | AH8: {=_xlfn.XLOOKUP($B8,IMEW!C$6:C$201,IMEW!$B$6:B$201,"")} | AI8: =_xlfn.XLOOKUP(AH8,IMEW!$B$6:$B$201,IMEW!$A$6:$A$201,0) -> 0
A9: =ROW()-5 -> 4 | B9: AUGUSTOWSKI Waldemar | D9: =SUM(F9,H9,J9,L9,N9,P9)-MIN(F9,H9,J9,L9,N9)+SUM(LARGE((S9,U9,W9,Y9,AA9,AC9,AE9,AG9),1),LARGE((S9,U9,W9,Y9,AA9,AC9,AE9,AG9),2),LARGE((S9,U9,W9,Y9,AA9,AC9,AE9,AG9),3),AI9) -> 335.49118 | E9: =_xlfn.XLOOKUP($B9,'PP1'!$C$6:$C$55,'PP1'!$B$6:$B$55,"") -> 7 | F9: =_xlfn.XLOOKUP(E9,'PP1'!$B$6:$B$55,'PP1'!$A$6:$A$55,0) -> 18.590196 | G9: =_xlfn.XLOOKUP($B9,'PP2'!$C$6:$C$55,'PP2'!$B$6:$B$55,"") -> 7 | H9: =_xlfn.XLOOKUP(G9,'PP2'!$B$6:$B$55,'PP2'!$A$6:$A$55,0) -> 16.604528 | I9: =_xlfn.XLOOKUP($B9,'PP3'!$C$6:$C$101,'PP3'!$B$6:$B$101,"") -> 3 | J9: =_xlfn.XLOOKUP(I9,'PP3'!$B$6:$B$55,'PP3'!$A$6:$A$55,0) -> 54.222252 | K9: =_xlfn.XLOOKUP($B9,'PP4'!$C$6:$C$101,'PP4'!$B$6:$B$101,"") -> 2 | L9: =_xlfn.XLOOKUP(K9,'PP4'!$B$6:$B$55,'PP4'!$A$6:$A$55,0) -> 77.022724 | M9: =_xlfn.XLOOKUP($B9,'PP5'!$C$6:$C$101,'PP5'!$B$6:$B$101,"") -> 1 | N9: =_xlfn.XLOOKUP(M9,'PP5'!$B$6:$B$55,'PP5'!$A$6:$A$55,0) -> 96.354085 | O9: =_xlfn.XLOOKUP(B9,MPW!C$6:C$55,MPW!B$6:B$55,"") -> 3 | P9: =_xlfn.XLOOKUP(O9,MPW!B$6:B$55,MPW!A$6:A$55,0) -> 66.245633 | R9: =_xlfn.XLOOKUP($B9,'PEW1'!$C$6:$C$78,'PEW1'!$B$6:$B$78,"") | S9: =_xlfn.XLOOKUP(R9,'PEW1'!$B$6:$B$100,'PEW1'!$A$6:$A$100,0) -> 0 | T9: =_xlfn.XLOOKUP($B9,'PEW2'!$C$6:$C$101,'PEW2'!$B$6:$B$101,"") | U9: =_xlfn.XLOOKUP(T9,'PEW2'!$B$6:$B$100,'PEW2'!$A$6:$A$100,0) -> 0 | V9: =_xlfn.XLOOKUP($B9,'PEW3'!$C$6:$C$101,'PEW3'!$B$6:$B$101,"") | W9: =_xlfn.XLOOKUP(V9,'PEW3'!$B$6:$B$100,'PEW3'!$A$6:$A$100,0) -> 0 | X9: =_xlfn.XLOOKUP($B9,'PEW4'!$C$6:$C$101,'PEW4'!$B$6:$B$101,"") | Y9: =_xlfn.XLOOKUP(X9,'PEW4'!$B$6:$B$100,'PEW4'!$A$6:$A$100,0) -> 0 | Z9: =_xlfn.XLOOKUP($B9,'PEW5'!$C$6:$C$101,'PEW5'!$B$6:$B$101,"") | AA9: =_xlfn.XLOOKUP(Z9,'PEW5'!$B$6:$B$100,'PEW5'!$A$6:$A$100,0) -> 0 | AB9: =_xlfn.XLOOKUP($B9,'PEW6'!$C$6:$C$101,'PEW6'!$B$6:$B$101,"") -> 12 | AC9: =_xlfn.XLOOKUP(AB9,'PEW6'!$B$6:$B$100,'PEW6'!$A$6:$A$100,0) -> 23.056295 | AD9: =_xlfn.XLOOKUP($B9,'PEW7'!$C$6:$C$101,'PEW7'!$B$6:$B$101,"") | AE9: =_xlfn.XLOOKUP(AD9,'PEW7'!$B$6:$B$100,'PEW7'!$A$6:$A$100,0) -> 0 | AF9: =_xlfn.XLOOKUP($B9,PS!$C$6:$C$101,PS!$B$6:$B$101,"") | AG9: =_xlfn.XLOOKUP(AF9,PS!$B$6:$B$100,PS!$A$6:$A$100,0) -> 0 | AH9: {=_xlfn.XLOOKUP($B9,IMEW!C$6:C$201,IMEW!$B$6:B$201,"")} | AI9: =_xlfn.XLOOKUP(AH9,IMEW!$B$6:$B$201,IMEW!$A$6:$A$201,0) -> 0
A10: =ROW()-5 -> 5 | B10: HERONIMEK Leszek | D10: =SUM(F10,H10,J10,L10,N10,P10)-MIN(F10,H10,J10,L10,N10)+SUM(LARGE((S10,U10,W10,Y10,AA10,AC10,AE10,AG10),1),LARGE((S10,U10,W10,Y10,AA10,AC10,AE10,AG10),2),LARGE((S10,U10,W10,Y10,AA10,AC10,AE10,AG10),3),AI10) -> 195.78105 | E10: =_xlfn.XLOOKUP($B10,'PP1'!$C$6:$C$55,'PP1'!$B$6:$B$55,"") -> 4 | F10: =_xlfn.XLOOKUP(E10,'PP1'!$B$6:$B$55,'PP1'!$A$6:$A$55,0) -> 46.962364 | G10: =_xlfn.XLOOKUP($B10,'PP2'!$C$6:$C$55,'PP2'!$B$6:$B$55,"") -> 4 | H10: =_xlfn.XLOOKUP(G10,'PP2'!$B$6:$B$55,'PP2'!$A$6:$A$55,0) -> 39.084442 | I10: =_xlfn.XLOOKUP($B10,'PP3'!$C$6:$C$101,'PP3'!$B$6:$B$101,"") | J10: =_xlfn.XLOOKUP(I10,'PP3'!$B$6:$B$55,'PP3'!$A$6:$A$55,0) -> 0 | K10: =_xlfn.XLOOKUP($B10,'PP4'!$C$6:$C$101,'PP4'!$B$6:$B$101,"") -> 4 | L10: =_xlfn.XLOOKUP(K10,'PP4'!$B$6:$B$55,'PP4'!$A$6:$A$55,0) -> 39.084442 | M10: =_xlfn.XLOOKUP($B10,'PP5'!$C$6:$C$101,'PP5'!$B$6:$B$101,"") -> 4 | N10: =_xlfn.XLOOKUP(M10,'PP5'!$B$6:$B$55,'PP5'!$A$6:$A$55,0) -> 22.088425 | O10: =_xlfn.XLOOKUP(B10,MPW!C$6:C$55,MPW!B$6:B$55,"") -> 8 | P10: =_xlfn.XLOOKUP(O10,MPW!B$6:B$55,MPW!A$6:A$55,0) -> 22.794464 | R10: =_xlfn.XLOOKUP($B10,'PEW1'!$C$6:$C$78,'PEW1'!$B$6:$B$78,"") | S10: =_xlfn.XLOOKUP(R10,'PEW1'!$B$6:$B$100,'PEW1'!$A$6:$A$100,0) -> 0 | T10: =_xlfn.XLOOKUP($B10,'PEW2'!$C$6:$C$101,'PEW2'!$B$6:$B$101,"") | U10: =_xlfn.XLOOKUP(T10,'PEW2'!$B$6:$B$100,'PEW2'!$A$6:$A$100,0) -> 0 | V10: =_xlfn.XLOOKUP($B10,'PEW3'!$C$6:$C$101,'PEW3'!$B$6:$B$101,"") | W10: =_xlfn.XLOOKUP(V10,'PEW3'!$B$6:$B$100,'PEW3'!$A$6:$A$100,0) -> 0 | X10: =_xlfn.XLOOKUP($B10,'PEW4'!$C$6:$C$101,'PEW4'!$B$6:$B$101,"") | Y10: =_xlfn.XLOOKUP(X10,'PEW4'!$B$6:$B$100,'PEW4'!$A$6:$A$100,0) -> 0 | Z10: =_xlfn.XLOOKUP($B10,'PEW5'!$C$6:$C$101,'PEW5'!$B$6:$B$101,"") | AA10: =_xlfn.XLOOKUP(Z10,'PEW5'!$B$6:$B$100,'PEW5'!$A$6:$A$100,0) -> 0 | AB10: =_xlfn.XLOOKUP($B10,'PEW6'!$C$6:$C$101,'PEW6'!$B$6:$B$101,"") -> 10 | AC10: =_xlfn.XLOOKUP(AB10,'PEW6'!$B$6:$B$100,'PEW6'!$A$6:$A$100,0) -> 25.766913 | AD10: =_xlfn.XLOOKUP($B10,'PEW7'!$C$6:$C$101,'PEW7'!$B$6:$B$101,"") | AE10: =_xlfn.XLOOKUP(AD10,'PEW7'!$B$6:$B$100,'PEW7'!$A$6:$A$100,0) -> 0 | AF10: =_xlfn.XLOOKUP($B10,PS!$C$6:$C$101,PS!$B$6:$B$101,"") | AG10: =_xlfn.XLOOKUP(AF10,PS!$B$6:$B$100,PS!$A$6:$A$100,0) -> 0 | AH10: {=_xlfn.XLOOKUP($B10,IMEW!C$6:C$201,IMEW!$B$6:B$201,"")} | AI10: =_xlfn.XLOOKUP(AH10,IMEW!$B$6:$B$201,IMEW!$A$6:$A$201,0) -> 0
A11: =ROW()-5 -> 6 | B11: SZYMKOWIAK Krzysztof | D11: =SUM(F11,H11,J11,L11,N11,P11)-MIN(F11,H11,J11,L11,N11)+SUM(LARGE((S11,U11,W11,Y11,AA11,AC11,AE11,AG11),1),LARGE((S11,U11,W11,Y11,AA11,AC11,AE11,AG11),2),LARGE((S11,U11,W11,Y11,AA11,AC11,AE11,AG11),3),AI11) -> 131.48919 | E11: =_xlfn.XLOOKUP($B11,'PP1'!$C$6:$C$55,'PP1'!$B$6:$B$55,"") | F11: =_xlfn.XLOOKUP(E11,'PP1'!$B$6:$B$55,'PP1'!$A$6:$A$55,0) -> 0 | G11: =_xlfn.XLOOKUP($B11,'PP2'!$C$6:$C$55,'PP2'!$B$6:$B$55,"") | H11: =_xlfn.XLOOKUP(G11,'PP2'!$B$6:$B$55,'PP2'!$A$6:$A$55,0) -> 0 | I11: =_xlfn.XLOOKUP($B11,'PP3'!$C$6:$C$101,'PP3'!$B$6:$B$101,"") | J11: =_xlfn.XLOOKUP(I11,'PP3'!$B$6:$B$55,'PP3'!$A$6:$A$55,0) -> 0 | K11: =_xlfn.XLOOKUP($B11,'PP4'!$C$6:$C$101,'PP4'!$B$6:$B$101,"") | L11: =_xlfn.XLOOKUP(K11,'PP4'!$B$6:$B$55,'PP4'!$A$6:$A$55,0) -> 0 | M11: =_xlfn.XLOOKUP($B11,'PP5'!$C$6:$C$101,'PP5'!$B$6:$B$101,"") -> 3 | N11: =_xlfn.XLOOKUP(M11,'PP5'!$B$6:$B$55,'PP5'!$A$6:$A$55,0) -> 35.407149 | O11: =_xlfn.XLOOKUP(B11,MPW!C$6:C$55,MPW!B$6:B$55,"") -> 2 | P11: =_xlfn.XLOOKUP(O11,MPW!B$6:B$55,MPW!A$6:A$55,0) -> 96.08204 | R11: =_xlfn.XLOOKUP($B11,'PEW1'!$C$6:$C$78,'PEW1'!$B$6:$B$78,"") | S11: =_xlfn.XLOOKUP(R11,'PEW1'!$B$6:$B$100,'PEW1'!$A$6:$A$100,0) -> 0 | T11: =_xlfn.XLOOKUP($B11,'PEW2'!$C$6:$C$101,'PEW2'!$B$6:$B$101,"") | U11: =_xlfn.XLOOKUP(T11,'PEW2'!$B$6:$B$100,'PEW2'!$A$6:$A$100,0) -> 0 | V11: =_xlfn.XLOOKUP($B11,'PEW3'!$C$6:$C$101,'PEW3'!$B$6:$B$101,"") | W11: =_xlfn.XLOOKUP(V11,'PEW3'!$B$6:$B$100,'PEW3'!$A$6:$A$100,0) -> 0 | X11: =_xlfn.XLOOKUP($B11,'PEW4'!$C$6:$C$101,'PEW4'!$B$6:$B$101,"") | Y11: =_xlfn.XLOOKUP(X11,'PEW4'!$B$6:$B$100,'PEW4'!$A$6:$A$100,0) -> 0 | Z11: =_xlfn.XLOOKUP($B11,'PEW5'!$C$6:$C$101,'PEW5'!$B$6:$B$101,"") | AA11: =_xlfn.XLOOKUP(Z11,'PEW5'!$B$6:$B$100,'PEW5'!$A$6:$A$100,0) -> 0 | AB11: =_xlfn.XLOOKUP($B11,'PEW6'!$C$6:$C$101,'PEW6'!$B$6:$B$101,"") | AC11: =_xlfn.XLOOKUP(AB11,'PEW6'!$B$6:$B$100,'PEW6'!$A$6:$A$100,0) -> 0 | AD11: =_xlfn.XLOOKUP($B11,'PEW7'!$C$6:$C$101,'PEW7'!$B$6:$B$101,"") | AE11: =_xlfn.XLOOKUP(AD11,'PEW7'!$B$6:$B$100,'PEW7'!$A$6:$A$100,0) -> 0 | AF11: =_xlfn.XLOOKUP($B11,PS!$C$6:$C$101,PS!$B$6:$B$101,"") | AG11: =_xlfn.XLOOKUP(AF11,PS!$B$6:$B$100,PS!$A$6:$A$100,0) -> 0 | AH11: {=_xlfn.XLOOKUP($B11,IMEW!C$6:C$201,IMEW!$B$6:B$201,"")} | AI11: =_xlfn.XLOOKUP(AH11,IMEW!$B$6:$B$201,IMEW!$A$6:$A$201,0) -> 0
A12: =ROW()-5 -> 7 | B12: POKRZYWA Mariusz | D12: =SUM(F12,H12,J12,L12,N12,P12)-MIN(F12,H12,J12,L12,N12)+SUM(LARGE((S12,U12,W12,Y12,AA12,AC12,AE12,AG12),1),LARGE((S12,U12,W12,Y12,AA12,AC12,AE12,AG12),2),LARGE((S12,U12,W12,Y12,AA12,AC12,AE12,AG12),3),AI12) -> 82.683148 | E12: =_xlfn.XLOOKUP($B12,'PP1'!$C$6:$C$55,'PP1'!$B$6:$B$55,"") -> 6 | F12: =_xlfn.XLOOKUP(E12,'PP1'!$B$6:$B$55,'PP1'!$A$6:$A$55,0) -> 21.870589 | G12: =_xlfn.XLOOKUP($B12,'PP2'!$C$6:$C$55,'PP2'!$B$6:$B$55,"") -> 8 | H12: =_xlfn.XLOOKUP(G12,'PP2'!$B$6:$B$55,'PP2'!$A$6:$A$55,0) -> 13.626663 | I12: =_xlfn.XLOOKUP($B12,'PP3'!$C$6:$C$101,'PP3'!$B$6:$B$101,"") -> 4 | J12: =_xlfn.XLOOKUP(I12,'PP3'!$B$6:$B$55,'PP3'!$A$6:$A$55,0) -> 41.671647 | K12: =_xlfn.XLOOKUP($B12,'PP4'!$C$6:$C$101,'PP4'!$B$6:$B$101,"") | L12: =_xlfn.XLOOKUP(K12,'PP4'!$B$6:$B$55,'PP4'!$A$6:$A$55,0) -> 0 | M12: =_xlfn.XLOOKUP($B12,'PP5'!$C$6:$C$101,'PP5'!$B$6:$B$101,"") | N12: =_xlfn.XLOOKUP(M12,'PP5'!$B$6:$B$55,'PP5'!$A$6:$A$55,0) -> 0 | O12: =_xlfn.XLOOKUP(B12,MPW!C$6:C$55,MPW!B$6:B$55,"") -> 10 | P12: =_xlfn.XLOOKUP(O12,MPW!B$6:B$55,MPW!A$6:A$55,0) -> 5.5142496 | R12: =_xlfn.XLOOKUP($B12,'PEW1'!$C$6:$C$78,'PEW1'!$B$6:$B$78,"") | S12: =_xlfn.XLOOKUP(R12,'PEW1'!$B$6:$B$100,'PEW1'!$A$6:$A$100,0) -> 0 | T12: =_xlfn.XLOOKUP($B12,'PEW2'!$C$6:$C$101,'PEW2'!$B$6:$B$101,"") | U12: =_xlfn.XLOOKUP(T12,'PEW2'!$B$6:$B$100,'PEW2'!$A$6:$A$100,0) -> 0 | V12: =_xlfn.XLOOKUP($B12,'PEW3'!$C$6:$C$101,'PEW3'!$B$6:$B$101,"") | W12: =_xlfn.XLOOKUP(V12,'PEW3'!$B$6:$B$100,'PEW3'!$A$6:$A$100,0) -> 0 | X12: =_xlfn.XLOOKUP($B12,'PEW4'!$C$6:$C$101,'PEW4'!$B$6:$B$101,"") | Y12: =_xlfn.XLOOKUP(X12,'PEW4'!$B$6:$B$100,'PEW4'!$A$6:$A$100,0) -> 0 | Z12: =_xlfn.XLOOKUP($B12,'PEW5'!$C$6:$C$101,'PEW5'!$B$6:$B$101,"") | AA12: =_xlfn.XLOOKUP(Z12,'PEW5'!$B$6:$B$100,'PEW5'!$A$6:$A$100,0) -> 0 | AB12: =_xlfn.XLOOKUP($B12,'PEW6'!$C$6:$C$101,'PEW6'!$B$6:$B$101,"") | AC12: =_xlfn.XLOOKUP(AB12,'PEW6'!$B$6:$B$100,'PEW6'!$A$6:$A$100,0) -> 0 | AD12: =_xlfn.XLOOKUP($B12,'PEW7'!$C$6:$C$101,'PEW7'!$B$6:$B$101,"") | AE12: =_xlfn.XLOOKUP(AD12,'PEW7'!$B$6:$B$100,'PEW7'!$A$6:$A$100,0) -> 0 | AF12: =_xlfn.XLOOKUP($B12,PS!$C$6:$C$101,PS!$B$6:$B$101,"") | AG12: =_xlfn.XLOOKUP(AF12,PS!$B$6:$B$100,PS!$A$6:$A$100,0) -> 0 | AH12: {=_xlfn.XLOOKUP($B12,IMEW!C$6:C$201,IMEW!$B$6:B$201,"")} | AI12: =_xlfn.XLOOKUP(AH12,IMEW!$B$6:$B$201,IMEW!$A$6:$A$201,0) -> 0
A13: =ROW()-5 -> 8 | B13: POPRAWA Mariusz | D13: =SUM(F13,H13,J13,L13,N13,P13)-MIN(F13,H13,J13,L13,N13)+SUM(LARGE((S13,U13,W13,Y13,AA13,AC13,AE13,AG13),1),LARGE((S13,U13,W13,Y13,AA13,AC13,AE13,AG13),2),LARGE((S13,U13,W13,Y13,AA13,AC13,AE13,AG13),3),AI13) -> 68.040265 | E13: =_xlfn.XLOOKUP($B13,'PP1'!$C$6:$C$55,'PP1'!$B$6:$B$55,"") | F13: =_xlfn.XLOOKUP(E13,'PP1'!$B$6:$B$55,'PP1'!$A$6:$A$55,0) -> 0 | G13: =_xlfn.XLOOKUP($B13,'PP2'!$C$6:$C$55,'PP2'!$B$6:$B$55,"") -> 6 | H13: =_xlfn.XLOOKUP(G13,'PP2'!$B$6:$B$55,'PP2'!$A$6:$A$55,0) -> 20.042221 | I13: =_xlfn.XLOOKUP($B13,'PP3'!$C$6:$C$101,'PP3'!$B$6:$B$101,"") -> 6 | J13: =_xlfn.XLOOKUP(I13,'PP3'!$B$6:$B$55,'PP3'!$A$6:$A$55,0) -> 23.386135 | K13: =_xlfn.XLOOKUP($B13,'PP4'!$C$6:$C$101,'PP4'!$B$6:$B$101,"") -> 7 | L13: =_xlfn.XLOOKUP(K13,'PP4'!$B$6:$B$55,'PP4'!$A$6:$A$55,0) -> 16.604528 | M13: =_xlfn.XLOOKUP($B13,'PP5'!$C$6:$C$101,'PP5'!$B$6:$B$101,"") | N13: =_xlfn.XLOOKUP(M13,'PP5'!$B$6:$B$55,'PP5'!$A$6:$A$55,0) -> 0 | O13: =_xlfn.XLOOKUP(B13,MPW!C$6:C$55,MPW!B$6:B$55,"") -> 9 | P13: =_xlfn.XLOOKUP(O13,MPW!B$6:B$55,MPW!A$6:A$55,0) -> 8.0073808 | R13: =_xlfn.XLOOKUP($B13,'PEW1'!$C$6:$C$78,'PEW1'!$B$6:$B$78,"") | S13: =_xlfn.XLOOKUP(R13,'PEW1'!$B$6:$B$100,'PEW1'!$A$6:$A$100,0) -> 0 | T13: =_xlfn.XLOOKUP($B13,'PEW2'!$C$6:$C$101,'PEW2'!$B$6:$B$101,"") | U13: =_xlfn.XLOOKUP(T13,'PEW2'!$B$6:$B$100,'PEW2'!$A$6:$A$100,0) -> 0 | V13: =_xlfn.XLOOKUP($B13,'PEW3'!$C$6:$C$101,'PEW3'!$B$6:$B$101,"") | W13: =_xlfn.XLOOKUP(V13,'PEW3'!$B$6:$B$100,'PEW3'!$A$6:$A$100,0) -> 0 | X13: =_xlfn.XLOOKUP($B13,'PEW4'!$C$6:$C$101,'PEW4'!$B$6:$B$101,"") | Y13: =_xlfn.XLOOKUP(X13,'PEW4'!$B$6:$B$100,'PEW4'!$A$6:$A$100,0) -> 0 | Z13: =_xlfn.XLOOKUP($B13,'PEW5'!$C$6:$C$101,'PEW5'!$B$6:$B$101,"") | AA13: =_xlfn.XLOOKUP(Z13,'PEW5'!$B$6:$B$100,'PEW5'!$A$6:$A$100,0) -> 0 | AB13: =_xlfn.XLOOKUP($B13,'PEW6'!$C$6:$C$101,'PEW6'!$B$6:$B$101,"") | AC13: =_xlfn.XLOOKUP(AB13,'PEW6'!$B$6:$B$100,'PEW6'!$A$6:$A$100,0) -> 0 | AD13: =_xlfn.XLOOKUP($B13,'PEW7'!$C$6:$C$101,'PEW7'!$B$6:$B$101,"") | AE13: =_xlfn.XLOOKUP(AD13,'PEW7'!$B$6:$B$100,'PEW7'!$A$6:$A$100,0) -> 0 | AF13: =_xlfn.XLOOKUP($B13,PS!$C$6:$C$101,PS!$B$6:$B$101,"") | AG13: =_xlfn.XLOOKUP(AF13,PS!$B$6:$B$100,PS!$A$6:$A$100,0) -> 0 | AH13: {=_xlfn.XLOOKUP($B13,IMEW!C$6:C$201,IMEW!$B$6:B$201,"")} | AI13: =_xlfn.XLOOKUP(AH13,IMEW!$B$6:$B$201,IMEW!$A$6:$A$201,0) -> 0
A14: =ROW()-5 -> 9 | B14: MAŁASIŃSKI Adam | D14: =SUM(F14,H14,J14,L14,N14,P14)-MIN(F14,H14,J14,L14,N14)+SUM(LARGE((S14,U14,W14,Y14,AA14,AC14,AE14,AG14),1),LARGE((S14,U14,W14,Y14,AA14,AC14,AE14,AG14),2),LARGE((S14,U14,W14,Y14,AA14,AC14,AE14,AG14),3),AI14) -> 65.648089 | E14: =_xlfn.XLOOKUP($B14,'PP1'!$C$6:$C$55,'PP1'!$B$6:$B$55,"") | F14: =_xlfn.XLOOKUP(E14,'PP1'!$B$6:$B$55,'PP1'!$A$6:$A$55,0) -> 0 | G14: =_xlfn.XLOOKUP($B14,'PP2'!$C$6:$C$55,'PP2'!$B$6:$B$55,"") | H14: =_xlfn.XLOOKUP(G14,'PP2'!$B$6:$B$55,'PP2'!$A$6:$A$55,0) -> 0 | I14: =_xlfn.XLOOKUP($B14,'PP3'!$C$6:$C$101,'PP3'!$B$6:$B$101,"") -> 8 | J14: =_xlfn.XLOOKUP(I14,'PP3'!$B$6:$B$55,'PP3'!$A$6:$A$55,0) -> 17.507471 | K14: =_xlfn.XLOOKUP($B14,'PP4'!$C$6:$C$101,'PP4'!$B$6:$B$101,"") -> 6 | L14: =_xlfn.XLOOKUP(K14,'PP4'!$B$6:$B$55,'PP4'!$A$6:$A$55,0) -> 20.042221 | M14: =_xlfn.XLOOKUP($B14,'PP5'!$C$6:$C$101,'PP5'!$B$6:$B$101,"") | N14: =_xlfn.XLOOKUP(M14,'PP5'!$B$6:$B$55,'PP5'!$A$6:$A$55,0) -> 0 | O14: =_xlfn.XLOOKUP(B14,MPW!C$6:C$55,MPW!B$6:B$55,"") -> 7 | P14: =_xlfn.XLOOKUP(O14,MPW!B$6:B$55,MPW!A$6:A$55,0) -> 25.954199 | R14: =_xlfn.XLOOKUP($B14,'PEW1'!$C$6:$C$78,'PEW1'!$B$6:$B$78,"") | S14: =_xlfn.XLOOKUP(R14,'PEW1'!$B$6:$B$100,'PEW1'!$A$6:$A$100,0) -> 0 | T14: =_xlfn.XLOOKUP($B14,'PEW2'!$C$6:$C$101,'PEW2'!$B$6:$B$101,"") | U14: =_xlfn.XLOOKUP(T14,'PEW2'!$B$6:$B$100,'PEW2'!$A$6:$A$100,0) -> 0 | V14: =_xlfn.XLOOKUP($B14,'PEW3'!$C$6:$C$101,'PEW3'!$B$6:$B$101,"") | W14: =_xlfn.XLOOKUP(V14,'PEW3'!$B$6:$B$100,'PEW3'!$A$6:$A$100,0) -> 0 | X14: =_xlfn.XLOOKUP($B14,'PEW4'!$C$6:$C$101,'PEW4'!$B$6:$B$101,"") | Y14: =_xlfn.XLOOKUP(X14,'PEW4'!$B$6:$B$100,'PEW4'!$A$6:$A$100,0) -> 0 | Z14: =_xlfn.XLOOKUP($B14,'PEW5'!$C$6:$C$101,'PEW5'!$B$6:$B$101,"") | AA14: =_xlfn.XLOOKUP(Z14,'PEW5'!$B$6:$B$100,'PEW5'!$A$6:$A$100,0) -> 0 | AB14: =_xlfn.XLOOKUP($B14,'PEW6'!$C$6:$C$101,'PEW6'!$B$6:$B$101,"") -> 25 | AC14: =_xlfn.XLOOKUP(AB14,'PEW6'!$B$6:$B$100,'PEW6'!$A$6:$A$100,0) -> 2.1441983 | AD14: =_xlfn.XLOOKUP($B14,'PEW7'!$C$6:$C$101,'PEW7'!$B$6:$B$101,"") | AE14: =_xlfn.XLOOKUP(AD14,'PEW7'!$B$6:$B$100,'PEW7'!$A$6:$A$100,0) -> 0 | AF14: =_xlfn.XLOOKUP($B14,PS!$C$6:$C$101,PS!$B$6:$B$101,"") | AG14: =_xlfn.XLOOKUP(AF14,PS!$B$6:$B$100,PS!$A$6:$A$100,0) -> 0 | AH14: {=_xlfn.XLOOKUP($B14,IMEW!C$6:C$201,IMEW!$B$6:B$201,"")} | AI14: =_xlfn.XLOOKUP(AH14,IMEW!$B$6:$B$201,IMEW!$A$6:$A$201,0) -> 0
A15: =ROW()-5 -> 10 | B15: NIKALAICHUK Aliaksandr | D15: =SUM(F15,H15,J15,L15,N15,P15)-MIN(F15,H15,J15,L15,N15)+SUM(LARGE((S15,U15,W15,Y15,AA15,AC15,AE15,AG15),1),LARGE((S15,U15,W15,Y15,AA15,AC15,AE15,AG15),2),LARGE((S15,U15,W15,Y15,AA15,AC15,AE15,AG15),3),AI15) -> 54.959241 | E15: =_xlfn.XLOOKUP($B15,'PP1'!$C$6:$C$55,'PP1'!$B$6:$B$55,"") -> 5 | F15: =_xlfn.XLOOKUP(E15,'PP1'!$B$6:$B$55,'PP1'!$A$6:$A$55,0) -> 25.75047 | G15: =_xlfn.XLOOKUP($B15,'PP2'!$C$6:$C$55,'PP2'!$B$6:$B$55,"") -> 5 | H15: =_xlfn.XLOOKUP(G15,'PP2'!$B$6:$B$55,'PP2'!$A$6:$A$55,0) -> 24.108149 | I15: =_xlfn.XLOOKUP($B15,'PP3'!$C$6:$C$101,'PP3'!$B$6:$B$101,"") -> 9 | J15: =_xlfn.XLOOKUP(I15,'PP3'!$B$6:$B$55,'PP3'!$A$6:$A$55,0) -> 5.1006228 | K15: =_xlfn.XLOOKUP($B15,'PP4'!$C$6:$C$101,'PP4'!$B$6:$B$101,"") | L15: =_xlfn.XLOOKUP(K15,'PP4'!$B$6:$B$55,'PP4'!$A$6:$A$55,0) -> 0 | M15: =_xlfn.XLOOKUP($B15,'PP5'!$C$6:$C$101,'PP5'!$B$6:$B$101,"") | N15: =_xlfn.XLOOKUP(M15,'PP5'!$B$6:$B$55,'PP5'!$A$6:$A$55,0) -> 0 | O15: =_xlfn.XLOOKUP(B15,MPW!C$6:C$55,MPW!B$6:B$55,"") | P15: =_xlfn.XLOOKUP(O15,MPW!B$6:B$55,MPW!A$6:A$55,0) | R15: =_xlfn.XLOOKUP($B15,'PEW1'!$C$6:$C$78,'PEW1'!$B$6:$B$78,"") | S15: =_xlfn.XLOOKUP(R15,'PEW1'!$B$6:$B$100,'PEW1'!$A$6:$A$100,0) -> 0 | T15: =_xlfn.XLOOKUP($B15,'PEW2'!$C$6:$C$101,'PEW2'!$B$6:$B$101,"") | U15: =_xlfn.XLOOKUP(T15,'PEW2'!$B$6:$B$100,'PEW2'!$A$6:$A$100,0) -> 0 | V15: =_xlfn.XLOOKUP($B15,'PEW3'!$C$6:$C$101,'PEW3'!$B$6:$B$101,"") | W15: =_xlfn.XLOOKUP(V15,'PEW3'!$B$6:$B$100,'PEW3'!$A$6:$A$100,0) -> 0 | X15: =_xlfn.XLOOKUP($B15,'PEW4'!$C$6:$C$101,'PEW4'!$B$6:$B$101,"") | Y15: =_xlfn.XLOOKUP(X15,'PEW4'!$B$6:$B$100,'PEW4'!$A$6:$A$100,0) -> 0 | Z15: =_xlfn.XLOOKUP($B15,'PEW5'!$C$6:$C$101,'PEW5'!$B$6:$B$101,"") | AA15: =_xlfn.XLOOKUP(Z15,'PEW5'!$B$6:$B$100,'PEW5'!$A$6:$A$100,0) -> 0 | AB15: =_xlfn.XLOOKUP($B15,'PEW6'!$C$6:$C$101,'PEW6'!$B$6:$B$101,"") | AC15: =_xlfn.XLOOKUP(AB15,'PEW6'!$B$6:$B$100,'PEW6'!$A$6:$A$100,0) -> 0 | AD15: =_xlfn.XLOOKUP($B15,'PEW7'!$C$6:$C$101,'PEW7'!$B$6:$B$101,"") | AE15: =_xlfn.XLOOKUP(AD15,'PEW7'!$B$6:$B$100,'PEW7'!$A$6:$A$100,0) -> 0 | AF15: =_xlfn.XLOOKUP($B15,PS!$C$6:$C$101,PS!$B$6:$B$101,"") | AG15: =_xlfn.XLOOKUP(AF15,PS!$B$6:$B$100,PS!$A$6:$A$100,0) -> 0 | AH15: {=_xlfn.XLOOKUP($B15,IMEW!C$6:C$201,IMEW!$B$6:B$201,"")} | AI15: =_xlfn.XLOOKUP(AH15,IMEW!$B$6:$B$201,IMEW!$A$6:$A$201,0) -> 0
A16: =ROW()-5 -> 11 | B16: SZCZĘSNY Jacek | D16: =SUM(F16,H16,J16,L16,N16,P16)-MIN(F16,H16,J16,L16,N16)+SUM(LARGE((S16,U16,W16,Y16,AA16,AC16,AE16,AG16),1),LARGE((S16,U16,W16,Y16,AA16,AC16,AE16,AG16),2),LARGE((S16,U16,W16,Y16,AA16,AC16,AE16,AG16),3),AI16) -> 53.709994 | E16: =_xlfn.XLOOKUP($B16,'PP1'!$C$6:$C$55,'PP1'!$B$6:$B$55,"") | F16: =_xlfn.XLOOKUP(E16,'PP1'!$B$6:$B$55,'PP1'!$A$6:$A$55,0) -> 0 | G16: =_xlfn.XLOOKUP($B16,'PP2'!$C$6:$C$55,'PP2'!$B$6:$B$55,"") | H16: =_xlfn.XLOOKUP(G16,'PP2'!$B$6:$B$55,'PP2'!$A$6:$A$55,0) -> 0 | I16: =_xlfn.XLOOKUP($B16,'PP3'!$C$6:$C$101,'PP3'!$B$6:$B$101,"") | J16: =_xlfn.XLOOKUP(I16,'PP3'!$B$6:$B$55,'PP3'!$A$6:$A$55,0) -> 0 | K16: =_xlfn.XLOOKUP($B16,'PP4'!$C$6:$C$101,'PP4'!$B$6:$B$101,"") -> 5 | L16: =_xlfn.XLOOKUP(K16,'PP4'!$B$6:$B$55,'PP4'!$A$6:$A$55,0) -> 24.108149 | M16: =_xlfn.XLOOKUP($B16,'PP5'!$C$6:$C$101,'PP5'!$B$6:$B$101,"") | N16: =_xlfn.XLOOKUP(M16,'PP5'!$B$6:$B$55,'PP5'!$A$6:$A$55,0) -> 0 | O16: =_xlfn.XLOOKUP(B16,MPW!C$6:C$55,MPW!B$6:B$55,"") -> 6 | P16: =_xlfn.XLOOKUP(O16,MPW!B$6:B$55,MPW!A$6:A$55,0) -> 29.601845 | R16: =_xlfn.XLOOKUP($B16,'PEW1'!$C$6:$C$78,'PEW1'!$B$6:$B$78,"") | S16: =_xlfn.XLOOKUP(R16,'PEW1'!$B$6:$B$100,'PEW1'!$A$6:$A$100,0) -> 0 | T16: =_xlfn.XLOOKUP($B16,'PEW2'!$C$6:$C$101,'PEW2'!$B$6:$B$101,"") | U16: =_xlfn.XLOOKUP(T16,'PEW2'!$B$6:$B$100,'PEW2'!$A$6:$A$100,0) -> 0 | V16: =_xlfn.XLOOKUP($B16,'PEW3'!$C$6:$C$101,'PEW3'!$B$6:$B$101,"") | W16: =_xlfn.XLOOKUP(V16,'PEW3'!$B$6:$B$100,'PEW3'!$A$6:$A$100,0) -> 0 | X16: =_xlfn.XLOOKUP($B16,'PEW4'!$C$6:$C$101,'PEW4'!$B$6:$B$101,"") | Y16: =_xlfn.XLOOKUP(X16,'PEW4'!$B$6:$B$100,'PEW4'!$A$6:$A$100,0) -> 0 | Z16: =_xlfn.XLOOKUP($B16,'PEW5'!$C$6:$C$101,'PEW5'!$B$6:$B$101,"") | AA16: =_xlfn.XLOOKUP(Z16,'PEW5'!$B$6:$B$100,'PEW5'!$A$6:$A$100,0) -> 0 | AB16: =_xlfn.XLOOKUP($B16,'PEW6'!$C$6:$C$101,'PEW6'!$B$6:$B$101,"") | AC16: =_xlfn.XLOOKUP(AB16,'PEW6'!$B$6:$B$100,'PEW6'!$A$6:$A$100,0) -> 0 | AD16: =_xlfn.XLOOKUP($B16,'PEW7'!$C$6:$C$101,'PEW7'!$B$6:$B$101,"") | AE16: =_xlfn.XLOOKUP(AD16,'PEW7'!$B$6:$B$100,'PEW7'!$A$6:$A$100,0) -> 0 | AF16: =_xlfn.XLOOKUP($B16,PS!$C$6:$C$101,PS!$B$6:$B$101,"") | AG16: =_xlfn.XLOOKUP(AF16,PS!$B$6:$B$100,PS!$A$6:$A$100,0) -> 0 | AH16: {=_xlfn.XLOOKUP($B16,IMEW!C$6:C$201,IMEW!$B$6:B$201,"")} | AI16: =_xlfn.XLOOKUP(AH16,IMEW!$B$6:$B$201,IMEW!$A$6:$A$201,0) -> 0
A17: =ROW()-5 -> 12 | B17: CHUDYCKI Artur | D17: =SUM(F17,H17,J17,L17,N17,P17)-MIN(F17,H17,J17,L17,N17)+SUM(LARGE((S17,U17,W17,Y17,AA17,AC17,AE17,AG17),1),LARGE((S17,U17,W17,Y17,AA17,AC17,AE17,AG17),2),LARGE((S17,U17,W17,Y17,AA17,AC17,AE17,AG17),3),AI17) -> 42.166458 | E17: =_xlfn.XLOOKUP($B17,'PP1'!$C$6:$C$55,'PP1'!$B$6:$B$55,"") -> 10 | F17: =_xlfn.XLOOKUP(E17,'PP1'!$B$6:$B$55,'PP1'!$A$6:$A$55,0) -> 1 | G17: =_xlfn.XLOOKUP($B17,'PP2'!$C$6:$C$55,'PP2'!$B$6:$B$55,"") | H17: =_xlfn.XLOOKUP(G17,'PP2'!$B$6:$B$55,'PP2'!$A$6:$A$55,0) -> 0 | I17: =_xlfn.XLOOKUP($B17,'PP3'!$C$6:$C$101,'PP3'!$B$6:$B$101,"") -> 7 | J17: =_xlfn.XLOOKUP(I17,'PP3'!$B$6:$B$55,'PP3'!$A$6:$A$55,0) -> 20.236129 | K17: =_xlfn.XLOOKUP($B17,'PP4'!$C$6:$C$101,'PP4'!$B$6:$B$101,"") -> 8 | L17: =_xlfn.XLOOKUP(K17,'PP4'!$B$6:$B$55,'PP4'!$A$6:$A$55,0) -> 13.626663 | M17: =_xlfn.XLOOKUP($B17,'PP5'!$C$6:$C$101,'PP5'!$B$6:$B$101,"") | N17: =_xlfn.XLOOKUP(M17,'PP5'!$B$6:$B$55,'PP5'!$A$6:$A$55,0) -> 0 | O17: =_xlfn.XLOOKUP(B17,MPW!C$6:C$55,MPW!B$6:B$55,"") -> 11 | P17: =_xlfn.XLOOKUP(O17,MPW!B$6:B$55,MPW!A$6:A$55,0) -> 3.2589381 | R17: =_xlfn.XLOOKUP($B17,'PEW1'!$C$6:$C$78,'PEW1'!$B$6:$B$78,"") | S17: =_xlfn.XLOOKUP(R17,'PEW1'!$B$6:$B$100,'PEW1'!$A$6:$A$100,0) -> 0 | T17: =_xlfn.XLOOKUP($B17,'PEW2'!$C$6:$C$101,'PEW2'!$B$6:$B$101,"") | U17: =_xlfn.XLOOKUP(T17,'PEW2'!$B$6:$B$100,'PEW2'!$A$6:$A$100,0) -> 0 | V17: =_xlfn.XLOOKUP($B17,'PEW3'!$C$6:$C$101,'PEW3'!$B$6:$B$101,"") | W17: =_xlfn.XLOOKUP(V17,'PEW3'!$B$6:$B$100,'PEW3'!$A$6:$A$100,0) -> 0 | X17: =_xlfn.XLOOKUP($B17,'PEW4'!$C$6:$C$101,'PEW4'!$B$6:$B$101,"") | Y17: =_xlfn.XLOOKUP(X17,'PEW4'!$B$6:$B$100,'PEW4'!$A$6:$A$100,0) -> 0 | Z17: =_xlfn.XLOOKUP($B17,'PEW5'!$C$6:$C$101,'PEW5'!$B$6:$B$101,"") | AA17: =_xlfn.XLOOKUP(Z17,'PEW5'!$B$6:$B$100,'PEW5'!$A$6:$A$100,0) -> 0 | AB17: =_xlfn.XLOOKUP($B17,'PEW6'!$C$6:$C$101,'PEW6'!$B$6:$B$101,"") -> 22 | AC17: =_xlfn.XLOOKUP(AB17,'PEW6'!$B$6:$B$100,'PEW6'!$A$6:$A$100,0) -> 4.0447278 | AD17: =_xlfn.XLOOKUP($B17,'PEW7'!$C$6:$C$101,'PEW7'!$B$6:$B$101,"") | AE17: =_xlfn.XLOOKUP(AD17,'PEW7'!$B$6:$B$100,'PEW7'!$A$6:$A$100,0) -> 0 | AF17: =_xlfn.XLOOKUP($B17,PS!$C$6:$C$101,PS!$B$6:$B$101,"") | AG17: =_xlfn.XLOOKUP(AF17,PS!$B$6:$B$100,PS!$A$6:$A$100,0) -> 0 | AH17: {=_xlfn.XLOOKUP($B17,IMEW!C$6:C$201,IMEW!$B$6:B$201,"")} | AI17: =_xlfn.XLOOKUP(AH17,IMEW!$B$6:$B$201,IMEW!$A$6:$A$201,0) -> 0
... A23: =ROW()-5 -> 18 | B23: STOŁOWSKI Mariusz | D23: =SUM(F23,H23,J23,L23,N23,P23)-MIN(F23,H23,J23,L23,N23)+SUM(LARGE((S23,U23,W23,Y23,AA23,AC23,AE23,AG23),1),LARGE((S23,U23,W23,Y23,AA23,AC23,AE23,AG23),2),LARGE((S23,U23,W23,Y23,AA23,AC23,AE23,AG23),3),AI23) -> 1 | E23: =_xlfn.XLOOKUP($B23,'PP1'!$C$6:$C$55,'PP1'!$B$6:$B$55,"") | F23: =_xlfn.XLOOKUP(E23,'PP1'!$B$6:$B$55,'PP1'!$A$6:$A$55,0) -> 0 | G23: =_xlfn.XLOOKUP($B23,'PP2'!$C$6:$C$55,'PP2'!$B$6:$B$55,"") | H23: =_xlfn.XLOOKUP(G23,'PP2'!$B$6:$B$55,'PP2'!$A$6:$A$55,0) -> 0 | I23: =_xlfn.XLOOKUP($B23,'PP3'!$C$6:$C$101,'PP3'!$B$6:$B$101,"") | J23: =_xlfn.XLOOKUP(I23,'PP3'!$B$6:$B$55,'PP3'!$A$6:$A$55,0) -> 0 | K23: =_xlfn.XLOOKUP($B23,'PP4'!$C$6:$C$101,'PP4'!$B$6:$B$101,"") | L23: =_xlfn.XLOOKUP(K23,'PP4'!$B$6:$B$55,'PP4'!$A$6:$A$55,0) -> 0 | M23: =_xlfn.XLOOKUP($B23,'PP5'!$C$6:$C$101,'PP5'!$B$6:$B$101,"") -> 6 | N23: =_xlfn.XLOOKUP(M23,'PP5'!$B$6:$B$55,'PP5'!$A$6:$A$55,0) -> 1 | O23: =_xlfn.XLOOKUP(B23,MPW!C$6:C$55,MPW!B$6:B$55,"") | P23: =_xlfn.XLOOKUP(O23,MPW!B$6:B$55,MPW!A$6:A$55,0) | R23: =_xlfn.XLOOKUP($B23,'PEW1'!$C$6:$C$78,'PEW1'!$B$6:$B$78,"") | S23: =_xlfn.XLOOKUP(R23,'PEW1'!$B$6:$B$100,'PEW1'!$A$6:$A$100,0) -> 0 | T23: =_xlfn.XLOOKUP($B23,'PEW2'!$C$6:$C$101,'PEW2'!$B$6:$B$101,"") | U23: =_xlfn.XLOOKUP(T23,'PEW2'!$B$6:$B$100,'PEW2'!$A$6:$A$100,0) -> 0 | V23: =_xlfn.XLOOKUP($B23,'PEW3'!$C$6:$C$101,'PEW3'!$B$6:$B$101,"") | W23: =_xlfn.XLOOKUP(V23,'PEW3'!$B$6:$B$100,'PEW3'!$A$6:$A$100,0) -> 0 | X23: =_xlfn.XLOOKUP($B23,'PEW4'!$C$6:$C$101,'PEW4'!$B$6:$B$101,"") | Y23: =_xlfn.XLOOKUP(X23,'PEW4'!$B$6:$B$100,'PEW4'!$A$6:$A$100,0) -> 0 | Z23: =_xlfn.XLOOKUP($B23,'PEW5'!$C$6:$C$101,'PEW5'!$B$6:$B$101,"") | AA23: =_xlfn.XLOOKUP(Z23,'PEW5'!$B$6:$B$100,'PEW5'!$A$6:$A$100,0) -> 0 | AB23: =_xlfn.XLOOKUP($B23,'PEW6'!$C$6:$C$101,'PEW6'!$B$6:$B$101,"") | AC23: =_xlfn.XLOOKUP(AB23,'PEW6'!$B$6:$B$100,'PEW6'!$A$6:$A$100,0) -> 0 | AD23: =_xlfn.XLOOKUP($B23,'PEW7'!$C$6:$C$101,'PEW7'!$B$6:$B$101,"") | AE23: =_xlfn.XLOOKUP(AD23,'PEW7'!$B$6:$B$100,'PEW7'!$A$6:$A$100,0) -> 0 | AF23: =_xlfn.XLOOKUP($B23,PS!$C$6:$C$101,PS!$B$6:$B$101,"") | AG23: =_xlfn.XLOOKUP(AF23,PS!$B$6:$B$100,PS!$A$6:$A$100,0) -> 0 | AH23: {=_xlfn.XLOOKUP($B23,IMEW!C$6:C$201,IMEW!$B$6:B$201,"")} | AI23: =_xlfn.XLOOKUP(AH23,IMEW!$B$6:$B$201,IMEW!$A$6:$A$201,0) -> 0
A24: =ROW()-5 -> 19 | D24: =SUM(F24,H24,J24,L24,N24,P24)-MIN(F24,H24,J24,L24,N24)+SUM(LARGE((S24,U24,W24,Y24,AA24,AC24,AE24,AG24),1),LARGE((S24,U24,W24,Y24,AA24,AC24,AE24,AG24),2),LARGE((S24,U24,W24,Y24,AA24,AC24,AE24,AG24),3),AI24) -> 0 | E24: =_xlfn.XLOOKUP($B24,'PP1'!$C$6:$C$55,'PP1'!$B$6:$B$55,"") | F24: =_xlfn.XLOOKUP(E24,'PP1'!$B$6:$B$55,'PP1'!$A$6:$A$55,0) -> 0 | G24: =_xlfn.XLOOKUP($B24,'PP2'!$C$6:$C$55,'PP2'!$B$6:$B$55,"") | H24: =_xlfn.XLOOKUP(G24,'PP2'!$B$6:$B$55,'PP2'!$A$6:$A$55,0) -> 0 | I24: =_xlfn.XLOOKUP($B24,'PP3'!$C$6:$C$101,'PP3'!$B$6:$B$101,"") | J24: =_xlfn.XLOOKUP(I24,'PP3'!$B$6:$B$55,'PP3'!$A$6:$A$55,0) -> 0 | K24: =_xlfn.XLOOKUP($B24,'PP4'!$C$6:$C$101,'PP4'!$B$6:$B$101,"") | L24: =_xlfn.XLOOKUP(K24,'PP4'!$B$6:$B$55,'PP4'!$A$6:$A$55,0) -> 0 | M24: =_xlfn.XLOOKUP($B24,'PP5'!$C$6:$C$101,'PP5'!$B$6:$B$101,"") | N24: =_xlfn.XLOOKUP(M24,'PP5'!$B$6:$B$55,'PP5'!$A$6:$A$55,0) -> 0 | O24: =_xlfn.XLOOKUP(B24,MPW!C$6:C$55,MPW!B$6:B$55,"") | P24: =_xlfn.XLOOKUP(O24,MPW!B$6:B$55,MPW!A$6:A$55,0) | R24: =_xlfn.XLOOKUP($B24,'PEW1'!$C$6:$C$78,'PEW1'!$B$6:$B$78,"") -> 0 | S24: =_xlfn.XLOOKUP(R24,'PEW1'!$B$6:$B$100,'PEW1'!$A$6:$A$100,0) -> 0 | T24: =_xlfn.XLOOKUP($B24,'PEW2'!$C$6:$C$101,'PEW2'!$B$6:$B$101,"") | U24: =_xlfn.XLOOKUP(T24,'PEW2'!$B$6:$B$100,'PEW2'!$A$6:$A$100,0) -> 0 | V24: =_xlfn.XLOOKUP($B24,'PEW3'!$C$6:$C$101,'PEW3'!$B$6:$B$101,"") | W24: =_xlfn.XLOOKUP(V24,'PEW3'!$B$6:$B$100,'PEW3'!$A$6:$A$100,0) -> 0 | X24: =_xlfn.XLOOKUP($B24,'PEW4'!$C$6:$C$101,'PEW4'!$B$6:$B$101,"") | Y24: =_xlfn.XLOOKUP(X24,'PEW4'!$B$6:$B$100,'PEW4'!$A$6:$A$100,0) -> 0 | Z24: =_xlfn.XLOOKUP($B24,'PEW5'!$C$6:$C$101,'PEW5'!$B$6:$B$101,"") | AA24: =_xlfn.XLOOKUP(Z24,'PEW5'!$B$6:$B$100,'PEW5'!$A$6:$A$100,0) -> 0 | AB24: =_xlfn.XLOOKUP($B24,'PEW6'!$C$6:$C$101,'PEW6'!$B$6:$B$101,"") | AC24: =_xlfn.XLOOKUP(AB24,'PEW6'!$B$6:$B$100,'PEW6'!$A$6:$A$100,0) -> 0 | AD24: =_xlfn.XLOOKUP($B24,'PEW7'!$C$6:$C$101,'PEW7'!$B$6:$B$101,"") | AE24: =_xlfn.XLOOKUP(AD24,'PEW7'!$B$6:$B$100,'PEW7'!$A$6:$A$100,0) -> 0 | AF24: =_xlfn.XLOOKUP($B24,PS!$C$6:$C$101,PS!$B$6:$B$101,"") | AG24: =_xlfn.XLOOKUP(AF24,PS!$B$6:$B$100,PS!$A$6:$A$100,0) -> 0 | AH24: {=_xlfn.XLOOKUP($B24,IMEW!C$6:C$201,IMEW!$B$6:B$201,"")} | AI24: =_xlfn.XLOOKUP(AH24,IMEW!$B$6:$B$201,IMEW!$A$6:$A$201,0) -> 0
A25: =ROW()-5 -> 20 | D25: =SUM(F25,H25,J25,L25,N25,P25)-MIN(F25,H25,J25,L25,N25)+SUM(LARGE((S25,U25,W25,Y25,AA25,AC25,AE25,AG25),1),LARGE((S25,U25,W25,Y25,AA25,AC25,AE25,AG25),2),LARGE((S25,U25,W25,Y25,AA25,AC25,AE25,AG25),3),AI25) -> 0 | E25: =_xlfn.XLOOKUP($B25,'PP1'!$C$6:$C$55,'PP1'!$B$6:$B$55,"") | F25: =_xlfn.XLOOKUP(E25,'PP1'!$B$6:$B$55,'PP1'!$A$6:$A$55,0) -> 0 | G25: =_xlfn.XLOOKUP($B25,'PP2'!$C$6:$C$55,'PP2'!$B$6:$B$55,"") | H25: =_xlfn.XLOOKUP(G25,'PP2'!$B$6:$B$55,'PP2'!$A$6:$A$55,0) -> 0 | I25: =_xlfn.XLOOKUP($B25,'PP3'!$C$6:$C$101,'PP3'!$B$6:$B$101,"") | J25: =_xlfn.XLOOKUP(I25,'PP3'!$B$6:$B$55,'PP3'!$A$6:$A$55,0) -> 0 | K25: =_xlfn.XLOOKUP($B25,'PP4'!$C$6:$C$101,'PP4'!$B$6:$B$101,"") | L25: =_xlfn.XLOOKUP(K25,'PP4'!$B$6:$B$55,'PP4'!$A$6:$A$55,0) -> 0 | M25: =_xlfn.XLOOKUP($B25,'PP5'!$C$6:$C$101,'PP5'!$B$6:$B$101,"") | N25: =_xlfn.XLOOKUP(M25,'PP5'!$B$6:$B$55,'PP5'!$A$6:$A$55,0) -> 0 | O25: =_xlfn.XLOOKUP(B25,MPW!C$6:C$55,MPW!B$6:B$55,"") | P25: =_xlfn.XLOOKUP(O25,MPW!B$6:B$55,MPW!A$6:A$55,0) | R25: =_xlfn.XLOOKUP($B25,'PEW1'!$C$6:$C$78,'PEW1'!$B$6:$B$78,"") -> 0 | S25: =_xlfn.XLOOKUP(R25,'PEW1'!$B$6:$B$100,'PEW1'!$A$6:$A$100,0) -> 0 | T25: =_xlfn.XLOOKUP($B25,'PEW2'!$C$6:$C$101,'PEW2'!$B$6:$B$101,"") | U25: =_xlfn.XLOOKUP(T25,'PEW2'!$B$6:$B$100,'PEW2'!$A$6:$A$100,0) -> 0 | V25: =_xlfn.XLOOKUP($B25,'PEW3'!$C$6:$C$101,'PEW3'!$B$6:$B$101,"") | W25: =_xlfn.XLOOKUP(V25,'PEW3'!$B$6:$B$100,'PEW3'!$A$6:$A$100,0) -> 0 | X25: =_xlfn.XLOOKUP($B25,'PEW4'!$C$6:$C$101,'PEW4'!$B$6:$B$101,"") | Y25: =_xlfn.XLOOKUP(X25,'PEW4'!$B$6:$B$100,'PEW4'!$A$6:$A$100,0) -> 0 | Z25: =_xlfn.XLOOKUP($B25,'PEW5'!$C$6:$C$101,'PEW5'!$B$6:$B$101,"") | AA25: =_xlfn.XLOOKUP(Z25,'PEW5'!$B$6:$B$100,'PEW5'!$A$6:$A$100,0) -> 0 | AB25: =_xlfn.XLOOKUP($B25,'PEW6'!$C$6:$C$101,'PEW6'!$B$6:$B$101,"") | AC25: =_xlfn.XLOOKUP(AB25,'PEW6'!$B$6:$B$100,'PEW6'!$A$6:$A$100,0) -> 0 | AD25: =_xlfn.XLOOKUP($B25,'PEW7'!$C$6:$C$101,'PEW7'!$B$6:$B$101,"") | AE25: =_xlfn.XLOOKUP(AD25,'PEW7'!$B$6:$B$100,'PEW7'!$A$6:$A$100,0) -> 0 | AF25: =_xlfn.XLOOKUP($B25,PS!$C$6:$C$101,PS!$B$6:$B$101,"") | AG25: =_xlfn.XLOOKUP(AF25,PS!$B$6:$B$100,PS!$A$6:$A$100,0) -> 0 | AH25: {=_xlfn.XLOOKUP($B25,IMEW!C$6:C$201,IMEW!$B$6:B$201,"")} | AI25: =_xlfn.XLOOKUP(AH25,IMEW!$B$6:$B$201,IMEW!$A$6:$A$201,0) -> 0

Sheet PEW1
H1: Liczba uczestników: | I1: GP Punkty | J1: Bonus za rundę | K1: Bonus za podium
B2: miejsce: | C2: Budapeszt | H2: 41 | I2: 50 | J2: 10 | K2: =3*H2^(1/3) -> 10.344652
B3: data: | C3: 21.09.2024
A5: Punkty | B5: Miejsce Place | C5: Nazwisko Imię Name | D5: Klub Club(s) | E5: Okręg Division | F5: Państwo Country | H5: Miejsce | I5: Punkty za miejsce | J5: awans do kolejnej rundy pucharowej | K5: bonus za rundy pucharowe | L5: punkty za podium | M5: Suma
A6: =M6 -> 141.03396 | B6: =IF(H6>$H$2,"",(ROW()-5)) -> 1 | C6: KRZEMIŃSKI Mariusz | H6: 1 | I6: =IF(H6<$H$2+1,($I$2-($I$2-1)*(LOG(H6)/LOG($H$2))),"") -> 50 | J6: =INT(LOG($H$2,2))-ROUNDUP(LOG(H6,2),0)+IF(OR($H$2=1,$H$2=2,$H$2=4,$H$2=8,$H$2=16,$H$2=32,$H$2=64,$H$2=128,$H$2=256),0,1) -> 6 | K6: =J6*$J$2 -> 60 | L6: =3*K2 -> 31.033955 | M6: =IF(I6<>"",K6+I6+L6,0) -> 141.03396
A7: =M7 -> 111.54334 | B7: =IF(H7>$H$2,"",(ROW()-5)) -> 2 | C7: x | H7: 2 | I7: =IF(H7<$H$2+1,($I$2-($I$2-1)*(LOG(H7)/LOG($H$2))),"") -> 40.854032 | J7: =INT(LOG($H$2,2))-ROUNDUP(LOG(H7,2),0)+IF(OR($H$2=1,$H$2=2,$H$2=4,$H$2=8,$H$2=16,$H$2=32,$H$2=64,$H$2=128,$H$2=256),0,1) -> 5 | K7: =J7*$J$2 -> 50 | L7: =2*K2 -> 20.689303 | M7: =IF(I7<>"",K7+I7+L7,0) -> 111.54334
A8: =M8 -> 85.848635 | B8: =IF(H8>$H$2,"",(ROW()-5)) -> 3 | C8: x | H8: 3 | I8: =IF(H8<$H$2+1,($I$2-($I$2-1)*(LOG(H8)/LOG($H$2))),"") -> 35.503983 | J8: =INT(LOG($H$2,2))-ROUNDUP(LOG(H8,2),0)+IF(OR($H$2=1,$H$2=2,$H$2=4,$H$2=8,$H$2=16,$H$2=32,$H$2=64,$H$2=128,$H$2=256),0,1) -> 4 | K8: =J8*$J$2 -> 40 | L8: =K2 -> 10.344652 | M8: =IF(I8<>"",K8+I8+L8,0) -> 85.848635
A9: =M9 -> 85.848635 | B9: =IF(H9>$H$2,"",3) -> 3 | C9: x | H9: 3 | I9: =IF(H9<$H$2+1,($I$2-($I$2-1)*(LOG(H9)/LOG($H$2))),"") -> 35.503983 | J9: =INT(LOG($H$2,2))-ROUNDUP(LOG(H9,2),0)+IF(OR($H$2=1,$H$2=2,$H$2=4,$H$2=8,$H$2=16,$H$2=32,$H$2=64,$H$2=128,$H$2=256),0,1) -> 4 | K9: =J9*$J$2 -> 40 | L9: =K2 -> 10.344652 | M9: =IF(I9<>"",K9+I9+L9,0) -> 85.848635 | AH9: x | AI9: 23
A10: =M10 -> 58.76372 | B10: =IF(H10>$H$2,"",(ROW()-5)) -> 5 | C10: KOSTRZEWA Ireneusz | H10: 5 | I10: =IF(H10<$H$2+1,($I$2-($I$2-1)*(LOG(H10)/LOG($H$2))),"") -> 28.76372 | J10: =INT(LOG($H$2,2))-ROUNDUP(LOG(H10,2),0)+IF(OR($H$2=1,$H$2=2,$H$2=4,$H$2=8,$H$2=16,$H$2=32,$H$2=64,$H$2=128,$H$2=256),0,1) -> 3 | K10: =J10*$J$2 -> 30 | M10: =IF(I10<>"",K10+I10+L10,0) -> 58.76372 | AH10: N | AI10: 45
A11: =M11 -> 56.358015 | B11: =IF(H11>$H$2,"",(ROW()-5)) -> 6 | C11: x | H11: 6 | I11: =IF(H11<$H$2+1,($I$2-($I$2-1)*(LOG(H11)/LOG($H$2))),"") -> 26.358015 | J11: =INT(LOG($H$2,2))-ROUNDUP(LOG(H11,2),0)+IF(OR($H$2=1,$H$2=2,$H$2=4,$H$2=8,$H$2=16,$H$2=32,$H$2=64,$H$2=128,$H$2=256),0,1) -> 3 | K11: =J11*$J$2 -> 30 | M11: =IF(I11<>"",K11+I11+L11,0) -> 56.358015 | AH11: MP | AI11: 50
A12: =M12 -> 54.324021 | B12: =IF(H12>$H$2,"",(ROW()-5)) -> 7 | C12: x | H12: 7 | I12: =IF(H12<$H$2+1,($I$2-($I$2-1)*(LOG(H12)/LOG($H$2))),"") -> 24.324021 | J12: =INT(LOG($H$2,2))-ROUNDUP(LOG(H12,2),0)+IF(OR($H$2=1,$H$2=2,$H$2=4,$H$2=8,$H$2=16,$H$2=32,$H$2=64,$H$2=128,$H$2=256),0,1) -> 3 | K12: =J12*$J$2 -> 30 | M12: =IF(I12<>"",K12+I12+L12,0) -> 54.324021 | AH12: MP-1 | AI12: =AI11-1 -> 49
A13: =M13 -> 52.562096 | B13: =IF(H13>$H$2,"",(ROW()-5)) -> 8 | C13: x | H13: 8 | I13: =IF(H13<$H$2+1,($I$2-($I$2-1)*(LOG(H13)/LOG($H$2))),"") -> 22.562096 | J13: =INT(LOG($H$2,2))-ROUNDUP(LOG(H13,2),0)+IF(OR($H$2=1,$H$2=2,$H$2=4,$H$2=8,$H$2=16,$H$2=32,$H$2=64,$H$2=128,$H$2=256),0,1) -> 3 | K13: =J13*$J$2 -> 30 | M13: =IF(I13<>"",K13+I13+L13,0) -> 52.562096 | AH13: log(x) | AI13: =LOG(AI9) -> 1.3617278
A14: =M14 -> 41.007967 | B14: =IF(H14>$H$2,"",(ROW()-5)) -> 9 | C14: x | H14: 9 | I14: =IF(H14<$H$2+1,($I$2-($I$2-1)*(LOG(H14)/LOG($H$2))),"") -> 21.007967 | J14: =INT(LOG($H$2,2))-ROUNDUP(LOG(H14,2),0)+IF(OR($H$2=1,$H$2=2,$H$2=4,$H$2=8,$H$2=16,$H$2=32,$H$2=64,$H$2=128,$H$2=256),0,1) -> 2 | K14: =J14*$J$2 -> 20 | M14: =IF(I14<>"",K14+I14+L14,0) -> 41.007967 | AH14: Log(N) | AI14: =LOG(AI10) -> 1.6532125
A15: =M15 -> 39.617751 | B15: =IF(H15>$H$2,"",(ROW()-5)) -> 10 | C15: x | H15: 10 | I15: =IF(H15<$H$2+1,($I$2-($I$2-1)*(LOG(H15)/LOG($H$2))),"") -> 19.617751 | J15: =INT(LOG($H$2,2))-ROUNDUP(LOG(H15,2),0)+IF(OR($H$2=1,$H$2=2,$H$2=4,$H$2=8,$H$2=16,$H$2=32,$H$2=64,$H$2=128,$H$2=256),0,1) -> 2 | K15: =J15*$J$2 -> 20 | M15: =IF(I15<>"",K15+I15+L15,0) -> 39.617751
A16: =M16 -> 38.360149 | B16: =IF(H16>$H$2,"",(ROW()-5)) -> 11 | C16: x | H16: 11 | I16: =IF(H16<$H$2+1,($I$2-($I$2-1)*(LOG(H16)/LOG($H$2))),"") -> 18.360149 | J16: =INT(LOG($H$2,2))-ROUNDUP(LOG(H16,2),0)+IF(OR($H$2=1,$H$2=2,$H$2=4,$H$2=8,$H$2=16,$H$2=32,$H$2=64,$H$2=128,$H$2=256),0,1) -> 2 | K16: =J16*$J$2 -> 20 | M16: =IF(I16<>"",K16+I16+L16,0) -> 38.360149 | AH16: MP - (MP-1)*LOG(x)/LOG(N) | AI16: =AI11-AI12*AI13/AI14 -> 9.6393909 | AJ16: points
A17: =M17 -> 37.212047 | B17: =IF(H17>$H$2,"",(ROW()-5)) -> 12 | C17: x | H17: 12 | I17: =IF(H17<$H$2+1,($I$2-($I$2-1)*(LOG(H17)/LOG($H$2))),"") -> 17.212047 | J17: =INT(LOG($H$2,2))-ROUNDUP(LOG(H17,2),0)+IF(OR($H$2=1,$H$2=2,$H$2=4,$H$2=8,$H$2=16,$H$2=32,$H$2=64,$H$2=128,$H$2=256),0,1) -> 2 | K17: =J17*$J$2 -> 20 | M17: =IF(I17<>"",K17+I17+L17,0) -> 37.212047
A18: =M18 -> 36.155896 | B18: =IF(H18>$H$2,"",(ROW()-5)) -> 13 | C18: DRAPELLA Maciej | H18: 13 | I18: =IF(H18<$H$2+1,($I$2-($I$2-1)*(LOG(H18)/LOG($H$2))),"") -> 16.155896 | J18: =INT(LOG($H$2,2))-ROUNDUP(LOG(H18,2),0)+IF(OR($H$2=1,$H$2=2,$H$2=4,$H$2=8,$H$2=16,$H$2=32,$H$2=64,$H$2=128,$H$2=256),0,1) -> 2 | K18: =J18*$J$2 -> 20 | M18: =IF(I18<>"",K18+I18+L18,0) -> 36.155896
A19: =M19 -> 35.178053 | B19: =IF(H19>$H$2,"",(ROW()-5)) -> 14 | C19: x | H19: 14 | I19: =IF(H19<$H$2+1,($I$2-($I$2-1)*(LOG(H19)/LOG($H$2))),"") -> 15.178053 | J19: =INT(LOG($H$2,2))-ROUNDUP(LOG(H19,2),0)+IF(OR($H$2=1,$H$2=2,$H$2=4,$H$2=8,$H$2=16,$H$2=32,$H$2=64,$H$2=128,$H$2=256),0,1) -> 2 | K19: =J19*$J$2 -> 20 | M19: =IF(I19<>"",K19+I19+L19,0) -> 35.178053
A20: =M20 -> 34.267703 | B20: =IF(H20>$H$2,"",(ROW()-5)) -> 15 | C20: x | H20: 15 | I20: =IF(H20<$H$2+1,($I$2-($I$2-1)*(LOG(H20)/LOG($H$2))),"") -> 14.267703 | J20: =INT(LOG($H$2,2))-ROUNDUP(LOG(H20,2),0)+IF(OR($H$2=1,$H$2=2,$H$2=4,$H$2=8,$H$2=16,$H$2=32,$H$2=64,$H$2=128,$H$2=256),0,1) -> 2 | K20: =J20*$J$2 -> 20 | M20: =IF(I20<>"",K20+I20+L20,0) -> 34.267703
A21: =M21 -> 33.416127 | B21: =IF(H21>$H$2,"",(ROW()-5)) -> 16 | C21: x | H21: 16 | I21: =IF(H21<$H$2+1,($I$2-($I$2-1)*(LOG(H21)/LOG($H$2))),"") -> 13.416127 | J21: =INT(LOG($H$2,2))-ROUNDUP(LOG(H21,2),0)+IF(OR($H$2=1,$H$2=2,$H$2=4,$H$2=8,$H$2=16,$H$2=32,$H$2=64,$H$2=128,$H$2=256),0,1) -> 2 | K21: =J21*$J$2 -> 20 | M21: =IF(I21<>"",K21+I21+L21,0) -> 33.416127
A22: =M22 -> 22.616195 | B22: =IF(H22>$H$2,"",(ROW()-5)) -> 17 | C22: x | H22: 17 | I22: =IF(H22<$H$2+1,($I$2-($I$2-1)*(LOG(H22)/LOG($H$2))),"") -> 12.616195 | J22: =INT(LOG($H$2,2))-ROUNDUP(LOG(H22,2),0)+IF(OR($H$2=1,$H$2=2,$H$2=4,$H$2=8,$H$2=16,$H$2=32,$H$2=64,$H$2=128,$H$2=256),0,1) -> 1 | K22: =J22*$J$2 -> 10 | M22: =IF(I22<>"",K22+I22+L22,0) -> 22.616195
A23: =M23 -> 21.861999 | B23: =IF(H23>$H$2,"",(ROW()-5)) -> 18 | C23: x | H23: 18 | I23: =IF(H23<$H$2+1,($I$2-($I$2-1)*(LOG(H23)/LOG($H$2))),"") -> 11.861999 | J23: =INT(LOG($H$2,2))-ROUNDUP(LOG(H23,2),0)+IF(OR($H$2=1,$H$2=2,$H$2=4,$H$2=8,$H$2=16,$H$2=32,$H$2=64,$H$2=128,$H$2=256),0,1) -> 1 | K23: =J23*$J$2 -> 10 | M23: =IF(I23<>"",K23+I23+L23,0) -> 21.861999
A24: =M24 -> 21.14859 | B24: =IF(H24>$H$2,"",(ROW()-5)) -> 19 | C24: x | H24: 19 | I24: =IF(H24<$H$2+1,($I$2-($I$2-1)*(LOG(H24)/LOG($H$2))),"") -> 11.14859 | J24: =INT(LOG($H$2,2))-ROUNDUP(LOG(H24,2),0)+IF(OR($H$2=1,$H$2=2,$H$2=4,$H$2=8,$H$2=16,$H$2=32,$H$2=64,$H$2=128,$H$2=256),0,1) -> 1 | K24: =J24*$J$2 -> 10 | M24: =IF(I24<>"",K24+I24+L24,0) -> 21.14859
A25: =M25 -> 20.471783 | B25: =IF(H25>$H$2,"",(ROW()-5)) -> 20 | C25: x | H25: 20 | I25: =IF(H25<$H$2+1,($I$2-($I$2-1)*(LOG(H25)/LOG($H$2))),"") -> 10.471783 | J25: =INT(LOG($H$2,2))-ROUNDUP(LOG(H25,2),0)+IF(OR($H$2=1,$H$2=2,$H$2=4,$H$2=8,$H$2=16,$H$2=32,$H$2=64,$H$2=128,$H$2=256),0,1) -> 1 | K25: =J25*$J$2 -> 10 | M25: =IF(I25<>"",K25+I25+L25,0) -> 20.471783
A26: =M26 -> 19.828005 | B26: =IF(H26>$H$2,"",(ROW()-5)) -> 21 | C26: x | H26: 21 | I26: =IF(H26<$H$2+1,($I$2-($I$2-1)*(LOG(H26)/LOG($H$2))),"") -> 9.8280047 | J26: =INT(LOG($H$2,2))-ROUNDUP(LOG(H26,2),0)+IF(OR($H$2=1,$H$2=2,$H$2=4,$H$2=8,$H$2=16,$H$2=32,$H$2=64,$H$2=128,$H$2=256),0,1) -> 1 | K26: =J26*$J$2 -> 10 | M26: =IF(I26<>"",K26+I26+L26,0) -> 19.828005
A27: =M27 -> 19.21418 | B27: =IF(H27>$H$2,"",(ROW()-5)) -> 22 | C27: x | H27: 22 | I27: =IF(H27<$H$2+1,($I$2-($I$2-1)*(LOG(H27)/LOG($H$2))),"") -> 9.2141804 | J27: =INT(LOG($H$2,2))-ROUNDUP(LOG(H27,2),0)+IF(OR($H$2=1,$H$2=2,$H$2=4,$H$2=8,$H$2=16,$H$2=32,$H$2=64,$H$2=128,$H$2=256),0,1) -> 1 | K27: =J27*$J$2 -> 10 | M27: =IF(I27<>"",K27+I27+L27,0) -> 19.21418
A28: =M28 -> 18.627646 | B28: =IF(H28>$H$2,"",(ROW()-5)) -> 23 | C28: x | H28: 23 | I28: =IF(H28<$H$2+1,($I$2-($I$2-1)*(LOG(H28)/LOG($H$2))),"") -> 8.6276464 | J28: =INT(LOG($H$2,2))-ROUNDUP(LOG(H28,2),0)+IF(OR($H$2=1,$H$2=2,$H$2=4,$H$2=8,$H$2=16,$H$2=32,$H$2=64,$H$2=128,$H$2=256),0,1) -> 1 | K28: =J28*$J$2 -> 10 | M28: =IF(I28<>"",K28+I28+L28,0) -> 18.627646
... A45: =M45 -> 1.3258151 | B45: =IF(H45>$H$2,"",(ROW()-5)) -> 40 | C45: x | H45: 40 | I45: =IF(H45<$H$2+1,($I$2-($I$2-1)*(LOG(H45)/LOG($H$2))),"") -> 1.3258151 | J45: =INT(LOG($H$2,2))-ROUNDUP(LOG(H45,2),0)+IF(OR($H$2=1,$H$2=2,$H$2=4,$H$2=8,$H$2=16,$H$2=32,$H$2=64,$H$2=128,$H$2=256),0,1) -> 0 | K45: =J45*$J$2 -> 0 | M45: =IF(I45<>"",K45+I45+L45,0) -> 1.3258151
A46: =M46 -> 1 | B46: =IF(H46>$H$2,"",(ROW()-5)) -> 41 | C46: x | H46: 41 | I46: =IF(H46<$H$2+1,($I$2-($I$2-1)*(LOG(H46)/LOG($H$2))),"") -> 1 | J46: =INT(LOG($H$2,2))-ROUNDUP(LOG(H46,2),0)+IF(OR($H$2=1,$H$2=2,$H$2=4,$H$2=8,$H$2=16,$H$2=32,$H$2=64,$H$2=128,$H$2=256),0,1) -> 0 | K46: =J46*$J$2 -> 0 | M46: =IF(I46<>"",K46+I46+L46,0) -> 1 | R46: =LOG($H$2,2) -> 5.357552 | T46: =LOG(H38,2) -> 5.0443941 | U46: =R46-T46 -> 0.31315789
H47: 65 | I47: =IF(H47<$H$2+1,($I$2-($I$2-1)*(LOG(H47)/LOG($H$2))),"") | J47: =INT(LOG($H$2,2))-ROUNDUP(LOG(H47,2),0)+IF(OR($H$2=1,$H$2=2,$H$2=4,$H$2=8,$H$2=16,$H$2=32,$H$2=64,$H$2=128,$H$2=256),0,1) -> -1 | K47: =J47*$J$2 -> -10 | M47: =IF(I47<>"",K47+I47+L47,0) -> 0
H48: 66 | I48: =IF(H48<$H$2+1,($I$2-($I$2-1)*(LOG(H48)/LOG($H$2))),"") | J48: =INT(LOG($H$2,2))-ROUNDUP(LOG(H48,2),0)+IF(OR($H$2=1,$H$2=2,$H$2=4,$H$2=8,$H$2=16,$H$2=32,$H$2=64,$H$2=128,$H$2=256),0,1) -> -1 | K48: =J48*$J$2 -> -10 | M48: =IF(I48<>"",K48+I48+L48,0) -> 0
H49: 67 | I49: =IF(H49<$H$2+1,($I$2-($I$2-1)*(LOG(H49)/LOG($H$2))),"") | J49: =INT(LOG($H$2,2))-ROUNDUP(LOG(H49,2),0)+IF(OR($H$2=1,$H$2=2,$H$2=4,$H$2=8,$H$2=16,$H$2=32,$H$2=64,$H$2=128,$H$2=256),0,1) -> -1 | K49: =J49*$J$2 -> -10 | M49: =IF(I49<>"",K49+I49+L49,0) -> 0
H50: 68 | I50: =IF(H50<$H$2+1,($I$2-($I$2-1)*(LOG(H50)/LOG($H$2))),"") | J50: =INT(LOG($H$2,2))-ROUNDUP(LOG(H50,2),0)+IF(OR($H$2=1,$H$2=2,$H$2=4,$H$2=8,$H$2=16,$H$2=32,$H$2=64,$H$2=128,$H$2=256),0,1) -> -1 | K50: =J50*$J$2 -> -10 | M50: =IF(I50<>"",K50+I50+L50,0) -> 0
H51: 69 | I51: =IF(H51<$H$2+1,($I$2-($I$2-1)*(LOG(H51)/LOG($H$2))),"") | J51: =INT(LOG($H$2,2))-ROUNDUP(LOG(H51,2),0)+IF(OR($H$2=1,$H$2=2,$H$2=4,$H$2=8,$H$2=16,$H$2=32,$H$2=64,$H$2=128,$H$2=256),0,1) -> -1 | K51: =J51*$J$2 -> -10 | M51: =IF(I51<>"",K51+I51+L51,0) -> 0
H52: 70 | I52: =IF(H52<$H$2+1,($I$2-($I$2-1)*(LOG(H52)/LOG($H$2))),"") | J52: =INT(LOG($H$2,2))-ROUNDUP(LOG(H52,2),0)+IF(OR($H$2=1,$H$2=2,$H$2=4,$H$2=8,$H$2=16,$H$2=32,$H$2=64,$H$2=128,$H$2=256),0,1) -> -1 | K52: =J52*$J$2 -> -10 | M52: =IF(I52<>"",K52+I52+L52,0) -> 0
H53: 71 | I53: =IF(H53<$H$2+1,($I$2-($I$2-1)*(LOG(H53)/LOG($H$2))),"") | J53: =INT(LOG($H$2,2))-ROUNDUP(LOG(H53,2),0)+IF(OR($H$2=1,$H$2=2,$H$2=4,$H$2=8,$H$2=16,$H$2=32,$H$2=64,$H$2=128,$H$2=256),0,1) -> -1 | K53: =J53*$J$2 -> -10 | M53: =IF(I53<>"",K53+I53+L53,0) -> 0
H54: 72 | I54: =IF(H54<$H$2+1,($I$2-($I$2-1)*(LOG(H54)/LOG($H$2))),"") | J54: =INT(LOG($H$2,2))-ROUNDUP(LOG(H54,2),0)+IF(OR($H$2=1,$H$2=2,$H$2=4,$H$2=8,$H$2=16,$H$2=32,$H$2=64,$H$2=128,$H$2=256),0,1) -> -1 | K54: =J54*$J$2 -> -10 | M54: =IF(I54<>"",K54+I54+L54,0) -> 0
H55: 73 | I55: =IF(H55<$H$2+1,($I$2-($I$2-1)*(LOG(H55)/LOG($H$2))),"") | J55: =INT(LOG($H$2,2))-ROUNDUP(LOG(H55,2),0)+IF(OR($H$2=1,$H$2=2,$H$2=4,$H$2=8,$H$2=16,$H$2=32,$H$2=64,$H$2=128,$H$2=256),0,1) -> -1 | K55: =J55*$J$2 -> -10 | M55: =IF(I55<>"",K55+I55+L55,0) -> 0
H56: 74 | I56: =IF(H56<$H$2+1,($I$2-($I$2-1)*(LOG(H56)/LOG($H$2))),"") | J56: =INT(LOG($H$2,2))-ROUNDUP(LOG(H56,2),0)+IF(OR($H$2=1,$H$2=2,$H$2=4,$H$2=8,$H$2=16,$H$2=32,$H$2=64,$H$2=128,$H$2=256),0,1) -> -1 | K56: =J56*$J$2 -> -10 | M56: =IF(I56<>"",K56+I56+L56,0) -> 0
H57: 75 | I57: =IF(H57<$H$2+1,($I$2-($I$2-1)*(LOG(H57)/LOG($H$2))),"") | J57: =INT(LOG($H$2,2))-ROUNDUP(LOG(H57,2),0)+IF(OR($H$2=1,$H$2=2,$H$2=4,$H$2=8,$H$2=16,$H$2=32,$H$2=64,$H$2=128,$H$2=256),0,1) -> -1 | K57: =J57*$J$2 -> -10 | M57: =IF(I57<>"",K57+I57+L57,0) -> 0
H58: 76 | I58: =IF(H58<$H$2+1,($I$2-($I$2-1)*(LOG(H58)/LOG($H$2))),"") | J58: =INT(LOG($H$2,2))-ROUNDUP(LOG(H58,2),0)+IF(OR($H$2=1,$H$2=2,$H$2=4,$H$2=8,$H$2=16,$H$2=32,$H$2=64,$H$2=128,$H$2=256),0,1) -> -1 | K58: =J58*$J$2 -> -10 | M58: =IF(I58<>"",K58+I58+L58,0) -> 0
... H282: 300 | I282: =IF(H282<$H$2+1,($I$2-($I$2-1)*(LOG(H282)/LOG($H$2))),"") | J282: =INT(LOG($H$2,2))-ROUNDUP(LOG(H282,2),0)+IF(OR($H$2=1,$H$2=2,$H$2=4,$H$2=8,$H$2=16,$H$2=32,$H$2=64,$H$2=128,$H$2=256),0,1) -> -3 | K282: =J282*$J$2 -> -30 | M282: =IF(I282<>"",K282+I282+L282,0) -> 0

Sheet PEW2
H1: Liczba uczestników: | I1: GP Punkty | J1: Bonus za rundę | K1: Bonus za podium
B2: miejsce: | C2: Madrid | H2: 32 | I2: 50 | J2: 10 | K2: =3*H2^(1/3) -> 9.5244063
B3: data: | C3: 16.11.2024
A5: Punkty | B5: Miejsce Place | C5: Nazwisko Imię Name | D5: Klub Club(s) | E5: Okręg Division | F5: Państwo Country | H5: Miejsce | I5: Punkty za miejsce | J5: awans do kolejnej rundy pucharowej | K5: bonus za rundy pucharowe | L5: punkty za podium | M5: Suma
A6: =M6 -> 128.57322 | B6: =IF(H6>$H$2,"",(ROW()-5)) -> 1 | C6: x | H6: 1 | I6: =IF(H6<$H$2+1,($I$2-($I$2-1)*(LOG(H6)/LOG($H$2))),"") -> 50 | J6: =INT(LOG($H$2,2))-ROUNDUP(LOG(H6,2),0)+IF(OR($H$2=1,$H$2=2,$H$2=4,$H$2=8,$H$2=16,$H$2=32,$H$2=64,$H$2=128,$H$2=256),0,1) -> 5 | K6: =J6*$J$2 -> 50 | L6: =3*K2 -> 28.573219 | M6: =IF(I6<>"",K6+I6+L6,0) -> 128.57322
A7: =M7 -> 99.248813 | B7: =IF(H7>$H$2,"",(ROW()-5)) -> 2 | C7: KOSTRZEWA Ireneusz | H7: 2 | I7: =IF(H7<$H$2+1,($I$2-($I$2-1)*(LOG(H7)/LOG($H$2))),"") -> 40.2 | J7: =INT(LOG($H$2,2))-ROUNDUP(LOG(H7,2),0)+IF(OR($H$2=1,$H$2=2,$H$2=4,$H$2=8,$H$2=16,$H$2=32,$H$2=64,$H$2=128,$H$2=256),0,1) -> 4 | K7: =J7*$J$2 -> 40 | L7: =2*K2 -> 19.048813 | M7: =IF(I7<>"",K7+I7+L7,0) -> 99.248813
A8: =M8 -> 73.991774 | B8: =IF(H8>$H$2,"",(ROW()-5)) -> 3 | C8: DRAPELLA Maciej | H8: 3 | I8: =IF(H8<$H$2+1,($I$2-($I$2-1)*(LOG(H8)/LOG($H$2))),"") -> 34.467367 | J8: =INT(LOG($H$2,2))-ROUNDUP(LOG(H8,2),0)+IF(OR($H$2=1,$H$2=2,$H$2=4,$H$2=8,$H$2=16,$H$2=32,$H$2=64,$H$2=128,$H$2=256),0,1) -> 3 | K8: =J8*$J$2 -> 30 | L8: =K2 -> 9.5244063 | M8: =IF(I8<>"",K8+I8+L8,0) -> 73.991774
A9: =M9 -> 73.991774 | B9: =IF(H9>$H$2,"",3) -> 3 | C9: x | H9: 3 | I9: =IF(H9<$H$2+1,($I$2-($I$2-1)*(LOG(H9)/LOG($H$2))),"") -> 34.467367 | J9: =INT(LOG($H$2,2))-ROUNDUP(LOG(H9,2),0)+IF(OR($H$2=1,$H$2=2,$H$2=4,$H$2=8,$H$2=16,$H$2=32,$H$2=64,$H$2=128,$H$2=256),0,1) -> 3 | K9: =J9*$J$2 -> 30 | L9: =K2 -> 9.5244063 | M9: =IF(I9<>"",K9+I9+L9,0) -> 73.991774 | AH9: x | AI9: 23
A10: =M10 -> 47.245105 | B10: =IF(H10>$H$2,"",(ROW()-5)) -> 5 | C10: x | H10: 5 | I10: =IF(H10<$H$2+1,($I$2-($I$2-1)*(LOG(H10)/LOG($H$2))),"") -> 27.245105 | J10: =INT(LOG($H$2,2))-ROUNDUP(LOG(H10,2),0)+IF(OR($H$2=1,$H$2=2,$H$2=4,$H$2=8,$H$2=16,$H$2=32,$H$2=64,$H$2=128,$H$2=256),0,1) -> 2 | K10: =J10*$J$2 -> 20 | M10: =IF(I10<>"",K10+I10+L10,0) -> 47.245105 | AH10: N | AI10: 45
A11: =M11 -> 44.667367 | B11: =IF(H11>$H$2,"",(ROW()-5)) -> 6 | C11: x | H11: 6 | I11: =IF(H11<$H$2+1,($I$2-($I$2-1)*(LOG(H11)/LOG($H$2))),"") -> 24.667367 | J11: =INT(LOG($H$2,2))-ROUNDUP(LOG(H11,2),0)+IF(OR($H$2=1,$H$2=2,$H$2=4,$H$2=8,$H$2=16,$H$2=32,$H$2=64,$H$2=128,$H$2=256),0,1) -> 2 | K11: =J11*$J$2 -> 20 | M11: =IF(I11<>"",K11+I11+L11,0) -> 44.667367 | AH11: MP | AI11: 50
A12: =M12 -> 42.487922 | B12: =IF(H12>$H$2,"",(ROW()-5)) -> 7 | C12: x | H12: 7 | I12: =IF(H12<$H$2+1,($I$2-($I$2-1)*(LOG(H12)/LOG($H$2))),"") -> 22.487922 | J12: =INT(LOG($H$2,2))-ROUNDUP(LOG(H12,2),0)+IF(OR($H$2=1,$H$2=2,$H$2=4,$H$2=8,$H$2=16,$H$2=32,$H$2=64,$H$2=128,$H$2=256),0,1) -> 2 | K12: =J12*$J$2 -> 20 | M12: =IF(I12<>"",K12+I12+L12,0) -> 42.487922 | AH12: MP-1 | AI12: =AI11-1 -> 49
A13: =M13 -> 40.6 | B13: =IF(H13>$H$2,"",(ROW()-5)) -> 8 | C13: x | H13: 8 | I13: =IF(H13<$H$2+1,($I$2-($I$2-1)*(LOG(H13)/LOG($H$2))),"") -> 20.6 | J13: =INT(LOG($H$2,2))-ROUNDUP(LOG(H13,2),0)+IF(OR($H$2=1,$H$2=2,$H$2=4,$H$2=8,$H$2=16,$H$2=32,$H$2=64,$H$2=128,$H$2=256),0,1) -> 2 | K13: =J13*$J$2 -> 20 | M13: =IF(I13<>"",K13+I13+L13,0) -> 40.6 | AH13: log(x) | AI13: =LOG(AI9) -> 1.3617278
A14: =M14 -> 28.934735 | B14: =IF(H14>$H$2,"",(ROW()-5)) -> 9 | C14: x | H14: 9 | I14: =IF(H14<$H$2+1,($I$2-($I$2-1)*(LOG(H14)/LOG($H$2))),"") -> 18.934735 | J14: =INT(LOG($H$2,2))-ROUNDUP(LOG(H14,2),0)+IF(OR($H$2=1,$H$2=2,$H$2=4,$H$2=8,$H$2=16,$H$2=32,$H$2=64,$H$2=128,$H$2=256),0,1) -> 1 | K14: =J14*$J$2 -> 10 | M14: =IF(I14<>"",K14+I14+L14,0) -> 28.934735 | AH14: Log(N) | AI14: =LOG(AI10) -> 1.6532125
A15: =M15 -> 27.445105 | B15: =IF(H15>$H$2,"",(ROW()-5)) -> 10 | C15: KRZEMIŃSKI Mariusz | H15: 10 | I15: =IF(H15<$H$2+1,($I$2-($I$2-1)*(LOG(H15)/LOG($H$2))),"") -> 17.445105 | J15: =INT(LOG($H$2,2))-ROUNDUP(LOG(H15,2),0)+IF(OR($H$2=1,$H$2=2,$H$2=4,$H$2=8,$H$2=16,$H$2=32,$H$2=64,$H$2=128,$H$2=256),0,1) -> 1 | K15: =J15*$J$2 -> 10 | M15: =IF(I15<>"",K15+I15+L15,0) -> 27.445105
A16: =M16 -> 26.09757 | B16: =IF(H16>$H$2,"",(ROW()-5)) -> 11 | C16: x | H16: 11 | I16: =IF(H16<$H$2+1,($I$2-($I$2-1)*(LOG(H16)/LOG($H$2))),"") -> 16.09757 | J16: =INT(LOG($H$2,2))-ROUNDUP(LOG(H16,2),0)+IF(OR($H$2=1,$H$2=2,$H$2=4,$H$2=8,$H$2=16,$H$2=32,$H$2=64,$H$2=128,$H$2=256),0,1) -> 1 | K16: =J16*$J$2 -> 10 | M16: =IF(I16<>"",K16+I16+L16,0) -> 26.09757 | AH16: MP - (MP-1)*LOG(x)/LOG(N) | AI16: =AI11-AI12*AI13/AI14 -> 9.6393909 | AJ16: points
A17: =M17 -> 24.867367 | B17: =IF(H17>$H$2,"",(ROW()-5)) -> 12 | C17: x | H17: 12 | I17: =IF(H17<$H$2+1,($I$2-($I$2-1)*(LOG(H17)/LOG($H$2))),"") -> 14.867367 | J17: =INT(LOG($H$2,2))-ROUNDUP(LOG(H17,2),0)+IF(OR($H$2=1,$H$2=2,$H$2=4,$H$2=8,$H$2=16,$H$2=32,$H$2=64,$H$2=128,$H$2=256),0,1) -> 1 | K17: =J17*$J$2 -> 10 | M17: =IF(I17<>"",K17+I17+L17,0) -> 24.867367
A18: =M18 -> 23.735691 | B18: =IF(H18>$H$2,"",(ROW()-5)) -> 13 | C18: x | H18: 13 | I18: =IF(H18<$H$2+1,($I$2-($I$2-1)*(LOG(H18)/LOG($H$2))),"") -> 13.735691 | J18: =INT(LOG($H$2,2))-ROUNDUP(LOG(H18,2),0)+IF(OR($H$2=1,$H$2=2,$H$2=4,$H$2=8,$H$2=16,$H$2=32,$H$2=64,$H$2=128,$H$2=256),0,1) -> 1 | K18: =J18*$J$2 -> 10 | M18: =IF(I18<>"",K18+I18+L18,0) -> 23.735691
A19: =M19 -> 22.687922 | B19: =IF(H19>$H$2,"",(ROW()-5)) -> 14 | C19: x | H19: 14 | I19: =IF(H19<$H$2+1,($I$2-($I$2-1)*(LOG(H19)/LOG($H$2))),"") -> 12.687922 | J19: =INT(LOG($H$2,2))-ROUNDUP(LOG(H19,2),0)+IF(OR($H$2=1,$H$2=2,$H$2=4,$H$2=8,$H$2=16,$H$2=32,$H$2=64,$H$2=128,$H$2=256),0,1) -> 1 | K19: =J19*$J$2 -> 10 | M19: =IF(I19<>"",K19+I19+L19,0) -> 22.687922
A20: =M20 -> 21.712472 | B20: =IF(H20>$H$2,"",(ROW()-5)) -> 15 | C20: x | H20: 15 | I20: =IF(H20<$H$2+1,($I$2-($I$2-1)*(LOG(H20)/LOG($H$2))),"") -> 11.712472 | J20: =INT(LOG($H$2,2))-ROUNDUP(LOG(H20,2),0)+IF(OR($H$2=1,$H$2=2,$H$2=4,$H$2=8,$H$2=16,$H$2=32,$H$2=64,$H$2=128,$H$2=256),0,1) -> 1 | K20: =J20*$J$2 -> 10 | M20: =IF(I20<>"",K20+I20+L20,0) -> 21.712472
A21: =M21 -> 20.8 | B21: =IF(H21>$H$2,"",(ROW()-5)) -> 16 | C21: x | H21: 16 | I21: =IF(H21<$H$2+1,($I$2-($I$2-1)*(LOG(H21)/LOG($H$2))),"") -> 10.8 | J21: =INT(LOG($H$2,2))-ROUNDUP(LOG(H21,2),0)+IF(OR($H$2=1,$H$2=2,$H$2=4,$H$2=8,$H$2=16,$H$2=32,$H$2=64,$H$2=128,$H$2=256),0,1) -> 1 | K21: =J21*$J$2 -> 10 | M21: =IF(I21<>"",K21+I21+L21,0) -> 20.8
A22: =M22 -> 9.9428642 | B22: =IF(H22>$H$2,"",(ROW()-5)) -> 17 | C22: x | H22: 17 | I22: =IF(H22<$H$2+1,($I$2-($I$2-1)*(LOG(H22)/LOG($H$2))),"") -> 9.9428642 | J22: =INT(LOG($H$2,2))-ROUNDUP(LOG(H22,2),0)+IF(OR($H$2=1,$H$2=2,$H$2=4,$H$2=8,$H$2=16,$H$2=32,$H$2=64,$H$2=128,$H$2=256),0,1) -> 0 | K22: =J22*$J$2 -> 0 | M22: =IF(I22<>"",K22+I22+L22,0) -> 9.9428642
A23: =M23 -> 9.134735 | B23: =IF(H23>$H$2,"",(ROW()-5)) -> 18 | C23: x | H23: 18 | I23: =IF(H23<$H$2+1,($I$2-($I$2-1)*(LOG(H23)/LOG($H$2))),"") -> 9.134735 | J23: =INT(LOG($H$2,2))-ROUNDUP(LOG(H23,2),0)+IF(OR($H$2=1,$H$2=2,$H$2=4,$H$2=8,$H$2=16,$H$2=32,$H$2=64,$H$2=128,$H$2=256),0,1) -> 0 | K23: =J23*$J$2 -> 0 | M23: =IF(I23<>"",K23+I23+L23,0) -> 9.134735
A24: =M24 -> 8.3703104 | B24: =IF(H24>$H$2,"",(ROW()-5)) -> 19 | C24: x | H24: 19 | I24: =IF(H24<$H$2+1,($I$2-($I$2-1)*(LOG(H24)/LOG($H$2))),"") -> 8.3703104 | J24: =INT(LOG($H$2,2))-ROUNDUP(LOG(H24,2),0)+IF(OR($H$2=1,$H$2=2,$H$2=4,$H$2=8,$H$2=16,$H$2=32,$H$2=64,$H$2=128,$H$2=256),0,1) -> 0 | K24: =J24*$J$2 -> 0 | M24: =IF(I24<>"",K24+I24+L24,0) -> 8.3703104
A25: =M25 -> 7.6451047 | B25: =IF(H25>$H$2,"",(ROW()-5)) -> 20 | C25: x | H25: 20 | I25: =IF(H25<$H$2+1,($I$2-($I$2-1)*(LOG(H25)/LOG($H$2))),"") -> 7.6451047 | J25: =INT(LOG($H$2,2))-ROUNDUP(LOG(H25,2),0)+IF(OR($H$2=1,$H$2=2,$H$2=4,$H$2=8,$H$2=16,$H$2=32,$H$2=64,$H$2=128,$H$2=256),0,1) -> 0 | K25: =J25*$J$2 -> 0 | M25: =IF(I25<>"",K25+I25+L25,0) -> 7.6451047
A26: =M26 -> 6.9552893 | B26: =IF(H26>$H$2,"",(ROW()-5)) -> 21 | C26: x | H26: 21 | I26: =IF(H26<$H$2+1,($I$2-($I$2-1)*(LOG(H26)/LOG($H$2))),"") -> 6.9552893 | J26: =INT(LOG($H$2,2))-ROUNDUP(LOG(H26,2),0)+IF(OR($H$2=1,$H$2=2,$H$2=4,$H$2=8,$H$2=16,$H$2=32,$H$2=64,$H$2=128,$H$2=256),0,1) -> 0 | K26: =J26*$J$2 -> 0 | M26: =IF(I26<>"",K26+I26+L26,0) -> 6.9552893
A27: =M27 -> 6.2975701 | B27: =IF(H27>$H$2,"",(ROW()-5)) -> 22 | C27: x | H27: 22 | I27: =IF(H27<$H$2+1,($I$2-($I$2-1)*(LOG(H27)/LOG($H$2))),"") -> 6.2975701 | J27: =INT(LOG($H$2,2))-ROUNDUP(LOG(H27,2),0)+IF(OR($H$2=1,$H$2=2,$H$2=4,$H$2=8,$H$2=16,$H$2=32,$H$2=64,$H$2=128,$H$2=256),0,1) -> 0 | K27: =J27*$J$2 -> 0 | M27: =IF(I27<>"",K27+I27+L27,0) -> 6.2975701
A28: =M28 -> 5.6690928 | B28: =IF(H28>$H$2,"",(ROW()-5)) -> 23 | C28: x | H28: 23 | I28: =IF(H28<$H$2+1,($I$2-($I$2-1)*(LOG(H28)/LOG($H$2))),"") -> 5.6690928 | J28: =INT(LOG($H$2,2))-ROUNDUP(LOG(H28,2),0)+IF(OR($H$2=1,$H$2=2,$H$2=4,$H$2=8,$H$2=16,$H$2=32,$H$2=64,$H$2=128,$H$2=256),0,1) -> 0 | K28: =J28*$J$2 -> 0 | M28: =IF(I28<>"",K28+I28+L28,0) -> 5.6690928
... A30: =M30 -> 4.4902093 | B30: =IF(H30>$H$2,"",(ROW()-5)) -> 25 | C30: x | H30: 25 | I30: =IF(H30<$H$2+1,($I$2-($I$2-1)*(LOG(H30)/LOG($H$2))),"") -> 4.4902093 | J30: =INT(LOG($H$2,2))-ROUNDUP(LOG(H30,2),0)+IF(OR($H$2=1,$H$2=2,$H$2=4,$H$2=8,$H$2=16,$H$2=32,$H$2=64,$H$2=128,$H$2=256),0,1) -> 0 | K30: =J30*$J$2 -> 0 | M30: =IF(I30<>"",K30+I30+L30,0) -> 4.4902093
A31: 38.148358 | B31: =IF(H31>$H$2,"",(ROW()-5)) -> 26 | C31: x | H31: 11 | I31: 18.148358 | J31: 2 | K31: 20 | M31: 38.148358 | AH31: MP - (MP-1)*LOG(x)/LOG(N) | AI31: 9.6393909 | AJ31: points
A32: =M32 -> 3.4021025 | B32: =IF(H32>$H$2,"",(ROW()-5)) -> 27 | C32: x | H32: 27 | I32: =IF(H32<$H$2+1,($I$2-($I$2-1)*(LOG(H32)/LOG($H$2))),"") -> 3.4021025 | J32: =INT(LOG($H$2,2))-ROUNDUP(LOG(H32,2),0)+IF(OR($H$2=1,$H$2=2,$H$2=4,$H$2=8,$H$2=16,$H$2=32,$H$2=64,$H$2=128,$H$2=256),0,1) -> 0 | K32: =J32*$J$2 -> 0 | M32: =IF(I32<>"",K32+I32+L32,0) -> 3.4021025
A33: =M33 -> 2.8879218 | B33: =IF(H33>$H$2,"",(ROW()-5)) -> 28 | C33: x | H33: 28 | I33: =IF(H33<$H$2+1,($I$2-($I$2-1)*(LOG(H33)/LOG($H$2))),"") -> 2.8879218 | J33: =INT(LOG($H$2,2))-ROUNDUP(LOG(H33,2),0)+IF(OR($H$2=1,$H$2=2,$H$2=4,$H$2=8,$H$2=16,$H$2=32,$H$2=64,$H$2=128,$H$2=256),0,1) -> 0 | K33: =J33*$J$2 -> 0 | M33: =IF(I33<>"",K33+I33+L33,0) -> 2.8879218
A34: =M34 -> 2.3917862 | B34: =IF(H34>$H$2,"",(ROW()-5)) -> 29 | C34: x | H34: 29 | I34: =IF(H34<$H$2+1,($I$2-($I$2-1)*(LOG(H34)/LOG($H$2))),"") -> 2.3917862 | J34: =INT(LOG($H$2,2))-ROUNDUP(LOG(H34,2),0)+IF(OR($H$2=1,$H$2=2,$H$2=4,$H$2=8,$H$2=16,$H$2=32,$H$2=64,$H$2=128,$H$2=256),0,1) -> 0 | K34: =J34*$J$2 -> 0 | M34: =IF(I34<>"",K34+I34+L34,0) -> 2.3917862
