Workbook

Sheet Lista osób
E1: DEKLARACJA CZŁONKOWSKA
A2: LP | B2: NAZWISKO I IMIĘ | C2: ADRES EMAIL | D2: TELEFON | E2: DEKLARACJA | F2: PDF | G2: RODO | H2: Komentarz
A3: =ROW()-2 -> 1 | B3: Adamczewski Wojciech | C3: wojtekadamczewski52@gmail.com | D3: 501064047 | E3: TAK | F3: TAK | G3: =IF(E3="TAK","TAK","?") -> TAK
A4: =ROW()-2 -> 2 | B4: Adamczyk Grzegorz | E4: ? | F4: ? | G4: =IF(E4="TAK","TAK","?") -> ?
A5: =ROW()-2 -> 3 | B5: Adamska Maria | C5: komormaria@gmail.com | E5: ? | F5: ? | G5: =IF(E5="TAK","TAK","?") -> ?
A6: =ROW()-2 -> 4 | B6: Andersch Robert | E6: ? | F6: ? | G6: =IF(E6="TAK","TAK","?") -> ?
A7: =ROW()-2 -> 5 | B7: Atanassow Aleksander | C7: a.atanassow@gmail.com a.atanassow@protonmail.com | D7: 501488111 | E7: TAK | F7: TAK | G7: =IF(E7="TAK","TAK","?") -> TAK
A8: =ROW()-2 -> 6 | B8: Augustowski Waldemar | C8: waldemar.augustowski@ins.com.pl | D8: 505195111 | E8: TAK | F8: TAK | G8: =IF(E8="TAK","TAK","?") -> TAK
A9: =ROW()-2 -> 7 | B9: Augustyn Kajetan | E9: ? | F9: ? | G9: =IF(E9="TAK","TAK","?") -> ?
A10: =ROW()-2 -> 8 | B10: Baran Agata | C10: agata.baran@poczta.onet.pl | D10: 604425269 | E10: TAK | F10: TAK | G10: =IF(E10="TAK","TAK","?") -> TAK
A11: =ROW()-2 -> 9 | B11: Barański Wacław | C11: wbaranski@horn-poland.pl | D11: 501457669 | E11: NIE | F11: TAK | G11: =IF(E11="TAK","TAK","?") -> ? | H11: Rezygnacja
A12: =ROW()-2 -> 10 | B12: Bartusik Grzegorz | C12: r.bartusik@gmail.com | D12: 799891797 | E12: TAK | F12: TAK | G12: =IF(E12="TAK","TAK","?") -> TAK
A13: =ROW()-2 -> 11 | B13: Bazak Jacek | C13: jacek.bazak@myhs.eu | D13: 505061114 | E13: TAK | F13: TAK | G13: =IF(E13="TAK","TAK","?") -> TAK
A14: =ROW()-2 -> 12 | B14: Bednarska Halina | C14: halinatrzensiok@gmail.com | D14: 604559134 | E14: TAK | F14: TAK | G14: =IF(E14="TAK","TAK","?") -> TAK
A15: =ROW()-2 -> 13 | B15: Bednarz Przemysław | C15: przemekbednarz007@gmail.com | D15: 507286690 | E15: TAK | F15: TAK | G15: =IF(E15="TAK","TAK","?") -> TAK
A16: =ROW()-2 -> 14 | B16: Betlej Daniel | C16: daniel.betlej@wp.pl | D16: 691130100 | E16: TAK | F16: TAK | G16: =IF(E16="TAK","TAK","?") -> TAK
A17: =ROW()-2 -> 15 | B17: Betleja Artur | C17: art_bee@onet.eu | E17: ? | F17: ? | G17: =IF(E17="TAK","TAK","?") -> ?
A18: =ROW()-2 -> 16 | B18: Bobusia Dariusz | C18: dareo.krosno@mail.com | D18: 447511102501 | E18: TAK | F18: TAK | G18: =IF(E18="TAK","TAK","?") -> TAK
A19: =ROW()-2 -> 17 | B19: Bobusia Jarosław | C19: urliczko@interia.pl | D19: 517954679 | E19: TAK | F19: TAK | G19: =IF(E19="TAK","TAK","?") -> TAK
A20: =ROW()-2 -> 18 | B20: Bonik-Ninard Agata | E20: ? | F20: ? | G20: =IF(E20="TAK","TAK","?") -> ?
A21: =ROW()-2 -> 19 | B21: Borkowska Halina | C21: borkowska-halina@wp.pl | D21: 605651010 | E21: TAK | F21: TAK | G21: =IF(E21="TAK","TAK","?") -> TAK
A22: =ROW()-2 -> 20 | B22: Borkowski Andrzej | C22: andrzej-rajmund@wp.pl | D22: 666640656 | E22: TAK | F22: TAK | G22: =IF(E22="TAK","TAK","?") -> TAK
A23: =ROW()-2 -> 21 | B23: Borysiuk Zbigniew | C23: z.borysiuk@po.edu.pl | D23: 606327299 | E23: TAK | F23: TAK | G23: =IF(E23="TAK","TAK","?") -> TAK
A24: =ROW()-2 -> 22 | B24: Bromberek Angelika | E24: ? | F24: ? | G24: =IF(E24="TAK","TAK","?") -> ?
A25: =ROW()-2 -> 23 | B25: Brosch Artur | E25: ? | F25: ? | G25: =IF(E25="TAK","TAK","?") -> ?
A26: =ROW()-2 -> 24 | B26: Bujko Jacek | E26: ? | F26: ? | G26: =IF(E26="TAK","TAK","?") -> ?
A27: =ROW()-2 -> 25 | B27: Bujko Paulina | E27: ? | F27: ? | G27: =IF(E27="TAK","TAK","?") -> ?
A28: =ROW()-2 -> 26 | B28: Burlikowski Bartosz | C28: bburlikowski@gmail.com | D28: 500051007 | E28: TAK | F28: TAK | G28: =IF(E28="TAK","TAK","?") -> TAK
A29: =ROW()-2 -> 27 | B29: Caniard Henry | E29: ? | F29: ? | G29: =IF(E29="TAK","TAK","?") -> ?
A30: =ROW()-2 -> 28 | B30: Chmielewska Emilia | C30: chmielewska.emilia@gmail.com | D30: 696063845 | E30: TAK | F30: TAK | G30: =IF(E30="TAK","TAK","?") -> TAK
A31: =ROW()-2 -> 29 | B31: Chojnacki Tomasz | C31: chojna877@o2.pl | E31: ? | F31: ? | G31: =IF(E31="TAK","TAK","?") -> ?
A32: =ROW()-2 -> 30 | B32: Chojnecki Mateusz | C32: mateuszchojnecki@gmail.com | D32: 608294480 | E32: TAK | F32: TAK | G32: =IF(E32="TAK","TAK","?") -> TAK
A33: =ROW()-2 -> 31 | B33: Chudycki Artur | C33: chudycki@poczta.onet.pl | D33: 603204624 | E33: TAK | F33: TAK | G33: =IF(E33="TAK","TAK","?") -> TAK
A34: =ROW()-2 -> 32 | B34: Ciepły Tomasz | C34: cieplytom@gmail.com | D34: 502560769 | E34: TAK | F34: TAK | G34: =IF(E34="TAK","TAK","?") -> TAK
A35: =ROW()-2 -> 33 | B35: Cygański Tomasz | C35: cygan160@op.pl | D35: 603868477 | E35: TAK | F35: TAK | G35: =IF(E35="TAK","TAK","?") -> TAK
A36: =ROW()-2 -> 34 | B36: Czajkowski Marcin | C36: marcin@videotesty.pl | D36: 513006604 | E36: TAK | F36: TAK | G36: =IF(E36="TAK","TAK","?") -> TAK
A37: =ROW()-2 -> 35 | B37: Ćwioro Krzysztof | C37: kcwioro@grupa-logo.pl | D37: 600316820 | E37: TAK | F37: TAK | G37: =IF(E37="TAK","TAK","?") -> TAK
A38: =ROW()-2 -> 36 | B38: Ćwioro Tomasz | C38: tomekcwioro@gmail.com | D38: 733547733 | E38: TAK | F38: TAK | G38: =IF(E38="TAK","TAK","?") -> TAK
A39: =ROW()-2 -> 37 | B39: Damian Mateusz | C39: dziubek2_88@o2.pl | D39: 51333213 | E39: TAK | F39: TAK | G39: =IF(E39="TAK","TAK","?") -> TAK
A40: =ROW()-2 -> 38 | B40: Darul Tomasz | E40: ? | F40: ? | G40: =IF(E40="TAK","TAK","?") -> ?
A41: =ROW()-2 -> 39 | B41: Dąbrowska - Mandrela Diana | C41: diana.dabrowska@gmail.com | D41: 601885766 | E41: TAK | F41: TAK | G41: =IF(E41="TAK","TAK","?") -> TAK
A42: =ROW()-2 -> 40 | B42: Dobrzański Maciej | C42: m.dobrzanski@pgg.pl | D42: 607422303 | E42: TAK | F42: TAK | G42: =IF(E42="TAK","TAK","?") -> TAK
A43: =ROW()-2 -> 41 | B43: Domański Sławomir | E43: ? | F43: ? | G43: =IF(E43="TAK","TAK","?") -> ?
A44: =ROW()-2 -> 42 | B44: Drapella Maciej | C44: maciejdrapella@gmail.com | D44: 502668855 | E44: TAK | F44: TAK | G44: =IF(E44="TAK","TAK","?") -> TAK
A45: =ROW()-2 -> 43 | B45: Drapella Magdalena | C45: magdadrapella@onet.pl | D45: 505052455 | E45: TAK | F45: TAK | G45: =IF(E45="TAK","TAK","?") -> TAK
A46: =ROW()-2 -> 44 | B46: Drobczyk Paweł | E46: ? | F46: ? | G46: =IF(E46="TAK","TAK","?") -> ?
A47: =ROW()-2 -> 45 | B47: Drobiński Leszek | C47: drobinskileszek@gmail.com | D47: 607566632 | E47: TAK | F47: TAK | G47: =IF(E47="TAK","TAK","?") -> TAK
A48: =ROW()-2 -> 46 | B48: Dudek Mariusz | C48: mariusz.dudek@poczta.onet.pl | D48: 607711010 | E48: TAK | F48: TAK | G48: =IF(E48="TAK","TAK","?") -> TAK
A49: =ROW()-2 -> 47 | B49: Dworakowska-Banaś Agnieszka | C49: hadbanas@interia.pl | E49: ? | F49: ? | G49: =IF(E49="TAK","TAK","?") -> ?
A50: =ROW()-2 -> 48 | B50: Dynarek Aleksadner | E50: ? | F50: ? | G50: =IF(E50="TAK","TAK","?") -> ?
A51: =ROW()-2 -> 49 | B51: Dziubiński Mateusz | C51: dziubek28@o2.pl | D51: 513332113 | E51: TAK | F51: TAK | G51: =IF(E51="TAK","TAK","?") -> TAK
A52: =ROW()-2 -> 50 | B52: Forajter Roman | C52: r.forajter@biuro-forajter.pl | D52: 512119709 | E52: TAK | F52: TAK | G52: =IF(E52="TAK","TAK","?") -> TAK
A53: =ROW()-2 -> 51 | B53: Fraś Feliks | E53: ? | F53: ? | G53: =IF(E53="TAK","TAK","?") -> ?
A54: =ROW()-2 -> 52 | B54: Frydrych Aleksander | E54: TAK | F54: ? | G54: =IF(E54="TAK","TAK","?") -> TAK
A55: =ROW()-2 -> 53 | B55: Frydrych Szymon | C55: zuberbohcer@gmail.com | D55: 501536257 | E55: TAK | F55: TAK | G55: =IF(E55="TAK","TAK","?") -> TAK
A56: =ROW()-2 -> 54 | B56: Frydrycki Bartłomiej | E56: ? | F56: ? | G56: =IF(E56="TAK","TAK","?") -> ?
A57: =ROW()-2 -> 55 | B57: Frydrycki Mariusz | C57: mariuszfrydrycki@gmail.com | D57: 882160602 | E57: TAK | F57: TAK | G57: =IF(E57="TAK","TAK","?") -> TAK
A58: =ROW()-2 -> 56 | B58: Fuhrmann Urlike | C58: urlikefuhrmann6@gmail.com | D58: 608867229 | E58: TAK | F58: TAK | G58: =IF(E58="TAK","TAK","?") -> TAK
A59: =ROW()-2 -> 57 | B59: Furmaniak Andrzej | C59: amf.private@gmail.com | D59: 792762148 | E59: TAK | F59: TAK | G59: =IF(E59="TAK","TAK","?") -> TAK
A60: =ROW()-2 -> 58 | B60: Gajda Krzysztof | E60: ? | F60: ? | G60: =IF(E60="TAK","TAK","?") -> ?
A61: =ROW()-2 -> 59 | B61: Gajda Leszek | C61: krzysblg@interia.pl | D61: 887080265 | E61: TAK | F61: TAK | G61: =IF(E61="TAK","TAK","?") -> TAK
A62: =ROW()-2 -> 60 | B62: Gajda Zbigniew | C62: basia.gajda65@gmail.com | D62: 505514564 | E62: TAK | F62: TAK | G62: =IF(E62="TAK","TAK","?") -> TAK
A63: =ROW()-2 -> 61 | B63: Ganszczyk Anna | C63: ania.stypinski@wp.pl | D63: 731746126 | E63: TAK | F63: TAK | G63: =IF(E63="TAK","TAK","?") -> TAK
A64: =ROW()-2 -> 62 | B64: Ganszczyk Marcin | C64: marcin.ganszczyk@wp.pl | D64: 792741222 | E64: TAK | F64: TAK | G64: =IF(E64="TAK","TAK","?") -> TAK
A65: =ROW()-2 -> 63 | B65: Gawle Katarzyna | C65: Katarzyna.brola@gmail.com | E65: ? | F65: ? | G65: =IF(E65="TAK","TAK","?") -> ?
A66: =ROW()-2 -> 64 | B66: Gąsiorowski Maciej | C66: gasiorowski.maciej@wp.pl | D66: 504490488 | E66: TAK | F66: TAK | G66: =IF(E66="TAK","TAK","?") -> TAK
A67: =ROW()-2 -> 65 | B67: Gęzikiewicz Marcin | C67: mgezikiewicz@gmail.com | E67: TAK | F67: ? | G67: =IF(E67="TAK","TAK","?") -> TAK
A68: =ROW()-2 -> 66 | B68: Giers-Romek Monika | C68: monika.giers.romek@gmail.com | D68: 600885486 | E68: TAK | F68: TAK | G68: =IF(E68="TAK","TAK","?") -> TAK
A69: =ROW()-2 -> 67 | B69: Ginzery Tomas | E69: ? | F69: ? | G69: =IF(E69="TAK","TAK","?") -> ?
A70: =ROW()-2 -> 68 | B70: Gola Maciej | C70: maciej.gola@gmail.com | D70: 606635335 | E70: TAK | F70: TAK | G70: =IF(E70="TAK","TAK","?") -> TAK
A71: =ROW()-2 -> 69 | B71: Grabowski Alan | C71: grabowskialan@gmail.com | D71: 880651214 | E71: TAK | F71: TAK | G71: =IF(E71="TAK","TAK","?") -> TAK
A72: =ROW()-2 -> 70 | B72: Grabowski Romuald | C72: grabowskiromuald20@gmail.com | D72: 602443698 | E72: TAK | F72: TAK | G72: =IF(E72="TAK","TAK","?") -> TAK
A73: =ROW()-2 -> 71 | B73: Grabowski Sebastian | C73: sg.szermierz@gmail.com | D73: 792636369 | E73: TAK | F73: TAK | G73: =IF(E73="TAK","TAK","?") -> TAK
A74: =ROW()-2 -> 72 | B74: Graczyk Anna | C74: ankagraczyk@gmail.com | D74: 666869532 | E74: TAK | F74: TAK | G74: =IF(E74="TAK","TAK","?") -> TAK
A75: =ROW()-2 -> 73 | B75: Graczyk Bogdan | C75: boggra@gmail.com | D75: 605445099 | E75: TAK | F75: TAK | G75: =IF(E75="TAK","TAK","?") -> TAK
A76: =ROW()-2 -> 74 | B76: Graczykowski Mateusz | E76: ? | F76: ? | G76: =IF(E76="TAK","TAK","?") -> ?
A77: =ROW()-2 -> 75 | B77: Gręzikiewicz Marcin | C77: mgrezikiewicz@gmail.com | D77: 666503442 | E77: TAK | F77: TAK | G77: =IF(E77="TAK","TAK","?") -> TAK
A78: =ROW()-2 -> 76 | B78: Gripas Artiom | E78: ? | F78: ? | G78: =IF(E78="TAK","TAK","?") -> ?
A79: =ROW()-2 -> 77 | B79: Grodner Michał | C79: grodner.michal@gmail.com | D79: 604403448 | E79: TAK | F79: TAK | G79: =IF(E79="TAK","TAK","?") -> TAK
A80: =ROW()-2 -> 78 | B80: Gromada Roland | C80: roland.gromada@gmail.com | D80: 696358128 | E80: TAK | F80: TAK | G80: =IF(E80="TAK","TAK","?") -> TAK
A81: =ROW()-2 -> 79 | B81: Grzegorek Norbert | C81: norbert.grzegorek@gmail.com | D81: 660405880 | E81: TAK | F81: TAK | G81: =IF(E81="TAK","TAK","?") -> TAK
A82: =ROW()-2 -> 80 | B82: Grzywacz Mirosław | C82: mgrzywacz@lamafer.pl | D82: 509969689 | E82: TAK | F82: TAK | G82: =IF(E82="TAK","TAK","?") -> TAK
A83: =ROW()-2 -> 81 | B83: Guenther Grzegorz | E83: ? | F83: ? | G83: =IF(E83="TAK","TAK","?") -> ?
A84: =ROW()-2 -> 82 | B84: Guzy Adrian | C84: guzy.adrian@gmail.com | D84: 606276845 | E84: TAK | F84: TAK | G84: =IF(E84="TAK","TAK","?") -> TAK
A85: =ROW()-2 -> 83 | B85: Gwiazda Paweł | C85: cycerostar@interia.pl | D85: 663830616 | E85: TAK | F85: TAK | G85: =IF(E85="TAK","TAK","?") -> TAK
A86: =ROW()-2 -> 84 | B86: Hajdas Martyna | E86: ? | F86: ? | G86: =IF(E86="TAK","TAK","?") -> ?
A87: =ROW()-2 -> 85 | B87: Hałoń Bartłomiej | C87: barthanson79@gmail.com | D87: 669663070 | E87: TAK | F87: TAK | G87: =IF(E87="TAK","TAK","?") -> TAK
A88: =ROW()-2 -> 86 | B88: Haśko Sergiusz | C88: sergiusz.hasko@gmail.com | D88: 500094504 | E88: TAK | F88: TAK | G88: =IF(E88="TAK","TAK","?") -> TAK
A89: =ROW()-2 -> 87 | B89: Hełka Jacek | C89: jacentino@gmail.com | D89: 606213394 | E89: TAK | F89: TAK | G89: TAK
A90: =ROW()-2 -> 88 | B90: Heronimek Leszek | C90: heronimek@him-proinwest.pl | D90: 501690776 | E90: TAK | F90: TAK | G90: =IF(E90="TAK","TAK","?") -> TAK
A91: =ROW()-2 -> 89 | B91: Irzyk Sabina | E91: ? | F91: ? | G91: =IF(E91="TAK","TAK","?") -> ?
A92: =ROW()-2 -> 90 | B92: Jabłońska Ewa | C92: e_jot@interia.pl | D92: 604327306 | E92: TAK | F92: TAK | G92: =IF(E92="TAK","TAK","?") -> TAK
A93: =ROW()-2 -> 91 | B93: Jadczuk Wojciech | C93: w.jadczuk@gmail.com | D93: 502960968 | E93: TAK | F93: TAK | G93: =IF(E93="TAK","TAK","?") -> TAK
A94: =ROW()-2 -> 92 | B94: Jankowski Kamil | C94: jankowski12_12@o2.pl | D94: 509821663 | E94: TAK | F94: TAK | G94: =IF(E94="TAK","TAK","?") -> TAK
A95: =ROW()-2 -> 93 | B95: Jaroszek Zbigniew | C95: zjaroszek1@gmail.com | D95: 508127787 | E95: TAK | F95: TAK | G95: =IF(E95="TAK","TAK","?") -> TAK
A96: =ROW()-2 -> 94 | B96: Jasielczuk Igor | C96: igjasiel@gmail.com | D96: 696113036 | E96: TAK | F96: TAK | G96: =IF(E96="TAK","TAK","?") -> TAK
A97: =ROW()-2 -> 95 | B97: Jaszczak Piotr | C97: pejaszcz@gmail.com | D97: 604181652 | E97: TAK | F97: TAK | G97: =IF(E97="TAK","TAK","?") -> TAK
A98: =ROW()-2 -> 96 | B98: Jendryś Marek | C98: marekjendrys@gmail.com | D98: 698621712 | E98: TAK | F98: TAK | G98: =IF(E98="TAK","TAK","?") -> TAK
A99: =ROW()-2 -> 97 | B99: Jerozolimski Marek | E99: ? | F99: ? | G99: =IF(E99="TAK","TAK","?") -> ?
A100: =ROW()-2 -> 98 | B100: Juszkiewicz Piotr | C100: nurkowa@poczta.onet.pl | D100: 602743918 | E100: TAK | F100: TAK | G100: =IF(E100="TAK","TAK","?") -> TAK
...

Sheet Kategorie wiekowe
A1: LP | B1: NAZWISKO I IMIĘ | C1: DATA URODZENIA | E1: KATEGORIA
C2: DD/MM | D2: ROK
A3: =ROW()-2 -> 1 | B3: Adamczewski Wojciech | C3: 27/03 | D3: 1952 | E3: =IF(ISBLANK(D3),"?",IF(D3<=Slowniki!F$7,4,IF(D3<=Slowniki!F$6,3,IF(D3<=Slowniki!F$5,2,IF(D3<=Slowniki!F$4,1,0))))) -> 4
A4: =ROW()-2 -> 2 | B4: Adamczyk Grzegorz | E4: =IF(ISBLANK(D4),"?",IF(D4<=Slowniki!F$7,4,IF(D4<=Slowniki!F$6,3,IF(D4<=Slowniki!F$5,2,IF(D4<=Slowniki!F$4,1,0))))) -> ?
A5: =ROW()-2 -> 3 | B5: Adamska Maria | C5: 23/07 | D5: 1979 | E5: =IF(ISBLANK(D5),"?",IF(D5<=Slowniki!F$7,4,IF(D5<=Slowniki!F$6,3,IF(D5<=Slowniki!F$5,2,IF(D5<=Slowniki!F$4,1,0))))) -> 1
A6: =ROW()-2 -> 4 | B6: Andersch Robert | E6: =IF(ISBLANK(D6),"?",IF(D6<=Slowniki!F$7,4,IF(D6<=Slowniki!F$6,3,IF(D6<=Slowniki!F$5,2,IF(D6<=Slowniki!F$4,1,0))))) -> ?
A7: =ROW()-2 -> 5 | B7: Atanassow Aleksander | C7: 13/02 | D7: 1969 | E7: =IF(ISBLANK(D7),"?",IF(D7<=Slowniki!F$7,4,IF(D7<=Slowniki!F$6,3,IF(D7<=Slowniki!F$5,2,IF(D7<=Slowniki!F$4,1,0))))) -> 2
A8: =ROW()-2 -> 6 | B8: Augustowski Waldemar | C8: 15/03 | D8: 1959 | E8: =IF(ISBLANK(D8),"?",IF(D8<=Slowniki!F$7,4,IF(D8<=Slowniki!F$6,3,IF(D8<=Slowniki!F$5,2,IF(D8<=Slowniki!F$4,1,0))))) -> 3
A9: =ROW()-2 -> 7 | B9: Augustyn Kajetan | E9: =IF(ISBLANK(D9),"?",IF(D9<=Slowniki!F$7,4,IF(D9<=Slowniki!F$6,3,IF(D9<=Slowniki!F$5,2,IF(D9<=Slowniki!F$4,1,0))))) -> ?
A10: =ROW()-2 -> 8 | B10: Baran Agata | C10: 05/03 | D10: 1986 | E10: =IF(ISBLANK(D10),"?",IF(D10<=Slowniki!F$7,4,IF(D10<=Slowniki!F$6,3,IF(D10<=Slowniki!F$5,2,IF(D10<=Slowniki!F$4,1,0))))) -> 1
A11: =ROW()-2 -> 9 | B11: Barański Wacław | C11: 16/12 | D11: 1964 | E11: =IF(ISBLANK(D11),"?",IF(D11<=Slowniki!F$7,4,IF(D11<=Slowniki!F$6,3,IF(D11<=Slowniki!F$5,2,IF(D11<=Slowniki!F$4,1,0))))) -> 3
A12: =ROW()-2 -> 10 | B12: Bartusik Grzegorz | C12: 23/05 | D12: 1990 | E12: =IF(ISBLANK(D12),"?",IF(D12<=Slowniki!F$7,4,IF(D12<=Slowniki!F$6,3,IF(D12<=Slowniki!F$5,2,IF(D12<=Slowniki!F$4,1,0))))) -> 0
A13: =ROW()-2 -> 11 | B13: Bazak Jacek | C13: 10/03 | D13: 1974 | E13: =IF(ISBLANK(D13),"?",IF(D13<=Slowniki!F$7,4,IF(D13<=Slowniki!F$6,3,IF(D13<=Slowniki!F$5,2,IF(D13<=Slowniki!F$4,1,0))))) -> 2
A14: =ROW()-2 -> 12 | B14: Bednarska Halina | C14: 29/04 | D14: 1968 | E14: =IF(ISBLANK(D14),"?",IF(D14<=Slowniki!F$7,4,IF(D14<=Slowniki!F$6,3,IF(D14<=Slowniki!F$5,2,IF(D14<=Slowniki!F$4,1,0))))) -> 2
A15: =ROW()-2 -> 13 | B15: Bednarz Przemysław | C15: 14/10 | D15: 1984 | E15: =IF(ISBLANK(D15),"?",IF(D15<=Slowniki!F$7,4,IF(D15<=Slowniki!F$6,3,IF(D15<=Slowniki!F$5,2,IF(D15<=Slowniki!F$4,1,0))))) -> 1
A16: =ROW()-2 -> 14 | B16: Betlej Daniel | C16: 12/02 | D16: 1977 | E16: =IF(ISBLANK(D16),"?",IF(D16<=Slowniki!F$7,4,IF(D16<=Slowniki!F$6,3,IF(D16<=Slowniki!F$5,2,IF(D16<=Slowniki!F$4,1,0))))) -> 1
A17: =ROW()-2 -> 15 | B17: Betleja Artur | C17: 15/07 | D17: 1984 | E17: =IF(ISBLANK(D17),"?",IF(D17<=Slowniki!F$7,4,IF(D17<=Slowniki!F$6,3,IF(D17<=Slowniki!F$5,2,IF(D17<=Slowniki!F$4,1,0))))) -> 1
A18: =ROW()-2 -> 16 | B18: Bobusia Dariusz | C18: 22/06 | D18: 1984 | E18: =IF(ISBLANK(D18),"?",IF(D18<=Slowniki!F$7,4,IF(D18<=Slowniki!F$6,3,IF(D18<=Slowniki!F$5,2,IF(D18<=Slowniki!F$4,1,0))))) -> 1
A19: =ROW()-2 -> 17 | B19: Bobusia Jarosław | C19: 10/06 | D19: 1985 | E19: =IF(ISBLANK(D19),"?",IF(D19<=Slowniki!F$7,4,IF(D19<=Slowniki!F$6,3,IF(D19<=Slowniki!F$5,2,IF(D19<=Slowniki!F$4,1,0))))) -> 1
A20: =ROW()-2 -> 18 | B20: Bonik-Ninard Agata | E20: =IF(ISBLANK(D20),"?",IF(D20<=Slowniki!F$7,4,IF(D20<=Slowniki!F$6,3,IF(D20<=Slowniki!F$5,2,IF(D20<=Slowniki!F$4,1,0))))) -> ?
A21: =ROW()-2 -> 19 | B21: Borkowska Halina | C21: 27/02 | D21: 1956 | E21: =IF(ISBLANK(D21),"?",IF(D21<=Slowniki!F$7,4,IF(D21<=Slowniki!F$6,3,IF(D21<=Slowniki!F$5,2,IF(D21<=Slowniki!F$4,1,0))))) -> 4
A22: =ROW()-2 -> 20 | B22: Borkowski Andrzej | C22: 10/11 | D22: 1950 | E22: =IF(ISBLANK(D22),"?",IF(D22<=Slowniki!F$7,4,IF(D22<=Slowniki!F$6,3,IF(D22<=Slowniki!F$5,2,IF(D22<=Slowniki!F$4,1,0))))) -> 4
A23: =ROW()-2 -> 21 | B23: Borysiuk Zbigniew | C23: 10/11 | D23: 1953 | E23: =IF(ISBLANK(D23),"?",IF(D23<=Slowniki!F$7,4,IF(D23<=Slowniki!F$6,3,IF(D23<=Slowniki!F$5,2,IF(D23<=Slowniki!F$4,1,0))))) -> 4
A24: =ROW()-2 -> 22 | B24: Bromberek Angelika | C24: 28/11 | D24: 1988 | E24: =IF(ISBLANK(D24),"?",IF(D24<=Slowniki!F$7,4,IF(D24<=Slowniki!F$6,3,IF(D24<=Slowniki!F$5,2,IF(D24<=Slowniki!F$4,1,0))))) -> 0
A25: =ROW()-2 -> 23 | B25: Brosch Artur | E25: =IF(ISBLANK(D25),"?",IF(D25<=Slowniki!F$7,4,IF(D25<=Slowniki!F$6,3,IF(D25<=Slowniki!F$5,2,IF(D25<=Slowniki!F$4,1,0))))) -> ?
A26: =ROW()-2 -> 24 | B26: Bujko Jacek | E26: =IF(ISBLANK(D26),"?",IF(D26<=Slowniki!F$7,4,IF(D26<=Slowniki!F$6,3,IF(D26<=Slowniki!F$5,2,IF(D26<=Slowniki!F$4,1,0))))) -> ?
A27: =ROW()-2 -> 25 | B27: Bujko Paulina | E27: =IF(ISBLANK(D27),"?",IF(D27<=Slowniki!F$7,4,IF(D27<=Slowniki!F$6,3,IF(D27<=Slowniki!F$5,2,IF(D27<=Slowniki!F$4,1,0))))) -> ?
A28: =ROW()-2 -> 26 | B28: Burlikowski Bartosz | C28: 20/11 | D28: 1972 | E28: =IF(ISBLANK(D28),"?",IF(D28<=Slowniki!F$7,4,IF(D28<=Slowniki!F$6,3,IF(D28<=Slowniki!F$5,2,IF(D28<=Slowniki!F$4,1,0))))) -> 2
A29: =ROW()-2 -> 27 | B29: Caniard Henry | E29: =IF(ISBLANK(D29),"?",IF(D29<=Slowniki!F$7,4,IF(D29<=Slowniki!F$6,3,IF(D29<=Slowniki!F$5,2,IF(D29<=Slowniki!F$4,1,0))))) -> ?
A30: =ROW()-2 -> 28 | B30: Chmielewska Emilia | C30: 26/07 | D30: 1986 | E30: =IF(ISBLANK(D30),"?",IF(D30<=Slowniki!F$7,4,IF(D30<=Slowniki!F$6,3,IF(D30<=Slowniki!F$5,2,IF(D30<=Slowniki!F$4,1,0))))) -> 1
A31: =ROW()-2 -> 29 | B31: Chojnacki Tomasz | C31: 15/12 | D31: 1987 | E31: =IF(ISBLANK(D31),"?",IF(D31<=Slowniki!F$7,4,IF(D31<=Slowniki!F$6,3,IF(D31<=Slowniki!F$5,2,IF(D31<=Slowniki!F$4,1,0))))) -> 0
A32: =ROW()-2 -> 30 | B32: Chojnecki Mateusz | C32: 29/01 | D32: 1988 | E32: =IF(ISBLANK(D32),"?",IF(D32<=Slowniki!F$7,4,IF(D32<=Slowniki!F$6,3,IF(D32<=Slowniki!F$5,2,IF(D32<=Slowniki!F$4,1,0))))) -> 0
A33: =ROW()-2 -> 31 | B33: Chudycki Artur | C33: 24/11 | D33: 1960 | E33: =IF(ISBLANK(D33),"?",IF(D33<=Slowniki!F$7,4,IF(D33<=Slowniki!F$6,3,IF(D33<=Slowniki!F$5,2,IF(D33<=Slowniki!F$4,1,0))))) -> 3
A34: =ROW()-2 -> 32 | B34: Ciepły Tomasz | C34: 07/04 | D34: 1980 | E34: =IF(ISBLANK(D34),"?",IF(D34<=Slowniki!F$7,4,IF(D34<=Slowniki!F$6,3,IF(D34<=Slowniki!F$5,2,IF(D34<=Slowniki!F$4,1,0))))) -> 1
A35: =ROW()-2 -> 33 | B35: Cygański Tomasz | C35: 03/03 | D35: 1973 | E35: =IF(ISBLANK(D35),"?",IF(D35<=Slowniki!F$7,4,IF(D35<=Slowniki!F$6,3,IF(D35<=Slowniki!F$5,2,IF(D35<=Slowniki!F$4,1,0))))) -> 2
A36: =ROW()-2 -> 34 | B36: Czajkowski Marcin | C36: 02/08 | D36: 1979 | E36: =IF(ISBLANK(D36),"?",IF(D36<=Slowniki!F$7,4,IF(D36<=Slowniki!F$6,3,IF(D36<=Slowniki!F$5,2,IF(D36<=Slowniki!F$4,1,0))))) -> 1
A37: =ROW()-2 -> 35 | B37: Ćwioro Krzysztof | C37: 20/08 | D37: 1960 | E37: =IF(ISBLANK(D37),"?",IF(D37<=Slowniki!F$7,4,IF(D37<=Slowniki!F$6,3,IF(D37<=Slowniki!F$5,2,IF(D37<=Slowniki!F$4,1,0))))) -> 3
A38: =ROW()-2 -> 36 | B38: Ćwioro Tomasz | C38: 20/03 | D38: 1985 | E38: =IF(ISBLANK(D38),"?",IF(D38<=Slowniki!F$7,4,IF(D38<=Slowniki!F$6,3,IF(D38<=Slowniki!F$5,2,IF(D38<=Slowniki!F$4,1,0))))) -> 1
A39: =ROW()-2 -> 37 | B39: Damian Mateusz | C39: 20/04 | D39: 1988 | E39: =IF(ISBLANK(D39),"?",IF(D39<=Slowniki!F$7,4,IF(D39<=Slowniki!F$6,3,IF(D39<=Slowniki!F$5,2,IF(D39<=Slowniki!F$4,1,0))))) -> 0
A40: =ROW()-2 -> 38 | B40: Darul Tomasz | C40: 27/07 | D40: 1978 | E40: =IF(ISBLANK(D40),"?",IF(D40<=Slowniki!F$7,4,IF(D40<=Slowniki!F$6,3,IF(D40<=Slowniki!F$5,2,IF(D40<=Slowniki!F$4,1,0))))) -> 1
A41: =ROW()-2 -> 39 | B41: Dąbrowska - Mandrela Diana | C41: 02/05 | D41: 1982 | E41: =IF(ISBLANK(D41),"?",IF(D41<=Slowniki!F$7,4,IF(D41<=Slowniki!F$6,3,IF(D41<=Slowniki!F$5,2,IF(D41<=Slowniki!F$4,1,0))))) -> 1
A42: =ROW()-2 -> 40 | B42: Dobrzański Maciej | C42: 21/11 | D42: 1978 | E42: =IF(ISBLANK(D42),"?",IF(D42<=Slowniki!F$7,4,IF(D42<=Slowniki!F$6,3,IF(D42<=Slowniki!F$5,2,IF(D42<=Slowniki!F$4,1,0))))) -> 1
A43: =ROW()-2 -> 41 | B43: Domański Sławomir | E43: =IF(ISBLANK(D43),"?",IF(D43<=Slowniki!F$7,4,IF(D43<=Slowniki!F$6,3,IF(D43<=Slowniki!F$5,2,IF(D43<=Slowniki!F$4,1,0))))) -> ?
A44: =ROW()-2 -> 42 | B44: Drapella Maciej | C44: 11/02 | D44: 1964 | E44: =IF(ISBLANK(D44),"?",IF(D44<=Slowniki!F$7,4,IF(D44<=Slowniki!F$6,3,IF(D44<=Slowniki!F$5,2,IF(D44<=Slowniki!F$4,1,0))))) -> 3
A45: =ROW()-2 -> 43 | B45: Drapella Magdalena | C45: 01/10 | D45: 1996 | E45: =IF(ISBLANK(D45),"?",IF(D45<=Slowniki!F$7,4,IF(D45<=Slowniki!F$6,3,IF(D45<=Slowniki!F$5,2,IF(D45<=Slowniki!F$4,1,0))))) -> 0
A46: =ROW()-2 -> 44 | B46: Drobczyk Paweł | C46: 03/12 | D46: 1980 | E46: =IF(ISBLANK(D46),"?",IF(D46<=Slowniki!F$7,4,IF(D46<=Slowniki!F$6,3,IF(D46<=Slowniki!F$5,2,IF(D46<=Slowniki!F$4,1,0))))) -> 1
A47: =ROW()-2 -> 45 | B47: Drobiński Leszek | C47: 18/08 | D47: 1967 | E47: =IF(ISBLANK(D47),"?",IF(D47<=Slowniki!F$7,4,IF(D47<=Slowniki!F$6,3,IF(D47<=Slowniki!F$5,2,IF(D47<=Slowniki!F$4,1,0))))) -> 2
A48: =ROW()-2 -> 46 | B48: Dudek Mariusz | C48: 14/12 | D48: 1973 | E48: =IF(ISBLANK(D48),"?",IF(D48<=Slowniki!F$7,4,IF(D48<=Slowniki!F$6,3,IF(D48<=Slowniki!F$5,2,IF(D48<=Slowniki!F$4,1,0))))) -> 2
A49: =ROW()-2 -> 47 | B49: Dworakowska-Banaś Agnieszka | E49: =IF(ISBLANK(D49),"?",IF(D49<=Slowniki!F$7,4,IF(D49<=Slowniki!F$6,3,IF(D49<=Slowniki!F$5,2,IF(D49<=Slowniki!F$4,1,0))))) -> ?
A50: =ROW()-2 -> 48 | B50: Dynarek Aleksadner | C50: 12/05 | D50: 1990 | E50: =IF(ISBLANK(D50),"?",IF(D50<=Slowniki!F$7,4,IF(D50<=Slowniki!F$6,3,IF(D50<=Slowniki!F$5,2,IF(D50<=Slowniki!F$4,1,0))))) -> 0
A51: =ROW()-2 -> 49 | B51: Dziubiński Mateusz | C51: 20/06 | D51: 1988 | E51: =IF(ISBLANK(D51),"?",IF(D51<=Slowniki!F$7,4,IF(D51<=Slowniki!F$6,3,IF(D51<=Slowniki!F$5,2,IF(D51<=Slowniki!F$4,1,0))))) -> 0
A52: =ROW()-2 -> 50 | B52: Forajter Roman | C52: 03/06 | D52: 1977 | E52: =IF(ISBLANK(D52),"?",IF(D52<=Slowniki!F$7,4,IF(D52<=Slowniki!F$6,3,IF(D52<=Slowniki!F$5,2,IF(D52<=Slowniki!F$4,1,0))))) -> 1
A53: =ROW()-2 -> 51 | B53: Fraś Feliks | E53: =IF(ISBLANK(D53),"?",IF(D53<=Slowniki!F$7,4,IF(D53<=Slowniki!F$6,3,IF(D53<=Slowniki!F$5,2,IF(D53<=Slowniki!F$4,1,0))))) -> ?
A54: =ROW()-2 -> 52 | B54: Frydrych Aleksander | E54: =IF(ISBLANK(D54),"?",IF(D54<=Slowniki!F$7,4,IF(D54<=Slowniki!F$6,3,IF(D54<=Slowniki!F$5,2,IF(D54<=Slowniki!F$4,1,0))))) -> ?
A55: =ROW()-2 -> 53 | B55: Frydrych Szymon | C55: 27/05 | D55: 1986 | E55: =IF(ISBLANK(D55),"?",IF(D55<=Slowniki!F$7,4,IF(D55<=Slowniki!F$6,3,IF(D55<=Slowniki!F$5,2,IF(D55<=Slowniki!F$4,1,0))))) -> 1
A56: =ROW()-2 -> 54 | B56: Frydrycki Bartłomiej | E56: =IF(ISBLANK(D56),"?",IF(D56<=Slowniki!F$7,4,IF(D56<=Slowniki!F$6,3,IF(D56<=Slowniki!F$5,2,IF(D56<=Slowniki!F$4,1,0))))) -> ?
A57: =ROW()-2 -> 55 | B57: Frydrycki Mariusz | C57: 29/05 | D57: 1980 | E57: =IF(ISBLANK(D57),"?",IF(D57<=Slowniki!F$7,4,IF(D57<=Slowniki!F$6,3,IF(D57<=Slowniki!F$5,2,IF(D57<=Slowniki!F$4,1,0))))) -> 1
A58: =ROW()-2 -> 56 | B58: Fuhrmann Urlike | C58: 30/12 | D58: 1963 | E58: =IF(ISBLANK(D58),"?",IF(D58<=Slowniki!F$7,4,IF(D58<=Slowniki!F$6,3,IF(D58<=Slowniki!F$5,2,IF(D58<=Slowniki!F$4,1,0))))) -> 3
A59: =ROW()-2 -> 57 | B59: Furmaniak Andrzej | C59: 30/06 | D59: 1947 | E59: =IF(ISBLANK(D59),"?",IF(D59<=Slowniki!F$7,4,IF(D59<=Slowniki!F$6,3,IF(D59<=Slowniki!F$5,2,IF(D59<=Slowniki!F$4,1,0))))) -> 4
A60: =ROW()-2 -> 58 | B60: Gajda Krzysztof | C60: 16/11 | D60: 1993 | E60: =IF(ISBLANK(D60),"?",IF(D60<=Slowniki!F$7,4,IF(D60<=Slowniki!F$6,3,IF(D60<=Slowniki!F$5,2,IF(D60<=Slowniki!F$4,1,0))))) -> 0
A61: =ROW()-2 -> 59 | B61: Gajda Leszek | C61: 08/02 | D61: 1965 | E61: =IF(ISBLANK(D61),"?",IF(D61<=Slowniki!F$7,4,IF(D61<=Slowniki!F$6,3,IF(D61<=Slowniki!F$5,2,IF(D61<=Slowniki!F$4,1,0))))) -> 3
A62: =ROW()-2 -> 60 | B62: Gajda Zbigniew | C62: 03/09 | D62: 1967 | E62: =IF(ISBLANK(D62),"?",IF(D62<=Slowniki!F$7,4,IF(D62<=Slowniki!F$6,3,IF(D62<=Slowniki!F$5,2,IF(D62<=Slowniki!F$4,1,0))))) -> 2
A63: =ROW()-2 -> 61 | B63: Ganszczyk Anna | C63: 11/09 | D63: 1972 | E63: =IF(ISBLANK(D63),"?",IF(D63<=Slowniki!F$7,4,IF(D63<=Slowniki!F$6,3,IF(D63<=Slowniki!F$5,2,IF(D63<=Slowniki!F$4,1,0))))) -> 2
A64: =ROW()-2 -> 62 | B64: Ganszczyk Marcin | C64: 22/12 | D64: 1974 | E64: =IF(ISBLANK(D64),"?",IF(D64<=Slowniki!F$7,4,IF(D64<=Slowniki!F$6,3,IF(D64<=Slowniki!F$5,2,IF(D64<=Slowniki!F$4,1,0))))) -> 2
A65: =ROW()-2 -> 63 | B65: Gawle Katarzyna | E65: =IF(ISBLANK(D65),"?",IF(D65<=Slowniki!F$7,4,IF(D65<=Slowniki!F$6,3,IF(D65<=Slowniki!F$5,2,IF(D65<=Slowniki!F$4,1,0))))) -> ?
A66: =ROW()-2 -> 64 | B66: Gąsiorowski Maciej | C66: 11/03 | D66: 1970 | E66: =IF(ISBLANK(D66),"?",IF(D66<=Slowniki!F$7,4,IF(D66<=Slowniki!F$6,3,IF(D66<=Slowniki!F$5,2,IF(D66<=Slowniki!F$4,1,0))))) -> 2
A67: =ROW()-2 -> 65 | B67: Gęzikiewicz Marcin | C67: 02/08 | D67: 1991 | E67: =IF(ISBLANK(D67),"?",IF(D67<=Slowniki!F$7,4,IF(D67<=Slowniki!F$6,3,IF(D67<=Slowniki!F$5,2,IF(D67<=Slowniki!F$4,1,0))))) -> 0
A68: =ROW()-2 -> 66 | B68: Giers-Romek Monika | C68: 14/02 | D68: 1984 | E68: =IF(ISBLANK(D68),"?",IF(D68<=Slowniki!F$7,4,IF(D68<=Slowniki!F$6,3,IF(D68<=Slowniki!F$5,2,IF(D68<=Slowniki!F$4,1,0))))) -> 1
A69: =ROW()-2 -> 67 | B69: Ginzery Tomas | E69: =IF(ISBLANK(D69),"?",IF(D69<=Slowniki!F$7,4,IF(D69<=Slowniki!F$6,3,IF(D69<=Slowniki!F$5,2,IF(D69<=Slowniki!F$4,1,0))))) -> ?
A70: =ROW()-2 -> 68 | B70: Gola Maciej | C70: 11/06 | D70: 1981 | E70: =IF(ISBLANK(D70),"?",IF(D70<=Slowniki!F$7,4,IF(D70<=Slowniki!F$6,3,IF(D70<=Slowniki!F$5,2,IF(D70<=Slowniki!F$4,1,0))))) -> 1
A71: =ROW()-2 -> 69 | B71: Grabowski Alan | C71: 04/06 | D71: 1991 | E71: =IF(ISBLANK(D71),"?",IF(D71<=Slowniki!F$7,4,IF(D71<=Slowniki!F$6,3,IF(D71<=Slowniki!F$5,2,IF(D71<=Slowniki!F$4,1,0))))) -> 0
A72: =ROW()-2 -> 70 | B72: Grabowski Romuald | C72: 03/09 | D72: 1962 | E72: =IF(ISBLANK(D72),"?",IF(D72<=Slowniki!F$7,4,IF(D72<=Slowniki!F$6,3,IF(D72<=Slowniki!F$5,2,IF(D72<=Slowniki!F$4,1,0))))) -> 3
A73: =ROW()-2 -> 71 | B73: Grabowski Sebastian | C73: 09/08 | D73: 1988 | E73: =IF(ISBLANK(D73),"?",IF(D73<=Slowniki!F$7,4,IF(D73<=Slowniki!F$6,3,IF(D73<=Slowniki!F$5,2,IF(D73<=Slowniki!F$4,1,0))))) -> 0
A74: =ROW()-2 -> 72 | B74: Graczyk Anna | C74: 27/12 | D74: 1985 | E74: =IF(ISBLANK(D74),"?",IF(D74<=Slowniki!F$7,4,IF(D74<=Slowniki!F$6,3,IF(D74<=Slowniki!F$5,2,IF(D74<=Slowniki!F$4,1,0))))) -> 1
A75: =ROW()-2 -> 73 | B75: Graczyk Bogdan | C75: 16/06 | D75: 1984 | E75: =IF(ISBLANK(D75),"?",IF(D75<=Slowniki!F$7,4,IF(D75<=Slowniki!F$6,3,IF(D75<=Slowniki!F$5,2,IF(D75<=Slowniki!F$4,1,0))))) -> 1
A76: =ROW()-2 -> 74 | B76: Graczykowski Mateusz | E76: =IF(ISBLANK(D76),"?",IF(D76<=Slowniki!F$7,4,IF(D76<=Slowniki!F$6,3,IF(D76<=Slowniki!F$5,2,IF(D76<=Slowniki!F$4,1,0))))) -> ?
A77: =ROW()-2 -> 75 | B77: Gręzikiewicz Marcin | C77: 02/08 | D77: 1991 | E77: =IF(ISBLANK(D77),"?",IF(D77<=Slowniki!F$7,4,IF(D77<=Slowniki!F$6,3,IF(D77<=Slowniki!F$5,2,IF(D77<=Slowniki!F$4,1,0))))) -> 0
A78: =ROW()-2 -> 76 | B78: Gripas Artiom | D78: 1984 | E78: =IF(ISBLANK(D78),"?",IF(D78<=Slowniki!F$7,4,IF(D78<=Slowniki!F$6,3,IF(D78<=Slowniki!F$5,2,IF(D78<=Slowniki!F$4,1,0))))) -> 1
A79: =ROW()-2 -> 77 | B79: Grodner Michał | C79: 02/07 | D79: 1960 | E79: =IF(ISBLANK(D79),"?",IF(D79<=Slowniki!F$7,4,IF(D79<=Slowniki!F$6,3,IF(D79<=Slowniki!F$5,2,IF(D79<=Slowniki!F$4,1,0))))) -> 3
A80: =ROW()-2 -> 78 | B80: Gromada Roland | C80: 08/07 | D80: 1985 | E80: =IF(ISBLANK(D80),"?",IF(D80<=Slowniki!F$7,4,IF(D80<=Slowniki!F$6,3,IF(D80<=Slowniki!F$5,2,IF(D80<=Slowniki!F$4,1,0))))) -> 1
A81: =ROW()-2 -> 79 | B81: Grzegorek Norbert | C81: 21/05 | D81: 1970 | E81: =IF(ISBLANK(D81),"?",IF(D81<=Slowniki!F$7,4,IF(D81<=Slowniki!F$6,3,IF(D81<=Slowniki!F$5,2,IF(D81<=Slowniki!F$4,1,0))))) -> 2
A82: =ROW()-2 -> 80 | B82: Grzywacz Mirosław | C82: 06/04 | D82: 1972 | E82: =IF(ISBLANK(D82),"?",IF(D82<=Slowniki!F$7,4,IF(D82<=Slowniki!F$6,3,IF(D82<=Slowniki!F$5,2,IF(D82<=Slowniki!F$4,1,0))))) -> 2
A83: =ROW()-2 -> 81 | B83: Guenther Grzegorz | E83: =IF(ISBLANK(D83),"?",IF(D83<=Slowniki!F$7,4,IF(D83<=Slowniki!F$6,3,IF(D83<=Slowniki!F$5,2,IF(D83<=Slowniki!F$4,1,0))))) -> ?
A84: =ROW()-2 -> 82 | B84: Guzy Adrian | C84: 07/05 | D84: 1983 | E84: =IF(ISBLANK(D84),"?",IF(D84<=Slowniki!F$7,4,IF(D84<=Slowniki!F$6,3,IF(D84<=Slowniki!F$5,2,IF(D84<=Slowniki!F$4,1,0))))) -> 1
A85: =ROW()-2 -> 83 | B85: Gwiazda Paweł | C85: 16/06 | D85: 1970 | E85: =IF(ISBLANK(D85),"?",IF(D85<=Slowniki!F$7,4,IF(D85<=Slowniki!F$6,3,IF(D85<=Slowniki!F$5,2,IF(D85<=Slowniki!F$4,1,0))))) -> 2
A86: =ROW()-2 -> 84 | B86: Hajdas Martyna | E86: =IF(ISBLANK(D86),"?",IF(D86<=Slowniki!F$7,4,IF(D86<=Slowniki!F$6,3,IF(D86<=Slowniki!F$5,2,IF(D86<=Slowniki!F$4,1,0))))) -> ?
A87: =ROW()-2 -> 85 | B87: Hałoń Bartłomiej | C87: 10/10 | D87: 1984 | E87: =IF(ISBLANK(D87),"?",IF(D87<=Slowniki!F$7,4,IF(D87<=Slowniki!F$6,3,IF(D87<=Slowniki!F$5,2,IF(D87<=Slowniki!F$4,1,0))))) -> 1
A88: =ROW()-2 -> 86 | B88: Haśko Sergiusz | C88: 10/06 | D88: 1974 | E88: =IF(ISBLANK(D88),"?",IF(D88<=Slowniki!F$7,4,IF(D88<=Slowniki!F$6,3,IF(D88<=Slowniki!F$5,2,IF(D88<=Slowniki!F$4,1,0))))) -> 2
A89: =ROW()-2 -> 87 | B89: Hełka Jacek | C89: 06/02 | D89: 1968 | E89: =IF(ISBLANK(D89),"?",IF(D89<=Slowniki!F$7,4,IF(D89<=Slowniki!F$6,3,IF(D89<=Slowniki!F$5,2,IF(D89<=Slowniki!F$4,1,0))))) -> 2
A90: =ROW()-2 -> 88 | B90: Heronimek Leszek | C90: 28/11 | D90: 1959 | E90: =IF(ISBLANK(D90),"?",IF(D90<=Slowniki!F$7,4,IF(D90<=Slowniki!F$6,3,IF(D90<=Slowniki!F$5,2,IF(D90<=Slowniki!F$4,1,0))))) -> 3
A91: =ROW()-2 -> 89 | B91: Irzyk Sabina | E91: =IF(ISBLANK(D91),"?",IF(D91<=Slowniki!F$7,4,IF(D91<=Slowniki!F$6,3,IF(D91<=Slowniki!F$5,2,IF(D91<=Slowniki!F$4,1,0))))) -> ?
A92: =ROW()-2 -> 90 | B92: Jabłońska Ewa | C92: 05/04 | D92: 1971 | E92: =IF(ISBLANK(D92),"?",IF(D92<=Slowniki!F$7,4,IF(D92<=Slowniki!F$6,3,IF(D92<=Slowniki!F$5,2,IF(D92<=Slowniki!F$4,1,0))))) -> 2
A93: =ROW()-2 -> 91 | B93: Jadczuk Wojciech | C93: 18/11 | D93: 1980 | E93: =IF(ISBLANK(D93),"?",IF(D93<=Slowniki!F$7,4,IF(D93<=Slowniki!F$6,3,IF(D93<=Slowniki!F$5,2,IF(D93<=Slowniki!F$4,1,0))))) -> 1
A94: =ROW()-2 -> 92 | B94: Jankowski Kamil | C94: 17/11 | D94: 1992 | E94: =IF(ISBLANK(D94),"?",IF(D94<=Slowniki!F$7,4,IF(D94<=Slowniki!F$6,3,IF(D94<=Slowniki!F$5,2,IF(D94<=Slowniki!F$4,1,0))))) -> 0
A95: =ROW()-2 -> 93 | B95: Jaroszek Zbigniew | C95: 29/09 | D95: 1972 | E95: =IF(ISBLANK(D95),"?",IF(D95<=Slowniki!F$7,4,IF(D95<=Slowniki!F$6,3,IF(D95<=Slowniki!F$5,2,IF(D95<=Slowniki!F$4,1,0))))) -> 2
A96: =ROW()-2 -> 94 | B96: Jasielczuk Igor | C96: 08/03 | D96: 1987 | E96: =IF(ISBLANK(D96),"?",IF(D96<=Slowniki!F$7,4,IF(D96<=Slowniki!F$6,3,IF(D96<=Slowniki!F$5,2,IF(D96<=Slowniki!F$4,1,0))))) -> 0
A97: =ROW()-2 -> 95 | B97: Jaszczak Piotr | C97: 21/06 | D97: 1973 | E97: =IF(ISBLANK(D97),"?",IF(D97<=Slowniki!F$7,4,IF(D97<=Slowniki!F$6,3,IF(D97<=Slowniki!F$5,2,IF(D97<=Slowniki!F$4,1,0))))) -> 2
A98: =ROW()-2 -> 96 | B98: Jendryś Marek | C98: 06/02 | D98: 1974 | E98: =IF(ISBLANK(D98),"?",IF(D98<=Slowniki!F$7,4,IF(D98<=Slowniki!F$6,3,IF(D98<=Slowniki!F$5,2,IF(D98<=Slowniki!F$4,1,0))))) -> 2
A99: =ROW()-2 -> 97 | B99: Jerozolimski Marek | E99: =IF(ISBLANK(D99),"?",IF(D99<=Slowniki!F$7,4,IF(D99<=Slowniki!F$6,3,IF(D99<=Slowniki!F$5,2,IF(D99<=Slowniki!F$4,1,0))))) -> ?
A100: =ROW()-2 -> 98 | B100: Juszkiewicz Piotr | C100: 04/06 | D100: 1954 | E100: =IF(ISBLANK(D100),"?",IF(D100<=Slowniki!F$7,4,IF(D100<=Slowniki!F$6,3,IF(D100<=Slowniki!F$5,2,IF(D100<=Slowniki!F$4,1,0))))) -> 4
...

Sheet skladka
A1: LP | B1: NAZWISKO I IMIĘ | C1: SKŁADKA | D1: SKŁADK | E1: CZŁONEK
C2: 2026 | D2: 2025 | E2: SPWS
A3: =ROW()-2 -> 1 | B3: Adamczewski Wojciech | C3: 1 | D3: 1 | E3: =_xlfn.XLOOKUP($B3,'Lista osób'!$B$3:$B$305,'Lista osób'!$E$3:$E$305,"") -> TAK
A4: =ROW()-2 -> 2 | B4: Adamczyk Grzegorz | E4: =_xlfn.XLOOKUP($B4,'Lista osób'!$B$3:$B$305,'Lista osób'!$E$3:$E$305,"") -> ?
A5: =ROW()-2 -> 3 | B5: Adamska Maria | E5: =_xlfn.XLOOKUP($B5,'Lista osób'!$B$3:$B$305,'Lista osób'!$E$3:$E$305,"") -> ?
A6: =ROW()-2 -> 4 | B6: Andersch Robert | E6: =_xlfn.XLOOKUP($B6,'Lista osób'!$B$3:$B$305,'Lista osób'!$E$3:$E$305,"") -> ?
A7: =ROW()-2 -> 5 | B7: Atanassow Aleksander | C7: 1 | D7: 1 | E7: =_xlfn.XLOOKUP($B7,'Lista osób'!$B$3:$B$305,'Lista osób'!$E$3:$E$305,"") -> TAK
A8: =ROW()-2 -> 6 | B8: Augustowski Waldemar | C8: 1 | D8: 1 | E8: =_xlfn.XLOOKUP($B8,'Lista osób'!$B$3:$B$305,'Lista osób'!$E$3:$E$305,"") -> TAK
A9: =ROW()-2 -> 7 | B9: Augustyn Kajetan | E9: =_xlfn.XLOOKUP($B9,'Lista osób'!$B$3:$B$305,'Lista osób'!$E$3:$E$305,"") -> ?
A10: =ROW()-2 -> 8 | B10: Baran Agata | E10: =_xlfn.XLOOKUP($B10,'Lista osób'!$B$3:$B$305,'Lista osób'!$E$3:$E$305,"") -> TAK
A11: =ROW()-2 -> 9 | B11: Barański Wacław | E11: =_xlfn.XLOOKUP($B11,'Lista osób'!$B$3:$B$305,'Lista osób'!$E$3:$E$305,"") -> NIE
A12: =ROW()-2 -> 10 | B12: Bartusik Grzegorz | E12: =_xlfn.XLOOKUP($B12,'Lista osób'!$B$3:$B$305,'Lista osób'!$E$3:$E$305,"") -> TAK
A13: =ROW()-2 -> 11 | B13: Bazak Jacek | D13: 1 | E13: =_xlfn.XLOOKUP($B13,'Lista osób'!$B$3:$B$305,'Lista osób'!$E$3:$E$305,"") -> TAK
A14: =ROW()-2 -> 12 | B14: Bednarska Halina | E14: =_xlfn.XLOOKUP($B14,'Lista osób'!$B$3:$B$305,'Lista osób'!$E$3:$E$305,"") -> TAK
A15: =ROW()-2 -> 13 | B15: Bednarz Przemysław | D15: 1 | E15: TAK
A16: =ROW()-2 -> 14 | B16: Betlej Daniel | E16: =_xlfn.XLOOKUP($B16,'Lista osób'!$B$3:$B$305,'Lista osób'!$E$3:$E$305,"") -> TAK
A17: =ROW()-2 -> 15 | B17: Betleja Artur | E17: =_xlfn.XLOOKUP($B17,'Lista osób'!$B$3:$B$305,'Lista osób'!$E$3:$E$305,"") -> ?
A18: =ROW()-2 -> 16 | B18: Bobusia Dariusz | E18: =_xlfn.XLOOKUP($B18,'Lista osób'!$B$3:$B$305,'Lista osób'!$E$3:$E$305,"") -> TAK
A19: =ROW()-2 -> 17 | B19: Bobusia Jarosław | C19: 1 | D19: 1 | E19: TAK
A20: =ROW()-2 -> 18 | B20: Bonik-Ninard Agata | E20: =_xlfn.XLOOKUP($B20,'Lista osób'!$B$3:$B$305,'Lista osób'!$E$3:$E$305,"") -> ?
A21: =ROW()-2 -> 19 | B21: Borkowska Halina | C21: 1 | D21: 1 | E21: =_xlfn.XLOOKUP($B21,'Lista osób'!$B$3:$B$305,'Lista osób'!$E$3:$E$305,"") -> TAK
A22: =ROW()-2 -> 20 | B22: Borkowski Andrzej | C22: 1 | D22: 1 | E22: =_xlfn.XLOOKUP($B22,'Lista osób'!$B$3:$B$305,'Lista osób'!$E$3:$E$305,"") -> TAK
A23: =ROW()-2 -> 21 | B23: Borysiuk Zbigniew | D23: 1 | E23: =_xlfn.XLOOKUP($B23,'Lista osób'!$B$3:$B$305,'Lista osób'!$E$3:$E$305,"") -> TAK
A24: =ROW()-2 -> 22 | B24: Bromberek Angelika | E24: =_xlfn.XLOOKUP($B24,'Lista osób'!$B$3:$B$305,'Lista osób'!$E$3:$E$305,"") -> ?
A25: =ROW()-2 -> 23 | B25: Brosch Artur | E25: =_xlfn.XLOOKUP($B25,'Lista osób'!$B$3:$B$305,'Lista osób'!$E$3:$E$305,"") -> ?
A26: =ROW()-2 -> 24 | B26: Bujko Paulina | E26: =_xlfn.XLOOKUP($B26,'Lista osób'!$B$3:$B$305,'Lista osób'!$E$3:$E$305,"") -> ?
A27: =ROW()-2 -> 25 | B27: Bujko Jacek | E27: =_xlfn.XLOOKUP($B27,'Lista osób'!$B$3:$B$305,'Lista osób'!$E$3:$E$305,"") -> ?
A28: =ROW()-2 -> 26 | B28: Burlikowski Bartosz | E28: =_xlfn.XLOOKUP($B28,'Lista osób'!$B$3:$B$305,'Lista osób'!$E$3:$E$305,"") -> TAK
A29: =ROW()-2 -> 27 | B29: Caniard Henry | E29: =_xlfn.XLOOKUP($B29,'Lista osób'!$B$3:$B$305,'Lista osób'!$E$3:$E$305,"") -> ?
A30: =ROW()-2 -> 28 | B30: Chmielewska Emilia | D30: 1 | E30: TAK
A31: =ROW()-2 -> 29 | B31: Chojnacki Tomasz | E31: =_xlfn.XLOOKUP($B31,'Lista osób'!$B$3:$B$305,'Lista osób'!$E$3:$E$305,"") -> ?
A32: =ROW()-2 -> 30 | B32: Chojnecki Mateusz | E32: =_xlfn.XLOOKUP($B32,'Lista osób'!$B$3:$B$305,'Lista osób'!$E$3:$E$305,"") -> TAK
A33: =ROW()-2 -> 31 | B33: Chudycki Artur | C33: 1 | D33: 1 | E33: =_xlfn.XLOOKUP($B33,'Lista osób'!$B$3:$B$305,'Lista osób'!$E$3:$E$305,"") -> TAK
A34: =ROW()-2 -> 32 | B34: Ciepły Tomasz | E34: =_xlfn.XLOOKUP($B34,'Lista osób'!$B$3:$B$305,'Lista osób'!$E$3:$E$305,"") -> TAK
A35: =ROW()-2 -> 33 | B35: Cygański Tomasz | E35: =_xlfn.XLOOKUP($B35,'Lista osób'!$B$3:$B$305,'Lista osób'!$E$3:$E$305,"") -> TAK
A36: =ROW()-2 -> 34 | B36: Czajkowski Marcin | E36: =_xlfn.XLOOKUP($B36,'Lista osób'!$B$3:$B$305,'Lista osób'!$E$3:$E$305,"") -> TAK
A37: =ROW()-2 -> 35 | B37: Ćwioro Krzysztof | D37: 1 | E37: =_xlfn.XLOOKUP($B37,'Lista osób'!$B$3:$B$305,'Lista osób'!$E$3:$E$305,"") -> TAK
A38: =ROW()-2 -> 36 | B38: Ćwioro Tomasz | E38: =_xlfn.XLOOKUP($B38,'Lista osób'!$B$3:$B$305,'Lista osób'!$E$3:$E$305,"") -> TAK
A39: =ROW()-2 -> 37 | B39: Damian Mateusz | E39: =_xlfn.XLOOKUP($B39,'Lista osób'!$B$3:$B$305,'Lista osób'!$E$3:$E$305,"") -> TAK
A40: =ROW()-2 -> 38 | B40: Darul Tomasz | E40: =_xlfn.XLOOKUP($B40,'Lista osób'!$B$3:$B$305,'Lista osób'!$E$3:$E$305,"") -> ?
A41: =ROW()-2 -> 39 | B41: Dąbrowska - Mandrela Diana | E41: =_xlfn.XLOOKUP($B41,'Lista osób'!$B$3:$B$305,'Lista osób'!$E$3:$E$305,"") -> TAK
A42: =ROW()-2 -> 40 | B42: Dobrzański Maciej | D42: 1 | E42: =_xlfn.XLOOKUP($B42,'Lista osób'!$B$3:$B$305,'Lista osób'!$E$3:$E$305,"") -> TAK
A43: =ROW()-2 -> 41 | B43: Domański Sławomir | E43: =_xlfn.XLOOKUP($B43,'Lista osób'!$B$3:$B$305,'Lista osób'!$E$3:$E$305,"") -> ?
A44: =ROW()-2 -> 42 | B44: Drapella Maciej | C44: 1 | D44: 1 | E44: =_xlfn.XLOOKUP($B44,'Lista osób'!$B$3:$B$305,'Lista osób'!$E$3:$E$305,"") -> TAK
A45: =ROW()-2 -> 43 | B45: Drapella Magdalena | C45: 1 | D45: n/d | E45: =_xlfn.XLOOKUP($B45,'Lista osób'!$B$3:$B$305,'Lista osób'!$E$3:$E$305,"") -> TAK
A46: =ROW()-2 -> 44 | B46: Drobczyk Paweł | E46: =_xlfn.XLOOKUP($B46,'Lista osób'!$B$3:$B$305,'Lista osób'!$E$3:$E$305,"") -> ?
A47: =ROW()-2 -> 45 | B47: Drobiński Leszek | C47: 1 | D47: 1 | E47: TAK
A48: =ROW()-2 -> 46 | B48: Dudek Mariusz | E48: =_xlfn.XLOOKUP($B48,'Lista osób'!$B$3:$B$305,'Lista osób'!$E$3:$E$305,"") -> TAK
A49: =ROW()-2 -> 47 | B49: Dworakowska-Banaś Agnieszka | E49: =_xlfn.XLOOKUP($B49,'Lista osób'!$B$3:$B$305,'Lista osób'!$E$3:$E$305,"") -> ?
A50: =ROW()-2 -> 48 | B50: Dynarek Aleksadner | E50: =_xlfn.XLOOKUP($B50,'Lista osób'!$B$3:$B$305,'Lista osób'!$E$3:$E$305,"") -> ?
A51: =ROW()-2 -> 49 | B51: Dziubiński Mateusz | C51: 1 | D51: 1 | E51: =_xlfn.XLOOKUP($B51,'Lista osób'!$B$3:$B$305,'Lista osób'!$E$3:$E$305,"") -> TAK
A52: =ROW()-2 -> 50 | B52: Forajter Roman | E52: =_xlfn.XLOOKUP($B52,'Lista osób'!$B$3:$B$305,'Lista osób'!$E$3:$E$305,"") -> TAK
A53: =ROW()-2 -> 51 | B53: Fraś Feliks | E53: =_xlfn.XLOOKUP($B53,'Lista osób'!$B$3:$B$305,'Lista osób'!$E$3:$E$305,"") -> ?
A54: =ROW()-2 -> 52 | B54: Frydrych Aleksander | E54: ?
A55: =ROW()-2 -> 53 | B55: Frydrych Szymon | E55: =_xlfn.XLOOKUP($B55,'Lista osób'!$B$3:$B$305,'Lista osób'!$E$3:$E$305,"") -> TAK
A56: =ROW()-2 -> 54 | B56: Frydrycki Bartłomiej?? | E56: =_xlfn.XLOOKUP($B56,'Lista osób'!$B$3:$B$305,'Lista osób'!$E$3:$E$305,"")
A57: =ROW()-2 -> 55 | B57: Frydrycki Mariusz | D57: 1 | E57: =_xlfn.XLOOKUP($B57,'Lista osób'!$B$3:$B$305,'Lista osób'!$E$3:$E$305,"") -> TAK
A58: =ROW()-2 -> 56 | B58: Fuhrmann Urlike | C58: 1 | D58: 1 | E58: =_xlfn.XLOOKUP($B58,'Lista osób'!$B$3:$B$305,'Lista osób'!$E$3:$E$305,"") -> TAK
A59: =ROW()-2 -> 57 | B59: Furmaniak Andrzej | D59: 1 | E59: =_xlfn.XLOOKUP($B59,'Lista osób'!$B$3:$B$305,'Lista osób'!$E$3:$E$305,"") -> TAK
A60: =ROW()-2 -> 58 | B60: Gajda Krzysztof | E60: =_xlfn.XLOOKUP($B60,'Lista osób'!$B$3:$B$305,'Lista osób'!$E$3:$E$305,"") -> ?
A61: =ROW()-2 -> 59 | B61: Gajda Leszek | D61: 1 | E61: =_xlfn.XLOOKUP($B61,'Lista osób'!$B$3:$B$305,'Lista osób'!$E$3:$E$305,"") -> TAK
A62: =ROW()-2 -> 60 | B62: Gajda Zbigniew | D62: 1 | E62: =_xlfn.XLOOKUP($B62,'Lista osób'!$B$3:$B$305,'Lista osób'!$E$3:$E$305,"") -> TAK
A63: =ROW()-2 -> 61 | B63: Ganszczyk Anna | C63: 1 | D63: 1 | E63: =_xlfn.XLOOKUP($B63,'Lista osób'!$B$3:$B$305,'Lista osób'!$E$3:$E$305,"") -> TAK
A64: =ROW()-2 -> 62 | B64: Ganszczyk Marcin | C64: 1 | D64: 1 | E64: =_xlfn.XLOOKUP($B64,'Lista osób'!$B$3:$B$305,'Lista osób'!$E$3:$E$305,"") -> TAK
A65: =ROW()-2 -> 63 | B65: Gawle Katarzyna | E65: =_xlfn.XLOOKUP($B65,'Lista osób'!$B$3:$B$305,'Lista osób'!$E$3:$E$305,"") -> ?
A66: =ROW()-2 -> 64 | B66: Gąsiorowski Maciej | E66: =_xlfn.XLOOKUP($B66,'Lista osób'!$B$3:$B$305,'Lista osób'!$E$3:$E$305,"") -> TAK
A67: =ROW()-2 -> 65 | B67: Gęzikiewicz Marcin | E67: =_xlfn.XLOOKUP($B67,'Lista osób'!$B$3:$B$305,'Lista osób'!$E$3:$E$305,"") -> TAK
A68: =ROW()-2 -> 66 | B68: Giers-Romek Monika | D68: 1 | E68: =_xlfn.XLOOKUP($B68,'Lista osób'!$B$3:$B$305,'Lista osób'!$E$3:$E$305,"") -> TAK
A69: =ROW()-2 -> 67 | B69: Ginzery Tomas | E69: =_xlfn.XLOOKUP($B69,'Lista osób'!$B$3:$B$305,'Lista osób'!$E$3:$E$305,"") -> ?
A70: =ROW()-2 -> 68 | B70: Gola Maciej | D70: 1 | E70: =_xlfn.XLOOKUP($B70,'Lista osób'!$B$3:$B$305,'Lista osób'!$E$3:$E$305,"") -> TAK
A71: =ROW()-2 -> 69 | B71: Grabowski Alan | E71: =_xlfn.XLOOKUP($B71,'Lista osób'!$B$3:$B$305,'Lista osób'!$E$3:$E$305,"") -> TAK
A72: =ROW()-2 -> 70 | B72: Grabowski Romuald | E72: =_xlfn.XLOOKUP($B72,'Lista osób'!$B$3:$B$305,'Lista osób'!$E$3:$E$305,"") -> TAK
A73: =ROW()-2 -> 71 | B73: Grabowski Sebastian | E73: =_xlfn.XLOOKUP($B73,'Lista osób'!$B$3:$B$305,'Lista osób'!$E$3:$E$305,"") -> TAK
A74: =ROW()-2 -> 72 | B74: Graczyk Anna | E74: =_xlfn.XLOOKUP($B74,'Lista osób'!$B$3:$B$305,'Lista osób'!$E$3:$E$305,"") -> TAK
A75: =ROW()-2 -> 73 | B75: Graczyk Bogdan | D75: 1 | E75: =_xlfn.XLOOKUP($B75,'Lista osób'!$B$3:$B$305,'Lista osób'!$E$3:$E$305,"") -> TAK
A76: =ROW()-2 -> 74 | B76: Graczykowski Mateusz | E76: =_xlfn.XLOOKUP($B76,'Lista osób'!$B$3:$B$305,'Lista osób'!$E$3:$E$305,"") -> ?
A77: =ROW()-2 -> 75 | B77: Gręzikiewicz Marcin | E77: =_xlfn.XLOOKUP($B77,'Lista osób'!$B$3:$B$305,'Lista osób'!$E$3:$E$305,"") -> TAK
A78: =ROW()-2 -> 76 | B78: Gripas Artiom | E78: =_xlfn.XLOOKUP($B78,'Lista osób'!$B$3:$B$305,'Lista osób'!$E$3:$E$305,"") -> ?
A79: =ROW()-2 -> 77 | B79: Grodner Michał | D79: 1 | E79: =_xlfn.XLOOKUP($B79,'Lista osób'!$B$3:$B$305,'Lista osób'!$E$3:$E$305,"") -> TAK
A80: =ROW()-2 -> 78 | B80: Gromada Roland | D80: 1 | E80: TAK
A81: =ROW()-2 -> 79 | B81: Grzegorek Norbert | E81: =_xlfn.XLOOKUP($B81,'Lista osób'!$B$3:$B$305,'Lista osób'!$E$3:$E$305,"") -> TAK
A82: =ROW()-2 -> 80 | B82: Grzywacz Mirosław | E82: =_xlfn.XLOOKUP($B82,'Lista osób'!$B$3:$B$305,'Lista osób'!$E$3:$E$305,"") -> TAK
A83: =ROW()-2 -> 81 | B83: Guenther Grzegorz | E83: =_xlfn.XLOOKUP($B83,'Lista osób'!$B$3:$B$305,'Lista osób'!$E$3:$E$305,"") -> ?
A84: =ROW()-2 -> 82 | B84: Guzy Adrian | E84: =_xlfn.XLOOKUP($B84,'Lista osób'!$B$3:$B$305,'Lista osób'!$E$3:$E$305,"") -> TAK
A85: =ROW()-2 -> 83 | B85: Gwiazda Paweł | E85: =_xlfn.XLOOKUP($B85,'Lista osób'!$B$3:$B$305,'Lista osób'!$E$3:$E$305,"") -> TAK
A86: =ROW()-2 -> 84 | B86: Hajdas Martyna | E86: =_xlfn.XLOOKUP($B86,'Lista osób'!$B$3:$B$305,'Lista osób'!$E$3:$E$305,"") -> ?
A87: =ROW()-2 -> 85 | B87: Hałoń Bartłomiej | D87: 1 | E87: TAK
A88: =ROW()-2 -> 86 | B88: Haśko Sergiusz | C88: 1 | D88: 1 | E88: =_xlfn.XLOOKUP($B88,'Lista osób'!$B$3:$B$305,'Lista osób'!$E$3:$E$305,"") -> TAK
A89: =ROW()-2 -> 87 | B89: Hełka Jacek | E89: TAK
A90: =ROW()-2 -> 88 | B90: Heronimek Leszek | C90: 1 | D90: 1 | E90: =_xlfn.XLOOKUP($B90,'Lista osób'!$B$3:$B$305,'Lista osób'!$E$3:$E$305,"") -> TAK
A91: =ROW()-2 -> 89 | B91: Irzyk Sabina | E91: =_xlfn.XLOOKUP($B91,'Lista osób'!$B$3:$B$305,'Lista osób'!$E$3:$E$305,"") -> ?
A92: =ROW()-2 -> 90 | B92: Jabłońska Ewa | C92: 1 | D92: 1 | E92: =_xlfn.XLOOKUP($B92,'Lista osób'!$B$3:$B$305,'Lista osób'!$E$3:$E$305,"") -> TAK
A93: =ROW()-2 -> 91 | B93: Jadczuk Wojciech | E93: =_xlfn.XLOOKUP($B93,'Lista osób'!$B$3:$B$305,'Lista osób'!$E$3:$E$305,"") -> TAK
A94: =ROW()-2 -> 92 | B94: Jankowski Kamil | E94: =_xlfn.XLOOKUP($B94,'Lista osób'!$B$3:$B$305,'Lista osób'!$E$3:$E$305,"") -> TAK
A95: =ROW()-2 -> 93 | B95: Jaroszek Zbigniew | D95: 1 | E95: =_xlfn.XLOOKUP($B95,'Lista osób'!$B$3:$B$305,'Lista osób'!$E$3:$E$305,"") -> TAK
A96: =ROW()-2 -> 94 | B96: Jasielczuk Igor | E96: =_xlfn.XLOOKUP($B96,'Lista osób'!$B$3:$B$305,'Lista osób'!$E$3:$E$305,"") -> TAK
A97: =ROW()-2 -> 95 | B97: Jaszczak Piotr | E97: =_xlfn.XLOOKUP($B97,'Lista osób'!$B$3:$B$305,'Lista osób'!$E$3:$E$305,"") -> TAK
A98: =ROW()-2 -> 96 | B98: Jendryś Marek | C98: 1 | D98: 1 | E98: =_xlfn.XLOOKUP($B98,'Lista osób'!$B$3:$B$305,'Lista osób'!$E$3:$E$305,"") -> TAK
A99: =ROW()-2 -> 97 | B99: Jerozolimski Marek | E99: =_xlfn.XLOOKUP($B99,'Lista osób'!$B$3:$B$305,'Lista osób'!$E$3:$E$305,"") -> ?
A100: =ROW()-2 -> 98 | B100: Juszkiewicz Piotr | C100: 1 | D100: 1 | E100: =_xlfn.XLOOKUP($B100,'Lista osób'!$B$3:$B$305,'Lista osób'!$E$3:$E$305,"") -> TAK
...

Sheet Podsumowanie
A2: Liczba deklaracji członkowskich
A4: #VALUE!
A10: Lista opłaconych składek

Sheet Slowniki
A1: DEKLARACJA | C1: SKŁADKA | E1: KATEGORIE WIEKOWE
A2: TAK | C2: X | E2: KAT | F2: DATA
A3: NIE | E3: 0 | F3: 1996
A4: ? | E4: 1 | F4: 1986
E5: 2 | F5: 1976
E6: 3 | F6: 1966
E7: 4 | F7: 1956
